{"mjd": [58452.175481, 58452.180038, 58452.184586], "magerr": [0.06156869977712631, 0.02572619915008545, 0.015866100788116455], "alert_name": null, "observatory": ["Liam Hardy pt5m", "Liam Hardy pt5m", "Liam Hardy pt5m"], "caliberr": [0.15240299701690674, 0.010072899982333183, 0.1542460024356842], "mag": [16.741899490356445, 15.775300025939941, 15.597599983215332], "catalog": ["APASS", "APASS", "APASS"], "filter": ["B", "V", "r"], "id": [126862, 126863, 126864]}