{"mjd": [58595.875281, 58599.073971, 58596.087122, 58599.078534, 58596.091674, 58599.083095], "magerr": [-1.0, -1.0, -1.0, -1.0, -1.0, 0.10160499811172485], "alert_name": null, "observatory": ["Liam Hardy pt5m", "Liam Hardy pt5m", "Liam Hardy pt5m", "Liam Hardy pt5m", "Liam Hardy pt5m", "Liam Hardy pt5m"], "caliberr": [0.010000200010836124, 0.10819199681282043, 0.11816199868917465, 0.04296350106596947, 0.09850600361824036, 0.04865879938006401], "mag": [18.38920021057129, 19.561199188232422, 19.007400512695312, 19.632999420166016, 18.905000686645508, 19.01420021057129], "catalog": ["APASS", "APASS", "APASS", "APASS", "APASS", "APASS"], "filter": ["B", "B", "V", "V", "r", "r"], "id": [150909, 151122, 150910, 151123, 150911, 151124]}