{"mjd": [58479.92315, 58485.971183, 58495.957117, 58479.928512, 58485.975755, 58495.961685, 58479.93306, 58485.980306, 58495.966242], "magerr": [-1.0, -1.0, -1.0, -1.0, 0.10986202955245972, 0.09239256381988525, 0.06871359050273895, 0.05191374197602272, 0.06127225235104561], "alert_name": null, "observatory": ["Liam Hardy pt5m", "Liam Hardy pt5m", "Liam Hardy pt5m", "Liam Hardy pt5m", "Liam Hardy pt5m", "Liam Hardy pt5m", "Liam Hardy pt5m", "Liam Hardy pt5m", "Liam Hardy pt5m"], "caliberr": [0.07188303023576736, 0.1605316400527954, 0.17999900877475739, 0.06566720455884933, 0.06597578525543213, 0.07863538712263107, 0.07019565999507904, 0.054356031119823456, 0.05018502101302147], "mag": [18.788284301757812, 18.832202911376953, 22.664915084838867, 19.312103271484375, 18.227067947387695, 18.059335708618164, 18.699234008789062, 17.728071212768555, 17.78915786743164], "catalog": ["APASS", "APASS", "APASS", "APASS", "APASS", "APASS", "APASS", "APASS", "APASS"], "filter": ["B", "B", "B", "V", "V", "V", "r", "r", "r"], "id": [129094, 129348, 129818, 129095, 129349, 129819, 129096, 129350, 129820]}