{"mjd": [58661.03605, 58665.977237, 58665.980857, 58665.984483, 58661.039668, 58665.988103, 58653.96703, 58653.97402, 58653.97103, 58712.492215, 58712.569879, 58751.513914, 58707.693807, 58760.573966, 58762.435047, 58762.435349, 58772.380379, 58793.412383, 58794.413607, 58795.363488, 58795.365131, 58796.455943, 58799.420922, 58808.41497, 58814.386633, 58966.799477, 58996.768395, 59071.690974, 59071.720016, 59072.521936, 59075.596706, 59075.598459, 59075.611326, 59075.641299, 59075.66656, 59076.690993, 59076.714037, 59077.662934, 59077.684579, 59078.523988, 59078.639709, 59078.667328, 59093.459295, 59094.468139, 59103.51778, 59115.462966, 59124.430333, 59127.501129, 59136.389452, 59150.508023, 59152.439339, 59157.483081, 59158.375652, 59178.40406, 59179.396741, 59182.412746, 59183.393047, 59195.367805, 58752.42291, 58752.428495, 58752.521787, 58753.412428, 58757.499848, 58757.500167, 58771.464869, 58772.537502, 58794.438526, 58795.464904, 58796.453448, 58799.429416, 58814.384968, 58825.404578, 58947.812168, 58961.771003, 58964.766519, 58964.777594, 58980.771947, 58996.766119, 58998.776785, 59015.762237, 59067.597917, 59067.627439, 59067.662011, 59067.708979, 59070.615855, 59070.720784, 59071.495988, 59071.594959, 59071.620802, 59073.706572, 59078.525517, 59079.636221, 59079.660085, 59079.679677, 59084.612777, 59085.68519, 59086.676243, 59087.538287, 59087.620719, 59087.685036, 59088.463488, 59088.633684, 59103.516023, 59104.568417, 59113.570283, 59123.594242, 59124.428592, 59124.566595, 59127.503583, 59127.567641, 59136.389783, 59148.43359, 59149.41579, 59149.417552, 59151.395477, 59151.397272, 59152.439672, 59153.451228, 59156.502079, 59157.481307, 59159.39682, 59163.368688, 59163.369034, 59165.401131, 59165.40469, 59166.433104, 59166.435249, 59167.435789, 59169.36271, 59177.402592, 59177.404023, 59178.403712, 59179.398491, 59181.380372, 59182.413082, 59183.391623, 59184.382158, 59189.417008, 59191.399903, 59192.369093, 59192.370858, 59195.377002, 59196.373814, 58720.536017, 58720.594562, 58735.488058], "magerr": [0.0027000000700354576, 0.00419999985024333, 0.004399999976158142, 0.004000000189989805, 0.00279999990016222, 0.004000000189989805, 0.07829999923706055, 0.065700002014637, 0.07440000027418137, -1.0, -1.0, -1.0, -1.0, 0.022600000724196434, 0.0471000000834465, 0.034699998795986176, 0.021700000390410423, 0.025100000202655792, 0.02759999968111515, 0.03200000151991844, 0.035999998450279236, 0.043699998408555984, 0.037300001829862595, 0.01720000058412552, 0.01759999990463257, 0.07090000063180923, 0.06909999996423721, 0.016599999740719795, 0.01730000041425228, 0.014299999922513962, 0.008999999612569809, 0.011099999770522118, 0.013299999758601189, 0.015300000086426735, 0.013299999758601189, 0.015399999916553497, 0.016499999910593033, 0.018799999728798866, 0.01899999938905239, 0.013299999758601189, 0.01510000042617321, 0.01510000042617321, 0.07150000333786011, 0.0357000008225441, 0.017500000074505806, 0.049800001084804535, 0.029899999499320984, 0.026200000196695328, 0.014499999582767487, 0.04580000042915344, 0.029500000178813934, 0.03500000014901161, 0.016200000420212746, 0.022600000724196434, 0.024900000542402267, 0.027499999850988388, 0.0348999984562397, 0.04039999842643738, 0.014499999582767487, 0.013000000268220901, 0.015699999406933784, 0.013500000350177288, 0.03200000151991844, 0.027899999171495438, 0.031300000846385956, 0.025100000202655792, 0.032099999487400055, 0.03620000183582306, 0.03150000050663948, 0.03750000149011612, 0.015200000256299973, 0.027400000020861626, 0.05889999866485596, 0.031700000166893005, 0.020800000056624413, 0.01510000042617321, 0.04089999943971634, 0.02459999918937683, 0.050599999725818634, 0.01850000023841858, 0.07419999688863754, 0.05090000107884407, 0.05620000138878822, 0.08730000257492065, 0.0284000001847744, 0.03229999914765358, 0.03959999978542328, 0.012500000186264515, 0.023900000378489494, 0.07429999858140945, 0.013100000098347664, 0.01940000057220459, 0.01889999955892563, 0.0203000009059906, 0.024399999529123306, 0.020800000056624413, 0.02539999969303608, 0.022600000724196434, 0.027899999171495438, 0.019700000062584877, 0.023499999195337296, 0.016699999570846558, 0.027699999511241913, 0.011900000274181366, 0.019600000232458115, 0.06599999964237213, 0.03150000050663948, 0.05779999867081642, 0.02759999968111515, 0.03229999914765358, 0.012299999594688416, 0.02669999934732914, 0.02410000003874302, 0.02710000053048134, 0.02250000089406967, 0.026900000870227814, 0.025599999353289604, 0.04349999874830246, 0.03420000150799751, 0.027300000190734863, 0.01360000018030405, 0.021700000390410423, 0.023600000888109207, 0.012900000438094139, 0.013399999588727951, 0.01769999973475933, 0.016499999910593033, 0.012500000186264515, 0.026599999517202377, 0.020600000396370888, 0.019099999219179153, 0.022299999371170998, 0.024900000542402267, 0.033399999141693115, 0.028200000524520874, 0.03920000046491623, 0.02800000086426735, 0.015599999576807022, 0.01759999990463257, 0.016599999740719795, 0.018300000578165054, 0.02250000089406967, 0.016100000590085983, -1.0, -1.0, -1.0], "alert_name": null,