{"mjd": [58510.250049, 58510.255352, 58515.131895], "magerr": [0.058702100068330765, 0.043559301644563675, 0.050419799983501434], "alert_name": null, "observatory": ["Liam Hardy pt5m", "Liam Hardy pt5m", "Liam Hardy pt5m"], "caliberr": [0.09957709908485413, 0.12753699719905853, 0.02724820002913475], "mag": [16.773399353027344, 16.458499908447266, 16.714099884033203], "catalog": ["SDSS", "SDSS", "SDSS"], "filter": ["V", "R", "R"], "id": [130193, 130194, 130487]}