{"mjd": [58896.79944, 58913.82767, 58913.830117, 58913.83012, 58929.791499, 58929.79268, 58930.752356, 58930.753536, 58930.757058, 58930.769761, 58930.772611, 58932.799042, 58932.800235, 58932.826777, 58932.827969, 58896.79779, 58913.82846, 58913.828462, 58913.8309, 58913.830904, 58929.79187, 58929.79305, 58930.752726, 58930.753906, 58930.75744, 58930.771312, 58932.799413, 58932.800605, 58932.827148, 58932.82834, 58913.8293, 58913.83174, 58929.79231, 58929.79349, 58930.753166, 58930.754346, 58930.75788, 58932.799853, 58932.801045, 58932.82759, 58932.82878, 58892.1061043, 58892.1065453, 58893.1355971, 58893.1360287, 58892.1079172, 58892.1083221, 58893.1347762, 58893.1351516, 58892.1070652, 58892.1074558, 58893.1365239, 58893.1369423, 58898.6737944535, 58905.681544113, 58917.7747507449, 58931.7278910493, 58934.698079105, 58943.6967317685, 58898.6737944535, 58905.681544113, 58917.7747507449, 58931.7278910493, 58934.698079105, 58943.6967317685, 58898.6737944535, 58905.681544113, 58917.7747507449, 58934.698079105, 58943.6967317685, 58913.8276745, 58923.840122, 58923.841499, 58927.920637, 58927.922003, 58931.7959186, 58944.794642, 58944.79583429, 58923.8405616, 58923.841927, 58927.921065, 58927.922432, 58931.796289, 58931.797483, 58934.1182067, 58934.119387, 58934.7761986, 58934.777379, 58944.795012488, 58944.7962047, 58913.829295, 58913.8317375, 58923.841036, 58923.842402, 58927.9215396, 58927.9229169, 58931.7967289, 58931.7979227, 58934.1186466, 58934.119827, 58934.7766385, 58934.7778192, 58903.76708, 58903.76795988, 58903.768755, 58903.77012677, 58903.77576, 58903.77657, 58903.7627608, 58903.771443, 58903.764137, 58903.764935787, 58903.772499], "magerr": [-1.0, 0.0015999999595806003, 0.0010999999940395355, -1.0, 0.001500000013038516, 0.0007999999797903001, 0.0008999999845400453, 0.0008999999845400453, 0.0007999999797903001, 0.00139999995008111, 0.0010000000474974513, 0.000699999975040555, 0.000699999975040555, 0.000699999975040555, 0.0007999999797903001, 0.0006000000284984708, -1.0, 0.0015999999595806003, -1.0, 0.0013000000035390258, 0.0007999999797903001, 0.000699999975040555, 0.0007999999797903001, 0.0007999999797903001, 0.0007999999797903001, 0.0013000000035390258, 0.000699999975040555, 0.000699999975040555, 0.000699999975040555, 0.000699999975040555, 0.0007999999797903001, 0.0017999999690800905, 0.0010000000474974513, 0.0008999999845400453, 0.0008999999845400453, 0.0008999999845400453, 0.0010999999940395355, 0.0007999999797903001, 0.0007999999797903001, 0.0007999999797903001, 0.0007999999797903001, 0.0026000000070780516, 0.0026000000070780516, 0.0027000000700354576, 0.0024999999441206455, 0.0038999998942017555, 0.00419999985024333, 0.010099999606609344, 0.0034000000450760126, 0.0026000000070780516, 0.003800000064074993, 0.0052999998442828655, 0.006000000052154064, 0.00019999999494757503, 9.999999747378752e-05, 0.000699999975040555, 0.0003000000142492354, 0.00019999999494757503, 0.0005000000237487257, 9.999999747378752e-05, 9.999999747378752e-05, 0.0003000000142492354, 0.00019999999494757503, 0.00019999999494757503, 0.00039999998989515007, 9.999999747378752e-05, 9.999999747378752e-05, 0.0003000000142492354, 0.00019999999494757503, 0.0006000000284984708, 0.0015999999595806003, 0.0007999999797903001, 0.0007999999797903001, 0.000699999975040555, 0.000699999975040555, 0.000699999975040555, 0.00139999995008111, 0.00139999995008111, 0.0007999999797903001, 0.000699999975040555, 0.0006000000284984708, 0.000699999975040555, 0.000699999975040555, 0.000699999975040555, 0.0013000000035390258, 0.001500000013038516, 0.000699999975040555, 0.0007999999797903001, 0.0010999999940395355, 0.0010999999940395355, 0.0007999999797903001, 0.0017999999690800905, 0.0007999999797903001, 0.0007999999797903001, 0.000699999975040555, 0.000699999975040555, 0.0008999999845400453, 0.0007999999797903001, 0.0017000000225380063, 0.0017999999690800905, 0.0010000000474974513, 0.0010000000474974513, 0.0005000000237487257, 0.0006000000284984708, 0.00039999998989515007, 0.00039999998989515007, 0.0003000000142492354, 0.0003000000142492354, 0.0003000000142492354, 0.0003000000142492354, 0.00039999998989515007, 0.00039999998989515007, 0.00039999998989515007], "alert_name": null, "observatory": ["Moletai0.35-Erika Pa", "Moletai0.35-Erika Pa", "Moletai0.35-Erika Pa", "Moletai0.35-Erika Pa", "Moletai0.35-Erika Pa", "Moletai0.35-Erika Pa", "Moletai0.35-Erika Pa", "Moletai0.35-Erika Pa", "Moletai0.35-Erika Pa", "Moletai0.35-Erika Pa", "Moletai0.35-Erika Pa", "Moletai0.35-Erika Pa", "Moletai0.35-Erika Pa", "Moletai0.35-Erika Pa", "Moletai0.35-Erika Pa", "Moletai0.35-Erika Pa", "Moletai0.35-Erika Pa", "Moletai0.35-Erika Pa", "Moletai0.35-Erika Pa", "Moletai0.35-Erika Pa", "Moletai0.35-Erika Pa", "Moletai0.35-Erika Pa", "Moletai0.35-Erika Pa", "Moletai0.35-Erika Pa", "Moletai0.35-Erika Pa", "Moletai0.35-Erika Pa", "Moletai0.35-Erika Pa", "Moletai0.35-Erika Pa", "Moletai0.35-Erika Pa", "Moletai0.35-Erika Pa", "Moletai0.35-Erika Pa", "Moletai0.35-Erika Pa", "Moletai0.35-Erika Pa", "Moletai0.35-Erika Pa", "Moletai0.35-Erika Pa", "Moletai0.35-Erika Pa", "Moletai0.35-Erika Pa", "Moletai0.35-Erika Pa", "Moletai0.35-Erika Pa", "Moletai0.35-Erika Pa", "Moletai0.35-Erika Pa", "LCOGT1m, Kris Rybick", "LCOGT1m, Kris Rybick", "LCOGT1m, Kris Rybick", "LCOGT1m, Kris Rybick", "LCOGT1m, Kris Rybick", "LCOGT1m, Kris Rybick", "LCOGT1m, Kris Rybick", "LCOGT1m, Kris Rybick", "LCOGT1m, Kris Rybick", "LCOGT1m, Kris Rybick", "LCOGT1m, Kris Rybick", "LCOGT1m, Kris Rybick", "Adiyaman60, Michal Z", "Adiyaman60, Michal Z", "Adiyaman60, Michal Z", "Adiyaman60, Michal Z", "Adiyaman60, Michal Z", "Adiyaman60, Michal Z", "Adiyaman60, Michal Z", "Adiyaman60, Michal Z", "Adiyaman60, Michal Z", "Adiyaman60, Michal Z", "Adiyaman60, Michal Z", "Adiyaman60, Michal Z", "Adiyaman60, Michal Z", "Adiyaman60, Michal Z", "Adiyaman60, Michal Z", "Adiyaman60, Michal Z", "Adiyaman60, Michal Z", "Moletai0.35 Kotryna ", "Moletai0.35 Kotryna ", "Moletai0.35 Kotryna ", "Moletai0.35 Kotryna ", "Moletai0.35 Kotryna ", "Moletai0.35 Kotryna ", "Moletai0.35 Kotryna ", "Moletai0.35 Kotryna ", "Moletai0.35 Kotryna ", "Moletai0.35 Kotryna ", "Moletai0.35 Kotryna ", "Moletai0.35 Kotryna ", "Moletai0.35 Kotryna ", "Moletai0.35 Kotryna ", "Moletai0.35 Kotryna ", "Moletai0.35 Kotryna ", "Moletai0.35 Kotryna ", "Moletai0.35 Kotryna ", "Moletai0.35 Kotryna ", "Moletai0.35 Kotryna ", "Moletai0.35 Kotryna ", "Moletai0.35 Kotryna ", "Moletai0.35 Kotryna ", "Moletai0.35 Kotryna ", "Moletai0.35 Kotryna ", "Moletai0.35 Kotryna ", "Moletai0.35 Kotryna ", "Moletai0.35 Kotryna ", "Moletai0.35 Kotryna ", "Moletai0.35 Kotryna ", "Moletai0.35 Kotryna ", "Moletai0.35 Kotryna ", "Moletai1.65 Kotryna ", "Moletai1.65 Kotryna ", "Moletai1.65 Kotryna ", "Moletai1.65 Kotryna ", "Moletai1.65 Kotryna ", "Moletai1.65 Kotryna ", "Moletai1.65 Kotryna ", "Moletai1.65 Kotryna ", "Moletai1.65 Kotryna ", "Moletai1.65 Kotryna ", "Moletai1.65 Kotryna "],