{"mjd": [59176.020681, 59176.025272, 59176.029818], "magerr": [-1.0, -1.0, -1.0], "alert_name": null, "observatory": ["Liam Hardy pt5m", "Liam Hardy pt5m", "Liam Hardy pt5m"], "caliberr": [0.17945100367069244, 0.10641299933195114, 0.0863289013504982], "mag": [18.30069923400879, 18.80340003967285, 18.831300735473633], "catalog": ["APASS", "APASS", "APASS"], "filter": ["B", "V", "r"], "id": [206748, 206749, 206750]}