{"mjd": [58382.197149, 58382.18879, 58391.154095, 58382.193352, 58391.158654], "magerr": [0.010838399641215801, 0.10080700367689133, 0.10405399650335312, 0.02349819988012314, 0.04196460172533989], "alert_name": null, "observatory": ["Liam Hardy pt5m", "Liam Hardy pt5m", "Liam Hardy pt5m", "Liam Hardy pt5m", "Liam Hardy pt5m"], "caliberr": [0.20942999422550201, 0.06631539762020111, 0.12173400074243546, 0.02939159981906414, 0.11736900359392166], "mag": [15.791500091552734, 17.950199127197266, 17.610300064086914, 16.672100067138672, 15.376999855041504], "catalog": ["SDSS", "APASS", "APASS", "APASS", "APASS"], "filter": ["R", "B", "B", "V", "V"], "id": [120820, 120818, 121614, 120819, 121615]}