{"mjd": [58811.971003, 58816.968806, 58816.973367, 58816.976411], "magerr": [-1.0, -1.0, -1.0, -1.0], "alert_name": null, "observatory": ["Liam Hardy pt5m", "Liam Hardy pt5m", "Liam Hardy pt5m", "Liam Hardy pt5m"], "caliberr": [0.17785899341106415, 0.08458179980516434, 0.1028980016708374, 0.07902079820632935], "mag": [15.130200386047363, 19.24679946899414, 19.149700164794922, 19.091899871826172], "catalog": ["APASS", "APASS", "APASS", "APASS"], "filter": ["B", "B", "V", "r"], "id": [173242, 173538, 173539, 173540]}