{"mjd": [57809.08395, 57809.091057, 57809.098156, 57815.159255, 57815.166355, 57834.040797, 57834.047899, 57834.054997], "magerr": [-1.0, -1.0, -1.0, -1.0, -1.0, -1.0, -1.0, -1.0], "alert_name": null, "observatory": ["OmicronC2PU JPRivet", "OmicronC2PU JPRivet", "OmicronC2PU JPRivet", "OmicronC2PU JPRivet", "OmicronC2PU JPRivet", "OmicronC2PU JPRivet", "OmicronC2PU JPRivet", "OmicronC2PU JPRivet"], "caliberr": [0.14215299487113953, 0.13658800721168518, 0.12078700214624405, 0.13053500652313232, 0.12354099750518799, 0.1307010054588318, 0.11071299761533737, 0.11391600221395493], "mag": [22.675899505615234, 22.935699462890625, 22.611299514770508, 22.922199249267578, 24.48699951171875, 22.47130012512207, 22.44499969482422, 22.174299240112305], "catalog": ["SDSS", "SDSS", "SDSS", "SDSS", "SDSS", "SDSS", "SDSS", "SDSS"], "filter": ["r", "r", "r", "r", "r", "r", "r", "r"], "id": [68093, 68097, 68098, 68141, 68142, 68295, 68296, 68297]}