{"mjd": [58912.222704, 58913.23365, 58920.119412, 58912.213401, 58913.224441, 58920.110311, 58912.217988, 58913.228354, 58920.114864, 59018.84053241], "magerr": [0.045939456671476364, 0.1404094249010086, -1.0, -1.0, -1.0, -1.0, 0.07449978590011597, -1.0, -1.0, -1.0], "alert_name": null, "observatory": ["Liam Hardy pt5m", "Liam Hardy pt5m", "Liam Hardy pt5m", "Liam Hardy pt5m", "Liam Hardy pt5m", "Liam Hardy pt5m", "Liam Hardy pt5m", "Liam Hardy pt5m", "Liam Hardy pt5m", "Loiano, Felice Cusan"], "caliberr": [0.16679517924785614, 0.14360986649990082, 0.3123292922973633, 0.07435252517461777, 0.0691499337553978, 0.10384008288383484, 0.037114813923835754, 0.09560105949640274, 0.13065408170223236, 0.24069130420684814], "mag": [18.275737762451172, 18.066638946533203, 19.044809341430664, 19.19843292236328, 18.753808975219727, 19.262296676635742, 18.4896240234375, 18.226791381835938, 18.98423194885254, 20.71958351135254], "catalog": ["SDSS", "SDSS", "SDSS", "APASS", "APASS", "APASS", "APASS", "APASS", "APASS", "APASS"], "filter": ["R", "R", "R", "B", "B", "B", "V", "V", "V", "V"], "id": [182009, 182721, 184780, 182007, 182719, 184778, 182008, 182720, 184779, 193423]}