{"mjd": [57533.943241, 57533.945442, 57545.899265, 57555.911135, 57561.916745, 57563.914573, 57532.899769, 57532.904168, 57533.954247, 57534.900927, 57534.903129, 57534.905329, 57536.902124, 57536.906526, 57538.903161, 57539.903353, 57539.907751, 57540.903744, 57540.905943, 57540.908144, 57542.907026, 57542.909228, 57543.905169, 57543.907368, 57543.909569, 57544.905612, 57544.907812, 57544.910012, 57545.905872, 57545.908072, 57545.910274, 57546.906033, 57546.908233, 57546.910432, 57547.906196, 57547.910596, 57555.922455, 57561.926038, 57564.924076, 57566.919286, 57566.921794, 57566.923999, 57566.926199, 57566.928399, 57569.921608, 57569.926062, 57573.918751, 57573.921248, 57573.92565, 57573.92785, 57574.921175, 57574.923379, 57574.925584, 57574.927788, 57533.960856, 57540.910349, 57540.912549, 57543.916174, 57544.914417, 57547.912801, 57566.933294, 57569.937577, 57573.930056, 57573.939329, 57574.934865, 57564.896414, 57572.985571, 57572.988061, 57572.990261, 57535.9018343, 57535.9053661, 57535.9088978, 57541.9104569, 57541.9139885, 57541.9175202, 57535.9126167, 57535.9161485, 57535.9196802, 57541.9212404, 57541.9247724, 57541.9283042, 57547.9800213, 57547.983553, 57547.9870845, 57555.9232462, 57555.926778, 57555.9303097, 57528.9123192, 57528.915851, 57528.9193827, 57535.9233996, 57535.9269313, 57535.930463, 57541.9320193, 57541.9355511, 57541.9390829, 57548.0036592, 57548.0071909, 57548.0107225, 57550.9379701, 57550.9415019, 57552.9395924, 57552.943124, 57552.946656, 57555.9341303, 57555.9376622, 57555.9411938, 57528.9231051, 57528.9266368, 57528.9301683, 57535.9341814, 57535.937713, 57535.9412448, 57541.9431749, 57541.9467066, 57541.9502383, 57548.0144386, 57548.0179702, 57548.021502, 57550.9487521, 57550.9522838, 57550.9558155, 57551.9497632, 57552.9503811, 57552.9539129, 57552.9574446, 57555.9450125, 57555.9485441, 57555.9520759], "magerr": [0.027796559035778046, 0.029247989878058434, 0.022091776132583618, 0.040744755417108536, 0.03556516394019127, 0.05977571755647659, 0.03349936753511429, 0.03104417398571968, 0.026248488575220108, 0.0288022980093956, 0.03127437084913254, 0.029613319784402847, 0.029244206845760345, 0.026795903220772743, 0.03414874151349068, 0.0281569492071867, 0.0318666473031044, 0.02239636890590191, 0.022730620577931404, 0.021616952493786812, 0.02261282503604889, 0.0230088010430336, 0.024654647335410118, 0.023645654320716858, 0.021998615935444832, 0.02089279145002365, 0.01996609941124916, 0.020252902060747147, 0.021824033930897713, 0.0222033578902483, 0.020586684346199036, 0.022418726235628128, 0.021700287237763405, 0.02176719531416893, 0.022025858983397484, 0.02098410204052925, 0.03436676040291786, 0.03181541711091995, 0.0395943857729435, 0.031200774013996124, -1.0, 0.031034009531140327, 0.029017722234129906, 0.026288380846381187, 0.03452271968126297, 0.0320318341255188, 0.03555399924516678, 0.034573573619127274, 0.03488468751311302, 0.03500359505414963, 0.03731005638837814, 0.035608310252428055, 0.03523116186261177, 0.04130380600690842, 0.06479376554489136, 0.05649367719888687, 0.06018006056547165, 0.047521259635686874, 0.0529673770070076, 0.05258363112807274, 0.05782786384224892, 0.06379678845405579, 0.07000318169593811, 0.0648479238152504, 0.07120770215988159, 0.0686686560511589, 0.05121849104762077, 0.04929264262318611, 0.04280685633420944, 0.007000000216066837, 0.007000000216066837, 0.007000000216066837, 0.006500000134110451, 0.006599999964237213, 0.006399999838322401, 0.007199999876320362, 0.007300000172108412, 0.007499999832361937, 0.007000000216066837, 0.0066999997943639755, 0.006800000090152025, 0.0066999997943639755, 0.006899999920278788, 0.006599999964237213, 0.011900000274181366, 0.012000000104308128, 0.012600000016391277, 0.014600000344216824, 0.014399999752640724, 0.014000000432133675, 0.007499999832361937, 0.007499999832361937, 0.007699999958276749, 0.0066999997943639755, 0.006399999838322401, 0.006399999838322401, 0.006599999964237213, 0.006599999964237213, 0.0066999997943639755, 0.011599999852478504, 0.012900000438094139, 0.010599999688565731, 0.010499999858438969, 0.010599999688565731, 0.011699999682605267, 0.01489999983459711, 0.01119999960064888, 0.032999999821186066, 0.02590000070631504, 0.0284000001847744, 0.017000000923871994, 0.01769999973475933, 0.017400000244379044, 0.014299999922513962, 0.014600000344216824, 0.014600000344216824, 0.01600000075995922, 0.016599999740719795, 0.01679999940097332, 0.032099999487400055, 0.03720000013709068, 0.038100000470876694, -1.0, 0.03929999843239784, 0.019700000062584877, 0.019899999722838402, 0.016200000420212746, 0.01720000058412552, 0.016100000590085983], "alert_name": null, "observatory": ["Liam Hardy pt5m", "Liam Hardy pt5m", "Liam Hardy pt5m", "Liam Hardy pt5m", "Liam Hardy pt5m", "Liam Hardy pt5m", "Liam Hardy pt5m", "Liam Hardy pt5m", "Liam Hardy pt5m", "Liam Hardy pt5m", "Liam Hardy pt5m", "Liam Hardy pt5m", "Liam Hardy pt5m", "Liam Hardy pt5m", "Liam Hardy pt5m", "Liam Hardy pt5m", "Liam Hardy pt5m", "Liam Hardy pt5m", "Liam Hardy pt5m", "Liam Hardy pt5m", "Liam Hardy pt5m", "Liam Hardy pt5m", "Liam Hardy pt5m", "Liam Hardy pt5m", "Liam Hardy pt5m", "Liam Hardy pt5m", "Liam Hardy pt5m", "Liam Hardy pt5m", "Liam Hardy pt5m", "Liam Hardy pt5m", "Liam Hardy pt5m", "Liam Hardy pt5m", "Liam Hardy pt5m", "Liam Hardy pt5m", "Liam Hardy pt5m", "Liam Hardy pt5m", "Liam Hardy pt5m", "Liam Hardy pt5m", "Liam Hardy pt5m", "Liam Hardy pt5m", "Liam Hardy pt5m", "Liam Hardy pt5m", "Liam Hardy pt5m", "Liam Hardy pt5m", "Liam Hardy pt5m", "Liam Hardy pt5m", "Liam Hardy pt5m", "Liam Hardy pt5m", "Liam Hardy pt5m", "Liam Hardy pt5m", "Liam Hardy pt5m", "Liam Hardy pt5m", "Liam Hardy pt5m", "Liam Hardy pt5m", "Liam Hardy pt5m", "Liam Hardy pt5m", "Liam Hardy pt5m", "Liam Hardy pt5m", "Liam Hardy pt5m", "Liam Hardy pt5m", "Liam Hardy pt5m", "Liam Hardy pt5m", "Liam Hardy pt5m", "Liam Hardy pt5m", "Liam Hardy pt5m", "Liam Hardy pt5m", "Liam Hardy pt5m", "Liam Hardy pt5m", "Liam Hardy pt5m", "ObsMontsec-Umut Burg", "ObsMontsec-Umut Burg", "ObsMontsec-Umut Burg", "ObsMontsec-Umut Burg", "ObsMontsec-Umut Burg", "ObsMontsec-Umut Burg", "ObsMontsec-Umut Burg", "ObsMontsec-Umut Burg", "ObsMontsec-Umut Burg", "ObsMontsec-Umut Burg", "ObsMontsec-Umut Burg", "ObsMontsec-Umut Burg", "ObsMontsec-Umut Burg", "ObsMontsec-Umut Burg", "ObsMontsec-Umut Burg", "ObsMontsec-Umut Burg", "ObsMontsec-Umut Burg", "ObsMontsec-Umut Burg", "ObsMontsec-Umut Burg", "ObsMontsec-Umut Burg", "ObsMontsec-Umut Burg", "ObsMontsec-Umut Burg", "ObsMontsec-Umut Burg", "ObsMontsec-Umut Burg", "ObsMontsec-Umut Burg", "ObsMontsec-Umut Burg", "ObsMontsec-Umut Burg", "ObsMontsec-Umut Burg", "ObsMontsec-Umut Burg", "ObsMontsec-Umut Burg", "ObsMontsec-Umut Burg", "ObsMontsec-Umut Burg", "ObsMontsec-Umut Burg", "ObsMontsec-Umut Burg", "ObsMontsec-Umut Burg", "ObsMontsec-Umut Burg", "ObsMontsec-Umut Burg", "ObsMontsec-Umut Burg", "ObsMontsec-Umut Burg", "ObsMontsec-Umut Burg", "ObsMontsec-Umut Burg", "ObsMontsec-Umut Burg", "ObsMontsec-Umut Burg", "ObsMontsec-Umut Burg", "ObsMontsec-Umut Burg", "ObsMontsec-Umut Burg", "ObsMontsec-Umut Burg", "ObsMontsec-Umut Burg", "ObsMontsec-Umut Burg", "ObsMontsec-Umut Burg", "ObsMontsec-Umut Burg", "ObsMontsec-Umut Burg", "ObsMontsec-Umut Burg", "ObsMontsec-Umut Burg", "ObsMontsec-Umut Burg", "ObsMontsec-Umut Burg", "ObsMontsec-Umut Burg", "ObsMontsec-Umut Burg", "ObsMontsec-Umut Burg", "ObsMontsec-Umut Burg"],