{"mjd": [58452.151921, 58452.156474, 58452.161002], "magerr": [-1.0, -1.0, 0.14537599682807922], "alert_name": null, "observatory": ["Liam Hardy pt5m", "Liam Hardy pt5m", "Liam Hardy pt5m"], "caliberr": [0.07070659846067429, 0.19606700539588928, 0.05723189935088158], "mag": [19.35260009765625, 16.086599349975586, 19.442100524902344], "catalog": ["APASS", "APASS", "APASS"], "filter": ["B", "r", "r"], "id": [126857, 126858, 126859]}