{"mjd": [58538.973839, 58538.964731, 58538.969287], "magerr": [0.025040466338396072, 0.08254745602607727, 0.04499192535877228], "alert_name": null, "observatory": ["Liam Hardy pt5m", "Liam Hardy pt5m", "Liam Hardy pt5m"], "caliberr": [0.2009456902742386, 0.11535383015871048, 0.06074022129178047], "mag": [16.73552894592285, 17.61042594909668, 17.069643020629883], "catalog": ["SDSS", "APASS", "APASS"], "filter": ["R", "B", "V"], "id": [131439, 131437, 131438]}