{"mjd": [57645.0134585], "magerr": [-1.0], "alert_name": null, "observatory": ["K.Wiersema-Leicester"], "caliberr": [0.08528299629688263], "mag": [18.181499481201172], "catalog": ["APASS"], "filter": ["i"], "id": [44643]}