{"mjd": [58927.80959, 58927.813209, 58927.816828], "magerr": [0.03590000048279762, 0.04179999977350235, 0.03999999910593033], "alert_name": null, "observatory": ["OmicronC2PU JPRivet", "OmicronC2PU JPRivet", "OmicronC2PU JPRivet"], "caliberr": [0.08175208419561386, 0.06793080270290375, 0.08474406599998474], "mag": [18.485984802246094, 18.529197692871094, 18.45337677001953], "catalog": ["APASS", "APASS", "APASS"], "filter": ["r", "r", "r"], "id": [193079, 193080, 193081]}