{"mjd": [59455.220594, 59462.197992, 59462.202552], "magerr": [-1.0, -1.0, 0.09706533700227737], "alert_name": null, "observatory": ["Liam Hardy pt5m", "Liam Hardy pt5m", "Liam Hardy pt5m"], "caliberr": [0.10251429677009583, 0.199124276638031, 0.09258034080266953], "mag": [17.50247573852539, 18.654918670654297, 17.716516494750977], "catalog": ["APASS", "APASS", "APASS"], "filter": ["B", "B", "V"], "id": [232064, 232583, 232584]}