{"mjd": [59241.278813, 59244.23353, 59241.269711, 59244.222883, 59241.274267, 59244.228992], "magerr": [0.08681823313236237, 0.10340245813131332, -1.0, -1.0, 0.12806940078735352, 0.11982596665620804], "alert_name": null, "observatory": ["Liam Hardy pt5m", "Liam Hardy pt5m", "Liam Hardy pt5m", "Liam Hardy pt5m", "Liam Hardy pt5m", "Liam Hardy pt5m"], "caliberr": [0.16889530420303345, 0.1483585089445114, 0.04162537306547165, 0.010000023990869522, 0.11705882102251053, 0.05053044483065605], "mag": [18.208641052246094, 18.159900665283203, 18.831275939941406, 18.274240493774414, 18.593576431274414, 18.062917709350586], "catalog": ["SDSS", "SDSS", "APASS", "APASS", "APASS", "APASS"], "filter": ["R", "R", "B", "B", "V", "V"], "id": [212052, 212309, 212050, 212307, 212051, 212308]}