{"mjd": [58620.202941, 58620.207501, 58620.210548], "magerr": [-1.0, -1.0, -1.0], "alert_name": null, "observatory": ["Liam Hardy pt5m", "Liam Hardy pt5m", "Liam Hardy pt5m"], "caliberr": [0.0734575018286705, 0.05375489965081215, 0.04718229919672012], "mag": [19.78380012512207, 19.738399505615234, 19.556299209594727], "catalog": ["APASS", "APASS", "APASS"], "filter": ["B", "V", "r"], "id": [152860, 152861, 152862]}