{"mjd": [58612.989228, 58620.019177, 58633.923066, 58633.915366, 58620.015385, 58633.918519, 58605.8470024, 58620.8245406, 58617.8259286, 58618.8139134, 58619.818063, 58622.8076425, 58605.8516259, 58605.8562562, 58605.8448389, 58621.8122727, 58621.8076432, 58617.81667, 58618.8071439, 58617.8189837, 58618.8208401, 58620.8129705, 58605.8585712, 58606.8550943, 58615.815051, 58615.8173648, 58615.8196786, 58615.8219971, 58616.8125294, 58616.8192214, 58616.821534, 58617.8100777, 58618.8093828, 58618.8116596, 58619.804271, 58619.8088002, 58619.8111138, 58620.8014904, 58621.8007583, 58621.8030151, 58622.798644, 58622.805328, 58605.8608863, 58606.8481512, 58618.8254683, 58620.8060204, 58620.8083399, 58615.831252, 58615.8335684, 58615.8358865, 58615.8382, 58615.840511, 58616.8169056, 58616.8331071, 58616.8354211, 58616.8377386, 58617.8236157, 58617.8282425, 58617.830561, 58618.8231537, 58618.8277823, 58618.8324184, 58619.8064947, 58619.8134288, 58619.8226905, 58619.8250057, 58619.8273221, 58619.8296334, 58620.8199142, 58620.822228, 58620.8268574, 58621.8145866, 58621.8169029, 58605.8539398, 58606.85278, 58615.8243075, 58615.826624, 58615.8289401, 58616.8238481, 58616.82616, 58616.8284754, 58616.8307892, 58617.8143546, 58617.821302, 58618.8162109, 58618.8185211, 58619.8157438, 58619.8203766, 58620.8106525, 58620.8152837, 58620.8175958, 58621.8053294, 58621.8099573, 58622.8099567], "magerr": [0.01981559954583645, -1.0, 0.03775469958782196, 0.0685248002409935, 0.10862500220537186, 0.0569131001830101, -1.0, -1.0, -1.0, -1.0, -1.0, -1.0, -1.0, -1.0, -1.0, -1.0, -1.0, -1.0, -1.0, -1.0, -1.0, -1.0, -1.0, -1.0, -1.0, -1.0, -1.0, -1.0, -1.0, -1.0, -1.0, -1.0, -1.0, -1.0, -1.0, -1.0, -1.0, -1.0, -1.0, -1.0, -1.0, -1.0, -1.0, -1.0, -1.0, -1.0, -1.0, -1.0, 0.0786999985575676, 0.06589999794960022, 0.07729999721050262, 0.09279999881982803, -1.0, 0.08739999681711197, 0.08669999986886978, 0.12449999898672104, -1.0, -1.0, -1.0, -1.0, -1.0, -1.0, -1.0, -1.0, -1.0, -1.0, 0.14110000431537628, -1.0, -1.0, -1.0, -1.0, -1.0, -1.0, -1.0, -1.0, 0.1136000007390976, -1.0, -1.0, -1.0, -1.0, -1.0, -1.0, -1.0, -1.0, -1.0, -1.0, -1.0, -1.0, -1.0, -1.0, -1.0, -1.0, -1.0, -1.0], "alert_name": null, "observatory": ["Liam Hardy pt5m", "Liam Hardy pt5m", "Liam Hardy pt5m", "Liam Hardy pt5m", "Liam Hardy pt5m", "Liam Hardy pt5m", "T60-Umut Burgaz", "T60-Umut Burgaz", "T60-Umut Burgaz", "T60-Umut Burgaz", "T60-Umut Burgaz", "T60-Umut Burgaz", "T60-Umut Burgaz", "T60-Umut Burgaz", "T60-Umut Burgaz", "T60-Umut Burgaz", "T60-Umut Burgaz", "T60-Umut Burgaz", "T60-Umut Burgaz", "T60-Umut Burgaz", "T60-Umut Burgaz", "T60-Umut Burgaz", "T60-Umut Burgaz", "T60-Umut Burgaz", "T60-Umut Burgaz", "T60-Umut Burgaz", "T60-Umut Burgaz", "T60-Umut Burgaz", "T60-Umut Burgaz", "T60-Umut Burgaz", "T60-Umut Burgaz", "T60-Umut Burgaz", "T60-Umut Burgaz", "T60-Umut Burgaz", "T60-Umut Burgaz", "T60-Umut Burgaz", "T60-Umut Burgaz", "T60-Umut Burgaz", "T60-Umut Burgaz", "T60-Umut Burgaz", "T60-Umut Burgaz", "T60-Umut Burgaz", "T60-Umut Burgaz", "T60-Umut Burgaz", "T60-Umut Burgaz", "T60-Umut Burgaz", "T60-Umut Burgaz", "T60-Umut Burgaz", "T60-Umut Burgaz", "T60-Umut Burgaz", "T60-Umut Burgaz", "T60-Umut Burgaz", "T60-Umut Burgaz", "T60-Umut Burgaz", "T60-Umut Burgaz", "T60-Umut Burgaz", "T60-Umut Burgaz", "T60-Umut Burgaz", "T60-Umut Burgaz", "T60-Umut Burgaz", "T60-Umut Burgaz", "T60-Umut Burgaz", "T60-Umut Burgaz", "T60-Umut Burgaz", "T60-Umut Burgaz", "T60-Umut Burgaz", "T60-Umut Burgaz", "T60-Umut Burgaz", "T60-Umut Burgaz", "T60-Umut Burgaz", "T60-Umut Burgaz", "T60-Umut Burgaz", "T60-Umut Burgaz", "T60-Umut Burgaz", "T60-Umut Burgaz", "T60-Umut Burgaz", "T60-Umut Burgaz", "T60-Umut Burgaz", "T60-Umut Burgaz", "T60-Umut Burgaz", "T60-Umut Burgaz", "T60-Umut Burgaz", "T60-Umut Burgaz", "T60-Umut Burgaz", "T60-Umut Burgaz", "T60-Umut Burgaz", "T60-Umut Burgaz", "T60-Umut Burgaz", "T60-Umut Burgaz", "T60-Umut Burgaz", "T60-Umut Burgaz", "T60-Umut Burgaz", "T60-Umut Burgaz", "T60-Umut Burgaz"], "caliberr": [0.2602109909057617, 0.13556499779224396, 0.11383900046348572, 0.037540700286626816, 0.04923129826784134, 0.02876340039074421, 0.17916899919509888, 0.38565000891685486, 0.37999001145362854, 0.16432900726795197, 0.1917950063943863, 0.3136669993400574, 0.2226649969816208, 0.11089000105857849, 0.04943019896745682, 0.2797209918498993, 0.13659100234508514, 0.40272000432014465, 0.3526049852371216, 0.36261001229286194, 0.14333799481391907, 0.26157501339912415, 0.06738919764757156, 0.1009719967842102, 0.12495899945497513, 0.10992500185966492, 0.2328909933567047, 0.37681400775909424, 0.14910000562667847, 0.10725300014019012, 0.009999999776482582, 0.14996099472045898, 0.04362870007753372, 0.06562290340662003, 0.05188500136137009, 0.032986100763082504, 0.009999999776482582, 0.08377110213041306, 0.10155300050973892, 0.10093100368976593, 0.29906898736953735, 0.10886699706315994, 0.11823400110006332, 0.16031800210475922, 0.29887598752975464, 0.11678799986839294, 0.10082600265741348, 0.2976129949092865, 0.047606900334358215, 0.02777639962732792, 0.09984859824180603, 0.0877574011683464, 0.14344899356365204, 0.03013239987194538, 0.031032299622893333, 0.044530101120471954, 0.048933498561382294, 0.05636649951338768, 0.06763529777526855, 0.028528399765491486, 0.07867959886789322, 0.05777880176901817, 0.23886199295520782, 0.26889801025390625, 0.03834519907832146, 0.09594830125570297, 0.056154098361730576, 0.05759729817509651, 0.05963350087404251, 0.10858500003814697, 0.08123710006475449, 0.028943000361323357, 0.059481799602508545, 0.05108790099620819, 0.13043199479579926, 0.054015301167964935, 0.04648229852318764, 0.0788085013628006, 0.059443000704050064, 0.06719829887151718, 0.10851199924945831, 0.03894229978322983, 0.22620800137519836, 0.40968701243400574, 0.08367650210857391, 0.06661870330572128, 0.03249260038137436, 0.02606859989464283, 0.03493950143456459, 0.08236689865589142, 0.04093800112605095, 0.04955830052495003, 0.05134940147399902, 0.103022001683712], "mag": [14.859100341796875, 19.022300720214844, 16.072200775146484, 17.682199478149414, 17.577999114990234, 16.825899124145508, 16.80459976196289, 23.90850067138672, 21.035499572753906, 20.38920021057129, 20.22100067138672, 19.213199615478516, 17.155799865722656, 17.3031005859375, 14.86769962310791, 20.471099853515625, 19.466100692749023, 20.007299423217773, 19.136199951171875, 23.832500457763672, 23.349899291992188, 19.095699310302734, 17.642000198364258, 18.812400817871094, 20.668100357055664, 20.513599395751953, 20.375, 20.402599334716797, 20.318599700927734, 20.61520004272461, 21.173099517822266, 20.2406005859375, 19.72599983215332, 20.260700225830078, 19.48539924621582, 20.31130027770996, 20.35919952392578, 19.55820083618164, 19.580900192260742, 19.79520034790039, 19.55270004272461, 20.3439998626709, 17.059099197387695, 17.195999145507812, 22.39349937438965, 18.90290069580078, 19.136699676513672, 22.04960060119629, 18.205400466918945, 18.024799346923828, 18.398500442504883, 18.0762996673584, 21.019699096679688, 18.48419952392578, 18.2898006439209, 19.340299606323242, 24.76129913330078, 29.364999771118164, 24.878700256347656, 23.179100036621094, 25.107500076293945, 21.9237003326416, 18.222999572753906, 21.174999237060547, 24.453699111938477, 23.806800842285156, 18.649099349975586, 23.924100875854492, 22.766599655151367, 21.918899536132812, 21.19230079650879, 24.02790069580078, 21.4060001373291, 15.343000411987305, 16.606399536132812, 18.610200881958008, 21.24340057373047, 20.675199508666992, 22.43160057067871, 21.61989974975586, 20.5625, 23.984500885009766, 18.60540008544922, 22.309499740600586, 21.961000442504883, 22.116500854492188, 23.954500198364258, 20.820600509643555, 19.97170066833496, 20.879100799560547, 20.07659912109375, 21.03499984741211, 20.13159942626953, 20.148399353027344],