{"mjd": [58997.022303, 58997.02309], "magerr": [0.08129999786615372, 0.05460000038146973], "alert_name": null, "observatory": ["Terskol-2,Vira Godun", "Terskol-2,Vira Godun"], "caliberr": [0.1584240049123764, 0.21221700310707092], "mag": [16.18549919128418, 14.857999801635742], "catalog": ["APASS", "APASS"], "filter": ["r", "i"], "id": [193515, 193512]}