{"mjd": [58092.120164, 58092.08852, 58094.047474, 58092.115601, 58094.05203, 58094.057346], "magerr": [0.0491412989795208, 0.0890498012304306, -1.0, 0.05944349989295006, -1.0, -1.0], "alert_name": null, "observatory": ["Liam Hardy pt5m", "Liam Hardy pt5m", "Liam Hardy pt5m", "Liam Hardy pt5m", "Liam Hardy pt5m", "Liam Hardy pt5m"], "caliberr": [0.26388001441955566, 0.13407999277114868, 0.10685999691486359, 0.14642299711704254, 0.1513739973306656, 0.23618200421333313], "mag": [15.394000053405762, 17.152799606323242, 23.797800064086914, 15.970600128173828, 18.749500274658203, 18.51650047302246], "catalog": ["SDSS", "APASS", "APASS", "APASS", "APASS", "APASS"], "filter": ["R", "B", "B", "V", "V", "r"], "id": [90408, 90406, 90706, 90407, 90707, 90708]}