{"mjd": [58914.1427, 58914.133489, 58914.138078], "magerr": [0.06964249908924103, 0.15983904898166656, 0.09576030820608139], "alert_name": null, "observatory": ["Liam Hardy pt5m", "Liam Hardy pt5m", "Liam Hardy pt5m"], "caliberr": [0.10257470607757568, 0.0629597008228302, 0.08092499524354935], "mag": [18.227752685546875, 18.719993591308594, 18.846036911010742], "catalog": ["SDSS", "APASS", "APASS"], "filter": ["R", "B", "V"], "id": [183957, 183863, 183911]}