{"mjd": [58031.169005, 58031.173573, 58031.178156], "magerr": [0.04244200140237808, 0.02668909914791584, 0.02681710012257099], "alert_name": null, "observatory": ["Liam Hardy pt5m", "Liam Hardy pt5m", "Liam Hardy pt5m"], "caliberr": [0.09938479959964752, 0.06589709967374802, 0.09367969632148743], "mag": [16.273099899291992, 16.219999313354492, 16.327800750732422], "catalog": ["APASS", "APASS", "APASS"], "filter": ["B", "V", "r"], "id": [85348, 85349, 85350]}