{"mjd": [58912.149505, 58914.067511, 58914.030273, 58912.146346], "magerr": [0.05173882842063904, 0.04362906888127327, 0.05091824382543564, 0.05475616082549095], "alert_name": null, "observatory": ["Liam Hardy pt5m", "Liam Hardy pt5m", "Liam Hardy pt5m", "Liam Hardy pt5m"], "caliberr": [0.15274359285831451, 0.1382618248462677, 0.010000001639127731, 0.06126859784126282], "mag": [17.497777938842773, 17.689403533935547, 17.97021484375, 17.255094528198242], "catalog": ["SDSS", "SDSS", "APASS", "APASS"], "filter": ["R", "R", "V", "r"], "id": [181994, 183820, 183819, 181993]}