{"mjd": [59320.18281, 59326.226228, 59320.187374], "magerr": [0.020320983603596687, 0.020770389586687088, 0.011017953976988792], "alert_name": null, "observatory": ["Liam Hardy pt5m", "Liam Hardy pt5m", "Liam Hardy pt5m"], "caliberr": [0.1521102339029312, 0.15243440866470337, 0.14109152555465698], "mag": [15.75242805480957, 15.787114143371582, 15.047307014465332], "catalog": ["APASS", "APASS", "APASS"], "filter": ["B", "B", "V"], "id": [217628, 217901, 217629]}