{"mjd": [58749.1963, 58752.123073, 58749.187202, 58752.113899, 58749.191747, 58752.118458], "magerr": [-1.0, 0.04410754144191742, -1.0, -1.0, 0.05556793138384819, 0.06849602609872818], "alert_name": null, "observatory": ["Liam Hardy pt5m", "Liam Hardy pt5m", "Liam Hardy pt5m", "Liam Hardy pt5m", "Liam Hardy pt5m", "Liam Hardy pt5m"], "caliberr": [0.15717661380767822, 0.1513747274875641, 0.010000000707805157, 0.010391627438366413, 0.10147727280855179, 0.11568505316972733], "mag": [19.94359588623047, 17.898704528808594, 21.3621768951416, 19.446056365966797, 17.313003540039062, 17.791574478149414], "catalog": ["SDSS", "SDSS", "APASS", "APASS", "APASS", "APASS"], "filter": ["R", "R", "B", "B", "V", "V"], "id": [165288, 165713, 165286, 165711, 165287, 165712]}