{"mjd": [59453.162939, 59453.167504], "magerr": [0.03176300227642059, 0.027408059686422348], "alert_name": null, "observatory": ["Liam Hardy pt5m", "Liam Hardy pt5m"], "caliberr": [0.11633707582950592, 0.09919881075620651], "mag": [16.01814842224121, 15.759066581726074], "catalog": ["APASS", "APASS"], "filter": ["B", "V"], "id": [231979, 231980]}