{"mjd": [58812.886478, 58817.926437, 58812.891036, 58817.930988, 58812.894074, 58817.935538], "magerr": [-1.0, -1.0, -1.0, -1.0, -1.0, -1.0], "alert_name": null, "observatory": ["Liam Hardy pt5m", "Liam Hardy pt5m", "Liam Hardy pt5m", "Liam Hardy pt5m", "Liam Hardy pt5m", "Liam Hardy pt5m"], "caliberr": [0.08482498675584793, 0.11633500456809998, 0.06479940563440323, 0.06941841542720795, 0.0616033561527729, 0.05595040321350098], "mag": [18.60377311706543, 19.547176361083984, 19.90263557434082, 19.52048110961914, 18.44659423828125, 19.8570556640625], "catalog": ["APASS", "APASS", "APASS", "APASS", "APASS", "APASS"], "filter": ["B", "B", "V", "V", "r", "r"], "id": [173293, 173606, 173294, 173607, 173295, 173608]}