{"mjd": [57809.134089, 57809.141187, 57809.148286, 57834.117531, 57834.124629, 57834.131729, 57815.175479, 57815.182582], "magerr": [-1.0, -1.0, -1.0, 0.007400000002235174, 0.006300000008195639, 0.005499999970197678, 0.0031999999191612005, 0.003100000089034438], "alert_name": null, "observatory": ["OmicronC2PU JPRivet", "OmicronC2PU JPRivet", "OmicronC2PU JPRivet", "OmicronC2PU JPRivet", "OmicronC2PU JPRivet", "OmicronC2PU JPRivet", "OmicronC2PU JPRivet", "OmicronC2PU JPRivet"], "caliberr": [0.05946449935436249, 0.07296749949455261, 0.03648789972066879, 0.07103309780359268, 0.062167201191186905, 0.08854050189256668, 0.09576179832220078, 0.10636100172996521], "mag": [22.57710075378418, 22.250999450683594, 22.679100036621094, 14.562899589538574, 14.89169979095459, 14.627099990844727, 14.765199661254883, 14.624699592590332], "catalog": ["APASS", "APASS", "APASS", "APASS", "APASS", "APASS", "VSTATLAS", "VSTATLAS"], "filter": ["r", "r", "r", "r", "r", "r", "r", "r"], "id": [68122, 68123, 68124, 68298, 68299, 68300, 68148, 68149]}