{"mjd": [58285.888205, 58285.895871, 58285.890733, 58285.898399, 58285.893292], "magerr": [0.020600000396370888, 0.021199999377131462, 0.006200000178068876, 0.006399999838322401, 0.0066999997943639755], "alert_name": null, "observatory": ["Loiano, Felice Cusan", "Loiano, Felice Cusan", "Loiano, Felice Cusan", "Loiano, Felice Cusan", "Loiano, Felice Cusan"], "caliberr": [0.11939393728971481, 0.12831901013851166, 0.10816062241792679, 0.09623055905103683, 0.009999999776482582], "mag": [17.785629272460938, 17.90644073486328, 17.149595260620117, 17.158262252807617, 17.390676498413086], "catalog": ["SDSS", "SDSS", "APASS", "APASS", "APASS"], "filter": ["I", "I", "V", "V", "r"], "id": [107124, 107125, 107156, 107157, 107170]}