{"mjd": [59342.028651, 59348.006822, 59342.03324, 59342.037785], "magerr": [0.09819364547729492, -1.0, 0.05272496119141579, 0.040612783282995224], "alert_name": null, "observatory": ["Liam Hardy pt5m", "Liam Hardy pt5m", "Liam Hardy pt5m", "Liam Hardy pt5m"], "caliberr": [0.07023245096206665, 0.12412358075380325, 0.06408301740884781, 0.03996548429131508], "mag": [17.406414031982422, 18.191448211669922, 16.868656158447266, 16.700000762939453], "catalog": ["APASS", "APASS", "APASS", "APASS"], "filter": ["B", "B", "V", "r"], "id": [220470, 220964, 220471, 220472]}