{"mjd": [58487.269761, 58493.287009, 58506.25363, 58506.25666, 58487.260647, 58493.279411, 58506.246012, 58487.265209, 58493.283971, 58506.250591], "magerr": [0.09973389655351639, -1.0, -1.0, -1.0, -1.0, -1.0, -1.0, -1.0, 0.1344199925661087, -1.0], "alert_name": null, "observatory": ["Liam Hardy pt5m", "Liam Hardy pt5m", "Liam Hardy pt5m", "Liam Hardy pt5m", "Liam Hardy pt5m", "Liam Hardy pt5m", "Liam Hardy pt5m", "Liam Hardy pt5m", "Liam Hardy pt5m", "Liam Hardy pt5m"], "caliberr": [0.11712600290775299, 0.0854945033788681, 0.06498630344867706, 0.07507859915494919, 0.025849400088191032, 0.015208800323307514, 0.009999999776482582, 0.05057790130376816, 0.05240210145711899, 0.05208579823374748], "mag": [18.09280014038086, 19.352100372314453, 18.431100845336914, 18.36319923400879, 18.66659927368164, 19.860300064086914, 18.72100067138672, 19.106399536132812, 18.698299407958984, 19.11359977722168], "catalog": ["SDSS", "SDSS", "SDSS", "SDSS", "APASS", "APASS", "APASS", "APASS", "APASS", "APASS"], "filter": ["R", "R", "R", "R", "B", "B", "B", "V", "V", "V"], "id": [129495, 129755, 130138, 130139, 129493, 129753, 130136, 129494, 129754, 130137]}