{"mjd": [57661.051115, 57661.058213, 57661.065311, 57665.118204, 57665.104007, 57665.111106], "magerr": [0.0066999997943639755, 0.006800000090152025, 0.0066999997943639755, 0.006500000134110451, 0.007400000002235174, 0.007199999876320362], "alert_name": null, "observatory": ["OmicronC2PU JPRivet", "OmicronC2PU JPRivet", "OmicronC2PU JPRivet", "OmicronC2PU JPRivet", "OmicronC2PU JPRivet", "OmicronC2PU JPRivet"], "caliberr": [0.08840633183717728, 0.06813795864582062, 0.08692888170480728, 0.10758820176124573, 0.15697045624256134, 0.14605791866779327], "mag": [15.94904613494873, 16.012344360351562, 15.931181907653809, 15.97133731842041, 16.71905517578125, 16.478036880493164], "catalog": ["APASS", "APASS", "APASS", "APASS", "VSTATLAS", "VSTATLAS"], "filter": ["r", "r", "r", "r", "r", "r"], "id": [59074, 59075, 59076, 59079, 59077, 59078]}