{"mjd": [59017.94453125, 59017.93646759], "magerr": [0.05009999871253967, 0.05869999900460243], "alert_name": null, "observatory": ["Loiano, Felice Cusan", "Loiano, Felice Cusan"], "caliberr": [0.24320100247859955, 0.1675339937210083], "mag": [18.95330047607422, 19.1112003326416], "catalog": ["SDSS", "SDSS"], "filter": ["V", "R"], "id": [193433, 193432]}