{"mjd": [58031.201143, 58031.191999, 58039.248463, 58031.196588, 58039.251508], "magerr": [0.025830300524830818, 0.06699950248003006, -1.0, 0.0405116006731987, 0.12698200345039368], "alert_name": null, "observatory": ["Liam Hardy pt5m", "Liam Hardy pt5m", "Liam Hardy pt5m", "Liam Hardy pt5m", "Liam Hardy pt5m"], "caliberr": [0.1404999941587448, 0.1335189938545227, 0.13695299625396729, 0.15794800221920013, 0.13024500012397766], "mag": [15.328399658203125, 16.75629997253418, 18.61319923400879, 15.871800422668457, 17.128599166870117], "catalog": ["SDSS", "APASS", "APASS", "APASS", "APASS"], "filter": ["R", "B", "B", "V", "V"], "id": [85354, 85352, 85657, 85353, 85658]}