{"mjd": [58812.921921, 58812.912789, 58817.93977, 58812.917372, 58817.944395], "magerr": [0.12703800201416016, -1.0, -1.0, 0.12639999389648438, 0.1025329977273941], "alert_name": null, "observatory": ["Liam Hardy pt5m", "Liam Hardy pt5m", "Liam Hardy pt5m", "Liam Hardy pt5m", "Liam Hardy pt5m"], "caliberr": [0.11015699803829193, 0.10076700150966644, 0.03941290080547333, 0.07914599776268005, 0.10695700347423553], "mag": [18.229999542236328, 18.995100021362305, 18.793100357055664, 18.155399322509766, 18.181900024414062], "catalog": ["SDSS", "APASS", "APASS", "APASS", "APASS"], "filter": ["R", "B", "B", "V", "V"], "id": [173301, 173299, 173609, 173300, 173610]}