{"mjd": [58466.257029], "magerr": [0.1639229953289032], "alert_name": null, "observatory": ["Liam Hardy pt5m"], "caliberr": [0.1689949929714203], "mag": [18.840099334716797], "catalog": ["APASS"], "filter": ["B"], "id": [128143]}