{"mjd": [57720.039989, 57720.987351, 57722.015914, 57720.043386, 57720.99076, 57722.02286, 57720.033864, 57720.983296, 57722.013276, 57709.0616725, 57709.0652041, 57709.0687358, 57710.0342767, 57710.0378084, 57710.0413402, 57717.02951, 57717.0330417, 57717.0365735, 57724.0188829, 57724.0224146, 57724.0259468, 57729.0745015, 57729.0780331, 57729.0815652, 57729.9882233, 57729.9917552, 57729.9952868, 57730.9743946, 57730.9779264, 57730.9814581, 57733.0219063, 57733.0254381, 57733.0289698, 57734.0170197, 57734.0205519, 57734.964129, 57745.9666237, 57745.9701554, 57745.9736873, 57709.0759824, 57709.079514, 57710.0451781, 57710.0487098, 57710.0522414, 57724.0343796, 57724.0379112, 57724.0414428, 57729.0853857, 57729.0889174, 57729.0924489, 57729.9990031, 57730.0025349, 57730.0060665, 57730.9853014, 57730.9888331, 57730.9923648, 57733.0327771, 57733.0363087, 57733.0398404, 57734.024336, 57734.0278676, 57734.0313992, 57734.9820833, 57734.985615, 57734.9891467, 57745.9774038, 57745.9809355, 57745.9844672, 57709.0869096, 57709.0904412, 57724.0504317, 57724.0539633, 57724.0574949, 57729.0962328, 57729.0997644, 57729.103296, 57730.0099013, 57730.013433, 57730.0169646, 57731.0064324, 57731.0099641, 57731.0134958, 57733.0436195, 57733.0471511, 57733.0506829, 57734.0351838, 57734.0387155, 57734.0422471, 57735.003477, 57735.0070087, 57735.0105404, 57745.9883134, 57745.9918451, 57745.9953768, 57724.0661695, 57724.0697011, 57724.0732329, 57729.1070785, 57729.1106102, 57729.1141419, 57730.0206833, 57730.0242152, 57730.0277469, 57731.0172163, 57731.020748, 57731.0242797, 57733.0544984, 57733.0580301, 57733.0615618, 57734.0460311, 57734.0495627, 57734.0530944, 57735.0248409, 57735.0283726, 57735.0319043, 57745.9990965, 57746.0026282, 57746.0061603], "magerr": [0.011917500756680965, 0.014389599673449993, 0.014751000329852104, 0.011079036630690098, 0.012271194718778133, 0.012303999625146389, 0.016705121845006943, 0.019094999879598618, 0.02026199921965599, 0.02500000037252903, 0.023399999365210533, 0.02280000038444996, 0.03629999980330467, 0.030799999833106995, 0.03060000017285347, 0.005900000222027302, 0.006000000052154064, 0.006000000052154064, 0.00860000029206276, 0.008799999952316284, 0.009100000374019146, 0.013000000268220901, 0.012400000356137753, 0.01269999984651804, 0.015300000086426735, 0.014999999664723873, 0.014700000174343586, 0.025499999523162842, 0.019899999722838402, 0.01850000023841858, 0.04520000144839287, 0.03750000149011612, 0.02810000069439411, 0.05849999934434891, 0.05570000037550926, 0.0706000030040741, 0.031300000846385956, 0.03319999948143959, 0.030300000682473183, 0.022700000554323196, 0.021900000050663948, 0.02710000053048134, 0.02419999986886978, 0.023099999874830246, 0.005400000140070915, 0.005400000140070915, 0.005200000014156103, 0.006399999838322401, 0.006399999838322401, 0.006200000178068876, 0.0066999997943639755, 0.0066999997943639755, 0.006899999920278788, 0.007400000002235174, 0.007699999958276749, 0.007699999958276749, 0.009399999864399433, 0.009800000116229057, 0.009399999864399433, 0.02199999988079071, 0.026000000536441803, 0.023800000548362732, 0.02370000071823597, 0.025599999353289604, 0.024900000542402267, 0.012199999764561653, 0.011300000362098217, 0.012400000356137753, 0.018699999898672104, 0.018799999728798866, 0.005200000014156103, 0.00430000014603138, 0.004100000020116568, 0.0044999998062849045, 0.004600000102072954, 0.004600000102072954, 0.004699999932199717, 0.004600000102072954, 0.004600000102072954, 0.005900000222027302, 0.006200000178068876, 0.006300000008195639, 0.005400000140070915, 0.005900000222027302, 0.00570000009611249, 0.014999999664723873, 0.014000000432133675, 0.013000000268220901, 0.017500000074505806, 0.017500000074505806, 0.017400000244379044, 0.007699999958276749, 0.007600000128149986, 0.007699999958276749, 0.006000000052154064, 0.006099999882280827, 0.006300000008195639, 0.0066999997943639755, 0.007000000216066837, 0.006800000090152025, 0.006599999964237213, 0.006300000008195639, 0.006399999838322401, 0.009999999776482582, 0.013100000098347664, 0.008999999612569809, 0.006500000134110451, 0.006099999882280827, 0.006300000008195639, 0.012600000016391277, 0.01209999993443489, 0.01140000019222498, 0.015599999576807022, 0.01590000092983246, 0.017500000074505806, 0.008799999952316284, 0.009600000455975533, 0.00860000029206276], "alert_name": null, "observatory": ["Ulrich Kolb, PIRATE,", "Ulrich Kolb, PIRATE,", "Ulrich Kolb, PIRATE,", "Ulrich Kolb, PIRATE,", "Ulrich Kolb, PIRATE,", "Ulrich Kolb, PIRATE,", "Ulrich Kolb, PIRATE,", "Ulrich Kolb, PIRATE,", "Ulrich Kolb, PIRATE,", "ObsMontsec-Umut Burg", "ObsMontsec-Umut Burg", "ObsMontsec-Umut Burg", "ObsMontsec-Umut Burg", "ObsMontsec-Umut Burg", "ObsMontsec-Umut Burg", "ObsMontsec-Umut Burg", "ObsMontsec-Umut Burg", "ObsMontsec-Umut Burg", "ObsMontsec-Umut Burg", "ObsMontsec-Umut Burg", "ObsMontsec-Umut Burg", "ObsMontsec-Umut Burg", "ObsMontsec-Umut Burg", "ObsMontsec-Umut Burg", "ObsMontsec-Umut Burg", "ObsMontsec-Umut Burg", "ObsMontsec-Umut Burg", "ObsMontsec-Umut Burg", "ObsMontsec-Umut Burg", "ObsMontsec-Umut Burg", "ObsMontsec-Umut Burg", "ObsMontsec-Umut Burg", "ObsMontsec-Umut Burg", "ObsMontsec-Umut Burg", "ObsMontsec-Umut Burg", "ObsMontsec-Umut Burg", "ObsMontsec-Umut Burg", "ObsMontsec-Umut Burg", "ObsMontsec-Umut Burg", "ObsMontsec-Umut Burg", "ObsMontsec-Umut Burg", "ObsMontsec-Umut Burg", "ObsMontsec-Umut Burg", "ObsMontsec-Umut Burg", "ObsMontsec-Umut Burg", "ObsMontsec-Umut Burg", "ObsMontsec-Umut Burg", "ObsMontsec-Umut Burg", "ObsMontsec-Umut Burg", "ObsMontsec-Umut Burg", "ObsMontsec-Umut Burg", "ObsMontsec-Umut Burg", "ObsMontsec-Umut Burg", "ObsMontsec-Umut Burg", "ObsMontsec-Umut Burg", "ObsMontsec-Umut Burg", "ObsMontsec-Umut Burg", "ObsMontsec-Umut Burg", "ObsMontsec-Umut Burg", "ObsMontsec-Umut Burg", "ObsMontsec-Umut Burg", "ObsMontsec-Umut Burg", "ObsMontsec-Umut Burg", "ObsMontsec-Umut Burg", "ObsMontsec-Umut Burg", "ObsMontsec-Umut Burg", "ObsMontsec-Umut Burg", "ObsMontsec-Umut Burg", "ObsMontsec-Umut Burg", "ObsMontsec-Umut Burg", "ObsMontsec-Umut Burg", "ObsMontsec-Umut Burg", "ObsMontsec-Umut Burg", "ObsMontsec-Umut Burg", "ObsMontsec-Umut Burg", "ObsMontsec-Umut Burg", "ObsMontsec-Umut Burg", "ObsMontsec-Umut Burg", "ObsMontsec-Umut Burg", "ObsMontsec-Umut Burg", "ObsMontsec-Umut Burg", "ObsMontsec-Umut Burg", "ObsMontsec-Umut Burg", "ObsMontsec-Umut Burg", "ObsMontsec-Umut Burg", "ObsMontsec-Umut Burg", "ObsMontsec-Umut Burg", "ObsMontsec-Umut Burg", "ObsMontsec-Umut Burg", "ObsMontsec-Umut Burg", "ObsMontsec-Umut Burg", "ObsMontsec-Umut Burg", "ObsMontsec-Umut Burg", "ObsMontsec-Umut Burg", "ObsMontsec-Umut Burg", "ObsMontsec-Umut Burg", "ObsMontsec-Umut Burg", "ObsMontsec-Umut Burg", "ObsMontsec-Umut Burg", "ObsMontsec-Umut Burg", "ObsMontsec-Umut Burg", "ObsMontsec-Umut Burg", "ObsMontsec-Umut Burg", "ObsMontsec-Umut Burg", "ObsMontsec-Umut Burg", "ObsMontsec-Umut Burg", "ObsMontsec-Umut Burg", "ObsMontsec-Umut Burg", "ObsMontsec-Umut Burg", "ObsMontsec-Umut Burg", "ObsMontsec-Umut Burg", "ObsMontsec-Umut Burg", "ObsMontsec-Umut Burg", "ObsMontsec-Umut Burg", "ObsMontsec-Umut Burg", "ObsMontsec-Umut Burg", "ObsMontsec-Umut Burg", "ObsMontsec-Umut Burg"],