{"mjd": [58614.112187, 58632.190892, 58635.198559, 58614.116749, 58632.195457, 58635.203112, 58614.121309, 58632.200019], "magerr": [0.10532035678625107, -1.0, -1.0, 0.10727033019065857, -1.0, -1.0, 0.06533434242010117, -1.0], "alert_name": null, "observatory": ["Liam Hardy pt5m", "Liam Hardy pt5m", "Liam Hardy pt5m", "Liam Hardy pt5m", "Liam Hardy pt5m", "Liam Hardy pt5m", "Liam Hardy pt5m", "Liam Hardy pt5m"], "caliberr": [0.14364053308963776, 0.1153034120798111, 0.12729902565479279, 0.0558021105825901, 0.047314468771219254, 0.0605664923787117, 0.04489913955330849, 0.0360555462539196], "mag": [18.43878746032715, 19.914573669433594, 19.937881469726562, 18.52546501159668, 19.599945068359375, 19.85161018371582, 18.433135986328125, 20.16819953918457], "catalog": ["APASS", "APASS", "APASS", "APASS", "APASS", "APASS", "APASS", "APASS"], "filter": ["B", "B", "B", "V", "V", "V", "r", "r"], "id": [152296, 153594, 153831, 152297, 153595, 153832, 152298, 153596]}