{"mjd": [57661.023436, 57661.030535, 57661.037632, 57665.078849, 57665.085948, 57665.093048], "magerr": [-1.0, -1.0, -1.0, -1.0, -1.0, -1.0], "alert_name": null, "observatory": ["OmicronC2PU JPRivet", "OmicronC2PU JPRivet", "OmicronC2PU JPRivet", "OmicronC2PU JPRivet", "OmicronC2PU JPRivet", "OmicronC2PU JPRivet"], "caliberr": [0.06339819729328156, 0.06508489698171616, 0.06445039808750153, 0.05984580144286156, 0.06052689999341965, 0.05781739950180054], "mag": [23.002399444580078, 30.024799346923828, 22.859600067138672, 24.832399368286133, 24.66629981994629, 23.191999435424805], "catalog": ["PS1", "PS1", "PS1", "PS1", "PS1", "PS1"], "filter": ["r", "r", "r", "r", "r", "r"], "id": [59068, 59069, 59070, 59071, 59072, 59073]}