{"mjd": [58599.055059, 58599.064186], "magerr": [0.03342070057988167, 0.01147060003131628], "alert_name": null, "observatory": ["Liam Hardy pt5m", "Liam Hardy pt5m"], "caliberr": [0.009999999776482582, 0.009999999776482582], "mag": [16.177200317382812, 15.206999778747559], "catalog": ["APASS", "APASS"], "filter": ["B", "r"], "id": [151119, 151121]}