{"mjd": [58864.181049, 58875.280973, 58875.276429], "magerr": [0.08590369671583176, 0.037483103573322296, 0.05762455239892006], "alert_name": null, "observatory": ["Liam Hardy pt5m", "Liam Hardy pt5m", "Liam Hardy pt5m"], "caliberr": [0.366314172744751, 0.14160612225532532, 0.06451146304607391], "mag": [17.69395637512207, 18.181930541992188, 18.371150970458984], "catalog": ["SDSS", "SDSS", "APASS"], "filter": ["R", "R", "V"], "id": [175487, 176097, 176096]}