{"mjd": [57623.00267, 57623.00435, 57623.00602, 57623.00774, 57623.00942, 57623.0111, 57623.0128, 57623.01448, 57623.01616, 57623.01786, 57623.01954, 57623.02122], "magerr": [0.03999999910593033, 0.036400001496076584, 0.04089999943971634, 0.033799998462200165, 0.04859999939799309, 0.04270000010728836, 0.03759999945759773, 0.032999999821186066, 0.02850000001490116, 0.06319999694824219, 0.07769999653100967, 0.06260000169277191], "alert_name": null, "observatory": ["Bialkow, P.Mikolajcz", "Bialkow, P.Mikolajcz", "Bialkow, P.Mikolajcz", "Bialkow, P.Mikolajcz", "Bialkow, P.Mikolajcz", "Bialkow, P.Mikolajcz", "Bialkow, P.Mikolajcz", "Bialkow, P.Mikolajcz", "Bialkow, P.Mikolajcz", "Bialkow, P.Mikolajcz", "Bialkow, P.Mikolajcz", "Bialkow, P.Mikolajcz"], "caliberr": [0.0937575027346611, 0.06463990360498428, 0.169282004237175, 0.08034110069274902, 0.037287600338459015, 0.04269329831004143, 0.06397999823093414, 0.053254399448633194, 0.06955940276384354, 0.03813150152564049, 0.06276769936084747, 0.050561100244522095], "mag": [17.40130043029785, 17.406099319458008, 17.321500778198242, 17.275400161743164, 17.3439998626709, 17.23270034790039, 17.325700759887695, 17.367900848388672, 17.345199584960938, 17.818599700927734, 17.91469955444336, 17.753299713134766], "catalog": ["APASS", "APASS", "APASS", "APASS", "APASS", "APASS", "APASS", "APASS", "APASS", "APASS", "APASS", "APASS"], "filter": ["B", "B", "B", "V", "V", "V", "r", "r", "r", "i", "i", "i"]}