{"mjd": [57985.008352, 57984.999206, 57985.003774], "magerr": [-1.0, -1.0, -1.0], "alert_name": null, "observatory": ["Liam Hardy pt5m", "Liam Hardy pt5m", "Liam Hardy pt5m"], "caliberr": [0.24036000669002533, 0.10371299833059311, 0.08280780166387558], "mag": [20.05229949951172, 19.368000030517578, 19.6564998626709], "catalog": ["SDSS", "APASS", "APASS"], "filter": ["R", "B", "V"], "id": [81785, 81783, 81784]}