{"mjd": [58920.253659, 58920.258213, 58920.261251], "magerr": [0.08663300424814224, 0.08531460165977478, 0.08667788654565811], "alert_name": null, "observatory": ["Liam Hardy pt5m", "Liam Hardy pt5m", "Liam Hardy pt5m"], "caliberr": [0.04987993463873863, 0.009999999776482582, 0.08181565254926682], "mag": [18.080408096313477, 17.812288284301758, 18.240018844604492], "catalog": ["APASS", "APASS", "APASS"], "filter": ["B", "V", "r"], "id": [184810, 184811, 184812]}