{"mjd": [59018.0318292, 59018.0342286, 59019.0072138, 59019.0096082, 59018.0415433, 59018.0439427, 59019.0120738, 59019.0144677], "magerr": [0.008200000040233135, 0.008299999870359898, 0.010099999606609344, 0.009499999694526196, 0.00430000014603138, 0.004100000020116568, 0.003100000089034438, 0.0031999999191612005], "alert_name": null, "observatory": ["LCOGT1m, N.Ihanec", "LCOGT1m, N.Ihanec", "LCOGT1m, N.Ihanec", "LCOGT1m, N.Ihanec", "LCOGT1m, N.Ihanec", "LCOGT1m, N.Ihanec", "LCOGT1m, N.Ihanec", "LCOGT1m, N.Ihanec"], "caliberr": [0.03237079828977585, 0.031216800212860107, 0.03865810111165047, 0.03698369860649109, 0.06313759833574295, 0.06267359852790833, 0.06502159684896469, 0.062338199466466904], "mag": [18.13920021057129, 18.142000198364258, 18.146099090576172, 18.162399291992188, 16.17959976196289, 16.17930030822754, 15.047499656677246, 15.050999641418457], "catalog": ["APASS", "APASS", "APASS", "APASS", "APASS", "APASS", "APASS", "APASS"], "filter": ["g", "g", "g", "g", "r", "r", "i", "i"], "id": [193457, 193458, 193453, 193454, 193459, 193460, 193455, 193456]}