{"mjd": [58369.954767, 58382.985388, 58369.960306, 58382.990005, 58369.9649, 58382.99459], "magerr": [-1.0, -1.0, -1.0, -1.0, -1.0, 0.05177414417266846], "alert_name": null, "observatory": ["Liam Hardy pt5m", "Liam Hardy pt5m", "Liam Hardy pt5m", "Liam Hardy pt5m", "Liam Hardy pt5m", "Liam Hardy pt5m"], "caliberr": [0.055904973298311234, 0.04087403416633606, 0.042117081582546234, 0.08631059527397156, 0.11774297058582306, 0.1981474757194519], "mag": [18.969636917114258, 18.697399139404297, 20.710710525512695, 19.066020965576172, 19.642011642456055, 16.2744197845459], "catalog": ["APASS", "APASS", "APASS", "APASS", "APASS", "APASS"], "filter": ["B", "B", "V", "V", "r", "r"], "id": [119027, 120892, 119028, 120893, 119029, 120894]}