{"mjd": [58368.0579298, 58368.061472, 58368.9930481, 58368.996587, 58367.9134218, 58367.9169576, 58368.9259484, 58368.9294874, 58368.0343171, 58368.9331251, 58368.9366613], "magerr": [0.019700000062584877, 0.018799999728798866, 0.017500000074505806, 0.01810000091791153, 0.009600000455975533, 0.009399999864399433, 0.010999999940395355, 0.011099999770522118, -1.0, 0.013199999928474426, 0.013399999588727951], "alert_name": null, "observatory": ["ObsMontsec-Umut Burg", "ObsMontsec-Umut Burg", "ObsMontsec-Umut Burg", "ObsMontsec-Umut Burg", "ObsMontsec-Umut Burg", "ObsMontsec-Umut Burg", "ObsMontsec-Umut Burg", "ObsMontsec-Umut Burg", "ObsMontsec-Umut Burg", "ObsMontsec-Umut Burg", "ObsMontsec-Umut Burg"], "caliberr": [0.078855499625206, 0.08652420341968536, 0.10312599688768387, 0.10105200111865997, 0.08974979817867279, 0.08775150030851364, 0.1036520004272461, 0.10535600036382675, 0.1449040025472641, 0.12230899930000305, 0.11351999640464783], "mag": [17.832599639892578, 17.807300567626953, 17.85610008239746, 17.894699096679688, 17.452999114990234, 17.49169921875, 17.571800231933594, 17.536300659179688, 18.566299438476562, 17.263200759887695, 17.21299934387207], "catalog": ["APASS", "APASS", "APASS", "APASS", "APASS", "APASS", "APASS", "APASS", "APASS", "APASS", "APASS"], "filter": ["V", "V", "V", "V", "r", "r", "r", "r", "i", "i", "i"], "id": [119105, 119106, 119111, 119112, 119102, 119103, 119107, 119108, 119104, 119109, 119110]}