{"mjd": [58927.02840278, 58927.03015046, 58927.03195602, 58927.03371528, 58929.22355324, 58929.22530093, 58929.22704861, 58929.22878472, 58927.02840278, 58927.03015046, 58927.03195602, 58927.03371528, 58929.22355324, 58929.22530093, 58929.22704861, 58929.22878472, 58929.22355324, 58929.22530093, 58929.22704861, 58929.22878472, 58869.75668981485, 58880.84245192632, 58905.816779462155, 59224.84608763736, 58869.75668981485, 58880.84245192632, 58905.816779462155, 58958.71275072545, 59224.84825200075, 58869.75668981485, 58872.84723379649, 58880.84245192632, 58905.816779462155, 58958.71275072545, 59224.85035849316, 58919.00940424, 59165.3577076, 59175.17720523, 59180.16421596, 59212.07411942, 59222.05283883, 59243.29680541, 58919.00996898, 58924.00478058, 58924.00522184, 59175.1782275, 59180.16516646, 59212.07512288, 59222.05386362, 59243.29777926, 59171.68225035, 59176.66153691, 59182.69386738, 59190.62118584, 59197.60250286, 59202.58786354, 59171.68336337, 59176.66259678, 59182.69492991, 59190.62225971, 59197.60354273, 59202.58889836, 58919.48989611, 58920.4939023, 58926.64299652, 58931.63026425, 58948.46561742, 58954.46647914, 58960.45440284, 58965.26225096, 58972.54281366, 58977.45469079, 58919.49111747, 58920.49512596, 58926.64406411, 58931.63142385, 58948.46695049, 58954.4678072, 58960.45565924, 58965.26342446, 58972.54405196, 58977.46718793], "magerr": [0.00570000009611249, 0.005499999970197678, 0.006099999882280827, 0.006000000052154064, 0.005799999926239252, 0.006099999882280827, 0.006000000052154064, 0.006000000052154064, 0.005499999970197678, 0.005200000014156103, 0.005400000140070915, 0.004999999888241291, 0.00430000014603138, 0.00430000014603138, 0.004000000189989805, 0.004999999888241291, 0.00559999980032444, 0.00559999980032444, 0.005499999970197678, 0.005100000184029341, 0.003700000001117587, 0.004100000020116568, 0.0027000000700354576, 0.00570000009611249, 0.003100000089034438, 0.003800000064074993, 0.0020000000949949026, 0.006899999920278788, 0.0052999998442828655, 0.0031999999191612005, 0.0032999999821186066, 0.0032999999821186066, 0.0017000000225380063, 0.006099999882280827, 0.006500000134110451, 0.008799999952316284, 0.004900000058114529, 0.0052999998442828655, 0.005799999926239252, 0.0071000000461936, 0.004999999888241291, 0.008100000210106373, 0.010700000450015068, 0.00989999994635582, 0.00989999994635582, 0.00570000009611249, 0.005900000222027302, 0.007000000216066837, 0.004999999888241291, 0.007799999788403511, 0.005900000222027302, 0.00839999970048666, 0.007899999618530273, 0.006500000134110451, 0.006599999964237213, 0.007400000002235174, 0.004900000058114529, 0.006399999838322401, 0.005100000184029341, 0.005499999970197678, 0.00570000009611249, 0.006300000008195639, 0.010999999940395355, 0.010900000110268593, 0.017400000244379044, 0.01600000075995922, 0.011300000362098217, 0.013000000268220901, 0.012199999764561653, 0.020400000736117363, 0.02419999986886978, 0.032600000500679016, 0.017500000074505806, 0.019999999552965164, 0.023099999874830246, 0.02290000021457672, 0.0215000007301569, 0.023499999195337296, 0.02250000089406967, 0.024000000208616257, 0.02850000001490116, 0.04600000008940697], "alert_name": null, "observatory": ["REM Pawel Zielinski", "REM Pawel Zielinski", "REM Pawel Zielinski", "REM Pawel Zielinski", "REM Pawel Zielinski", "REM Pawel Zielinski", "REM Pawel Zielinski", "REM Pawel Zielinski", "REM Pawel Zielinski", "REM Pawel Zielinski", "REM Pawel Zielinski", "REM Pawel Zielinski", "REM Pawel Zielinski", "REM Pawel Zielinski", "REM Pawel Zielinski", "REM Pawel Zielinski", "REM Pawel Zielinski", "REM Pawel Zielinski", "REM Pawel Zielinski", "REM Pawel Zielinski", "Adiyaman60, Michal Z", "Adiyaman60, Michal Z", "Adiyaman60, Michal Z", "Adiyaman60, Michal Z", "Adiyaman60, Michal Z", "Adiyaman60, Michal Z", "Adiyaman60, Michal Z", "Adiyaman60, Michal Z", "Adiyaman60, Michal Z", "Adiyaman60, Michal Z", "Adiyaman60, Michal Z", "Adiyaman60, Michal Z", "Adiyaman60, Michal Z", "Adiyaman60, Michal Z", "Adiyaman60, Michal Z", "PROMPT5-0.4, Staszek", "PROMPT5-0.4, Staszek", "PROMPT5-0.4, Staszek", "PROMPT5-0.4, Staszek", "PROMPT5-0.4, Staszek", "PROMPT5-0.4, Staszek", "PROMPT5-0.4, Staszek", "PROMPT5-0.4, Staszek", "PROMPT5-0.4, Staszek", "PROMPT5-0.4, Staszek", "PROMPT5-0.4, Staszek", "PROMPT5-0.4, Staszek", "PROMPT5-0.4, Staszek", "PROMPT5-0.4, Staszek", "PROMPT5-0.4, Staszek", "PROMPT-MO-0.4, Stasz", "PROMPT-MO-0.4, Stasz", "PROMPT-MO-0.4, Stasz", "PROMPT-MO-0.4, Stasz", "PROMPT-MO-0.4, Stasz", "PROMPT-MO-0.4, Stasz", "PROMPT-MO-0.4, Stasz", "PROMPT-MO-0.4, Stasz", "PROMPT-MO-0.4, Stasz", "PROMPT-MO-0.4, Stasz", "PROMPT-MO-0.4, Stasz", "PROMPT-MO-0.4, Stasz", "R-COP-SKYNET-0.4, St", "R-COP-SKYNET-0.4, St", "R-COP-SKYNET-0.4, St", "R-COP-SKYNET-0.4, St", "R-COP-SKYNET-0.4, St", "R-COP-SKYNET-0.4, St", "R-COP-SKYNET-0.4, St", "R-COP-SKYNET-0.4, St", "R-COP-SKYNET-0.4, St", "R-COP-SKYNET-0.4, St", "R-COP-SKYNET-0.4, St", "R-COP-SKYNET-0.4, St", "R-COP-SKYNET-0.4, St", "R-COP-SKYNET-0.4, St", "R-COP-SKYNET-0.4, St", "R-COP-SKYNET-0.4, St", "R-COP-SKYNET-0.4, St", "R-COP-SKYNET-0.4, St", "R-COP-SKYNET-0.4, St", "R-COP-SKYNET-0.4, St"], "caliberr": [0.1158689558506012, 0.11597322672605515, 0.11442852020263672, 0.12267114967107773, 0.21779859066009521, 0.1421860158443451, 0.18953277170658112, 0.17591874301433563, 0.08261553198099136, 0.08985363692045212, 0.06494610756635666, 0.10146404802799225, 0.06023319065570831, 0.06256778538227081, 0.0840773954987526, 0.06339330226182938, 0.14284661412239075, 0.11239471286535263, 0.09491081535816193, 0.10201923549175262, 0.08617711067199707, 0.05850546061992645, 0.07517382502555847, 0.0561993271112442, 0.03489866480231285, 0.06474637985229492, 0.038469523191452026, 0.06363379955291748, 0.055573999881744385, 0.18661174178123474, 0.09617911279201508, 0.19768454134464264, 0.0924103781580925, 0.1946771889925003, 0.3217475116252899, 0.01968960650265217, 0.04300064966082573, 0.04341218248009682, 0.041171856224536896, 0.05147280916571617, 0.04468663036823273, 0.05023178830742836, 0.05754968896508217, 0.03770587965846062, 0.03770587965846062, 0.04402032867074013, 0.044197116047143936, 0.06816333532333374, 0.05230063945055008, 0.07282105833292007, 0.03742839768528938, 0.03705810382962227, 0.044615719467401505, 0.03881104663014412, 0.04426368325948715, 0.06460171192884445, 0.05288253724575043, 0.07523288577795029, 0.06111031770706177, 0.07039500027894974, 0.06431416422128677, 0.085355743765831, 0.057757243514060974, 0.06068975105881691, 0.21455639600753784, 0.22275066375732422, 0.06453267484903336, 0.06973343342542648, 0.059275683015584946, 0.09681696444749832, 0.10118171572685242, 0.1159447655081749, 0.06670299172401428, 0.08028540760278702, 0.1541648656129837, 0.15874867141246796, 0.08558422327041626, 0.0888097882270813, 0.08979569375514984, 0.07951496541500092, 0.09959489852190018, 0.12167065590620041],