{"mjd": [59340.041001], "magerr": [-1.0], "alert_name": null, "observatory": ["Liam Hardy pt5m"], "caliberr": [0.07289460301399231], "mag": [19.205406188964844], "catalog": ["APASS"], "filter": ["V"], "id": [219900]}