{"mjd": [57973.18565, 57973.188962], "magerr": [-1.0, -1.0], "alert_name": null, "observatory": ["Liam Hardy pt5m", "Liam Hardy pt5m"], "caliberr": [0.15589700639247894, 0.08362650126218796], "mag": [17.279699325561523, 16.612699508666992], "catalog": ["APASS", "APASS"], "filter": ["r", "i"], "id": [81444, 81445]}