{"mjd": [58926.172102, 58926.179363, 58926.182992, 58928.161778, 58928.1621, 58928.162424, 58928.162745], "magerr": [0.0010000000474974513, 0.0010000000474974513, 0.0010000000474974513, 0.0019000000320374966, 0.0019000000320374966, 0.0019000000320374966, 0.0019000000320374966], "alert_name": null, "observatory": ["OmicronC2PU JPRivet", "OmicronC2PU JPRivet", "OmicronC2PU JPRivet", "OmicronC2PU JPRivet", "OmicronC2PU JPRivet", "OmicronC2PU JPRivet", "OmicronC2PU JPRivet"], "caliberr": [0.22465956211090088, 0.23332799971103668, 0.23441696166992188, 0.08621998876333237, 0.08672761172056198, 0.08241356909275055, 0.08409564942121506], "mag": [12.705436706542969, 12.755681991577148, 12.710664749145508, 11.94484806060791, 11.949252128601074, 11.949511528015137, 11.946881294250488], "catalog": ["APASS", "APASS", "APASS", "APASS", "APASS", "APASS", "APASS"], "filter": ["r", "r", "r", "r", "r", "r", "r"], "id": [193032, 193033, 193034, 193114, 193115, 193116, 193117]}