{"mjd": [58648.196431, 58655.036519, 58648.187324, 58655.004935, 58661.192025, 58648.191882, 58655.031978, 58661.196612, 58661.20116], "magerr": [0.048141930252313614, 0.08510472625494003, 0.08344792574644089, -1.0, -1.0, -1.0, -1.0, -1.0, -1.0], "alert_name": null, "observatory": ["Liam Hardy pt5m", "Liam Hardy pt5m", "Liam Hardy pt5m", "Liam Hardy pt5m", "Liam Hardy pt5m", "Liam Hardy pt5m", "Liam Hardy pt5m", "Liam Hardy pt5m", "Liam Hardy pt5m"], "caliberr": [0.1363794505596161, 0.1743018627166748, 0.16930647194385529, 0.10000425577163696, 0.16333530843257904, 0.10249180346727371, 0.0847584456205368, 0.10198041796684265, 0.13672508299350739], "mag": [18.305715560913086, 18.712068557739258, 18.95351219177246, 19.27638053894043, 19.374021530151367, 21.10890769958496, 19.375471115112305, 19.591033935546875, 18.620328903198242], "catalog": ["SDSS", "SDSS", "APASS", "APASS", "APASS", "APASS", "APASS", "APASS", "APASS"], "filter": ["R", "R", "B", "B", "B", "V", "V", "V", "r"], "id": [155428, 156105, 155426, 156103, 156930, 155427, 156104, 156931, 156932]}