{"mjd": [57868.077245, 57849.15294, 57849.160042, 57849.167143, 57868.063042, 57868.070142], "magerr": [0.07859999686479568, 0.10220000147819519, 0.1071000024676323, 0.10970000177621841, 0.05770000070333481, 0.05640000104904175], "alert_name": null, "observatory": ["OmicronC2PU JPRivet", "OmicronC2PU JPRivet", "OmicronC2PU JPRivet", "OmicronC2PU JPRivet", "OmicronC2PU JPRivet", "OmicronC2PU JPRivet"], "caliberr": [0.06795959919691086, 0.1701129972934723, 0.1713089942932129, 0.1765809953212738, 0.17392900586128235, 0.18099500238895416], "mag": [19.360599517822266, 20.136899948120117, 20.051799774169922, 20.016399383544922, 19.412799835205078, 19.347999572753906], "catalog": ["APASS", "PS1", "PS1", "PS1", "PS1", "PS1"], "filter": ["r", "r", "r", "r", "r", "r"], "id": [72669, 70757, 70758, 70759, 72667, 72668]}