{"mjd": [58810.15215, 58810.14229, 58810.146843], "magerr": [-1.0, -1.0, -1.0], "alert_name": null, "observatory": ["Liam Hardy pt5m", "Liam Hardy pt5m", "Liam Hardy pt5m"], "caliberr": [0.18870730698108673, 0.12485840916633606, 0.04027548059821129], "mag": [20.399234771728516, 18.83165168762207, 19.32658576965332], "catalog": ["SDSS", "APASS", "APASS"], "filter": ["R", "B", "V"], "id": [173160, 173158, 173159]}