{"mjd": [58381.927288, 58381.931857, 58381.936425, 58372.92994, 58375.91471, 58375.921809, 58372.936791, 58372.950975, 58368.0579298, 58368.061472, 58368.9930481, 58368.996587, 58367.9134218, 58367.9169576, 58368.9259484, 58368.9294874, 58368.0343171, 58368.9331251, 58368.9366613, 58369.89418363, 58372.94403552, 58373.88287476, 58376.85873426, 58378.00635801, 58378.88558585, 58379.88888028, 58380.87300618, 58381.85549782, 58369.89768014, 58373.88637147, 58369.89201359, 58372.94162338, 58373.88007711, 58376.8559368, 58377.94265711, 58378.00425965, 58378.8834875, 58379.88608251, 58380.87020845, 58381.85269999, 58369.90068767, 58372.95031867, 58373.89267955, 58376.86841441, 58378.01663017, 58378.89586945, 58379.89869267, 58380.88281986, 58381.86528866, 58372.9468329, 58376.86223098, 58378.01066762, 58378.88953462, 58379.89237718, 58380.87650297, 58381.85899458], "magerr": [-1.0, 0.11524800211191177, 0.08332149684429169, 0.013700000010430813, 0.013500000350177288, 0.01769999973475933, 0.009100000374019146, 0.009499999694526196, 0.019700000062584877, 0.018799999728798866, 0.017500000074505806, 0.01810000091791153, 0.009600000455975533, 0.009399999864399433, 0.010999999940395355, 0.011099999770522118, -1.0, 0.013199999928474426, 0.013399999588727951, 0.08269999921321869, 0.06750000268220901, 0.061500001698732376, 0.08969999849796295, 0.11999999731779099, 0.09939999878406525, 0.11330000311136246, 0.1242000013589859, 0.11680000275373459, 0.21439999341964722, 0.11259999871253967, 0.0737999975681305, 0.04529999941587448, 0.04050000011920929, 0.1151999980211258, 0.0778999999165535, 0.1340000033378601, 0.05939999967813492, 0.07320000231266022, 0.08980000019073486, 0.08240000158548355, -1.0, 0.052400000393390656, 0.06960000097751617, 0.06260000169277191, 0.10740000009536743, 0.21490000188350677, 0.07050000131130219, -1.0, 0.0860000029206276, 0.15230000019073486, 0.16110000014305115, -1.0, 0.2840000092983246, 0.19059999287128448, 0.2572999894618988, 0.1673000007867813], "alert_name": null, "observatory": ["Liam Hardy pt5m", "Liam Hardy pt5m", "Liam Hardy pt5m", "OmicronC2PU JPRivet", "OmicronC2PU JPRivet", "OmicronC2PU JPRivet", "OmicronC2PU JPRivet", "OmicronC2PU JPRivet", "ObsMontsec-Umut Burg", "ObsMontsec-Umut Burg", "ObsMontsec-Umut Burg", "ObsMontsec-Umut Burg", "ObsMontsec-Umut Burg", "ObsMontsec-Umut Burg", "ObsMontsec-Umut Burg", "ObsMontsec-Umut Burg", "ObsMontsec-Umut Burg", "ObsMontsec-Umut Burg", "ObsMontsec-Umut Burg", "OndrejovD50, Martin ", "OndrejovD50, Martin ", "OndrejovD50, Martin ", "OndrejovD50, Martin ", "OndrejovD50, Martin ", "OndrejovD50, Martin ", "OndrejovD50, Martin ", "OndrejovD50, Martin ", "OndrejovD50, Martin ", "OndrejovD50, Martin ", "OndrejovD50, Martin ", "OndrejovD50, Martin ", "OndrejovD50, Martin ", "OndrejovD50, Martin ", "OndrejovD50, Martin ", "OndrejovD50, Martin ", "OndrejovD50, Martin ", "OndrejovD50, Martin ", "OndrejovD50, Martin ", "OndrejovD50, Martin ", "OndrejovD50, Martin ", "OndrejovD50, Martin ", "OndrejovD50, Martin ", "OndrejovD50, Martin ", "OndrejovD50, Martin ", "OndrejovD50, Martin ", "OndrejovD50, Martin ", "OndrejovD50, Martin ", "OndrejovD50, Martin ", "OndrejovD50, Martin ", "OndrejovD50, Martin ", "OndrejovD50, Martin ", "OndrejovD50, Martin ", "OndrejovD50, Martin ", "OndrejovD50, Martin ", "OndrejovD50, Martin ", "OndrejovD50, Martin "], "caliberr": [0.23212699592113495, 0.06798750162124634, 0.11132899671792984, 0.17316600680351257, 0.17973299324512482, 0.17552800476551056, 0.17546899616718292, 0.18880900740623474, 0.078855499625206, 0.08652420341968536, 0.10312599688768387, 0.10105200111865997, 0.08974979817867279, 0.08775150030851364, 0.1036520004272461, 0.10535600036382675, 0.1449040025472641, 0.12230899930000305, 0.11351999640464783, 0.04993730038404465, 0.04704970121383667, 0.04855220019817352, 0.049431100487709045, 0.06464789807796478, 0.04505249857902527, 0.04523399844765663, 0.05022389814257622, 0.0434735007584095, 0.307669997215271, 0.2972489893436432, 0.06278160214424133, 0.06727489829063416, 0.06464630365371704, 0.0596516989171505, 0.06613639742136002, 0.06686960160732269, 0.07491110265254974, 0.06923980265855789, 0.06645320355892181, 0.07422920316457748, 0.1264680027961731, 0.11868900060653687, 0.11326800286769867, 0.16558299958705902, 0.10818800330162048, 0.1629830002784729, 0.13596199452877045, 0.1226779967546463, 0.12744300067424774, 0.28095299005508423, 0.2965709865093231, 0.27771300077438354, 0.29385700821876526, 0.27141499519348145, 0.2874929904937744, 0.26799699664115906], "mag": [20.50040054321289, 18.383499145507812, 17.481000900268555, 17.576099395751953, 17.656700134277344, 17.64590072631836, 17.65530014038086, 17.632999420166016, 17.832599639892578, 17.807300567626953, 17.85610008239746, 17.894699096679688, 17.452999114990234, 17.49169921875, 17.571800231933594, 17.536300659179688, 18.566299438476562, 17.263200759887695, 17.21299934387207, 17.75279998779297, 17.77090072631836, 17.58609962463379, 17.611000061035156, 18.148500442504883, 17.639999389648438, 17.9148006439209, 17.996999740600586, 17.639400482177734, 20.14189910888672, 19.188499450683594, 17.170700073242188, 17.14069938659668, 17.06559944152832, 16.978599548339844, 17.490699768066406, 17.656600952148438, 17.545900344848633, 17.81329917907715, 17.730100631713867, 17.82699966430664, 19.787500381469727, 17.006000518798828, 16.798999786376953, 17.17970085144043, 17.374799728393555, 17.56290054321289, 17.0575008392334, 19.55030059814453, 17.236499786376953, 18.237699508666992, 18.62929916381836, 19.301700592041016, 18.900100708007812, 18.591400146484375, 19.211200714111328, 18.57110023498535], "catalog": ["APASS", "APASS", "APASS", "PS1", "PS1", "PS1", "GAIA", "GAIA", "APASS", "APASS", "APASS", "APASS", "APASS", "APASS", "APASS", "APASS", "APASS", "APASS", "APASS", "APASS", "APASS", "APASS", "APASS", "APASS", "APASS", "APASS", "APASS", "APASS", "APASS", "APASS", "APASS", "APASS", "APASS", "APASS", "APASS", "APASS", "APASS", "APASS", "APASS", "APASS", "APASS", "APASS", "APASS", "APASS", "APASS", "APASS", "APASS", "APASS", "APASS", "PS1", "PS1", "PS1", "PS1", "PS1", "PS1", "PS1"], "filter": ["B", "V", "r", "r", "r", "r", "G", "G", "V", "V", "V", "V", "r", "r", "r", "r", "i", "i", "i", "V", "V", "V", "V", "V", "V", "V", "V", "V", "g", "g", "r", "r", "r", "r", "r", "r", "r", "r", "r", "r", "i", "i", "i", "i", "i", "i", "i", "i", "i", "g", "g", "g", "g", "g", "g", "g"], "id": [120784, 120785, 120786, 120059, 120960, 120961, 120060, 120061, 119105, 119106, 119111, 119112, 119102, 119103, 119107, 119108, 119104, 119109, 119110, 119339, 119667, 119689, 120073, 120318, 120361, 120429, 120591, 120837, 119336, 119686, 119338, 119666, 119688, 120072, 120314, 120317, 120360, 120428, 120590, 120836, 119337, 119665, 119687, 120071, 120316, 120359, 120427, 120589, 120835, 119664, 120070, 120315, 120358, 120426, 120588, 120834]}