{"mjd": [58564.107145, 58564.087796, 58558.076897], "magerr": [0.05138710141181946, 0.09364510327577591, 0.07353650033473969], "alert_name": null, "observatory": ["Liam Hardy pt5m", "Liam Hardy pt5m", "Liam Hardy pt5m"], "caliberr": [0.19412699341773987, 0.009999999776482582, 0.2818099856376648], "mag": [17.20479965209961, 17.481300354003906, 17.48889923095703], "catalog": ["SDSS", "APASS", "PS1"], "filter": ["R", "V", "i"], "id": [147843, 147842, 147510]}