{"mjd": [58805.265062, 58812.237419, 58817.223904, 58805.260511, 58812.23287, 58817.219358], "magerr": [0.05225441977381706, 0.03223302215337753, 0.03812623769044876, 0.11481179296970367, 0.0517190545797348, 0.07353001832962036], "alert_name": null, "observatory": ["Liam Hardy pt5m", "Liam Hardy pt5m", "Liam Hardy pt5m", "Liam Hardy pt5m", "Liam Hardy pt5m", "Liam Hardy pt5m"], "caliberr": [0.12275435775518417, 0.05900750309228897, 0.08282224833965302, 0.010000004433095455, 0.015936030074954033, 0.01286452729254961], "mag": [17.151681900024414, 16.864973068237305, 17.001873016357422, 17.714385986328125, 17.266719818115234, 17.6827449798584], "catalog": ["SDSS", "SDSS", "SDSS", "APASS", "APASS", "APASS"], "filter": ["R", "R", "R", "V", "V", "V"], "id": [171732, 173267, 173576, 171731, 173266, 173575]}