{"mjd": [58545.992205, 58559.991452, 58545.983082, 58559.982337, 58545.987646, 58559.986898], "magerr": [-1.0, -1.0, 0.12256184965372086, -1.0, -1.0, -1.0], "alert_name": null, "observatory": ["Liam Hardy pt5m", "Liam Hardy pt5m", "Liam Hardy pt5m", "Liam Hardy pt5m", "Liam Hardy pt5m", "Liam Hardy pt5m"], "caliberr": [0.15639831125736237, 0.380473792552948, 0.07317963242530823, 0.09577353298664093, 0.06521101295948029, 0.20750465989112854], "mag": [20.380146026611328, 16.740564346313477, 18.187034606933594, 16.32767105102539, 19.22333526611328, 16.946537017822266], "catalog": ["SDSS", "SDSS", "APASS", "APASS", "APASS", "APASS"], "filter": ["R", "R", "B", "B", "V", "V"], "id": [142998, 147603, 142996, 147601, 142997, 147602]}