{"mjd": [57831.930484, 57831.937583, 57831.944684, 57808.911417, 57808.918515, 57808.925613], "magerr": [0.11829999834299088, 0.10239999741315842, 0.10570000112056732, 0.07890000194311142, 0.07569999992847443, 0.0649000033736229], "alert_name": null, "observatory": ["OmicronC2PU JPRivet", "OmicronC2PU JPRivet", "OmicronC2PU JPRivet", "OmicronC2PU JPRivet", "OmicronC2PU JPRivet", "OmicronC2PU JPRivet"], "caliberr": [0.15915000438690186, 0.14698900282382965, 0.1537030041217804, 0.0676795020699501, 0.06651809811592102, 0.06402640044689178], "mag": [20.32550048828125, 20.462600708007812, 20.52120018005371, 19.251399993896484, 19.242000579833984, 19.284799575805664], "catalog": ["SDSS", "SDSS", "SDSS", "APASS", "APASS", "APASS"], "filter": ["r", "r", "r", "r", "r", "r"], "id": [68168, 68169, 68170, 68108, 68109, 68110]}