{"mjd": [57876.3373434, 57876.3287793], "magerr": [0.00800000037997961, 0.007300000172108412], "alert_name": null, "observatory": ["Euler Geneva Group", "Euler Geneva Group"], "caliberr": [0.0679285004734993, 0.09112589806318283], "mag": [18.40060043334961, 18.5762996673584], "catalog": ["APASS", "APASS"], "filter": ["V", "r"], "id": [72916, 72915]}