{"mjd": [58638.202413, 58638.1933, 58638.197857], "magerr": [-1.0, -1.0, -1.0], "alert_name": null, "observatory": ["Liam Hardy pt5m", "Liam Hardy pt5m", "Liam Hardy pt5m"], "caliberr": [0.1730390042066574, 0.10495500266551971, 0.04286700114607811], "mag": [19.905399322509766, 19.662700653076172, 19.974899291992188], "catalog": ["SDSS", "APASS", "APASS"], "filter": ["R", "B", "V"], "id": [154207, 154205, 154206]}