{"mjd": [58249.149061, 58257.137213, 58268.078197, 58249.153617, 58257.153872, 58268.082743, 58249.158173, 58257.157666, 58268.087279], "magerr": [-1.0, -1.0, -1.0, 0.15186022222042084, -1.0, -1.0, 0.12857428193092346, -1.0, -1.0], "alert_name": null, "observatory": ["Liam Hardy pt5m", "Liam Hardy pt5m", "Liam Hardy pt5m", "Liam Hardy pt5m", "Liam Hardy pt5m", "Liam Hardy pt5m", "Liam Hardy pt5m", "Liam Hardy pt5m", "Liam Hardy pt5m"], "caliberr": [0.14077365398406982, 0.08555228263139725, 0.25490477681159973, 0.04889681190252304, 0.0583452545106411, 0.15321394801139832, 0.1634124517440796, 0.15167760848999023, 0.24280883371829987], "mag": [19.87334632873535, 19.273971557617188, 21.759763717651367, 19.181533813476562, 19.43829345703125, 18.366535186767578, 19.326417922973633, 20.028717041015625, 18.519458770751953], "catalog": ["APASS", "APASS", "APASS", "APASS", "APASS", "APASS", "APASS", "APASS", "APASS"], "filter": ["B", "B", "B", "V", "V", "V", "r", "r", "r"], "id": [104951, 105353, 105781, 104952, 105354, 105782, 104953, 105355, 105783]}