{"mjd": [58537.202262, 58537.206813], "magerr": [-1.0, -1.0], "alert_name": null, "observatory": ["Liam Hardy pt5m", "Liam Hardy pt5m"], "caliberr": [0.009999999776482582, 0.046074699610471725], "mag": [19.254899978637695, 19.366300582885742], "catalog": ["APASS", "APASS"], "filter": ["V", "r"], "id": [131353, 131354]}