{"mjd": [59268.923724, 59268.913865, 59268.918422], "magerr": [-1.0, -1.0, -1.0], "alert_name": null, "observatory": ["Liam Hardy pt5m", "Liam Hardy pt5m", "Liam Hardy pt5m"], "caliberr": [0.26454299688339233, 0.0533577986061573, 0.058756500482559204], "mag": [19.1653995513916, 18.436399459838867, 18.905799865722656], "catalog": ["SDSS", "APASS", "APASS"], "filter": ["R", "B", "V"], "id": [213225, 213223, 213224]}