{"mjd": [58004.203539, 57986.229992, 57990.193743, 58004.18431, 57990.232068, 58004.198966], "magerr": [-1.0, -1.0, -1.0, -1.0, -1.0, -1.0], "alert_name": null, "observatory": ["Liam Hardy pt5m", "Liam Hardy pt5m", "Liam Hardy pt5m", "Liam Hardy pt5m", "Liam Hardy pt5m", "Liam Hardy pt5m"], "caliberr": [0.17237116396427155, 0.059954579919576645, 0.053405530750751495, 0.1276204138994217, 0.048807933926582336, 0.07791847735643387], "mag": [19.171815872192383, 18.22090721130371, 20.023332595825195, 18.88653564453125, 19.742815017700195, 19.113670349121094], "catalog": ["SDSS", "APASS", "APASS", "APASS", "APASS", "APASS"], "filter": ["R", "B", "B", "B", "V", "V"], "id": [82872, 82005, 82312, 82870, 82313, 82871]}