{"mjd": [57871.953241, 57871.96034], "magerr": [0.059300001710653305, 0.059300001710653305], "alert_name": null, "observatory": ["Loiano, Felice Cusan", "Loiano, Felice Cusan"], "caliberr": [0.3046739995479584, 0.45082101225852966], "mag": [16.706899642944336, 16.666000366210938], "catalog": ["SDSS", "SDSS"], "filter": ["R", "R"], "id": [72884, 72885]}