{"mjd": [58472.202203, 58472.196151, 58486.133069], "magerr": [0.07741989940404892, -1.0, -1.0], "alert_name": null, "observatory": ["Liam Hardy pt5m", "Liam Hardy pt5m", "Liam Hardy pt5m"], "caliberr": [0.152646005153656, 0.009999999776482582, 0.009999999776482582], "mag": [17.305500030517578, 18.380199432373047, 19.065900802612305], "catalog": ["SDSS", "APASS", "APASS"], "filter": ["R", "r", "r"], "id": [128663, 128662, 129364]}