{"mjd": [58350.220948, 58355.120333, 58369.175178, 58350.225493, 58355.193665, 58369.195138, 58350.229274, 58355.198194, 58363.187745, 58369.199675], "magerr": [-1.0, -1.0, -1.0, 0.12446100264787674, -1.0, -1.0, 0.11009600013494492, -1.0, -1.0, -1.0], "alert_name": null, "observatory": ["Liam Hardy pt5m", "Liam Hardy pt5m", "Liam Hardy pt5m", "Liam Hardy pt5m", "Liam Hardy pt5m", "Liam Hardy pt5m", "Liam Hardy pt5m", "Liam Hardy pt5m", "Liam Hardy pt5m", "Liam Hardy pt5m"], "caliberr": [0.0702987015247345, 0.0998385027050972, 0.04876039922237396, 0.03013410046696663, 0.03141950070858002, 0.047811899334192276, 0.041245199739933014, 0.023744799196720123, 0.0954907014966011, 0.03066200017929077], "mag": [19.389699935913086, 19.42530059814453, 19.093000411987305, 18.56060028076172, 22.444299697875977, 19.610599517822266, 18.683399200439453, 19.469900131225586, 19.611900329589844, 20.156400680541992], "catalog": ["APASS", "APASS", "APASS", "APASS", "APASS", "APASS", "APASS", "APASS", "APASS", "APASS"], "filter": ["B", "B", "B", "V", "V", "V", "r", "r", "r", "r"], "id": [118303, 118792, 118982, 118304, 118793, 118983, 118305, 118794, 115199, 118984]}