{"mjd": [59081.093311, 59081.084953, 59081.08952], "magerr": [0.01886890083551407, 0.11272700130939484, 0.027920199558138847], "alert_name": null, "observatory": ["Liam Hardy pt5m", "Liam Hardy pt5m", "Liam Hardy pt5m"], "caliberr": [0.16518500447273254, 0.13884000480175018, 0.009999999776482582], "mag": [15.98449993133545, 17.765199661254883, 16.58300018310547], "catalog": ["SDSS", "APASS", "APASS"], "filter": ["R", "B", "V"], "id": [196621, 196619, 196620]}