{"mjd": [58277.143357, 58277.147904, 58277.152441], "magerr": [-1.0, -1.0, -1.0], "alert_name": null, "observatory": ["Liam Hardy pt5m", "Liam Hardy pt5m", "Liam Hardy pt5m"], "caliberr": [0.047804296016693115, 0.08545579016208649, 0.08790861070156097], "mag": [20.661584854125977, 19.565698623657227, 19.669946670532227], "catalog": ["APASS", "APASS", "APASS"], "filter": ["B", "V", "r"], "id": [106501, 106502, 106503]}