{"mjd": [57220.42353447917, 57220.42870148148], "magerr": [0.028999999165534973, 0.027000000700354576], "alert_name": null, "observatory": ["LCOGT Gaia Alerts Gr", "LCOGT Gaia Alerts Gr"], "caliberr": [0.05366082116961479, 0.0342680960893631], "mag": [18.4688663482666, 17.987363815307617], "catalog": ["APASS", "APASS"], "filter": ["g", "r"], "id": [24027, 24028]}