{"mjd": [58661.972026, 58671.979588, 58661.964419, 58671.970472, 58661.96899, 58671.975038], "magerr": [0.012499299831688404, 0.008883019909262657, 0.03969629853963852, 0.039460498839616776, 0.014605499804019928, 0.01607619971036911], "alert_name": null, "observatory": ["Liam Hardy pt5m", "Liam Hardy pt5m", "Liam Hardy pt5m", "Liam Hardy pt5m", "Liam Hardy pt5m", "Liam Hardy pt5m"], "caliberr": [0.1251620054244995, 0.11365699768066406, 0.009999999776482582, 0.009999999776482582, 0.009999999776482582, 0.009999999776482582], "mag": [15.284199714660645, 15.264200210571289, 16.682899475097656, 16.741100311279297, 15.723199844360352, 15.641200065612793], "catalog": ["SDSS", "SDSS", "APASS", "APASS", "APASS", "APASS"], "filter": ["R", "R", "B", "B", "V", "V"], "id": [156957, 157986, 156955, 157984, 156956, 157985]}