{"mjd": [58107.954827, 58107.963406, 58107.959477, 58119.881669], "magerr": [-1.0, 0.05751985311508179, 0.24408099055290222, -1.0], "alert_name": null, "observatory": ["Liam Hardy pt5m", "Liam Hardy pt5m", "Liam Hardy pt5m", "Liam Hardy pt5m"], "caliberr": [0.010000000707805157, 0.18533124029636383, 0.091317318379879, 0.33573535084724426], "mag": [17.397048950195312, 16.692764282226562, 18.606163024902344, 18.63068962097168], "catalog": ["SDSS", "SDSS", "APASS", "APASS"], "filter": ["i", "R", "V", "r"], "id": [95345, 95347, 95346, 97522]}