{"mjd": [58749.221707, 58752.159178, 58749.211845, 58752.136956, 58749.217156, 58752.154626], "magerr": [0.019733799621462822, 0.017857499420642853, 0.04756980016827583, 0.039046600461006165, 0.017275899648666382, 0.025350399315357208], "alert_name": null, "observatory": ["Liam Hardy pt5m", "Liam Hardy pt5m", "Liam Hardy pt5m", "Liam Hardy pt5m", "Liam Hardy pt5m", "Liam Hardy pt5m"], "caliberr": [0.15934699773788452, 0.1705780029296875, 0.07977019995450974, 0.07897289842367172, 0.045238301157951355, 0.04746200144290924], "mag": [16.304100036621094, 16.205900192260742, 16.805099487304688, 16.56599998474121, 16.039600372314453, 16.30120086669922], "catalog": ["SDSS", "SDSS", "APASS", "APASS", "APASS", "APASS"], "filter": ["R", "R", "B", "B", "V", "V"], "id": [165295, 165716, 165293, 165714, 165294, 165715]}