{"mjd": [57677.7842423], "magerr": [0.020899999886751175], "alert_name": null, "observatory": ["K.Wiersema-Leicester"], "caliberr": [0.06623107194900513], "mag": [16.35975456237793], "catalog": ["APASS"], "filter": ["V"], "id": [51692]}