{"mjd": [57782.72649, 57782.73368, 57782.74088, 57782.72822, 57782.7354, 57782.74259, 57782.72992, 57782.73711, 57782.74429, 57782.72228, 57782.72396, 57782.73162, 57782.73881, 57782.746], "magerr": [-1.0, -1.0, -1.0, -1.0, -1.0, -1.0, -1.0, -1.0, -1.0, -1.0, -1.0, -1.0, -1.0, -1.0], "alert_name": null, "observatory": ["Bialkow, P.Mikolajcz", "Bialkow, P.Mikolajcz", "Bialkow, P.Mikolajcz", "Bialkow, P.Mikolajcz", "Bialkow, P.Mikolajcz", "Bialkow, P.Mikolajcz", "Bialkow, P.Mikolajcz", "Bialkow, P.Mikolajcz", "Bialkow, P.Mikolajcz", "Bialkow, P.Mikolajcz", "Bialkow, P.Mikolajcz", "Bialkow, P.Mikolajcz", "Bialkow, P.Mikolajcz", "Bialkow, P.Mikolajcz"], "caliberr": [0.05056289955973625, 0.05035550147294998, 0.05004259943962097, 0.06192890182137489, 0.06158769875764847, 0.0585705004632473, 0.03246689960360527, 0.03063330054283142, 0.04346249997615814, 0.03715270012617111, 0.03704129904508591, 0.036605700850486755, 0.03623050078749657, 0.036176398396492004], "mag": [20.722999572753906, 20.768400192260742, 20.822099685668945, 20.52280044555664, 20.564300537109375, 20.45639991760254, 20.53529930114746, 20.86039924621582, 20.589500427246094, 20.162399291992188, 20.18720054626465, 20.1564998626709, 20.206199645996094, 20.26729965209961], "catalog": ["APASS", "APASS", "APASS", "APASS", "APASS", "APASS", "APASS", "APASS", "APASS", "APASS", "APASS", "APASS", "APASS", "APASS"], "filter": ["B", "B", "B", "V", "V", "V", "r", "r", "r", "i", "i", "i", "i", "i"], "id": [106768, 106772, 106776, 106769, 106773, 106777, 106770, 106774, 106778, 106766, 106767, 106771, 106775, 106779]}