{"mjd": [57811.10801, 57811.115111, 57832.054643, 57832.061744, 57809.0115, 57809.018598, 57809.025696], "magerr": [-1.0, -1.0, -1.0, -1.0, -1.0, -1.0, -1.0], "alert_name": null, "observatory": ["OmicronC2PU JPRivet", "OmicronC2PU JPRivet", "OmicronC2PU JPRivet", "OmicronC2PU JPRivet", "OmicronC2PU JPRivet", "OmicronC2PU JPRivet", "OmicronC2PU JPRivet"], "caliberr": [0.1611430048942566, 0.1888120025396347, 0.14584100246429443, 0.15616099536418915, 0.10843600332736969, 0.11773700267076492, 0.10986100137233734], "mag": [23.99049949645996, 23.149700164794922, 25.308000564575195, 24.28070068359375, 23.688100814819336, 22.87190055847168, 23.403600692749023], "catalog": ["SDSS", "SDSS", "SDSS", "SDSS", "APASS", "APASS", "APASS"], "filter": ["r", "r", "r", "r", "r", "r", "r"], "id": [68146, 68147, 68163, 68164, 68102, 68103, 68104]}