{"mjd": [59124.05101, 59131.150359, 59124.055566, 59131.154921, 59124.060116, 59131.159473], "magerr": [-1.0, -1.0, -1.0, -1.0, -1.0, -1.0], "alert_name": null, "observatory": ["Liam Hardy pt5m", "Liam Hardy pt5m", "Liam Hardy pt5m", "Liam Hardy pt5m", "Liam Hardy pt5m", "Liam Hardy pt5m"], "caliberr": [0.11014100164175034, 0.1611350029706955, 0.04349850118160248, 0.04519779980182648, 0.06722109764814377, 0.052872899919748306], "mag": [18.113399505615234, 18.797000885009766, 18.837799072265625, 19.466899871826172, 19.05229949951172, 19.5856990814209], "catalog": ["APASS", "APASS", "APASS", "APASS", "APASS", "APASS"], "filter": ["B", "B", "V", "V", "r", "r"], "id": [201718, 201941, 201719, 201942, 201720, 201943]}