{"mjd": [57873.089198, 57873.103532, 57873.11782], "magerr": [0.021400000900030136, 0.013700000010430813, 0.022299999371170998], "alert_name": null, "observatory": ["Loiano, P.Iwanek", "Loiano, P.Iwanek", "Loiano, P.Iwanek"], "caliberr": [0.1270110160112381, 0.049684155732393265, 0.21781864762306213], "mag": [18.651613235473633, 17.724836349487305, 17.16974449157715], "catalog": ["APASS", "APASS", "APASS"], "filter": ["g", "r", "i"], "id": [75066, 75068, 75067]}