{"mjd": [57650.1902749, 57651.2036203, 57651.2036203], "magerr": [0.08009999990463257, 0.06589999794960022, 0.027000000700354576], "alert_name": null, "observatory": ["Mercator Geneva Grou", "Mercator Geneva Grou", "Mercator Geneva Grou"], "caliberr": [0.059521500021219254, 0.07595489919185638, 0.1430319994688034], "mag": [19.891000747680664, 19.67930030822754, 18.653799057006836], "catalog": ["APASS", "APASS", "APASS"], "filter": ["g", "g", "r"], "id": [44679, 44694, 44695]}