{"mjd": [58890.197644, 58892.207871, 58881.274766, 58890.189319, 58892.19878, 58881.279379, 58890.193101, 58892.203326], "magerr": [0.03331061452627182, 0.02862359583377838, 0.07765790075063705, 0.13252796232700348, 0.06523997336626053, 0.04010622575879097, 0.06815174221992493, 0.04856659099459648], "alert_name": null, "observatory": ["Liam Hardy pt5m", "Liam Hardy pt5m", "Liam Hardy pt5m", "Liam Hardy pt5m", "Liam Hardy pt5m", "Liam Hardy pt5m", "Liam Hardy pt5m", "Liam Hardy pt5m"], "caliberr": [0.13035014271736145, 0.21016231179237366, 0.010000035166740417, 0.010000000707805157, 0.027681145817041397, 0.02485157735645771, 0.010000001639127731, 0.03284502401947975], "mag": [16.521764755249023, 16.302202224731445, 17.667469024658203, 17.93160629272461, 17.226913452148438, 17.101652145385742, 17.221750259399414, 16.719270706176758], "catalog": ["SDSS", "SDSS", "APASS", "APASS", "APASS", "APASS", "APASS", "APASS"], "filter": ["R", "R", "B", "B", "B", "V", "V", "V"], "id": [177476, 178635, 176835, 177474, 178633, 176836, 177475, 178634]}