{"mjd": [58117.036901, 58131.062244, 58141.112402, 58117.057306, 58131.066796, 58117.061108, 58131.07135], "magerr": [0.03052010014653206, 0.06379249691963196, -1.0, 0.025196600705385208, 0.019055500626564026, 0.03407929837703705, -1.0], "alert_name": null, "observatory": ["Liam Hardy pt5m", "Liam Hardy pt5m", "Liam Hardy pt5m", "Liam Hardy pt5m", "Liam Hardy pt5m", "Liam Hardy pt5m", "Liam Hardy pt5m"], "caliberr": [0.009999999776482582, 0.1855590045452118, 0.0880758985877037, 0.009999999776482582, 0.09949810057878494, 0.06440570205450058, 0.009999999776482582], "mag": [15.336700439453125, 17.321500778198242, 18.180400848388672, 15.274800300598145, 15.98960018157959, 15.513400077819824, 20.26580047607422], "catalog": ["APASS", "APASS", "APASS", "APASS", "APASS", "APASS", "APASS"], "filter": ["B", "B", "B", "V", "V", "r", "r"], "id": [97356, 98074, 98756, 97357, 98075, 97358, 98076]}