{"mjd": [58661.978512, 58671.98443, 58661.983072, 58671.98824, 58661.987617, 58671.993542], "magerr": [0.058956559747457504, 0.13165828585624695, 0.04569480940699577, 0.06569938361644745, 0.03637649863958359, 0.04740606248378754], "alert_name": null, "observatory": ["Liam Hardy pt5m", "Liam Hardy pt5m", "Liam Hardy pt5m", "Liam Hardy pt5m", "Liam Hardy pt5m", "Liam Hardy pt5m"], "caliberr": [0.06311676651239395, 0.06832793354988098, 0.1303282231092453, 0.10901545733213425, 0.21373337507247925, 0.20099510252475739], "mag": [17.55887222290039, 18.046594619750977, 16.817941665649414, 17.35659408569336, 16.990522384643555, 17.263896942138672], "catalog": ["SDSS", "SDSS", "SDSS", "SDSS", "SDSS", "SDSS"], "filter": ["B", "B", "V", "V", "R", "R"], "id": [156958, 157987, 156959, 157988, 156960, 157989]}