{"mjd": [59201.187193], "magerr": [0.1511072814464569], "alert_name": null, "observatory": ["Liam Hardy pt5m"], "caliberr": [0.06726281344890594], "mag": [18.677297592163086], "catalog": ["SDSS"], "filter": ["R"], "id": [208619]}