{"mjd": [57494.9341788], "magerr": [0.1080000028014183], "alert_name": null, "observatory": ["K.Wiersema-Leicester"], "caliberr": [0.021631835028529167], "mag": [18.296092987060547], "catalog": ["APASS"], "filter": ["r"], "id": [30164]}