{"mjd": [58108.940318, 58119.917768, 58108.94488, 58119.921555, 58108.949448, 58119.926114], "magerr": [-1.0, -1.0, -1.0, -1.0, -1.0, -1.0], "alert_name": null, "observatory": ["Liam Hardy pt5m", "Liam Hardy pt5m", "Liam Hardy pt5m", "Liam Hardy pt5m", "Liam Hardy pt5m", "Liam Hardy pt5m"], "caliberr": [0.08226069808006287, 0.22988800704479218, 0.08000270277261734, 0.3508549928665161, 0.05053560063242912, 0.20365899801254272], "mag": [19.519699096679688, 18.075700759887695, 19.526399612426758, 20.55820083618164, 20.148500442504883, 19.335500717163086], "catalog": ["APASS", "APASS", "APASS", "APASS", "APASS", "APASS"], "filter": ["B", "B", "V", "V", "r", "r"], "id": [95488, 97523, 95489, 97524, 95490, 97525]}