{"mjd": [58609.176125, 58615.158976, 58609.180694, 58615.163546, 58609.185266, 58615.168112], "magerr": [-1.0, -1.0, 0.14457640051841736, -1.0, 0.14829161763191223, -1.0], "alert_name": null, "observatory": ["Liam Hardy pt5m", "Liam Hardy pt5m", "Liam Hardy pt5m", "Liam Hardy pt5m", "Liam Hardy pt5m", "Liam Hardy pt5m"], "caliberr": [0.08749990910291672, 0.13451296091079712, 0.06355443596839905, 0.06155967712402344, 0.07420207560062408, 0.06715460866689682], "mag": [19.527225494384766, 18.866973876953125, 19.109466552734375, 19.345775604248047, 19.18305778503418, 20.147457122802734], "catalog": ["APASS", "APASS", "APASS", "APASS", "APASS", "APASS"], "filter": ["B", "B", "V", "V", "r", "r"], "id": [151823, 152366, 151824, 152367, 151825, 152368]}