{"mjd": [59048.83666782, 59047.83417824, 59047.83778241, 59047.84321065, 59048.82837037, 59048.83917245, 59047.84501968, 59048.83418519, 59048.84164583], "magerr": [0.019300000742077827, 0.029500000178813934, 0.025599999353289604, 0.018300000578165054, 0.03680000081658363, 0.014700000174343586, 0.01549999974668026, 0.01640000008046627, 0.01140000019222498], "alert_name": null, "observatory": ["Loiano, Felice Cusan", "Loiano, Felice Cusan", "Loiano, Felice Cusan", "Loiano, Felice Cusan", "Loiano, Felice Cusan", "Loiano, Felice Cusan", "Loiano, Felice Cusan", "Loiano, Felice Cusan", "Loiano, Felice Cusan"], "caliberr": [0.150246262550354, 0.03835573047399521, 0.035222020000219345, 0.0285414420068264, 0.10710734128952026, 0.05536269769072533, 0.01000000350177288, 0.05071685463190079, 0.04315013810992241], "mag": [17.032482147216797, 17.478071212768555, 17.534090042114258, 17.443212509155273, 17.50815773010254, 17.476057052612305, 17.64571189880371, 17.573816299438477, 17.59749984741211], "catalog": ["SDSS", "APASS", "APASS", "APASS", "APASS", "APASS", "APASS", "APASS", "APASS"], "filter": ["I", "V", "V", "V", "V", "V", "r", "r", "r"], "id": [194663, 194666, 194667, 194668, 194661, 194664, 194669, 194662, 194665]}