{"mjd": [58461.8007086, 58463.77011, 58463.77793, 58466.7592686, 58466.7614446, 58461.8075812], "magerr": [0.012299999594688416, 0.03779999911785126, 0.03779999911785126, 0.019300000742077827, 0.018400000408291817, 0.020600000396370888], "alert_name": null, "observatory": ["ObsMontsec-Umut Burg", "ObsMontsec-Umut Burg", "ObsMontsec-Umut Burg", "ObsMontsec-Umut Burg", "ObsMontsec-Umut Burg", "ObsMontsec-Umut Burg"], "caliberr": [0.2675415277481079, 0.21560855209827423, 0.2156081348657608, 0.2179003655910492, 0.21287524700164795, 0.2634841203689575], "mag": [16.58907699584961, 18.080907821655273, 18.080909729003906, 17.176183700561523, 17.093326568603516, 15.874308586120605], "catalog": ["SDSS", "SDSS", "SDSS", "SDSS", "SDSS", "SDSS"], "filter": ["r", "V", "V", "R", "R", "I"], "id": [127815, 130898, 127882, 128466, 128467, 127818]}