{"mjd": [58382.202626, 58392.116007, 58382.207186, 58392.135557, 58382.210985, 58392.140112], "magerr": [-1.0, -1.0, 0.08021553605794907, -1.0, 0.06101013720035553, -1.0], "alert_name": null, "observatory": ["Liam Hardy pt5m", "Liam Hardy pt5m", "Liam Hardy pt5m", "Liam Hardy pt5m", "Liam Hardy pt5m", "Liam Hardy pt5m"], "caliberr": [0.07818280160427094, 0.15064679086208344, 0.07249001413583755, 0.20917096734046936, 0.04742365702986717, 0.19671979546546936], "mag": [19.17483139038086, 18.323673248291016, 18.547151565551758, 17.35760498046875, 18.402362823486328, 17.22492027282715], "catalog": ["APASS", "APASS", "APASS", "APASS", "APASS", "APASS"], "filter": ["B", "B", "V", "V", "r", "r"], "id": [120821, 121669, 120822, 121670, 120823, 121671]}