{"mjd": [58251.17934, 58257.20862, 58251.159297, 58257.200285, 58251.1748, 58257.204077], "magerr": [-1.0, -1.0, -1.0, -1.0, -1.0, -1.0], "alert_name": null, "observatory": ["Liam Hardy pt5m", "Liam Hardy pt5m", "Liam Hardy pt5m", "Liam Hardy pt5m", "Liam Hardy pt5m", "Liam Hardy pt5m"], "caliberr": [0.1678733080625534, 0.13415293395519257, 0.05617901310324669, 0.06684475392103195, 0.07063332200050354, 0.0677439421415329], "mag": [20.161367416381836, 20.643346786499023, 19.824127197265625, 19.53153419494629, 19.673795700073242, 19.48699951171875], "catalog": ["SDSS", "SDSS", "APASS", "APASS", "APASS", "APASS"], "filter": ["R", "R", "B", "B", "V", "V"], "id": [105001, 105367, 104999, 105365, 105000, 105366]}