{"mjd": [59133.199075, 59147.250359, 59151.061986, 59133.189973, 59147.24114, 59151.036405, 59133.194527, 59147.24581, 59151.057439], "magerr": [0.0038711600936949253, 0.003628710051998496, 0.004083049949258566, 0.012758700177073479, 0.011136200278997421, 0.015677399933338165, 0.005472099874168634, 0.00556640001013875, 0.007141049951314926], "alert_name": null, "observatory": ["Liam Hardy pt5m", "Liam Hardy pt5m", "Liam Hardy pt5m", "Liam Hardy pt5m", "Liam Hardy pt5m", "Liam Hardy pt5m", "Liam Hardy pt5m", "Liam Hardy pt5m", "Liam Hardy pt5m"], "caliberr": [0.23827700316905975, 0.19133199751377106, 0.20815500617027283, 0.1971919983625412, 0.12028799951076508, 0.07888010144233704, 0.038513898849487305, 0.03359780088067055, 0.019246799871325493], "mag": [13.88070011138916, 13.83430004119873, 13.836899757385254, 15.024700164794922, 15.119099617004395, 15.124600410461426, 14.307299613952637, 14.348299980163574, 14.319700241088867], "catalog": ["SDSS", "SDSS", "SDSS", "APASS", "APASS", "APASS", "APASS", "APASS", "APASS"], "filter": ["R", "R", "R", "B", "B", "B", "V", "V", "V"], "id": [202079, 203899, 204610, 202077, 203897, 204608, 202078, 203898, 204609]}