{"mjd": [58555.204476, 58559.183211, 58565.177763, 58555.209036, 58559.187772, 58565.18232, 58565.186884, 58555.213596, 58559.192332], "magerr": [0.18650999665260315, -1.0, 0.15919800102710724, 0.13997399806976318, 0.15697599947452545, 0.11485899984836578, -1.0, 0.05757620185613632, 0.11351899802684784], "alert_name": null, "observatory": ["Liam Hardy pt5m", "Liam Hardy pt5m", "Liam Hardy pt5m", "Liam Hardy pt5m", "Liam Hardy pt5m", "Liam Hardy pt5m", "Liam Hardy pt5m", "Liam Hardy pt5m", "Liam Hardy pt5m"], "caliberr": [0.07573600113391876, 0.06560470163822174, 0.07173679769039154, 0.03211100026965141, 0.030821900814771652, 0.030004700645804405, 0.11683399975299835, 0.02717670053243637, 0.020608900114893913], "mag": [18.607799530029297, 18.947399139404297, 18.654199600219727, 18.112899780273438, 18.164600372314453, 18.03660011291504, 21.39590072631836, 17.15130043029785, 17.95709991455078], "catalog": ["APASS", "APASS", "APASS", "APASS", "APASS", "APASS", "APASS", "APASS", "APASS"], "filter": ["B", "B", "B", "V", "V", "V", "V", "r", "r"], "id": [147441, 147585, 147931, 147442, 147586, 147932, 147933, 147443, 147587]}