{"mjd": [57659.875021, 57659.886837, 57659.898681, 57659.871157, 57659.88298, 57659.894824, 57659.878973, 57659.890817, 57659.902636], "magerr": [0.015300000086426735, -1.0, 0.015799999237060547, -1.0, -1.0, -1.0, -1.0, -1.0, -1.0], "alert_name": null, "observatory": ["Loiano,Jakub Klencki", "Loiano,Jakub Klencki", "Loiano,Jakub Klencki", "Loiano,Jakub Klencki", "Loiano,Jakub Klencki", "Loiano,Jakub Klencki", "Loiano,Jakub Klencki", "Loiano,Jakub Klencki", "Loiano,Jakub Klencki"], "caliberr": [0.2205963134765625, 0.22379909455776215, 0.2229442000389099, 0.09539714455604553, 0.1078924685716629, 0.10820391029119492, 0.1324114352464676, 0.11306007206439972, 0.13754504919052124], "mag": [17.926063537597656, 21.206928253173828, 17.702173233032227, 21.00393295288086, 20.833372116088867, 20.770360946655273, 20.382047653198242, 20.64582061767578, 19.86248207092285], "catalog": ["APASS", "APASS", "APASS", "APASS", "APASS", "APASS", "APASS", "APASS", "APASS"], "filter": ["g", "g", "g", "r", "r", "r", "i", "i", "i"], "id": [48662, 48663, 48664, 48665, 48666, 48667, 48658, 48659, 48660]}