{"mjd": [58880.270841, 58880.266298], "magerr": [0.014831800013780594, 0.01720450073480606], "alert_name": null, "observatory": ["Liam Hardy pt5m", "Liam Hardy pt5m"], "caliberr": [0.09473860263824463, 0.02993519976735115], "mag": [15.793999671936035, 15.982799530029297], "catalog": ["SDSS", "APASS"], "filter": ["R", "V"], "id": [176416, 176415]}