{"mjd": [58840.8136945, 58840.8211715, 58840.8223033, 58840.8234353, 58840.8252158, 58840.8263509, 58840.8860803, 58840.8896126, 58840.8931458, 58840.9205166, 58840.9216451, 58840.898496, 58840.9020517, 58840.9055868, 58840.9161219, 58840.9172514, 58840.9183797], "magerr": [0.003599999938160181, 0.006899999920278788, 0.007000000216066837, 0.0066999997943639755, 0.00430000014603138, 0.004000000189989805, 0.001500000013038516, 0.001500000013038516, 0.0015999999595806003, 0.0034000000450760126, 0.0032999999821186066, 0.0017000000225380063, 0.0017000000225380063, 0.0015999999595806003, 0.0024999999441206455, 0.002400000113993883, 0.0024999999441206455], "alert_name": null, "observatory": ["ObsMontsec-Umut Burg", "ObsMontsec-Umut Burg", "ObsMontsec-Umut Burg", "ObsMontsec-Umut Burg", "ObsMontsec-Umut Burg", "ObsMontsec-Umut Burg", "ObsMontsec-Umut Burg", "ObsMontsec-Umut Burg", "ObsMontsec-Umut Burg", "ObsMontsec-Umut Burg", "ObsMontsec-Umut Burg", "ObsMontsec-Umut Burg", "ObsMontsec-Umut Burg", "ObsMontsec-Umut Burg", "ObsMontsec-Umut Burg", "ObsMontsec-Umut Burg", "ObsMontsec-Umut Burg"], "caliberr": [0.10828600078821182, 0.12209700047969818, 0.1223360002040863, 0.12354099750518799, 0.06447669863700867, 0.06484899669885635, 0.0660243034362793, 0.07573709636926651, 0.07226590067148209, 0.07554180175065994, 0.07670039683580399, 0.12066800147294998, 0.12199600040912628, 0.12470900267362595, 0.12139099836349487, 0.1220019981265068, 0.12142699956893921], "mag": [15.86240005493164, 15.82040023803711, 15.825599670410156, 15.81779956817627, 14.72760009765625, 14.726400375366211, 14.31470012664795, 14.307900428771973, 14.334400177001953, 14.291600227355957, 14.296299934387207, 13.679100036621094, 13.676300048828125, 13.672499656677246, 13.749099731445312, 13.752799987792969, 13.752099990844727], "catalog": ["APASS", "APASS", "APASS", "APASS", "APASS", "APASS", "APASS", "APASS", "APASS", "APASS", "APASS", "APASS", "APASS", "APASS", "APASS", "APASS", "APASS"], "filter": ["B", "B", "B", "B", "V", "V", "r", "r", "r", "r", "r", "i", "i", "i", "i", "i", "i"], "id": [174572, 174594, 174595, 174596, 174597, 174598, 174573, 174574, 174575, 174602, 174603, 174576, 174577, 174578, 174599, 174600, 174601]}