{"mjd": [59102.099701, 59102.090477, 59102.095033], "magerr": [-1.0, -1.0, -1.0], "alert_name": null, "observatory": ["Liam Hardy pt5m", "Liam Hardy pt5m", "Liam Hardy pt5m"], "caliberr": [0.1913989931344986, 0.07653730362653732, 0.07031930238008499], "mag": [19.396400451660156, 18.756200790405273, 19.336299896240234], "catalog": ["SDSS", "APASS", "APASS"], "filter": ["R", "B", "V"], "id": [198786, 198784, 198785]}