{"mjd": [58679.104719, 58690.930715, 58679.096385, 58684.934433, 58690.921632, 58679.100172, 58690.924675], "magerr": [0.034937698394060135, 0.035672999918460846, 0.06925550103187561, 0.12618699669837952, -1.0, 0.044807400554418564, 0.08208280056715012], "alert_name": null, "observatory": ["Liam Hardy pt5m", "Liam Hardy pt5m", "Liam Hardy pt5m", "Liam Hardy pt5m", "Liam Hardy pt5m", "Liam Hardy pt5m", "Liam Hardy pt5m"], "caliberr": [0.13033300638198853, 0.13967500627040863, 0.03904910013079643, 0.03850239887833595, 0.0304556991904974, 0.04334539920091629, 0.015229299664497375], "mag": [17.142499923706055, 17.664199829101562, 17.738500595092773, 18.608299255371094, 19.558500289916992, 17.157400131225586, 17.885900497436523], "catalog": ["SDSS", "SDSS", "APASS", "APASS", "APASS", "APASS", "APASS"], "filter": ["R", "R", "B", "B", "B", "V", "V"], "id": [158626, 160285, 158624, 159660, 160283, 158625, 160284]}