{"mjd": [58537.267976, 58537.272529], "magerr": [0.07733175903558731, 0.030517928302288055], "alert_name": null, "observatory": ["Liam Hardy pt5m", "Liam Hardy pt5m"], "caliberr": [0.060184381902217865, 0.06049339473247528], "mag": [17.084735870361328, 15.67201042175293], "catalog": ["APASS", "APASS"], "filter": ["B", "V"], "id": [131367, 131368]}