{"mjd": [59110.091549, 59123.059001, 59130.070328, 59110.095347, 59123.063558, 59130.074965, 59110.099891, 59123.068121, 59130.079551], "magerr": [0.10659875720739365, 0.15875472128391266, 0.0794520303606987, 0.08018947392702103, 0.0513484962284565, 0.061048705130815506, 0.056555263698101044, 0.0570431724190712, 0.042772747576236725], "alert_name": null, "observatory": ["Liam Hardy pt5m", "Liam Hardy pt5m", "Liam Hardy pt5m", "Liam Hardy pt5m", "Liam Hardy pt5m", "Liam Hardy pt5m", "Liam Hardy pt5m", "Liam Hardy pt5m", "Liam Hardy pt5m"], "caliberr": [0.09077702462673187, 0.12990769743919373, 0.03924199566245079, 0.08264552056789398, 0.08926726132631302, 0.06121416762471199, 0.030989371240139008, 0.10630206018686295, 0.027858786284923553], "mag": [17.447612762451172, 17.69931983947754, 17.734277725219727, 17.457487106323242, 16.16233253479004, 17.4937686920166, 17.37370491027832, 16.20789909362793, 17.26418113708496], "catalog": ["APASS", "APASS", "APASS", "APASS", "APASS", "APASS", "APASS", "APASS", "APASS"], "filter": ["B", "B", "B", "V", "V", "V", "r", "r", "r"], "id": [199182, 201670, 201867, 199183, 201671, 201868, 199184, 201672, 201869]}