{"mjd": [57573.9014025, 57573.9014025, 57571.9038277, 57572.8949025, 57571.9038277, 57572.8949025], "magerr": [0.006500000134110451, 0.004600000102072954, 0.005499999970197678, 0.008200000040233135, 0.00430000014603138, 0.004999999888241291], "alert_name": null, "observatory": ["Mercator Geneva Grou", "Mercator Geneva Grou", "Euler Geneva Group", "Euler Geneva Group", "Euler Geneva Group", "Euler Geneva Group"], "caliberr": [0.19762539863586426, 0.0702126994729042, 0.1458546668291092, 0.14791357517242432, 0.08390658348798752, 0.08743670582771301], "mag": [17.504310607910156, 17.333314895629883, 17.50333023071289, 17.580455780029297, 17.330371856689453, 17.367534637451172], "catalog": ["SDSS", "SDSS", "SDSS", "SDSS", "SDSS", "SDSS"], "filter": ["g", "r", "g", "g", "r", "r"], "id": [39204, 39203, 39130, 39140, 39131, 39141]}