{"mjd": [59014.033085, 59014.03664, 59014.040197, 59014.043752, 59015.01215, 59015.015705, 59015.019262, 59015.022818], "magerr": [0.0010999999940395355, 0.0010999999940395355, 0.0010999999940395355, 0.0010999999940395355, 0.0010000000474974513, 0.0010000000474974513, 0.0010000000474974513, 0.0010000000474974513], "alert_name": null, "observatory": ["OmicronC2PU JPRivet", "OmicronC2PU JPRivet", "OmicronC2PU JPRivet", "OmicronC2PU JPRivet", "OmicronC2PU JPRivet", "OmicronC2PU JPRivet", "OmicronC2PU JPRivet", "OmicronC2PU JPRivet"], "caliberr": [0.28854799270629883, 0.3053779900074005, 0.2850619852542877, 0.2813979983329773, 0.2654139995574951, 0.26915299892425537, 0.25812000036239624, 0.2600330114364624], "mag": [14.530500411987305, 14.54520034790039, 14.532500267028809, 14.524999618530273, 14.539600372314453, 14.548100471496582, 14.53320026397705, 14.538900375366211], "catalog": ["PS1", "PS1", "PS1", "PS1", "PS1", "PS1", "PS1", "PS1"], "filter": ["r", "r", "r", "r", "r", "r", "r", "r"], "id": [193253, 193254, 193255, 193256, 193299, 193300, 193301, 193302]}