{"mjd": [58384.3103328, 58384.5290685, 58385.3472248, 58386.404323, 58384.3114804, 58384.5302055, 58385.3483673, 58386.4054669, 58392.1548942, 58393.316255, 58392.1569691, 58393.3183183], "magerr": [0.009901709854602814, 0.03521040081977844, 0.005912149790674448, 0.0064300899393856525, 0.013649100437760353, 0.04090249910950661, 0.006873750127851963, 0.007416820153594017, 0.006933759897947311, 0.008273670449852943, 0.01323460042476654, 0.014364499598741531], "alert_name": null, "observatory": ["LCOGT2m, F.Lewis", "LCOGT2m, F.Lewis", "LCOGT2m, F.Lewis", "LCOGT2m, F.Lewis", "LCOGT2m, F.Lewis", "LCOGT2m, F.Lewis", "LCOGT2m, F.Lewis", "LCOGT2m, F.Lewis", "LCOGT1m, Fraser Lewi", "LCOGT1m, Fraser Lewi", "LCOGT1m, Fraser Lewi", "LCOGT1m, Fraser Lewi"], "caliberr": [0.08158289641141891, 0.06255690008401871, 0.06858869642019272, 0.06242290139198303, 0.009999999776482582, 0.04925059899687767, 0.009999999776482582, 0.009999999776482582, 0.05245419964194298, 0.009999999776482582, 0.009999999776482582, 0.009999999776482582], "mag": [16.521499633789062, 16.51020050048828, 16.539899826049805, 16.527999877929688, 16.923599243164062, 16.825599670410156, 16.95050048828125, 16.981599807739258, 16.714799880981445, 16.72100067138672, 17.194799423217773, 17.3572998046875], "catalog": ["APASS", "APASS", "APASS", "APASS", "APASS", "APASS", "APASS", "APASS", "APASS", "APASS", "APASS", "APASS"], "filter": ["V", "V", "V", "V", "i", "i", "i", "i", "V", "V", "i", "i"], "id": [120980, 120983, 121025, 121036, 120981, 120985, 121026, 121035, 121710, 121751, 121708, 121752]}