{"mjd": [58344.5391865, 58346.7061394, 58347.6397311, 58348.5253595, 58349.6330989, 58350.5198247, 58351.5170906, 58352.5178646, 58353.6220937, 58354.7075297, 58356.6624756, 58357.6984812, 58358.609087, 58359.6063614, 58367.5603011, 58368.7798282, 58369.592838, 58370.4652315, 58371.4919002, 58372.5427141, 58373.7954891, 58374.622177, 58376.4711878, 58376.552414, 58377.5113388, 58377.5573021, 58378.4820496, 58378.5422262, 58379.4416949, 58379.5768459, 58380.4394171, 58381.546436, 58381.6052198, 58368.780884, 58369.5938901, 58370.4662757, 58371.4929487, 58372.5437618, 58373.7965566, 58374.6237073, 58376.4729379, 58376.5534698, 58377.5123909, 58377.5590529, 58378.4837998, 58378.5432804, 58379.442752, 58379.5785958, 58380.4411672, 58381.6069785], "magerr": [0.0047693499363958836, 0.005283940117806196, 0.0036243300419300795, 0.0039632897824049, 0.017038699239492416, 0.01401390042155981, 0.005772329866886139, 0.04750259965658188, 0.009175569750368595, 0.009059869684278965, 0.015099800191819668, 0.009800000116229057, 0.013058999553322792, 0.015317000448703766, 0.007548599969595671, 0.0072678797878324986, 0.00833049975335598, 0.00878289993852377, 0.007733810227364302, 0.008181270211935043, 0.009972389787435532, 0.008834349922835827, 0.007850619964301586, 0.009085710160434246, 0.010286499746143818, 0.03105049952864647, 0.007600179873406887, 0.009815280325710773, 0.015723800286650658, 0.008055309765040874, 0.014581999741494656, 0.020630599930882454, 0.013941200450062752, 0.013332000002264977, 0.012369000352919102, 0.01792849972844124, 0.015005500055849552, 0.014254899695515633, 0.018962500616908073, 0.014087599702179432, 0.01217930018901825, 0.015590299852192402, 0.020200299099087715, 0.059660300612449646, 0.019310299307107925, 0.017617300152778625, 0.026183899492025375, 0.015635600313544273, 0.02803809940814972, 0.020374899730086327], "alert_name": null, "observatory": ["LCOGT2m, F.Lewis", "LCOGT2m, F.Lewis", "LCOGT2m, F.Lewis", "LCOGT2m, F.Lewis", "LCOGT2m, F.Lewis", "LCOGT2m, F.Lewis", "LCOGT2m, F.Lewis", "LCOGT2m, F.Lewis", "LCOGT2m, F.Lewis", "LCOGT2m, F.Lewis", "LCOGT2m, F.Lewis", "LCOGT2m, F.Lewis", "LCOGT2m, F.Lewis", "LCOGT2m, F.Lewis", "LCOGT2m, F.Lewis", "LCOGT2m, F.Lewis", "LCOGT2m, F.Lewis", "LCOGT2m, F.Lewis", "LCOGT2m, F.Lewis", "LCOGT2m, F.Lewis", "LCOGT2m, F.Lewis", "LCOGT2m, F.Lewis", "LCOGT2m, F.Lewis", "LCOGT2m, F.Lewis", "LCOGT2m, F.Lewis", "LCOGT2m, F.Lewis", "LCOGT2m, F.Lewis", "LCOGT2m, F.Lewis", "LCOGT2m, F.Lewis", "LCOGT2m, F.Lewis", "LCOGT2m, F.Lewis", "LCOGT2m, F.Lewis", "LCOGT2m, F.Lewis", "LCOGT2m, F.Lewis", "LCOGT2m, F.Lewis", "LCOGT2m, F.Lewis", "LCOGT2m, F.Lewis", "LCOGT2m, F.Lewis", "LCOGT2m, F.Lewis", "LCOGT2m, F.Lewis", "LCOGT2m, F.Lewis", "LCOGT2m, F.Lewis", "LCOGT2m, F.Lewis", "LCOGT2m, F.Lewis", "LCOGT2m, F.Lewis", "LCOGT2m, F.Lewis", "LCOGT2m, F.Lewis", "LCOGT2m, F.Lewis", "LCOGT2m, F.Lewis", "LCOGT2m, F.Lewis"], "caliberr": [0.018124699592590332, 0.04381290078163147, 0.026482900604605675, 0.026793500408530235, 0.02446039952337742, 0.024844100698828697, 0.02859639935195446, 0.020815499126911163, 0.021182900294661522, 0.01722699962556362, 0.027771400287747383, 0.023401200771331787, 0.023290999233722687, 0.01705070026218891, 0.038637999445199966, 0.029735200107097626, 0.009999999776482582, 0.026904800906777382, 0.021493200212717056, 0.02176620066165924, 0.03947789967060089, 0.031665101647377014, 0.024412300437688828, 0.02438170090317726, 0.018720300868153572, 0.04160580039024353, 0.027076900005340576, 0.022101199254393578, 0.050321999937295914, 0.028357699513435364, 0.03333650156855583, 0.03867410123348236, 0.028668899089097977, 0.08071699738502502, 0.06373660266399384, 0.08711309731006622, 0.07494380325078964, 0.08599109947681427, 0.08092659711837769, 0.08325210213661194, 0.06905460357666016, 0.07261350005865097, 0.08359959721565247, 0.0434642992913723, 0.07390359789133072, 0.09465719759464264, 0.0729776993393898, 0.0903443992137909, 0.07484979927539825, 0.07660090178251266], "mag": [16.771299362182617, 16.853099822998047, 16.87619972229004, 16.932100296020508, 17.044200897216797, 17.10449981689453, 17.230300903320312, 17.258100509643555, 17.327499389648438, 17.380800247192383, 17.446300506591797, 17.508100509643555, 17.504100799560547, 17.559799194335938, 17.820199966430664, 17.871400833129883, 17.93939971923828, 18.024799346923828, 18.104999542236328, 18.19179916381836, 18.225099563598633, 18.286800384521484, 18.407800674438477, 18.450000762939453, 18.49180030822754, 18.507099151611328, 18.518600463867188, 18.53820037841797, 18.594999313354492, 18.55500030517578, 18.62700080871582, 18.635299682617188, 18.658199310302734, 18.009599685668945, 18.03179931640625, 18.101200103759766, 18.193700790405273, 18.292699813842773, 18.396699905395508, 18.42840003967285, 18.588300704956055, 18.621400833129883, 18.65130043029785, 18.678800582885742, 18.73979949951172, 18.726999282836914, 18.783700942993164, 18.80229949951172, 18.774599075317383, 18.917800903320312], "catalog": ["SDSS", "SDSS", "SDSS", "SDSS", "SDSS", "SDSS", "SDSS", "SDSS", "SDSS", "SDSS", "SDSS", "SDSS", "SDSS", "SDSS", "SDSS", "SDSS", "SDSS", "SDSS", "SDSS", "SDSS", "SDSS", "SDSS", "SDSS", "SDSS", "SDSS", "SDSS", "SDSS", "SDSS", "SDSS", "SDSS", "SDSS", "SDSS", "SDSS", "SDSS", "SDSS", "SDSS", "SDSS", "SDSS", "SDSS", "SDSS", "SDSS", "SDSS", "SDSS", "SDSS", "SDSS", "SDSS", "SDSS", "SDSS", "SDSS", "SDSS"], "filter": ["r", "r", "r", "r", "r", "r", "r", "r", "r", "r", "r", "r", "r", "r", "r", "r", "r", "r", "r", "r", "r", "r", "r", "r", "r", "r", "r", "r", "r", "r", "r", "r", "r", "i", "i", "i", "i", "i", "i", "i", "i", "i", "i", "i", "i", "i", "i", "i", "i", "i"], "id": [119511, 119174, 119175, 119472, 119406, 119487, 119507, 119508, 119676, 119432, 119433, 119434, 119449, 119466, 119509, 119467, 119468, 119510, 119194, 119672, 119677, 119694, 120325, 120323, 120430, 120364, 120336, 120332, 120362, 120432, 120434, 120866, 120867, 119674, 119469, 119471, 119470, 119673, 119678, 119695, 120326, 120324, 120431, 120367, 120337, 120339, 120363, 120433, 120435, 120868]}