{"mjd": [59107.859985, 59108.808255, 59110.757927, 59111.787635, 59112.756892, 59113.81697, 59114.748533, 59115.757957, 59117.731591, 59118.823024, 59118.852781, 59121.745614, 59107.865644, 59108.813915, 59110.763599, 59111.793295, 59112.762575, 59113.822629, 59114.754193, 59115.763618, 59117.737251, 59118.828686, 59121.751274, 59107.871374, 59108.819646, 59110.769328, 59111.799025, 59112.768304, 59113.828359, 59114.759924, 59115.769348, 59117.742982, 59118.834415, 59118.839916, 59118.845665, 59121.757003, 59109.7927754, 59116.7842208, 59110.2266756, 59107.8103102, 59110.2215222, 59110.2225259, 59111.7618775, 59114.4095074, 59114.4105167, 59114.4281795, 59115.4528241, 59115.4538325, 59116.3952464, 59116.396255, 59116.4230928, 59110.2256724, 59114.4136804, 59114.414689, 59115.4570216, 59115.4580185, 59116.4004194, 59107.809364, 59108.1909597, 59109.7919213, 59110.2236007, 59110.2246046, 59111.7607512, 59111.8614008, 59114.4115979, 59114.4273451, 59115.4549226, 59115.4559319, 59115.7642544, 59116.7538393, 59116.783333], "magerr": [0.010300000198185444, 0.009800000116229057, 0.010200000368058681, 0.008700000122189522, 0.008200000040233135, 0.011800000444054604, 0.008700000122189522, 0.010700000450015068, 0.01590000092983246, 0.01899999938905239, 0.0210999995470047, 0.013000000268220901, 0.013899999670684338, 0.010700000450015068, 0.011900000274181366, 0.009600000455975533, 0.009999999776482582, 0.012299999594688416, 0.009600000455975533, 0.011800000444054604, 0.01489999983459711, 0.01810000091791153, 0.012799999676644802, 0.026499999687075615, 0.014800000004470348, 0.014800000004470348, 0.013100000098347664, 0.012400000356137753, 0.01600000075995922, 0.012000000104308128, 0.013899999670684338, 0.01679999940097332, 0.019899999722838402, 0.02370000071823597, 0.019500000402331352, 0.014299999922513962, 0.005799999926239252, 0.019300000742077827, 0.008899999782443047, 0.008899999782443047, 0.005400000140070915, 0.005499999970197678, 0.004100000020116568, 0.006300000008195639, 0.005900000222027302, 0.0038999998942017555, 0.004399999976158142, 0.0038999998942017555, 0.006800000090152025, 0.005900000222027302, 0.0044999998062849045, 0.009499999694526196, 0.006500000134110451, 0.0044999998062849045, 0.004699999932199717, 0.010499999858438969, 0.006500000134110451, 0.007600000128149986, 0.006500000134110451, 0.009600000455975533, 0.010499999858438969, 0.0066999997943639755, 0.006300000008195639, 0.010999999940395355, 0.006000000052154064, 0.006399999838322401, 0.006599999964237213, 0.005499999970197678, 0.00930000003427267, 0.020400000736117363, 0.007600000128149986], "alert_name": null, "observatory": ["Moletai0.35-Erika Pa", "Moletai0.35-Erika Pa", "Moletai0.35-Erika Pa", "Moletai0.35-Erika Pa", "Moletai0.35-Erika Pa", "Moletai0.35-Erika Pa", "Moletai0.35-Erika Pa", "Moletai0.35-Erika Pa", "Moletai0.35-Erika Pa", "Moletai0.35-Erika Pa", "Moletai0.35-Erika Pa", "Moletai0.35-Erika Pa", "Moletai0.35-Erika Pa", "Moletai0.35-Erika Pa", "Moletai0.35-Erika Pa", "Moletai0.35-Erika Pa", "Moletai0.35-Erika Pa", "Moletai0.35-Erika Pa", "Moletai0.35-Erika Pa", "Moletai0.35-Erika Pa", "Moletai0.35-Erika Pa", "Moletai0.35-Erika Pa", "Moletai0.35-Erika Pa", "Moletai0.35-Erika Pa", "Moletai0.35-Erika Pa", "Moletai0.35-Erika Pa", "Moletai0.35-Erika Pa", "Moletai0.35-Erika Pa", "Moletai0.35-Erika Pa", "Moletai0.35-Erika Pa", "Moletai0.35-Erika Pa", "Moletai0.35-Erika Pa", "Moletai0.35-Erika Pa", "Moletai0.35-Erika Pa", "Moletai0.35-Erika Pa", "Moletai0.35-Erika Pa", "LCOGT1m, N.Ihanec", "LCOGT1m, N.Ihanec", "LCOGT1m, N.Ihanec", "LCOGT1m, N.Ihanec", "LCOGT1m, N.Ihanec", "LCOGT1m, N.Ihanec", "LCOGT1m, N.Ihanec", "LCOGT1m, N.Ihanec", "LCOGT1m, N.Ihanec", "LCOGT1m, N.Ihanec", "LCOGT1m, N.Ihanec", "LCOGT1m, N.Ihanec", "LCOGT1m, N.Ihanec", "LCOGT1m, N.Ihanec", "LCOGT1m, N.Ihanec", "LCOGT1m, N.Ihanec", "LCOGT1m, N.Ihanec", "LCOGT1m, N.Ihanec", "LCOGT1m, N.Ihanec", "LCOGT1m, N.Ihanec", "LCOGT1m, N.Ihanec", "LCOGT1m, N.Ihanec", "LCOGT1m, N.Ihanec", "LCOGT1m, N.Ihanec", "LCOGT1m, N.Ihanec", "LCOGT1m, N.Ihanec", "LCOGT1m, N.Ihanec", "LCOGT1m, N.Ihanec", "LCOGT1m, N.Ihanec", "LCOGT1m, N.Ihanec", "LCOGT1m, N.Ihanec", "LCOGT1m, N.Ihanec", "LCOGT1m, N.Ihanec", "LCOGT1m, N.Ihanec", "LCOGT1m, N.Ihanec"], "caliberr": [0.1460539996623993, 0.18172499537467957, 0.1702529937028885, 0.1755180060863495, 0.188632994890213, 0.14025700092315674, 0.17023099958896637, 0.16391000151634216, 0.13816800713539124, 0.15272299945354462, 0.15457099676132202, 0.1514360010623932, 0.13190700113773346, 0.1684889942407608, 0.1723109930753708, 0.17521700263023376, 0.18836799263954163, 0.14633800089359283, 0.17486199736595154, 0.16701200604438782, 0.142985001206398, 0.1627960056066513, 0.15088100731372833, 0.2011599987745285, 0.1987919956445694, 0.19779199361801147, 0.20671899616718292, 0.19810399413108826, 0.18332399427890778, 0.19749200344085693, 0.1929759979248047, 0.17998600006103516, 0.1870570033788681, 0.20868900418281555, 0.17716200649738312, 0.19470000267028809, 0.06959839910268784, 0.07135909795761108, 0.07474719732999802, 0.19957800209522247, 0.25714901089668274, 0.2734520137310028, 0.17429299652576447, 0.23847399652004242, 0.20375199615955353, 0.19628100097179413, 0.2573300004005432, 0.25382000207901, 0.25279301404953003, 0.23020200431346893, 0.2175939977169037, 0.18844600021839142, 0.1300469934940338, 0.12359599769115448, 0.17223100364208221, 0.19677600264549255, 0.1491750031709671, 0.15613000094890594, 0.16215600073337555, 0.1954679936170578, 0.25225400924682617, 0.16346800327301025, 0.12141399830579758, 0.18285100162029266, 0.1255369931459427, 0.15330399572849274, 0.16616100072860718, 0.15885399281978607, 0.17795899510383606, 0.23900899291038513, 0.23325499892234802], "mag": [14.488499641418457, 14.519100189208984, 14.550000190734863, 14.516799926757812, 14.516200065612793, 14.524100303649902, 14.490699768066406, 14.536800384521484, 14.545700073242188, 14.571800231933594, 14.549699783325195, 14.525099754333496, 14.132499694824219, 14.187000274658203, 14.221400260925293, 14.184300422668457, 14.183099746704102, 14.211299896240234, 14.183600425720215, 14.20009994506836, 14.251899719238281, 14.207599639892578, 14.234800338745117, 13.78380012512207, 13.73740005493164, 13.749699592590332, 13.78380012512207, 13.810999870300293, 13.854599952697754, 13.792200088500977, 13.84749984741211, 13.791199684143066, 13.878999710083008, 13.928500175476074, 13.860099792480469, 13.870699882507324, 14.904199600219727, 14.996000289916992, 14.279800415039062, 14.916999816894531, 14.976300239562988, 14.979499816894531, 14.900799751281738, 14.99590015411377, 14.968099594116211, 14.952199935913086, 15.053500175476074, 15.048199653625488, 15.03600025177002, 15.026700019836426, 15.011500358581543, 14.400300025939941, 14.428099632263184, 14.415800094604492, 14.458900451660156, 14.513799667358398, 14.456199645996094, 14.067000389099121, 14.067399978637695, 14.046600341796875, 14.113100051879883, 14.072799682617188, 14.085700035095215, 14.097900390625, 14.121800422668457, 14.10219955444336, 14.148699760437012, 14.13700008392334, 14.130000114440918, 14.264200210571289, 14.249500274658203], "catalog": ["APASS", "APASS", "APASS", "APASS", "APASS", "APASS", "APASS", "APASS", "APASS", "APASS", "APASS", "APASS", "APASS", "APASS", "APASS", "APASS", "APASS", "APASS", "APASS", "APASS", "APASS", "APASS", "APASS", "APASS", "APASS", "APASS", "APASS", "APASS", "APASS", "APASS", "APASS", "APASS", "APASS", "APASS", "APASS", "APASS", "APASS", "APASS", "APASS", "PS1", "PS1", "PS1", "PS1", "PS1", "PS1", "PS1", "PS1", "PS1", "PS1", "PS1", "PS1", "PS1", "PS1", "PS1", "PS1", "PS1", "PS1", "PS1", "PS1", "PS1", "PS1", "PS1", "PS1", "PS1", "PS1", "PS1", "PS1", "PS1", "PS1", "PS1", "PS1"],