{"mjd": [58769.189714], "magerr": [0.03765929862856865], "alert_name": null, "observatory": ["Liam Hardy pt5m"], "caliberr": [0.21867799758911133], "mag": [17.471900939941406], "catalog": ["SDSS"], "filter": ["R"], "id": [168003]}