{"mjd": [58649.18759, 58655.159399, 58649.192153, 58655.163955, 58649.196724, 58655.168516], "magerr": [0.08652040362358093, 0.09271080046892166, 0.02510939911007881, 0.03111400082707405, 0.013654000125825405, 0.014273599721491337], "alert_name": null, "observatory": ["Liam Hardy pt5m", "Liam Hardy pt5m", "Liam Hardy pt5m", "Liam Hardy pt5m", "Liam Hardy pt5m", "Liam Hardy pt5m"], "caliberr": [0.27585598826408386, 0.29542601108551025, 0.06950269639492035, 0.07084319740533829, 0.0957878977060318, 0.040333300828933716], "mag": [18.298599243164062, 18.502199172973633, 16.89430046081543, 16.81170082092285, 16.385299682617188, 16.37220001220703], "catalog": ["APASS", "APASS", "APASS", "APASS", "APASS", "APASS"], "filter": ["B", "B", "V", "V", "r", "r"], "id": [155465, 156126, 155466, 156127, 155467, 156128]}