{"mjd": [57903.177338, 57903.1872106, 57903.1970775, 57908.1464063, 57908.1562674, 57908.1661227, 57912.1370891, 57912.1469907, 57912.1569155, 57914.1407523, 57914.1507407, 57914.1606481, 57916.1319213, 57916.1418519, 57916.1517824, 57921.1113484, 57921.1212905, 57921.1312326, 57923.1217245, 57923.1317072, 57923.1416725, 57926.1592477, 57926.1896817, 57926.1996238, 57933.0818287, 57933.091794, 57933.1017477, 57934.0828935, 57934.0927604, 57934.1026331, 57935.0826794, 57935.0925579, 57935.1024479, 57937.1243866, 57937.1343808, 57937.1444213, 57939.1501273, 57939.1600347, 57939.1699421, 57941.058941, 57941.0688021, 57941.0786632, 57944.0488657, 57944.0588426, 57944.0688252, 57945.1092882, 57946.0962674, 57946.1063715, 57946.11636, 57949.1148669, 57949.1248264, 57949.1347859, 57903.1740336, 57903.1839005, 57903.1937674, 57908.1430961, 57908.1529572, 57908.1628183, 57912.1337674, 57912.143669, 57912.153588, 57914.137419, 57914.1474074, 57914.1573322, 57916.1285995, 57916.1385185, 57916.1484491, 57921.1080266, 57921.117963, 57921.1279109, 57923.1183912, 57923.1283681, 57923.1383333, 57926.1559259, 57926.1658738, 57926.1963021, 57933.0784954, 57933.0884606, 57933.0984201, 57934.0795833, 57934.089456, 57934.0993229, 57935.0793634, 57935.0892419, 57935.0991377, 57937.1210417, 57937.1310301, 57937.1410822, 57939.1468056, 57939.156713, 57939.1666262, 57941.0556308, 57941.0655035, 57941.0753588, 57944.0455208, 57944.0555324, 57944.065515, 57945.0960764, 57945.1059722, 57946.0929282, 57946.1029919, 57946.1130093, 57949.1115336, 57949.1214931, 57949.1314641, 57903.1707813, 57903.1806481, 57903.190515, 57908.1398495, 57908.1497106, 57908.159566, 57912.1305035, 57912.1404051, 57912.1503067, 57914.1341609, 57914.1440799, 57914.1540625, 57916.1253183, 57916.1352546, 57916.1451852, 57921.1047569, 57921.1146991, 57921.124647, 57923.1151157, 57923.1250868, 57923.1350637, 57926.1526562, 57926.1626042, 57926.1930208, 57933.0751157, 57933.0851794, 57933.0951447, 57934.076331, 57934.0862095, 57934.0960706, 57935.0761111, 57935.0859896, 57935.0958738, 57937.117772, 57937.1277488, 57937.1378125, 57939.1435301, 57939.1534491, 57939.1633565, 57941.05239, 57941.0622512, 57941.0721065, 57944.0422454, 57944.0522222, 57944.0622049, 57945.0829225, 57945.0928125, 57945.1027083, 57946.0896412, 57946.0996817, 57946.109728, 57949.1082581, 57949.1182234, 57949.1281713], "magerr": [0.1264999955892563, 0.10649999976158142, 0.12479999661445618, 0.16259999573230743, 0.1421000063419342, 0.14659999310970306, 0.14270000159740448, 0.12290000170469284, 0.17249999940395355, 0.21119999885559082, 0.17010000348091125, 0.15839999914169312, 0.1289999932050705, 0.1485999971628189, 0.1436000019311905, 0.2046000063419342, 0.17659999430179596, 0.1746000051498413, 0.14980000257492065, 0.16740000247955322, 0.13120000064373016, 0.10930000245571136, 0.12720000743865967, 0.14030000567436218, 0.15479999780654907, 0.11410000175237656, 0.1404000073671341, 0.19030000269412994, 0.17970000207424164, 0.15299999713897705, 0.193900004029274, 0.14480000734329224, 0.17149999737739563, 0.11010000109672546, 0.10159999877214432, 0.09040000289678574, 0.10100000351667404, 0.09049999713897705, 0.10419999808073044, 0.18050000071525574, 0.17110000550746918, 0.17980000376701355, -1.0, 0.3156999945640564, 0.23160000145435333, 0.17010000348091125, 0.16680000722408295, 0.19979999959468842, 0.17479999363422394, 0.17910000681877136, 0.18310000002384186, 0.2777000069618225, 0.23350000381469727, 0.24269999563694, 0.1851000040769577, 0.3172999918460846, 0.22349999845027924, 0.2676999866962433, 0.25360000133514404, 0.2721000015735626, 0.3490999937057495, 0.2354000061750412, -1.0, 0.3181000053882599, 0.34790000319480896, -1.0, 0.2020999938249588, -1.0, 0.2295999974012375, 0.3095000088214874, 0.22920000553131104, 0.28949999809265137, 0.26739999651908875, 0.18070000410079956, 0.16539999842643738, 0.163100004196167, 0.18799999356269836, 0.2061000019311905, 0.3156999945640564, 0.25060001015663147, -1.0, -1.0, -1.0, 0.2930000126361847, -1.0, 0.20149999856948853, 0.14740000665187836, 0.23000000417232513, 0.1964000016450882, 0.14020000398159027, 0.23589999973773956, -1.0, -1.0, -1.0, -1.0, -1.0, -1.0, -1.0, 0.2337999939918518, -1.0, -1.0, -1.0, -1.0, -1.0, -1.0, 0.0738999992609024, 0.10010000318288803, 0.08630000054836273, 0.15459999442100525, 0.09399999678134918, 0.10750000178813934, 0.1378999948501587, 0.1316000074148178, 0.10490000247955322, 0.1298000067472458, 0.09769999980926514, 0.12919999659061432, 0.1136000007390976, 0.09600000083446503, 0.09719999879598618, 0.1331000030040741, 0.11169999837875366, 0.13249999284744263, 0.12620000541210175, 0.13099999725818634, 0.148499995470047, 0.11580000072717667, 0.09600000083446503, 0.1080000028014183, 0.09210000187158585, 0.13009999692440033, 0.10589999705553055, 0.11829999834299088, 0.15459999442100525, 0.15719999372959137, 0.1517000049352646, 0.15289999544620514, 0.12960000336170197, 0.08269999921321869, 0.12530000507831573, 0.08500000089406967, 0.07840000092983246, 0.07729999721050262, 0.07959999889135361, 0.1468999981880188, 0.16680000722408295, 0.12489999830722809, 0.19910000264644623, 0.21320000290870667, 0.16519999504089355, 0.10819999873638153, 0.12970000505447388, 0.14710000157356262, 0.17299999296665192, 0.1834000051021576, 0.15119999647140503, -1.0, -1.0, -1.0], "alert_name": null,