{"mjd": [59093.232772, 59097.227432, 59102.199022, 59097.232849, 59102.203582, 59097.236781, 59102.208125], "magerr": [-1.0, -1.0, -1.0, -1.0, -1.0, -1.0, 0.14658060669898987], "alert_name": null, "observatory": ["Liam Hardy pt5m", "Liam Hardy pt5m", "Liam Hardy pt5m", "Liam Hardy pt5m", "Liam Hardy pt5m", "Liam Hardy pt5m", "Liam Hardy pt5m"], "caliberr": [0.27834799885749817, 0.10366187989711761, 0.15509547293186188, 0.02996527962386608, 0.010000001639127731, 0.05465453490614891, 0.041959624737501144], "mag": [18.52434730529785, 18.12506675720215, 18.164945602416992, 18.877809524536133, 18.520355224609375, 18.869779586791992, 18.592609405517578], "catalog": ["APASS", "APASS", "APASS", "APASS", "APASS", "APASS", "APASS"], "filter": ["B", "B", "B", "V", "V", "r", "r"], "id": [197913, 198330, 198798, 198331, 198799, 198332, 198800]}