{"mjd": [59444.042515, 59445.014795, 59445.019348, 59441.81722896, 59450.0466536, 59451.04994644, 59459.83492906, 59459.99240015, 59460.99444296, 59441.81087479, 59450.04029942, 59451.04359228, 59459.82857491, 59459.98604383, 59460.9880888, 59441.8236181, 59450.05304248, 59451.05633532, 59459.8413184, 59459.99878904, 59461.00083237], "magerr": [0.03030134178698063, 0.021688606590032578, 0.009219782426953316, 0.004100000020116568, 0.02329999953508377, 0.014399999752640724, 0.004999999888241291, 0.006099999882280827, 0.0052999998442828655, 0.004399999976158142, 0.018400000408291817, 0.01140000019222498, 0.006800000090152025, 0.005400000140070915, 0.0052999998442828655, 0.0044999998062849045, 0.017999999225139618, 0.011800000444054604, 0.00800000037997961, 0.060100000351667404, 0.008999999612569809], "alert_name": null, "observatory": ["Liam Hardy pt5m", "Liam Hardy pt5m", "Liam Hardy pt5m", "Moletai0.35-Erika Pa", "Moletai0.35-Erika Pa", "Moletai0.35-Erika Pa", "Moletai0.35-Erika Pa", "Moletai0.35-Erika Pa", "Moletai0.35-Erika Pa", "Moletai0.35-Erika Pa", "Moletai0.35-Erika Pa", "Moletai0.35-Erika Pa", "Moletai0.35-Erika Pa", "Moletai0.35-Erika Pa", "Moletai0.35-Erika Pa", "Moletai0.35-Erika Pa", "Moletai0.35-Erika Pa", "Moletai0.35-Erika Pa", "Moletai0.35-Erika Pa", "Moletai0.35-Erika Pa", "Moletai0.35-Erika Pa"], "caliberr": [0.06274127960205078, 0.06179844215512276, 0.0621366910636425, 0.08342057466506958, 0.13034899532794952, 0.11024317145347595, 0.08286212384700775, 0.07880476862192154, 0.08236115425825119, 0.07821011543273926, 0.09702078998088837, 0.06741008162498474, 0.058392900973558426, 0.06570000946521759, 0.06885011494159698, 0.11820785701274872, 0.16810961067676544, 0.1347801685333252, 0.12099497020244598, 0.19873134791851044, 0.12056510150432587], "mag": [15.202198028564453, 15.329099655151367, 14.64101791381836, 14.425372123718262, 14.826297760009766, 14.859289169311523, 15.233403205871582, 15.228577613830566, 15.251439094543457, 14.22430419921875, 14.596354484558105, 14.677057266235352, 15.024922370910645, 15.019657135009766, 15.040651321411133, 14.029870986938477, 14.40762710571289, 14.46103572845459, 14.804486274719238, 13.834518432617188, 14.834310531616211], "catalog": ["APASS", "APASS", "APASS", "APASS", "APASS", "APASS", "APASS", "APASS", "APASS", "APASS", "APASS", "APASS", "APASS", "APASS", "APASS", "APASS", "APASS", "APASS", "APASS", "APASS", "APASS"], "filter": ["B", "B", "V", "V", "V", "V", "V", "V", "V", "r", "r", "r", "r", "r", "r", "i", "i", "i", "i", "i", "i"], "id": [231474, 231523, 231524, 231845, 232467, 232140, 232556, 232557, 232607, 231844, 232466, 232139, 232554, 232555, 232606, 231843, 232465, 232138, 232552, 232553, 232605]}