{"mjd": [58304.991359, 58314.025547, 58304.980957, 58314.016472, 58319.977136, 58304.985506, 58314.021015, 58319.981679], "magerr": [0.08320675045251846, 0.06847197562456131, -1.0, -1.0, -1.0, -1.0, -1.0, -1.0], "alert_name": null, "observatory": ["Liam Hardy pt5m", "Liam Hardy pt5m", "Liam Hardy pt5m", "Liam Hardy pt5m", "Liam Hardy pt5m", "Liam Hardy pt5m", "Liam Hardy pt5m", "Liam Hardy pt5m"], "caliberr": [0.13094143569469452, 0.11050838977098465, 0.02091139741241932, 0.05899808928370476, 0.08706079423427582, 0.05158192664384842, 0.037556860595941544, 0.024625854566693306], "mag": [18.325952529907227, 18.49051856994629, 18.873146057128906, 19.292394638061523, 19.277103424072266, 19.203102111816406, 19.60170555114746, 19.452924728393555], "catalog": ["SDSS", "SDSS", "APASS", "APASS", "APASS", "APASS", "APASS", "APASS"], "filter": ["R", "R", "B", "B", "B", "V", "V", "V"], "id": [107928, 114075, 107926, 114073, 115351, 107927, 114074, 115352]}