{"mjd": [58417.3767581, 58419.3412581, 58419.3441088, 58423.35443866, 58423.35729051, 58425.35171528, 58425.35457523, 58427.33652893, 58427.33938773, 58427.34758102, 58427.35043866, 58429.34575463, 58429.34861458, 58431.33294444, 58431.33580208, 58433.35832986, 58435.33381134, 58435.33666204, 58437.32533449, 58437.32818403, 58439.34614583, 58439.34900463, 58439.35724421, 58439.36010185, 58441.33763889, 58441.34049884, 58443.35259375, 58443.35544444, 58446.33465856, 58446.3375081, 58448.34848032, 58448.35133796, 58450.33752431, 58450.34142477, 58453.32503819, 58453.32893634, 58456.3023206, 58459.31769792, 58459.32159722, 58462.31149421, 58462.31539468, 58465.3044375, 58465.30833912, 58468.3208125, 58468.32471181, 58471.29439005, 58471.29828125, 58474.28008102, 58474.28397222, 58479.3005081, 58479.30440162, 58484.29039236, 58484.29429167, 58487.31328009, 58487.31717014, 58490.26124074, 58490.26513194, 58493.29926157, 58493.30316088, 58497.29116551, 58497.29506829, 58500.26473611, 58500.26863657, 58504.25724884, 58504.2611412, 58506.28203819, 58506.2859294, 58417.37143403, 58417.3739456, 58419.33844097, 58423.3491169, 58423.35162037, 58425.3463912, 58425.34889583, 58427.33120602, 58427.33371644, 58427.3422581, 58427.34476852, 58429.34042824, 58429.34293403, 58431.32762153, 58431.33013194, 58433.3555162, 58435.32849074, 58435.33099306, 58437.32001389, 58437.3225162, 58439.34082407, 58439.34333449, 58439.35192014, 58439.35443056, 58441.33231366, 58441.33482755, 58443.34726852, 58443.34977315, 58446.32933796, 58446.33184028, 58448.34315625, 58448.34566782, 58450.32960301, 58450.33350232, 58453.31711458, 58456.29439815, 58456.29829977, 58459.30977546, 58459.31367477, 58462.30357292, 58462.30747222, 58465.29651273, 58465.30041551, 58468.31288773, 58468.31678704, 58471.28646875, 58471.29035995, 58474.27215741, 58474.27604977, 58484.28246875, 58484.2863669, 58487.30536111, 58487.30925116, 58490.25331944, 58490.25722222, 58493.29133796, 58493.29523843, 58497.28324074, 58497.28714236, 58500.25681597, 58500.26071643, 58504.24932639, 58504.25321991, 58504.26533449, 58504.26922801, 58506.27411806], "magerr": [0.12200000137090683, 0.06620000302791595, 0.06199999898672104, 0.03959999978542328, 0.04569999873638153, 0.03669999912381172, 0.036400001496076584, 0.033900000154972076, 0.03790000081062317, 0.041200000792741776, 0.03590000048279762, 0.03889999911189079, 0.04529999941587448, 0.03400000184774399, 0.035100001841783524, 0.1071000024676323, 0.0544000007212162, 0.05559999868273735, 0.0348999984562397, 0.029200000688433647, 0.035100001841783524, 0.03909999877214432, 0.047200001776218414, 0.06469999998807907, 0.026399999856948853, 0.02879999950528145, 0.06369999796152115, 0.05249999836087227, 0.08649999648332596, 0.08760000020265579, 0.061400000005960464, 0.06599999964237213, 0.03310000151395798, 0.03290000185370445, 0.03240000084042549, 0.028699999675154686, 0.06780000030994415, 0.034299999475479126, 0.03590000048279762, 0.033900000154972076, 0.03920000046491623, 0.03449999913573265, 0.04010000079870224, 0.03880000114440918, 0.03269999846816063, 0.042100001126527786, 0.04520000144839287, 0.09139999747276306, 0.09000000357627869, 0.052799999713897705, 0.03929999843239784, 0.03680000081658363, 0.03610000014305115, 0.03269999846816063, 0.03139999881386757, 0.049400001764297485, 0.052400000393390656, 0.039900001138448715, 0.0348999984562397, 0.1729000061750412, 0.09179999679327011, 0.058800000697374344, 0.06889999657869339, 0.03720000013709068, 0.04039999842643738, 0.07989999651908875, 0.08219999819993973, 0.04820000007748604, 0.04580000042915344, 0.04639999940991402, 0.026599999517202377, 0.028200000524520874, 0.027400000020861626, 0.02410000003874302, 0.026599999517202377, 0.02500000037252903, 0.03280000016093254, 0.027300000190734863, 0.028599999845027924, 0.03060000017285347, 0.0272000003606081, 0.02319999970495701, 0.06360000371932983, 0.052000001072883606, 0.03350000083446503, 0.024399999529123306, 0.023900000378489494, 0.026900000870227814, 0.02459999918937683, 0.029899999499320984, 0.02969999983906746, 0.020800000056624413, 0.02319999970495701, 0.02669999934732914, 0.03180000185966492, 0.03720000013709068, 0.03440000116825104, 0.031700000166893005, 0.03269999846816063, 0.020899999886751175, 0.02250000089406967, 0.02419999986886978, 0.16140000522136688, 0.030799999833106995, 0.024000000208616257, 0.024700000882148743, 0.02329999953508377, 0.0210999995470047, 0.030300000682473183, 0.0284000001847744, 0.023600000888109207, 0.026100000366568565, 0.03220000118017197, 0.030500000342726707, 0.037700001150369644, 0.04230000078678131, 0.025200000032782555, 0.025599999353289604, 0.02850000001490116, 0.02329999953508377, 0.0364999994635582, 0.0340999998152256, 0.02290000021457672, 0.029500000178813934, 0.1574999988079071, 0.17980000376701355, 0.052400000393390656, 0.04129999876022339, 0.024299999698996544, 0.023399999365210533, 0.02669999934732914, 0.03150000050663948, 0.033900000154972076], "alert_name": null,