{"mjd": [57842.3999058, 57844.3542748], "magerr": [0.006399999838322401, 0.007000000216066837], "alert_name": null, "observatory": ["Euler Geneva Group", "Euler Geneva Group"], "caliberr": [0.151978000998497, 0.16650700569152832], "mag": [17.828100204467773, 17.851499557495117], "catalog": ["APASS", "APASS"], "filter": ["r", "r"], "id": [69139, 69140]}