{"mjd": [58727.947944, 58727.951802, 58727.957288], "magerr": [-1.0, 0.13467499613761902, 0.05956070125102997], "alert_name": null, "observatory": ["Liam Hardy pt5m", "Liam Hardy pt5m", "Liam Hardy pt5m"], "caliberr": [0.06158849969506264, 0.3746519982814789, 0.09345249831676483], "mag": [19.657499313354492, 18.17690086364746, 17.51289939880371], "catalog": ["APASS", "APASS", "APASS"], "filter": ["B", "V", "r"], "id": [163776, 163777, 163778]}