{"mjd": [58866.284195, 58890.257076, 58866.287234, 58890.262443, 58890.266991], "magerr": [-1.0, -1.0, -1.0, -1.0, 0.08659223467111588], "alert_name": null, "observatory": ["Liam Hardy pt5m", "Liam Hardy pt5m", "Liam Hardy pt5m", "Liam Hardy pt5m", "Liam Hardy pt5m"], "caliberr": [0.11228325963020325, 0.08989695459604263, 0.09962944686412811, 0.06570839136838913, 0.04758887365460396], "mag": [19.38727569580078, 18.481626510620117, 18.683168411254883, 19.249521255493164, 18.130268096923828], "catalog": ["APASS", "APASS", "APASS", "APASS", "APASS"], "filter": ["B", "B", "V", "V", "r"], "id": [175692, 177489, 175693, 177490, 177491]}