{"mjd": [58430.0967618, 58424.0814848, 58425.0858858, 58425.0895913, 58426.0666858, 58426.0703754, 58427.0680861, 58428.0842828, 58428.0879699, 58429.0842894, 58429.0879711, 58430.0820131, 58430.0856554, 58430.0893567, 58424.1111165, 58424.1148222, 58424.1185317, 58425.1155144, 58425.1192158, 58426.0963158, 58426.1000039, 58426.1037091, 58427.1013962, 58428.1175994, 58429.1175994, 58429.1212996, 58430.1152859, 58430.1189844, 58430.1227012, 58424.0777853, 58424.0851882, 58429.1139098, 58425.1044027, 58425.108106, 58426.0851885, 58426.0888933, 58426.0925975, 58427.0977041, 58429.0990907, 58430.0930737, 58430.1041723, 58430.1078918, 58430.1115766, 58425.0970103, 58425.100698, 58426.0740794, 58426.0777826, 58426.0815017, 58427.0939861, 58428.0916696, 58428.0953757, 58429.0916727, 58429.0953751], "magerr": [0.04410000145435333, -1.0, 0.09220000356435776, 0.04560000076889992, -1.0, 0.10779999941587448, 0.10939999669790268, 0.04809999838471413, 0.04529999941587448, 0.052000001072883606, 0.06040000170469284, 0.05180000141263008, 0.04899999871850014, 0.057999998331069946, 0.10930000245571136, -1.0, -1.0, 0.04100000113248825, 0.02879999950528145, 0.05849999934434891, 0.04830000177025795, 0.03669999912381172, 0.03720000013709068, 0.024900000542402267, 0.023499999195337296, 0.02199999988079071, 0.02630000002682209, 0.030700000002980232, 0.029200000688433647, -1.0, -1.0, 0.03709999844431877, 0.03519999980926514, 0.02669999934732914, 0.0272000003606081, 0.039799999445676804, 0.02459999918937683, 0.030300000682473183, 0.093299999833107, 0.04830000177025795, 0.0284000001847744, 0.025200000032782555, 0.02500000037252903, 0.14180000126361847, 0.39989998936653137, 0.12300000339746475, 0.07320000231266022, 0.046799998730421066, 0.051100000739097595, 0.037300001829862595, 0.04769999906420708, 0.0494999997317791, 0.035100001841783524], "alert_name": null, "observatory": ["T60-Umut Burgaz", "T60-Umut Burgaz", "T60-Umut Burgaz", "T60-Umut Burgaz", "T60-Umut Burgaz", "T60-Umut Burgaz", "T60-Umut Burgaz", "T60-Umut Burgaz", "T60-Umut Burgaz", "T60-Umut Burgaz", "T60-Umut Burgaz", "T60-Umut Burgaz", "T60-Umut Burgaz", "T60-Umut Burgaz", "T60-Umut Burgaz", "T60-Umut Burgaz", "T60-Umut Burgaz", "T60-Umut Burgaz", "T60-Umut Burgaz", "T60-Umut Burgaz", "T60-Umut Burgaz", "T60-Umut Burgaz", "T60-Umut Burgaz", "T60-Umut Burgaz", "T60-Umut Burgaz", "T60-Umut Burgaz", "T60-Umut Burgaz", "T60-Umut Burgaz", "T60-Umut Burgaz", "T60-Umut Burgaz", "T60-Umut Burgaz", "T60-Umut Burgaz", "T60-Umut Burgaz", "T60-Umut Burgaz", "T60-Umut Burgaz", "T60-Umut Burgaz", "T60-Umut Burgaz", "T60-Umut Burgaz", "T60-Umut Burgaz", "T60-Umut Burgaz", "T60-Umut Burgaz", "T60-Umut Burgaz", "T60-Umut Burgaz", "T60-Umut Burgaz", "T60-Umut Burgaz", "T60-Umut Burgaz", "T60-Umut Burgaz", "T60-Umut Burgaz", "T60-Umut Burgaz", "T60-Umut Burgaz", "T60-Umut Burgaz", "T60-Umut Burgaz", "T60-Umut Burgaz"], "caliberr": [0.42468592524528503, 0.3451646864414215, 0.4877244234085083, 0.4203644096851349, 0.26411527395248413, 0.16885313391685486, 0.1549014449119568, 0.05665144324302673, 0.05573193356394768, 0.06874183565378189, 0.06934992223978043, 0.024720706045627594, 0.07013659179210663, 0.3848279118537903, 0.12968187034130096, 0.18383534252643585, 0.2663414776325226, 0.13977892696857452, 0.10609792172908783, 0.07761364430189133, 0.06872844696044922, 0.081554114818573, 0.08391592651605606, 0.06976056843996048, 0.07310595363378525, 0.07129895687103271, 0.06522327661514282, 0.06316005438566208, 0.050316084176301956, 0.1955401450395584, 0.28003016114234924, 0.20211286842823029, 0.07143808156251907, 0.08635085821151733, 0.05187235027551651, 0.06046917289495468, 0.03114299848675728, 0.039321478456258774, 0.23722918331623077, 0.32073774933815, 0.04780145362019539, 0.04887034744024277, 0.05182727426290512, 0.364356130361557, 0.23607105016708374, 0.060432396829128265, 0.09687695652246475, 0.06628219783306122, 0.056660450994968414, 0.07452193647623062, 0.0752210021018982, 0.10752364248037338, 0.07208088785409927], "mag": [16.557029724121094, 17.696304321289062, 17.92167854309082, 17.2375545501709, 19.529991149902344, 17.922758102416992, 17.941774368286133, 17.834213256835938, 17.681886672973633, 17.927471160888672, 18.045759201049805, 17.831775665283203, 17.811037063598633, 17.47170639038086, 17.511425018310547, 18.340961456298828, 18.649599075317383, 17.692365646362305, 17.460540771484375, 17.257081985473633, 17.84817886352539, 17.695011138916016, 17.443931579589844, 17.51191520690918, 17.398502349853516, 17.446786880493164, 17.500041961669922, 17.51205825805664, 17.554452896118164, 17.585254669189453, 17.338642120361328, 17.6656494140625, 17.735795974731445, 17.416221618652344, 17.42357635498047, 17.586498260498047, 17.464380264282227, 17.38286018371582, 17.710968017578125, 17.63263511657715, 17.441598892211914, 17.503747940063477, 17.345617294311523, 18.5355281829834, 19.58477020263672, 18.584962844848633, 17.584205627441406, 17.453046798706055, 17.578582763671875, 17.38176155090332, 17.5576171875, 17.46607780456543, 17.414752960205078], "catalog": ["USNO", "APASS", "APASS", "APASS", "APASS", "APASS", "APASS", "APASS", "APASS", "APASS", "APASS", "APASS", "APASS", "APASS", "APASS", "APASS", "APASS", "APASS", "APASS", "APASS", "APASS", "APASS", "APASS", "APASS", "APASS", "APASS", "APASS", "APASS", "APASS", "APASS", "APASS", "APASS", "APASS", "APASS", "APASS", "APASS", "APASS", "APASS", "APASS", "APASS", "APASS", "APASS", "APASS", "APASS", "APASS", "APASS", "APASS", "APASS", "APASS", "APASS", "APASS", "APASS", "APASS"], "filter": ["Ipg", "B", "B", "B", "B", "B", "B", "B", "B", "B", "B", "B", "B", "B", "V", "V", "V", "V", "V", "V", "V", "V", "V", "V", "V", "V", "V", "V", "V", "g", "g", "g", "r", "r", "r", "r", "r", "r", "r", "r", "r", "r", "r", "i", "i", "i", "i", "i", "i", "i", "i", "i", "i"], "id": [126045, 125458, 125463, 125464, 125471, 125472, 126024, 126028, 126029, 126033, 126034, 126041, 126042, 126043, 125460, 125461, 125462, 125469, 125470, 125479, 125480, 125481, 126027, 126032, 126039, 126040, 126049, 126050, 126051, 125457, 125459, 126038, 125467, 125468, 125476, 125477, 125478, 126026, 126037, 126044, 126046, 126047, 126048, 125465, 125466, 125473, 125474, 125475, 126025, 126030, 126031, 126035, 126036]}