{"mjd": [59287.039066, 59287.043617, 59287.047407], "magerr": [-1.0, -1.0, -1.0], "alert_name": null, "observatory": ["Liam Hardy pt5m", "Liam Hardy pt5m", "Liam Hardy pt5m"], "caliberr": [0.17485086619853973, 0.03614481911063194, 0.10564035177230835], "mag": [18.35643196105957, 18.39059829711914, 19.12727165222168], "catalog": ["APASS", "APASS", "APASS"], "filter": ["B", "V", "r"], "id": [213936, 213937, 213938]}