{"mjd": [57441.785252, 57441.792396, 57441.799539], "magerr": [-1.0, -1.0, -1.0], "alert_name": null, "observatory": ["OmicronC2PU JPRivet", "OmicronC2PU JPRivet", "OmicronC2PU JPRivet"], "caliberr": [0.0758216604590416, 0.09681902825832367, 0.08065386861562729], "mag": [22.418169021606445, 22.297828674316406, 22.296295166015625], "catalog": ["APASS", "APASS", "APASS"], "filter": ["r", "r", "r"], "id": [26827, 26828, 26829]}