{"mjd": [58371.052221, 58385.019627, 58371.04237, 58385.010498, 58371.046914, 58385.015065, 58367.049349, 58367.053758, 58367.051558, 58367.053758, 58367.055958, 58372.870432, 58372.88315, 58372.890244, 58372.897336, 58369.87793028, 58370.95423094, 58369.87458325, 58370.95073414, 58369.87178549, 58369.88218237, 58370.94834039, 58370.95873471, 58372.91892842, 58373.8648437, 58376.84070846, 58377.83877772, 58378.83000318, 58379.86714932, 58380.85126608, 58381.83356691, 58386.92088064, 58387.91113046, 58388.82268183, 58390.86319372, 58391.85394927, 58395.89391972, 58396.85223808, 58399.80633464, 58400.79603537, 58401.79462149, 58402.881388, 58403.81766742, 58404.81526097, 58405.80796433, 58406.83621329, 58407.80521153, 58408.80377266, 58409.78934737, 58412.8541764, 58422.7864395, 58428.78321264, 58430.75188083, 58436.81214532, 58437.74422616, 58438.74328088, 58438.75430695, 58439.74249553, 58441.7411793, 58541.18455807, 58592.05477382, 58593.0565903, 58370.77929282, 58370.78210068, 58370.81337041, 58370.84746069, 58370.78500229, 58370.78781134, 58370.79062039, 58370.82189125, 58370.79352194, 58370.79633099, 58370.79914004, 58370.82761222, 58370.86449885, 58370.80204171, 58370.80765861, 58370.83894092, 58370.87020832, 58370.87582636], "magerr": [0.06394799798727036, 0.10309600085020065, -1.0, 0.15281599760055542, 0.12000299990177155, 0.11294999718666077, -1.0, -1.0, -1.0, -1.0, -1.0, 0.015799999237060547, 0.012199999764561653, 0.014000000432133675, 0.015699999406933784, 0.0843999981880188, 0.16329999268054962, 0.059300001710653305, 0.16419999301433563, 0.05550000071525574, 0.09950000047683716, 0.05939999967813492, 0.11410000175237656, 0.05429999902844429, 0.0478999987244606, 0.05689999833703041, 0.08340000361204147, 0.2046000063419342, 0.05889999866485596, 0.07530000060796738, 0.062300000339746475, 0.08229999989271164, 0.05820000171661377, 0.04650000110268593, 0.05270000174641609, 0.049300000071525574, 0.08699999749660492, 0.06610000133514404, 0.06379999965429306, 0.07029999792575836, 0.06310000270605087, 0.07890000194311142, 0.05900000035762787, 0.05920000001788139, 0.06539999693632126, 0.1565999984741211, 0.07509999722242355, 0.09700000286102295, -1.0, -1.0, 0.14270000159740448, -1.0, -1.0, 0.06390000134706497, 0.09860000014305115, -1.0, 0.08780000358819962, 0.08500000089406967, -1.0, -1.0, -1.0, -1.0, 0.020600000396370888, 0.02019999921321869, 0.01640000008046627, 0.017400000244379044, 0.013700000010430813, 0.01679999940097332, 0.015200000256299973, 0.01549999974668026, 0.013399999588727951, 0.01510000042617321, 0.01600000075995922, 0.01510000042617321, 0.01720000058412552, 0.01810000091791153, 0.015599999576807022, 0.018400000408291817, 0.024700000882148743, 0.023399999365210533], "alert_name": null, "observatory": ["Liam Hardy pt5m", "Liam Hardy pt5m", "Liam Hardy pt5m", "Liam Hardy pt5m", "Liam Hardy pt5m", "Liam Hardy pt5m", "Liam Hardy pt5m", "Liam Hardy pt5m", "Liam Hardy pt5m", "Liam Hardy pt5m", "Liam Hardy pt5m", "OmicronC2PU JPRivet", "OmicronC2PU JPRivet", "OmicronC2PU JPRivet", "OmicronC2PU JPRivet", "OndrejovD50, Martin ", "OndrejovD50, Martin ", "OndrejovD50, Martin ", "OndrejovD50, Martin ", "OndrejovD50, Martin ", "OndrejovD50, Martin ", "OndrejovD50, Martin ", "OndrejovD50, Martin ", "OndrejovD50, Martin ", "OndrejovD50, Martin ", "OndrejovD50, Martin ", "OndrejovD50, Martin ", "OndrejovD50, Martin ", "OndrejovD50, Martin ", "OndrejovD50, Martin ", "OndrejovD50, Martin ", "OndrejovD50, Martin ", "OndrejovD50, Martin ", "OndrejovD50, Martin ", "OndrejovD50, Martin ", "OndrejovD50, Martin ", "OndrejovD50, Martin ", "OndrejovD50, Martin ", "OndrejovD50, Martin ", "OndrejovD50, Martin ", "OndrejovD50, Martin ", "OndrejovD50, Martin ", "OndrejovD50, Martin ", "OndrejovD50, Martin ", "OndrejovD50, Martin ", "OndrejovD50, Martin ", "OndrejovD50, Martin ", "OndrejovD50, Martin ", "OndrejovD50, Martin ", "OndrejovD50, Martin ", "OndrejovD50, Martin ", "OndrejovD50, Martin ", "OndrejovD50, Martin ", "OndrejovD50, Martin ", "OndrejovD50, Martin ", "OndrejovD50, Martin ", "OndrejovD50, Martin ", "OndrejovD50, Martin ", "OndrejovD50, Martin ", "OndrejovD50, Martin ", "OndrejovD50, Martin ", "OndrejovD50, Martin ", "Moletai1.65-Pawel Zi", "Moletai1.65-Pawel Zi", "Moletai1.65-Pawel Zi", "Moletai1.65-Pawel Zi", "Moletai1.65-Pawel Zi", "Moletai1.65-Pawel Zi", "Moletai1.65-Pawel Zi", "Moletai1.65-Pawel Zi", "Moletai1.65-Pawel Zi", "Moletai1.65-Pawel Zi", "Moletai1.65-Pawel Zi", "Moletai1.65-Pawel Zi", "Moletai1.65-Pawel Zi", "Moletai1.65-Pawel Zi", "Moletai1.65-Pawel Zi", "Moletai1.65-Pawel Zi", "Moletai1.65-Pawel Zi", "Moletai1.65-Pawel Zi"], "caliberr": [0.2747650146484375, 0.28494900465011597, 0.08126939833164215, 0.14479799568653107, 0.09962169826030731, 0.11320199817419052, 0.4589099884033203, 0.32345500588417053, 0.36362800002098083, 0.34345000982284546, 0.3204199969768524, 0.15251299738883972, 0.1613290011882782, 0.17063400149345398, 0.16249999403953552, 0.0911312997341156, 0.07585400342941284, 0.055356599390506744, 0.0703577995300293, 0.06342879682779312, 0.302717000246048, 0.061844900250434875, 0.349837988615036, 0.06325399875640869, 0.08129730075597763, 0.06488849967718124, 0.05698059871792793, 0.06605610251426697, 0.06781940162181854, 0.07819990068674088, 0.06559550017118454, 0.05891089886426926, 0.07917190343141556, 0.080240897834301, 0.0640638992190361, 0.06815720349550247, 0.06825710088014603, 0.08031799644231796, 0.0767936035990715, 0.07140249758958817, 0.07423509657382965, 0.07123889774084091, 0.07409270107746124, 0.07752230018377304, 0.07397379726171494, 0.05999530106782913, 0.06713789701461792, 0.061986200511455536, 0.06005270034074783, 0.059747401624917984, 0.07161439955234528, 0.0808527022600174, 0.1022069975733757, 0.08123929798603058, 0.07172229886054993, 0.06403999775648117, 0.07151459902524948, 0.07904449850320816, 0.1762309968471527, 0.07694529742002487, 0.0692157968878746, 0.06345629692077637, 0.14144299924373627, 0.25287699699401855, 0.15760600566864014, 0.17862200736999512, 0.10076099634170532, 0.10193599760532379, 0.10918799787759781, 0.1028359979391098, 0.0724748969078064, 0.06371989846229553, 0.06867430359125137, 0.06992720067501068, 0.08344080299139023, 0.22482100129127502, 0.23840400576591492, 0.21632300317287445, 0.21971799433231354, 0.21213500201702118], "mag": [17.87350082397461, 17.529399871826172, 18.99690055847168, 18.025100708007812, 18.533899307250977, 17.904600143432617, 17.472900390625, 17.90530014038086, 17.48270034790039, 17.617900848388672, 16.718599319458008, 17.912099838256836, 18.025699615478516, 18.127500534057617, 18.296199798583984, 18.220800399780273, 18.31329917907715, 17.800500869750977, 17.957300186157227, 17.624900817871094, 17.938400268554688, 17.59910011291504, 17.67530059814453, 17.66189956665039, 17.38479995727539, 17.634899139404297, 17.701000213623047, 18.349300384521484, 17.82080078125, 17.940099716186523, 17.801799774169922, 17.720300674438477, 17.652999877929688, 17.641300201416016, 17.634199142456055, 17.654800415039062, 18.43239974975586, 17.88360023498535, 18.193500518798828, 17.898500442504883, 17.977399826049805, 18.312599182128906, 17.819400787353516, 17.745899200439453, 17.612300872802734, 18.265300750732422, 18.54640007019043, 18.27680015563965, 19.707700729370117, 20.36910057067871, 18.89620018005371, 20.787099838256836, 18.252099990844727, 18.038799285888672, 18.268299102783203, 19.03510093688965, 17.94339942932129, 18.02050018310547, 17.02899932861328, 19.86389923095703, 20.269800186157227, 20.45490074157715, 18.321500778198242, 18.15999984741211, 18.204700469970703, 18.343299865722656, 18.00510025024414, 18.07509994506836, 18.045400619506836, 18.025400161743164, 17.935400009155273, 17.947799682617188, 17.959999084472656, 18.019100189208984, 17.906700134277344, 17.658300399780273, 17.69569969177246, 17.608400344848633, 17.730899810791016, 17.81800079345703],