{"mjd": [58691.951116, 58700.962542, 58691.955674, 58700.967104, 58691.960231, 58700.972423], "magerr": [0.04503399878740311, 0.10020600259304047, 0.03023030050098896, 0.06565870344638824, 0.031080899760127068, 0.0484962984919548], "alert_name": null, "observatory": ["Liam Hardy pt5m", "Liam Hardy pt5m", "Liam Hardy pt5m", "Liam Hardy pt5m", "Liam Hardy pt5m", "Liam Hardy pt5m"], "caliberr": [0.13535599410533905, 0.1327960044145584, 0.11208099871873856, 0.1018190011382103, 0.10350599884986877, 0.08875449746847153], "mag": [17.959800720214844, 18.681299209594727, 17.476900100708008, 17.880800247192383, 17.66360092163086, 18.02079963684082], "catalog": ["APASS", "APASS", "APASS", "APASS", "APASS", "APASS"], "filter": ["B", "B", "V", "V", "r", "r"], "id": [160308, 161568, 160309, 161569, 160310, 161570]}