{"mjd": [58703.011289, 58709.980981, 58723.951636, 58703.015861, 58709.985551, 58723.956206, 58703.020438, 58709.990111, 58723.960791], "magerr": [0.04827243089675903, 0.06680449098348618, 0.059896476566791534, 0.013004306703805923, 0.018268242478370667, 0.011869779787957668, 0.006587507668882608, 0.02915745973587036, 0.005724404938519001], "alert_name": null, "observatory": ["Liam Hardy pt5m", "Liam Hardy pt5m", "Liam Hardy pt5m", "Liam Hardy pt5m", "Liam Hardy pt5m", "Liam Hardy pt5m", "Liam Hardy pt5m", "Liam Hardy pt5m", "Liam Hardy pt5m"], "caliberr": [0.05047517269849777, 0.06782282888889313, 0.06158428266644478, 0.05469246208667755, 0.08333321660757065, 0.056226395070552826, 0.10401395708322525, 0.12492015957832336, 0.10746975243091583], "mag": [17.59332847595215, 17.6733455657959, 17.691617965698242, 15.89726448059082, 15.866748809814453, 15.798965454101562, 15.076569557189941, 14.916828155517578, 14.949588775634766], "catalog": ["APASS", "APASS", "APASS", "APASS", "APASS", "APASS", "APASS", "APASS", "APASS"], "filter": ["B", "B", "B", "V", "V", "V", "r", "r", "r"], "id": [161776, 162356, 163381, 161777, 162357, 163382, 161778, 162358, 163383]}