{"mjd": [58927.6415473], "magerr": [0.0052999998442828655], "alert_name": null, "observatory": ["LCOGT2m, Etienne Bac"], "caliberr": [0.05262019857764244], "mag": [17.330699920654297], "catalog": ["APASS"], "filter": ["i"], "id": [185528]}