{"mjd": [58727.976746, 58727.981311, 58727.985889, 59020.01402894, 59020.01934606, 59020.02461227], "magerr": [-1.0, 0.14847752451896667, 0.04778539016842842, 0.09570000320672989, 0.04340000078082085, 0.045499999076128006], "alert_name": null, "observatory": ["Liam Hardy pt5m", "Liam Hardy pt5m", "Liam Hardy pt5m", "Loiano, Felice Cusan", "Loiano, Felice Cusan", "Loiano, Felice Cusan"], "caliberr": [0.20080944895744324, 0.21788015961647034, 0.24423709511756897, 0.15084944665431976, 0.15953800082206726, 0.3449100852012634], "mag": [19.61545753479004, 18.589860916137695, 17.099082946777344, 20.493375778198242, 19.406639099121094, 18.474687576293945], "catalog": ["APASS", "APASS", "APASS", "APASS", "APASS", "APASS"], "filter": ["B", "V", "r", "V", "r", "i"], "id": [163782, 163783, 163784, 193619, 193620, 193621]}