{"mjd": [59098.219951, 59094.215186, 59098.193564, 59094.23688, 59098.215351], "magerr": [-1.0, -1.0, -1.0, 0.1519239991903305, 0.13940399885177612], "alert_name": null, "observatory": ["Liam Hardy pt5m", "Liam Hardy pt5m", "Liam Hardy pt5m", "Liam Hardy pt5m", "Liam Hardy pt5m"], "caliberr": [0.19119499623775482, 0.03988970071077347, 0.07003259658813477, 0.05346649885177612, 0.0720662996172905], "mag": [19.52039909362793, 18.928699493408203, 18.7460994720459, 17.581499099731445, 17.799100875854492], "catalog": ["SDSS", "APASS", "APASS", "APASS", "APASS"], "filter": ["R", "B", "B", "V", "V"], "id": [198447, 197974, 198445, 197975, 198446]}