{"mjd": [59285.117136, 59299.002007, 59307.034999], "magerr": [0.035865068435668945, 0.1081622987985611, 0.056856669485569], "alert_name": null, "observatory": ["Liam Hardy pt5m", "Liam Hardy pt5m", "Liam Hardy pt5m"], "caliberr": [0.10901793837547302, 0.010000004433095455, 0.009999999776482582], "mag": [15.961115837097168, 16.964059829711914, 16.562210083007812], "catalog": ["SDSS", "APASS", "APASS"], "filter": ["R", "V", "V"], "id": [213849, 215875, 216838]}