{"mjd": [59081.065572, 59081.056453, 59081.061026], "magerr": [0.03812750056385994, -1.0, 0.07754340022802353], "alert_name": null, "observatory": ["Liam Hardy pt5m", "Liam Hardy pt5m", "Liam Hardy pt5m"], "caliberr": [0.1104929968714714, 0.0648128017783165, 0.009999999776482582], "mag": [17.683399200439453, 18.784500122070312, 18.08049964904785], "catalog": ["SDSS", "APASS", "APASS"], "filter": ["R", "B", "V"], "id": [196616, 196614, 196615]}