{"mjd": [59202.24705, 59202.248558], "magerr": [-1.0, -1.0], "alert_name": null, "observatory": ["Liam Hardy pt5m", "Liam Hardy pt5m"], "caliberr": [0.025172600522637367, 0.030368300154805183], "mag": [17.696399688720703, 18.002199172973633], "catalog": ["APASS", "APASS"], "filter": ["B", "B"], "id": [208796, 208797]}