{"mjd": [57497.9716842, 57498.9797168, 57499.9827349, 57504.9753155, 57507.9733762], "magerr": [0.019600000232458115, 0.0142000000923872, 0.015799999237060547, 0.007699999958276749, 0.009800000116229057], "alert_name": null, "observatory": ["Euler Geneva Group", "Euler Geneva Group", "Euler Geneva Group", "Euler Geneva Group", "Euler Geneva Group"], "caliberr": [0.06120974197983742, 0.041507355868816376, 0.04326792433857918, 0.047414008527994156, 0.043252263218164444], "mag": [18.647476196289062, 18.603904724121094, 18.538440704345703, 18.403593063354492, 18.42527961730957], "catalog": ["APASS", "APASS", "APASS", "APASS", "APASS"], "filter": ["r", "r", "r", "r", "r"], "id": [29247, 29248, 29249, 30231, 30390]}