{"mjd": [59241.088783, 59242.136696, 59241.082736], "magerr": [-1.0, 0.24609500169754028, 0.14897100627422333], "alert_name": null, "observatory": ["Liam Hardy pt5m", "Liam Hardy pt5m", "Liam Hardy pt5m"], "caliberr": [0.06880369782447815, 0.3295319974422455, 0.06001809984445572], "mag": [18.642000198364258, 18.140199661254883, 18.2367000579834], "catalog": ["SDSS", "SDSS", "APASS"], "filter": ["R", "R", "V"], "id": [212033, 212094, 212032]}