{"mjd": [58146.970641, 58146.975892, 58146.981143, 58146.986395, 58146.991646, 58146.996898, 58146.972122, 58146.977373, 58146.987876, 58146.993128, 58146.998379, 58146.97343, 58146.978682, 58146.983933, 58146.989184, 58146.994436, 58146.999687, 58146.974566, 58146.979817, 58146.985069, 58146.99032, 58146.995572, 58147.000822, 58882.0554933948, 58882.0554933948, 58882.0554933948, 58888.9578668918, 58915.9963462874], "magerr": [0.09799999743700027, 0.10750000178813934, 0.1136000007390976, 0.08550000190734863, 0.09009999781847, 0.0917000025510788, 0.06449999660253525, 0.0820000022649765, 0.07940000295639038, 0.07750000059604645, 0.0632999986410141, 0.06620000302791595, 0.0892999991774559, 0.0820000022649765, 0.0714000016450882, 0.07090000063180923, 0.0632999986410141, 0.11490000039339066, 0.11900000274181366, 0.08699999749660492, 0.09430000185966492, 0.09619999676942825, 0.09619999676942825, -1.0, -1.0, -1.0, -1.0, -1.0], "alert_name": null, "observatory": ["Terskol, Ukraine-Vir", "Terskol, Ukraine-Vir", "Terskol, Ukraine-Vir", "Terskol, Ukraine-Vir", "Terskol, Ukraine-Vir", "Terskol, Ukraine-Vir", "Terskol, Ukraine-Vir", "Terskol, Ukraine-Vir", "Terskol, Ukraine-Vir", "Terskol, Ukraine-Vir", "Terskol, Ukraine-Vir", "Terskol, Ukraine-Vir", "Terskol, Ukraine-Vir", "Terskol, Ukraine-Vir", "Terskol, Ukraine-Vir", "Terskol, Ukraine-Vir", "Terskol, Ukraine-Vir", "Terskol, Ukraine-Vir", "Terskol, Ukraine-Vir", "Terskol, Ukraine-Vir", "Terskol, Ukraine-Vir", "Terskol, Ukraine-Vir", "Terskol, Ukraine-Vir", "Adiyaman60, Michal Z", "Adiyaman60, Michal Z", "Adiyaman60, Michal Z", "Adiyaman60, Michal Z", "Adiyaman60, Michal Z"], "caliberr": [0.009999999776482582, 0.009999999776482582, 0.009999999776482582, 0.009999999776482582, 0.009999999776482582, 0.009999999776482582, 0.06288780272006989, 0.06953330338001251, 0.08702819794416428, 0.06179739907383919, 0.09016360342502594, 0.04319769889116287, 0.03731429949402809, 0.009999999776482582, 0.06967289745807648, 0.02276889979839325, 0.009999999776482582, 0.09683229774236679, 0.009999999776482582, 0.06355089694261551, 0.05681600049138069, 0.05753270164132118, 0.06803510338068008, 0.020058900117874146, 0.061059098690748215, 0.08387339860200882, 0.12554499506950378, 0.009999999776482582], "mag": [17.037200927734375, 16.959800720214844, 17.173999786376953, 17.06730079650879, 17.051799774169922, 16.872299194335938, 16.78730010986328, 16.66710090637207, 16.62689971923828, 16.53969955444336, 16.668500900268555, 16.981599807739258, 16.964799880981445, 17.02750015258789, 16.960100173950195, 16.70159912109375, 16.7903995513916, 17.64620018005371, 17.349899291992188, 16.998199462890625, 17.00469970703125, 17.04210090637207, 17.016199111938477, 21.14189910888672, 21.00200080871582, 20.886899948120117, 18.86090087890625, 19.52120018005371], "catalog": ["APASS", "APASS", "APASS", "APASS", "APASS", "APASS", "APASS", "APASS", "APASS", "APASS", "APASS", "APASS", "APASS", "APASS", "APASS", "APASS", "APASS", "APASS", "APASS", "APASS", "APASS", "APASS", "APASS", "APASS", "APASS", "APASS", "APASS", "APASS"], "filter": ["B", "B", "B", "B", "B", "B", "V", "V", "V", "V", "V", "r", "r", "r", "r", "r", "r", "i", "i", "i", "i", "i", "i", "g", "r", "i", "i", "i"], "id": [99369, 99363, 99365, 99366, 99367, 99368, 99360, 99370, 99371, 99372, 99373, 99380, 99381, 99382, 99383, 99384, 99385, 99374, 99375, 99376, 99377, 99378, 99379, 177017, 177019, 177018, 182025, 184654]}