{"mjd": [57957.9333333331, 57957.944409722, 57957.9554629629, 57957.9370486112, 57957.9480555556, 57957.9591550925, 57957.9407175924, 57957.9517013887, 57957.9628009261], "magerr": [0.05979999899864197, 0.07530000060796738, 0.0746999979019165, 0.05169999971985817, 0.04600000008940697, 0.057999998331069946, 0.1143999993801117, 0.06790000200271606, 0.09239999949932098], "alert_name": null, "observatory": ["Goran Damljanovic, A", "Goran Damljanovic, A", "Goran Damljanovic, A", "Goran Damljanovic, A", "Goran Damljanovic, A", "Goran Damljanovic, A", "Goran Damljanovic, A", "Goran Damljanovic, A", "Goran Damljanovic, A"], "caliberr": [0.0290949996560812, 0.030649300664663315, 0.030654899775981903, 0.022998299449682236, 0.020552199333906174, 0.09407269954681396, 0.46445798873901367, 0.02971320040524006, 0.06648779660463333], "mag": [18.652999877929688, 19.1072998046875, 18.893400192260742, 18.53059959411621, 18.443199157714844, 18.624500274658203, 18.725799560546875, 18.347000122070312, 18.15239906311035], "catalog": ["APASS", "APASS", "APASS", "APASS", "APASS", "APASS", "APASS", "APASS", "APASS"], "filter": ["V", "V", "V", "r", "r", "r", "i", "i", "i"], "id": [79520, 79516, 79515, 79522, 79519, 79518, 79523, 79517, 79521]}