{"mjd": [58916.93296, 58921.977876, 58921.954247, 58916.928416, 58921.973328], "magerr": [-1.0, 0.09767270088195801, -1.0, -1.0, -1.0], "alert_name": null, "observatory": ["Liam Hardy pt5m", "Liam Hardy pt5m", "Liam Hardy pt5m", "Liam Hardy pt5m", "Liam Hardy pt5m"], "caliberr": [0.3891719877719879, 0.15015000104904175, 0.08737640082836151, 0.1734600067138672, 0.051260098814964294], "mag": [17.87339973449707, 16.7268009185791, 16.817800521850586, 21.2450008392334, 16.79840087890625], "catalog": ["SDSS", "SDSS", "APASS", "APASS", "APASS"], "filter": ["R", "R", "B", "V", "V"], "id": [184478, 184905, 184903, 184477, 184904]}