{"mjd": [58812.921921, 58812.912789, 58812.917372], "magerr": [0.12703800201416016, -1.0, 0.12639999389648438], "alert_name": null, "observatory": ["Liam Hardy pt5m", "Liam Hardy pt5m", "Liam Hardy pt5m"], "caliberr": [0.11015699803829193, 0.10076700150966644, 0.07914599776268005], "mag": [18.229999542236328, 18.995100021362305, 18.155399322509766], "catalog": ["SDSS", "APASS", "APASS"], "filter": ["R", "B", "V"], "id": [173301, 173299, 173300]}