{"mjd": [57475.933783, 57475.940883, 57475.947983, 57508.0096928], "magerr": [0.012000000104308128, 0.011900000274181366, 0.011699999682605267, 0.04960000142455101], "alert_name": null, "observatory": ["OmicronC2PU JPRivet", "OmicronC2PU JPRivet", "OmicronC2PU JPRivet", "K.Wiersema-Leicester"], "caliberr": [0.10521934926509857, 0.09788966178894043, 0.11259239912033081, 0.11406323313713074], "mag": [17.21330451965332, 17.212871551513672, 17.159563064575195, 17.82242774963379], "catalog": ["APASS", "APASS", "APASS", "APASS"], "filter": ["r", "r", "r", "V"], "id": [29189, 29190, 29191, 30646]}