{"mjd": [58727.02104, 58727.025823, 58727.030374, 58756.801058, 58756.802944, 58756.80483, 58756.809948, 58756.811835, 58756.813721, 58749.75637, 58749.75055, 58749.76825, 58749.76224, 58747.765729167, 58747.7680671299, 58747.7704050937, 58747.7931018523, 58747.7954398151, 58747.7668634267, 58747.76920139, 58747.7715393524, 58764.77153, 58764.7826, 58764.79368, 58764.77521, 58764.78628, 58764.79737, 58764.7789, 58764.78997, 58764.80105], "magerr": [0.08148910105228424, 0.02026740089058876, 0.008132060058414936, 0.004999999888241291, 0.004699999932199717, 0.004600000102072954, 0.0044999998062849045, 0.004600000102072954, 0.004399999976158142, 0.045899998396635056, 0.02810000069439411, 0.030300000682473183, 0.019099999219179153, 0.007400000002235174, 0.008200000040233135, 0.007300000172108412, -1.0, -1.0, 0.0044999998062849045, 0.004699999932199717, 0.004399999976158142, 0.007799999788403511, 0.006399999838322401, 0.006500000134110451, 0.007000000216066837, 0.006500000134110451, 0.007600000128149986, 0.03060000017285347, 0.02930000051856041, 0.002899999963119626], "alert_name": null, "observatory": ["Liam Hardy pt5m", "Liam Hardy pt5m", "Liam Hardy pt5m", "OmicronC2PU JPRivet", "OmicronC2PU JPRivet", "OmicronC2PU JPRivet", "OmicronC2PU JPRivet", "OmicronC2PU JPRivet", "OmicronC2PU JPRivet", "Moletai0.35-Erika Pa", "Moletai0.35-Erika Pa", "Moletai0.35-Erika Pa", "Moletai0.35-Erika Pa", "Rozhen 0.6 Jochen He", "Rozhen 0.6 Jochen He", "Rozhen 0.6 Jochen He", "Rozhen 0.6 Jochen He", "Rozhen 0.6 Jochen He", "Rozhen 0.6 Jochen He", "Rozhen 0.6 Jochen He", "Rozhen 0.6 Jochen He", "Loiano, P.Mikolajczy", "Loiano, P.Mikolajczy", "Loiano, P.Mikolajczy", "Loiano, P.Mikolajczy", "Loiano, P.Mikolajczy", "Loiano, P.Mikolajczy", "Loiano, P.Mikolajczy", "Loiano, P.Mikolajczy", "Loiano, P.Mikolajczy"], "caliberr": [0.17700399458408356, 0.025671999901533127, 0.07736379653215408, 0.047468401491642, 0.051941901445388794, 0.04588640108704567, 0.048706598579883575, 0.044954899698495865, 0.04849980026483536, 0.06752710044384003, 0.08153799921274185, 0.08983950316905975, 0.17336200177669525, 0.09415020048618317, 0.08555389940738678, 0.10156500339508057, 0.09169770032167435, 0.0847925990819931, 0.1771640032529831, 0.1784520000219345, 0.18970200419425964, 0.06580069661140442, 0.06650099903345108, 0.06156960129737854, 0.05342650040984154, 0.06589999794960022, 0.06523720175027847, 0.3179830014705658, 0.3177179992198944, 0.15817399322986603], "mag": [18.330299377441406, 16.529699325561523, 15.584600448608398, 15.721500396728516, 15.706199645996094, 15.696700096130371, 15.705900192260742, 15.706500053405762, 15.69890022277832, 16.452899932861328, 15.628000259399414, 15.704899787902832, 14.428199768066406, 15.694499969482422, 15.718799591064453, 15.713600158691406, 19.20400047302246, 19.031099319458008, 14.516400337219238, 14.518500328063965, 14.509200096130371, 16.44809913635254, 16.467899322509766, 16.47559928894043, 15.5733003616333, 15.586999893188477, 15.597999572753906, 14.209799766540527, 14.202099800109863, 14.324399948120117], "catalog": ["APASS", "APASS", "APASS", "APASS", "APASS", "APASS", "APASS", "APASS", "APASS", "APASS", "APASS", "APASS", "APASS", "APASS", "APASS", "APASS", "APASS", "APASS", "APASS", "APASS", "APASS", "APASS", "APASS", "APASS", "APASS", "APASS", "APASS", "APASS", "APASS", "APASS"], "filter": ["B", "V", "r", "r", "r", "r", "r", "r", "r", "V", "r", "r", "i", "r", "r", "r", "r", "r", "i", "i", "i", "V", "V", "V", "r", "r", "r", "i", "i", "i"], "id": [163731, 163732, 163733, 169296, 169297, 169298, 169299, 169300, 169301, 170743, 170741, 170742, 170740, 171427, 171428, 171429, 171445, 171446, 171430, 171431, 171432, 171132, 171135, 171138, 171133, 171136, 171139, 171134, 171137, 171140]}