{"mjd": [58559.197343, 58566.120337, 58559.201905, 58566.173184, 58559.206472, 58566.177743], "magerr": [-1.0, -1.0, -1.0, -1.0, -1.0, -1.0], "alert_name": null, "observatory": ["Liam Hardy pt5m", "Liam Hardy pt5m", "Liam Hardy pt5m", "Liam Hardy pt5m", "Liam Hardy pt5m", "Liam Hardy pt5m"], "caliberr": [0.11645433306694031, 0.19418872892856598, 0.10080919414758682, 0.12290820479393005, 0.24027080833911896, 0.13660761713981628], "mag": [18.958824157714844, 18.954647064208984, 20.125102996826172, 18.466121673583984, 19.62837028503418, 19.90243148803711], "catalog": ["APASS", "APASS", "APASS", "APASS", "APASS", "APASS"], "filter": ["B", "B", "V", "V", "r", "r"], "id": [147588, 148222, 147589, 148223, 147590, 148224]}