{"mjd": [59241.025665, 59242.013027, 59241.01657, 59242.002405, 59241.021121, 59242.007727], "magerr": [-1.0, -1.0, -1.0, -1.0, -1.0, -1.0], "alert_name": null, "observatory": ["Liam Hardy pt5m", "Liam Hardy pt5m", "Liam Hardy pt5m", "Liam Hardy pt5m", "Liam Hardy pt5m", "Liam Hardy pt5m"], "caliberr": [0.24748846888542175, 0.18154402077198029, 0.042974524199962616, 0.04359077662229538, 0.05467122793197632, 0.10039341449737549], "mag": [18.75040054321289, 17.73621940612793, 18.51738739013672, 17.8707332611084, 18.80759048461914, 19.854665756225586], "catalog": ["SDSS", "SDSS", "APASS", "APASS", "APASS", "APASS"], "filter": ["R", "R", "B", "B", "V", "V"], "id": [212028, 212088, 212026, 212086, 212027, 212087]}