{"mjd": [58811.971003], "magerr": [-1.0], "alert_name": null, "observatory": ["Liam Hardy pt5m"], "caliberr": [0.17785899341106415], "mag": [15.130200386047363], "catalog": ["APASS"], "filter": ["B"], "id": [173242]}