{"mjd": [58731.970937], "magerr": [0.16949999332427979], "alert_name": null, "observatory": ["Lisnyky, Andrii Simo"], "caliberr": [0.06967949867248535], "mag": [19.8617000579834], "catalog": ["APASS"], "filter": ["r"], "id": [164320]}