{"mjd": [58428.260165], "magerr": [0.04256340116262436], "alert_name": null, "observatory": ["Liam Hardy pt5m"], "caliberr": [0.04835579916834831], "mag": [17.238100051879883], "catalog": ["APASS"], "filter": ["B"], "id": [125542]}