{"mjd": [59083.180572, 59095.201812, 59083.185922, 59095.206367, 59083.191215, 59088.230572, 59095.210917], "magerr": [-1.0, -1.0, -1.0, -1.0, -1.0, -1.0, -1.0], "alert_name": null, "observatory": ["Liam Hardy pt5m", "Liam Hardy pt5m", "Liam Hardy pt5m", "Liam Hardy pt5m", "Liam Hardy pt5m", "Liam Hardy pt5m", "Liam Hardy pt5m"], "caliberr": [0.09279529750347137, 0.0487200990319252, 0.08571179956197739, 0.05144859850406647, 0.28529301285743713, 0.1396999955177307, 0.05222409963607788], "mag": [15.906599998474121, 19.292299270629883, 16.486499786376953, 19.376800537109375, 16.993499755859375, 17.655899047851562, 19.514699935913086], "catalog": ["APASS", "APASS", "APASS", "APASS", "APASS", "APASS", "APASS"], "filter": ["B", "B", "V", "V", "r", "r", "r"], "id": [196880, 198163, 196881, 198164, 196882, 197681, 198165]}