{"mjd": [58235.045793], "magerr": [-1.0], "alert_name": null, "observatory": ["Liam Hardy pt5m"], "caliberr": [0.023455899208784103], "mag": [18.25079917907715], "catalog": ["APASS"], "filter": ["B"], "id": [104134]}