{"mjd": [58605.037958, 58605.042507], "magerr": [0.04921879991889, 0.03760330006480217], "alert_name": null, "observatory": ["Liam Hardy pt5m", "Liam Hardy pt5m"], "caliberr": [0.14189399778842926, 0.2585029900074005], "mag": [18.116600036621094, 17.915199279785156], "catalog": ["SDSS", "SDSS"], "filter": ["V", "R"], "id": [151461, 151462]}