{"mjd": [58711.175001, 58725.176666, 58711.178029, 58711.182574], "magerr": [-1.0, 0.08730249851942062, 0.13043400645256042, 0.11124199628829956], "alert_name": null, "observatory": ["Liam Hardy pt5m", "Liam Hardy pt5m", "Liam Hardy pt5m", "Liam Hardy pt5m"], "caliberr": [0.08818619698286057, 0.11219300329685211, 0.023769700899720192, 0.06481169909238815], "mag": [18.31920051574707, 18.237600326538086, 18.373600006103516, 18.596799850463867], "catalog": ["APASS", "APASS", "APASS", "APASS"], "filter": ["B", "B", "V", "r"], "id": [162480, 163519, 162481, 162482]}