{"mjd": [57073.16009259224, 57073.17550925912, 57073.16625000535, 57073.17858795821, 57073.15702547132, 57073.16935186089, 57073.18168981373, 57073.17243055998, 57073.18476851285, 57073.16317129135, 57073.18784721195, 57073.19092591108, 57105.0891515625, 57105.1010262037, 57105.06777928241, 57105.07852122685, 57085.1615061, 57085.1615061, 57085.1615061, 57082.731, 57113.681, 57082.735, 57082.733, 57117.66, 57121.725, 57113.678, 57117.656, 57121.721, 57113.684, 57117.662, 57121.727, 57073.43042201389, 57073.43200929398, 57073.43122231482, 57149.1791382, 57149.1817856, 57149.1860782, 57149.1900684, 57149.1791382, 57149.1817856, 57149.1860782, 57149.1900684, 57149.1791382, 57149.1817856, 57149.1860782, 57149.1900684], "magerr": [0.017899999395012856, 0.021700000390410423, -1.0, -1.0, 0.03880000114440918, 0.040300000458955765, -1.0, 0.019300000742077827, 0.03759999945759773, 0.020400000736117363, 0.04490000009536743, -1.0, 0.022099999710917473, 0.02419999986886978, 0.037300001829862595, 0.049800001084804535, -1.0, -1.0, 0.019099999219179153, -1.0, -1.0, -1.0, -1.0, -1.0, -1.0, -1.0, -1.0, -1.0, -1.0, -1.0, -1.0, 0.07569999992847443, 0.08169999718666077, -1.0, -1.0, -1.0, -1.0, -1.0, -1.0, -1.0, -1.0, -1.0, -1.0, 0.026900000870227814, -1.0, -1.0], "alert_name": null, "observatory": ["Goran Damljanovic, A", "Goran Damljanovic, A", "Goran Damljanovic, A", "Goran Damljanovic, A", "Goran Damljanovic, A", "Goran Damljanovic, A", "Goran Damljanovic, A", "Goran Damljanovic, A", "Goran Damljanovic, A", "Goran Damljanovic, A", "Goran Damljanovic, A", "Goran Damljanovic, A", "Werner Zeilinger, 1.", "Werner Zeilinger, 1.", "Werner Zeilinger, 1.", "Werner Zeilinger, 1.", "Heather Campbell", "Heather Campbell", "Heather Campbell", "Heather Campbell", "Heather Campbell", "Heather Campbell", "Heather Campbell", "Heather Campbell", "Heather Campbell", "Heather Campbell", "Heather Campbell", "Heather Campbell", "Heather Campbell", "Heather Campbell", "Heather Campbell", "Samantha Coffey", "Samantha Coffey", "Samantha Coffey", "Anna Hourihane", "Anna Hourihane", "Anna Hourihane", "Anna Hourihane", "Anna Hourihane", "Anna Hourihane", "Anna Hourihane", "Anna Hourihane", "Anna Hourihane", "Anna Hourihane", "Anna Hourihane", "Anna Hourihane"], "caliberr": [0.08884663879871368, 0.098640576004982, 0.10429432988166809, 0.10050155222415924, 0.06985018402338028, 0.07653668522834778, 0.07793747633695602, 0.07672860473394394, 0.08287918567657471, 0.09133173525333405, 0.08133264631032944, 0.09919983893632889, 0.4097970724105835, 0.13930532336235046, 0.06048515439033508, 0.07126075774431229, 0.4248807728290558, 0.2796342372894287, 0.18788829445838928, 0.010000001639127731, 0.009999999776482582, 0.020303821191191673, 0.06240961328148842, 0.043992020189762115, 0.031222183257341385, 0.021796569228172302, 0.020048806443810463, 0.02977345511317253, 0.049616362899541855, 0.05378112941980362, 0.056535959243774414, 0.17594699561595917, 0.15628403425216675, 0.17057150602340698, 0.14792898297309875, 0.08086138218641281, 0.06674128025770187, 0.0870824009180069, 0.07622914761304855, 0.08317328244447708, 0.07817323505878448, 0.08394905179738998, 0.08019071817398071, 0.07571352273225784, 0.07826559990644455, 0.0707152783870697], "mag": [18.17582130432129, 18.032642364501953, 18.796422958374023, 18.607646942138672, 18.6242733001709, 18.65536880493164, 18.808134078979492, 18.10478401184082, 18.046695709228516, 18.2015380859375, 18.20210075378418, 18.123035430908203, 17.15656089782715, 17.727388381958008, 18.43120765686035, 19.289012908935547, 24.946529388427734, 22.5351505279541, 17.397491455078125, 23.161659240722656, 22.736814498901367, 22.56232452392578, 22.279800415039062, 22.704240798950195, 22.91621971130371, 23.23209571838379, 22.889421463012695, 22.949464797973633, 23.009654998779297, 23.061107635498047, 22.933256149291992, 17.49500846862793, 17.229713439941406, 19.87479019165039, 18.05633544921875, 20.329849243164062, 20.718711853027344, 20.361040115356445, 19.44437599182129, 21.408130645751953, 21.365434646606445, 21.07223892211914, 23.430652618408203, 18.54623794555664, 26.089492797851562, 23.88370704650879], "catalog": ["SDSS", "SDSS", "SDSS", "SDSS", "APASS", "APASS", "APASS", "APASS", "APASS", "APASS", "APASS", "PS1", "SDSS", "SDSS", "PS1", "PS1", "SDSS", "SDSS", "SDSS", "APASS", "APASS", "APASS", "APASS", "PS1", "PS1", "PS1", "PS1", "PS1", "PS1", "PS1", "PS1", "SDSS", "SDSS", "SDSS", "SDSS", "SDSS", "SDSS", "SDSS", "SDSS", "SDSS", "SDSS", "SDSS", "SDSS", "SDSS", "SDSS", "SDSS"], "filter": ["V", "R", "I", "I", "B", "B", "B", "V", "V", "r", "r", "i", "r", "r", "r", "r", "u", "g", "r", "g", "g", "r", "i", "g", "g", "r", "r", "r", "i", "i", "i", "g", "r", "i", "u", "u", "u", "u", "g", "g", "g", "g", "r", "r", "r", "r"], "id": [16365, 16368, 16363, 16367, 16362, 16366, 16370, 16369, 16373, 16364, 16372, 16371, 17865, 17866, 17863, 17864, 16466, 16467, 16468, 22220, 21933, 22218, 22219, 21900, 21864, 21934, 21901, 21865, 21932, 21899, 21863, 16279, 16281, 16280, 20783, 20792, 20786, 20784, 20790, 20789, 20787, 20793, 20791, 20785, 20794, 20788]}