{"mjd": [57951.9210417, 57951.9309086, 57951.9407581, 57955.9068576, 57955.9167188, 57955.9265799, 57951.9177604, 57951.9276215, 57951.9374769, 57955.9035475, 57955.9134086, 57955.9232697, 57951.9144907, 57951.9243519, 57951.9342072, 57955.9003067, 57955.910162, 57955.9200231], "magerr": [0.14749999344348907, 0.163100004196167, 0.20970000326633453, 0.09589999914169312, 0.09269999712705612, 0.0828000009059906, 0.1559000015258789, 0.1873999983072281, 0.2529999911785126, 0.13819999992847443, 0.1160999983549118, 0.1347000002861023, 0.12110000103712082, 0.16930000483989716, 0.179299995303154, 0.11540000140666962, 0.07850000262260437, 0.0949999988079071], "alert_name": null, "observatory": ["PIRATE Meredith Morr", "PIRATE Meredith Morr", "PIRATE Meredith Morr", "PIRATE Meredith Morr", "PIRATE Meredith Morr", "PIRATE Meredith Morr", "PIRATE Meredith Morr", "PIRATE Meredith Morr", "PIRATE Meredith Morr", "PIRATE Meredith Morr", "PIRATE Meredith Morr", "PIRATE Meredith Morr", "PIRATE Meredith Morr", "PIRATE Meredith Morr", "PIRATE Meredith Morr", "PIRATE Meredith Morr", "PIRATE Meredith Morr", "PIRATE Meredith Morr"], "caliberr": [0.04249430075287819, 0.0436507984995842, 0.04820549860596657, 0.036831099539995193, 0.05102960020303726, 0.03681280091404915, 0.10729599744081497, 0.10093200206756592, 0.09949620068073273, 0.07950039952993393, 0.07350219786167145, 0.08428400009870529, 0.0697001963853836, 0.06368750333786011, 0.05738209933042526, 0.07787729799747467, 0.06851059943437576, 0.067113496363163], "mag": [17.99650001525879, 18.1289005279541, 18.17729949951172, 18.005300521850586, 18.204599380493164, 17.959199905395508, 18.365800857543945, 18.083599090576172, 18.457799911499023, 18.161699295043945, 18.27199935913086, 18.445899963378906, 17.740800857543945, 17.594999313354492, 17.729900360107422, 17.808500289916992, 17.978099822998047, 17.870399475097656], "catalog": ["APASS", "APASS", "APASS", "APASS", "APASS", "APASS", "APASS", "APASS", "APASS", "APASS", "APASS", "APASS", "APASS", "APASS", "APASS", "APASS", "APASS", "APASS"], "filter": ["V", "V", "V", "V", "V", "V", "g", "g", "g", "g", "g", "g", "r", "r", "r", "r", "r", "r"], "id": [134270, 134254, 134244, 134537, 134540, 134532, 134207, 134280, 134282, 134589, 134568, 134591, 134251, 134241, 134221, 134578, 134529, 134560]}