{"mjd": [58730.969238, 58730.960071, 58747.063202, 58730.964644, 58747.067005], "magerr": [0.0609607994556427, -1.0, -1.0, -1.0, -1.0], "alert_name": null, "observatory": ["Liam Hardy pt5m", "Liam Hardy pt5m", "Liam Hardy pt5m", "Liam Hardy pt5m", "Liam Hardy pt5m"], "caliberr": [0.15612900257110596, 0.08114150166511536, 0.009999999776482582, 0.04511860013008118, 0.050443198531866074], "mag": [18.233600616455078, 19.60110092163086, 19.194400787353516, 19.917699813842773, 19.260000228881836], "catalog": ["SDSS", "APASS", "APASS", "APASS", "APASS"], "filter": ["R", "B", "B", "V", "V"], "id": [164129, 164127, 165138, 164128, 165139]}