{"mjd": [58209.23227662, 58209.62733102, 58209.6295706, 58210.24774885, 58210.24998379, 58211.28377083, 58211.28600463, 58209.22764932, 58209.22988541, 58209.62268168, 58209.62494212, 58210.24312501, 58210.24535881, 58211.279147, 58211.2813808, 58216.7243588, 58216.7276389, 58217.77610415, 58217.7793889], "magerr": [0.03150000050663948, 0.051100000739097595, 0.051100000739097595, 0.03150000050663948, 0.03099999949336052, 0.0471000000834465, 0.049300000071525574, 0.006800000090152025, 0.006800000090152025, 0.00800000037997961, 0.008899999782443047, 0.005799999926239252, 0.006599999964237213, 0.010400000028312206, 0.01140000019222498, 0.004999999888241291, 0.006399999838322401, 0.006899999920278788, 0.007000000216066837], "alert_name": null, "observatory": ["LCOGT1m, Kris Rybick", "LCOGT1m, Kris Rybick", "LCOGT1m, Kris Rybick", "LCOGT1m, Kris Rybick", "LCOGT1m, Kris Rybick", "LCOGT1m, Kris Rybick", "LCOGT1m, Kris Rybick", "LCOGT1m, Kris Rybick", "LCOGT1m, Kris Rybick", "LCOGT1m, Kris Rybick", "LCOGT1m, Kris Rybick", "LCOGT1m, Kris Rybick", "LCOGT1m, Kris Rybick", "LCOGT1m, Kris Rybick", "LCOGT1m, Kris Rybick", "LCOGT1m, Kris Rybick", "LCOGT1m, Kris Rybick", "LCOGT1m, Kris Rybick", "LCOGT1m, Kris Rybick"], "caliberr": [0.04388881474733353, 0.03395148366689682, 0.03301164507865906, 0.0434529073536396, 0.04111216962337494, 0.03691340237855911, 0.03438260033726692, 0.061573635786771774, 0.05977510288357735, 0.058705661445856094, 0.05819762498140335, 0.06682290136814117, 0.0646142065525055, 0.0595325343310833, 0.06033090874552727, 0.05753657966852188, 0.05726035684347153, 0.058462291955947876, 0.05718360096216202], "mag": [18.067455291748047, 18.062166213989258, 18.10862922668457, 18.13128089904785, 18.052288055419922, 18.117101669311523, 18.143291473388672, 15.801492691040039, 15.810126304626465, 15.817366600036621, 15.829150199890137, 15.834737777709961, 15.829834938049316, 15.87556266784668, 15.872454643249512, 15.929279327392578, 15.942115783691406, 15.962343215942383, 15.950223922729492], "catalog": ["APASS", "APASS", "APASS", "APASS", "APASS", "APASS", "APASS", "APASS", "APASS", "APASS", "APASS", "APASS", "APASS", "APASS", "APASS", "APASS", "APASS", "APASS", "APASS"], "filter": ["r", "r", "r", "r", "r", "r", "r", "i", "i", "i", "i", "i", "i", "i", "i", "i", "i", "i", "i"], "id": [103427, 103434, 103435, 103430, 103431, 103438, 103439, 103425, 103426, 103432, 103433, 103428, 103429, 103436, 103437, 103440, 103441, 103442, 103443]}