{"mjd": [57591.1287986, 57591.1306487, 57591.1325089, 57591.1343517, 57591.1362033, 57591.1380432, 57591.1398892, 57591.141741, 57593.1218642, 57593.1236446, 57593.1254877, 57593.1273297, 57593.1291772, 57593.1310217, 57593.1328659, 57593.1347096, 57593.1365592, 57607.7244628, 57607.7281701, 57607.7300188, 57607.7318804, 57607.7337307, 57607.7355849, 57607.7374384], "magerr": [-1.0, -1.0, -1.0, -1.0, -1.0, -1.0, -1.0, -1.0, -1.0, -1.0, -1.0, -1.0, -1.0, -1.0, -1.0, -1.0, -1.0, -1.0, -1.0, -1.0, -1.0, -1.0, -1.0, -1.0], "alert_name": null, "observatory": ["LCOGT1m, Fraser Lewi", "LCOGT1m, Fraser Lewi", "LCOGT1m, Fraser Lewi", "LCOGT1m, Fraser Lewi", "LCOGT1m, Fraser Lewi", "LCOGT1m, Fraser Lewi", "LCOGT1m, Fraser Lewi", "LCOGT1m, Fraser Lewi", "LCOGT1m, Fraser Lewi", "LCOGT1m, Fraser Lewi", "LCOGT1m, Fraser Lewi", "LCOGT1m, Fraser Lewi", "LCOGT1m, Fraser Lewi", "LCOGT1m, Fraser Lewi", "LCOGT1m, Fraser Lewi", "LCOGT1m, Fraser Lewi", "LCOGT1m, Fraser Lewi", "LCOGT1m, Fraser Lewi", "LCOGT1m, Fraser Lewi", "LCOGT1m, Fraser Lewi", "LCOGT1m, Fraser Lewi", "LCOGT1m, Fraser Lewi", "LCOGT1m, Fraser Lewi", "LCOGT1m, Fraser Lewi"], "caliberr": [0.08368389308452606, 0.08044254779815674, 0.08428526669740677, 0.08015534281730652, 0.08418647199869156, 0.08084402978420258, 0.07997114211320877, 0.08377998322248459, 0.0964897945523262, 0.08158686012029648, 0.08114568889141083, 0.08089298754930496, 0.07944679260253906, 0.08350395411252975, 0.0837743952870369, 0.07976597547531128, 0.07938212901353836, 0.08258222043514252, 0.08852029591798782, 0.08579428493976593, 0.09517194330692291, 0.08769670128822327, 0.092841736972332, 0.09128306806087494], "mag": [20.381628036499023, 20.64192771911621, 20.245656967163086, 20.456493377685547, 20.72113037109375, 20.395952224731445, 20.796768188476562, 20.945783615112305, 19.859983444213867, 20.90448760986328, 21.15312385559082, 20.70077896118164, 20.12327766418457, 21.069974899291992, 20.06199073791504, 20.28426170349121, 20.075782775878906, 21.216142654418945, 21.171911239624023, 20.4683895111084, 19.533056259155273, 20.289817810058594, 20.186681747436523, 20.45591926574707], "catalog": ["APASS", "APASS", "APASS", "APASS", "APASS", "APASS", "APASS", "APASS", "APASS", "APASS", "APASS", "APASS", "APASS", "APASS", "APASS", "APASS", "APASS", "APASS", "APASS", "APASS", "APASS", "APASS", "APASS", "APASS"], "filter": ["V", "V", "V", "V", "V", "V", "V", "V", "V", "V", "V", "V", "V", "V", "V", "V", "V", "V", "V", "V", "V", "V", "V", "V"], "id": [65081, 65082, 65083, 65084, 65085, 65086, 65087, 65088, 65089, 65090, 65091, 65092, 65093, 65094, 65095, 65096, 65097, 65098, 65099, 65100, 65101, 65102, 65103, 65104]}