{"mjd": [58612.054139, 58612.045677, 58612.04884], "magerr": [0.008052850142121315, 0.029334599152207375, 0.013047699816524982], "alert_name": null, "observatory": ["Liam Hardy pt5m", "Liam Hardy pt5m", "Liam Hardy pt5m"], "caliberr": [0.16147300601005554, 0.02656329981982708, 0.009999999776482582], "mag": [15.408499717712402, 16.504600524902344, 15.546899795532227], "catalog": ["SDSS", "APASS", "APASS"], "filter": ["R", "B", "V"], "id": [151999, 151997, 151998]}