{"mjd": [57049.00536354], "magerr": [0.07180000096559525], "alert_name": null, "observatory": ["K.Wiersema-Leicester"], "caliberr": [0.07830185443162918], "mag": [18.103544235229492], "catalog": ["APASS"], "filter": ["V"], "id": [15939]}