{"mjd": [59342.202979, 59342.206865], "magerr": [-1.0, -1.0], "alert_name": null, "observatory": ["Liam Hardy pt5m", "Liam Hardy pt5m"], "caliberr": [0.15277187526226044, 0.1217312291264534], "mag": [18.664997100830078, 18.946348190307617], "catalog": ["APASS", "APASS"], "filter": ["B", "V"], "id": [220496, 220497]}