{"mjd": [57161.8665278], "magerr": [0.032999999821186066], "alert_name": null, "observatory": ["JureJapelj_Vega_Slov"], "caliberr": [0.056511808186769485], "mag": [15.265016555786133], "catalog": ["APASS"], "filter": ["V"], "id": [22831]}