{"mjd": [58032.146659, 58047.109742, 58032.151335, 58047.114305, 58032.155887, 58047.118861], "magerr": [-1.0, -1.0, 0.05527009814977646, 0.04821280017495155, 0.02920610085129738, 0.026005800813436508], "alert_name": null, "observatory": ["Liam Hardy pt5m", "Liam Hardy pt5m", "Liam Hardy pt5m", "Liam Hardy pt5m", "Liam Hardy pt5m", "Liam Hardy pt5m"], "caliberr": [0.009999999776482582, 0.009999999776482582, 0.0396404005587101, 0.009999999776482582, 0.03438030183315277, 0.030733300372958183], "mag": [19.2406005859375, 20.199499130249023, 16.83970069885254, 17.07859992980957, 16.360000610351562, 16.316999435424805], "catalog": ["APASS", "APASS", "APASS", "APASS", "APASS", "APASS"], "filter": ["B", "B", "V", "V", "r", "r"], "id": [85392, 86151, 85393, 86152, 85394, 86153]}