{"mjd": [58538.258581, 58546.243011, 58555.259058, 58538.263137, 58546.247566, 58555.262108, 58538.267692, 58546.252122], "magerr": [-1.0, -1.0, -1.0, -1.0, -1.0, -1.0, -1.0, -1.0], "alert_name": null, "observatory": ["Liam Hardy pt5m", "Liam Hardy pt5m", "Liam Hardy pt5m", "Liam Hardy pt5m", "Liam Hardy pt5m", "Liam Hardy pt5m", "Liam Hardy pt5m", "Liam Hardy pt5m"], "caliberr": [0.11364848166704178, 0.10317439585924149, 0.13838599622249603, 0.07625765353441238, 0.08500994741916656, 0.08629777282476425, 0.06350892782211304, 0.0715385153889656], "mag": [19.40983009338379, 19.19786262512207, 19.46318817138672, 19.29570198059082, 19.286548614501953, 18.697839736938477, 19.433544158935547, 19.983966827392578], "catalog": ["APASS", "APASS", "APASS", "APASS", "APASS", "APASS", "APASS", "APASS"], "filter": ["B", "B", "B", "V", "V", "V", "r", "r"], "id": [131403, 143026, 147454, 131404, 143027, 147455, 131405, 143028]}