{"mjd": [58315.211301], "magerr": [-1.0], "alert_name": null, "observatory": ["Liam Hardy pt5m"], "caliberr": [0.17373999953269958], "mag": [19.653900146484375], "catalog": ["APASS"], "filter": ["B"], "id": [114446]}