{"mjd": [58731.931324, 58731.935883, 58731.940442, 58726.84275, 58726.844632, 58726.846514, 58726.848395, 58726.834882, 58726.837117, 58726.838995, 58726.840874, 58726.8935801, 58726.894361, 58726.8951481, 58726.8959383, 58726.8684386, 58726.8700105, 58726.8707915, 58727.0475351, 58727.048319, 58727.0491183, 58727.0499061, 58729.94689815, 58729.9134838, 58729.91368056, 58730.87288194, 58730.87321759, 58728.88021991, 58730.87853009, 58724.9043361424, 58724.9061995088, 58724.9043361424, 58724.9043361424, 58730.8411921295, 58744.8628935185, 58745.8148495369, 58746.8161458331, 58760.8530902779, 58764.8238541665, 58783.7529398147, 58787.9112152779, 58797.7284722221, 58806.7237847224, 58808.7294212962, 58818.7979398146, 58820.7234490742, 58821.7225231482, 58730.8434606483, 58744.8651851853, 58745.8171412037, 58746.8184490739, 58760.8553819442, 58764.8261458334, 58783.7552314815, 58787.9135069447, 58797.7307638889, 58806.7260763887, 58808.731712963, 58818.8002430554, 58820.7257407405, 58821.724814815], "magerr": [-1.0, -1.0, 0.004572819918394089, 0.0024999999441206455, 0.0024999999441206455, 0.002400000113993883, 0.005100000184029341, 0.002400000113993883, 0.002300000051036477, 0.002300000051036477, 0.0024999999441206455, -1.0, -1.0, -1.0, -1.0, -1.0, -1.0, -1.0, 0.009600000455975533, 0.004100000020116568, 0.004699999932199717, 0.006500000134110451, 0.01759999990463257, 0.0019000000320374966, 0.0019000000320374966, 0.0015999999595806003, 0.0015999999595806003, 0.001500000013038516, 0.00139999995008111, -1.0, -1.0, 0.0052999998442828655, 0.00139999995008111, -1.0, -1.0, -1.0, -1.0, -1.0, -1.0, -1.0, -1.0, -1.0, -1.0, -1.0, -1.0, -1.0, -1.0, 0.004699999932199717, 0.009399999864399433, 0.011099999770522118, 0.011800000444054604, -1.0, -1.0, -1.0, -1.0, -1.0, -1.0, -1.0, -1.0, -1.0, -1.0], "alert_name": null, "observatory": ["Liam Hardy pt5m", "Liam Hardy pt5m", "Liam Hardy pt5m", "OmicronC2PU JPRivet", "OmicronC2PU JPRivet", "OmicronC2PU JPRivet", "OmicronC2PU JPRivet", "OmicronC2PU JPRivet", "OmicronC2PU JPRivet", "OmicronC2PU JPRivet", "OmicronC2PU JPRivet", "ObsMontsec-Umut Burg", "ObsMontsec-Umut Burg", "ObsMontsec-Umut Burg", "ObsMontsec-Umut Burg", "ObsMontsec-Umut Burg", "ObsMontsec-Umut Burg", "ObsMontsec-Umut Burg", "ObsMontsec-Umut Burg", "ObsMontsec-Umut Burg", "ObsMontsec-Umut Burg", "ObsMontsec-Umut Burg", "Loiano, Felice Cusan", "Loiano, Felice Cusan", "Loiano, Felice Cusan", "Loiano, Felice Cusan", "Loiano, Felice Cusan", "Loiano, Felice Cusan", "Loiano, Felice Cusan", "Adiyaman60, Michal Z", "Adiyaman60, Michal Z", "Adiyaman60, Michal Z", "Adiyaman60, Michal Z", "IRIS Siegfried Vanav", "IRIS Siegfried Vanav", "IRIS Siegfried Vanav", "IRIS Siegfried Vanav", "IRIS Siegfried Vanav", "IRIS Siegfried Vanav", "IRIS Siegfried Vanav", "IRIS Siegfried Vanav", "IRIS Siegfried Vanav", "IRIS Siegfried Vanav", "IRIS Siegfried Vanav", "IRIS Siegfried Vanav", "IRIS Siegfried Vanav", "IRIS Siegfried Vanav", "IRIS Siegfried Vanav", "IRIS Siegfried Vanav", "IRIS Siegfried Vanav", "IRIS Siegfried Vanav", "IRIS Siegfried Vanav", "IRIS Siegfried Vanav", "IRIS Siegfried Vanav", "IRIS Siegfried Vanav", "IRIS Siegfried Vanav", "IRIS Siegfried Vanav", "IRIS Siegfried Vanav", "IRIS Siegfried Vanav", "IRIS Siegfried Vanav", "IRIS Siegfried Vanav"], "caliberr": [0.35320401191711426, 0.13391999900341034, 0.0713341012597084, 0.22862200438976288, 0.22464799880981445, 0.22125600278377533, 0.09864059835672379, 0.22564999759197235, 0.22832700610160828, 0.23007799685001373, 0.23858299851417542, 0.1644279956817627, 0.15841400623321533, 0.21070800721645355, 0.14373500645160675, 0.11107800155878067, 0.3248549997806549, 0.1926019936800003, 0.21789400279521942, 0.1559399962425232, 0.13496200740337372, 0.17864899337291718, 0.09775710105895996, 0.1843940019607544, 0.18050000071525574, 0.18251599371433258, 0.17913000285625458, 0.16289900243282318, 0.1747020035982132, 0.18710699677467346, 0.07545769959688187, 0.06788919866085052, 0.1315390020608902, 0.06296899914741516, 0.05616220086812973, 0.07000140100717545, 0.06575869768857956, 0.05436079949140549, 0.06787359714508057, 0.07609120011329651, 0.06610459834337234, 0.07386559993028641, 0.09183350205421448, 0.06272289901971817, 0.08625350147485733, 0.07973679900169373, 0.08899570256471634, 0.1259080022573471, 0.10447899997234344, 0.1101360023021698, 0.10732199996709824, 0.09555079787969589, 0.15136900544166565, 0.08821020275354385, 0.10464800149202347, 0.10950300097465515, 0.12067300081253052, 0.11751300096511841, 0.1359879970550537, 0.11517500132322311, 0.11234799772500992], "mag": [20.581499099731445, 19.500499725341797, 14.286399841308594, 14.529199600219727, 14.548800468444824, 14.525300025939941, 14.621500015258789, 14.824999809265137, 14.805500030517578, 14.817399978637695, 14.84630012512207, 28.225900650024414, 27.389699935913086, 32.42179870605469, 26.7406005859375, 27.028799057006836, 25.428699493408203, 23.221099853515625, 12.621399879455566, 12.671500205993652, 12.674200057983398, 12.666199684143066, 17.874300003051758, 14.831000328063965, 14.66510009765625, 14.75, 14.746899604797363, 12.958800315856934, 12.983099937438965, 20.817699432373047, 20.0939998626709, 14.538399696350098, 12.564499855041504, 17.18709945678711, 17.897499084472656, 17.541000366210938, 17.69219970703125, 17.26490020751953, 17.01099967956543, 15.320599555969238, 16.537599563598633, 16.797800064086914, 16.784299850463867, 17.49810028076172, 17.50510025024414, 17.06570053100586, 17.618000030517578, 12.949399948120117, 13.414999961853027, 13.71619987487793, 13.65820026397705, 16.677499771118164, 14.687800407409668, 15.20199966430664, 16.018800735473633, 16.449100494384766, 16.142900466918945, 16.57819938659668, 16.155399322509766, 17.032100677490234, 16.05030059814453], "catalog": ["APASS", "APASS", "APASS", "APASS", "APASS", "APASS", "APASS", "PS1", "PS1", "PS1", "PS1", "APASS", "APASS", "APASS", "APASS", "APASS", "APASS", "APASS", "APASS", "APASS", "APASS", "APASS", "APASS", "APASS", "APASS", "APASS", "APASS", "APASS", "APASS", "APASS", "APASS", "APASS", "APASS", "APASS", "APASS", "APASS", "APASS", "APASS", "APASS", "APASS", "APASS", "APASS", "APASS", "APASS", "APASS", "APASS", "APASS", "APASS", "APASS", "APASS", "APASS", "APASS", "APASS", "APASS", "APASS", "APASS", "APASS", "APASS", "APASS", "APASS", "APASS"], "filter": ["B", "V", "r", "r", "r", "r", "r", "r", "r", "r", "r", "B", "B", "B", "B", "V", "V", "V", "i", "i", "i", "i", "V", "r", "r", "r", "r", "i", "i", "B", "V", "r", "i", "V", "V", "V", "V", "V", "V", "V", "V", "V", "V", "V", "V", "V", "V", "i", "i", "i", "i", "i", "i", "i", "i", "i", "i", "i", "i", "i", "i"], "id": [164219, 164220, 164221, 169360, 169361, 169362, 169363, 169356, 169357, 169358, 169359, 164057, 164058, 164059, 164060, 164054, 164055, 164056, 164061, 164062, 164063, 164064, 164224, 164225, 164223, 164226, 164227, 164239, 164238, 174385, 174388, 174387, 174386, 176621, 176623, 176625, 176627, 176629, 176631, 176633, 176635, 176637, 176639, 176641, 176643, 176645, 176647, 176620, 176622, 176624, 176626, 176628, 176630, 176632, 176634, 176636, 176638, 176640, 176642, 176644, 176646]}