{"mjd": [58730.216264, 58730.220904, 58730.225453], "magerr": [-1.0, 0.09191030263900757, 0.020630499348044395], "alert_name": null, "observatory": ["Liam Hardy pt5m", "Liam Hardy pt5m", "Liam Hardy pt5m"], "caliberr": [0.02204200066626072, 0.03338870033621788, 0.05549750104546547], "mag": [19.374799728393555, 18.08489990234375, 16.49139976501465], "catalog": ["APASS", "APASS", "APASS"], "filter": ["B", "V", "r"], "id": [163960, 163961, 163962]}