{"mjd": [58053.250971, 58059.236411, 58053.241853, 58059.227172, 58053.246415, 58059.231741], "magerr": [-1.0, 0.07542157173156738, -1.0, -1.0, -1.0, 0.08035624772310257], "alert_name": null, "observatory": ["Liam Hardy pt5m", "Liam Hardy pt5m", "Liam Hardy pt5m", "Liam Hardy pt5m", "Liam Hardy pt5m", "Liam Hardy pt5m"], "caliberr": [0.36580178141593933, 0.18947754800319672, 0.057456303387880325, 0.0264437273144722, 0.09322807192802429, 0.01000000350177288], "mag": [20.521657943725586, 17.542776107788086, 19.90323257446289, 19.453556060791016, 20.19568634033203, 18.170896530151367], "catalog": ["SDSS", "SDSS", "APASS", "APASS", "APASS", "APASS"], "filter": ["R", "R", "B", "B", "V", "V"], "id": [86542, 86821, 86540, 86819, 86541, 86820]}