{"mjd": [59098.23748, 59113.19712, 59098.228993, 59113.188019, 59098.233642, 59113.192571], "magerr": [0.11023300141096115, 0.070238396525383, 0.15980300307273865, -1.0, 0.0867839977145195, 0.08924300223588943], "alert_name": null, "observatory": ["Liam Hardy pt5m", "Liam Hardy pt5m", "Liam Hardy pt5m", "Liam Hardy pt5m", "Liam Hardy pt5m", "Liam Hardy pt5m"], "caliberr": [0.16984400153160095, 0.15650999546051025, 0.05994170159101486, 0.03990209847688675, 0.04688109830021858, 0.04777999967336655], "mag": [18.041500091552734, 17.699399948120117, 18.457799911499023, 18.565200805664062, 18.108200073242188, 17.987199783325195], "catalog": ["SDSS", "SDSS", "APASS", "APASS", "APASS", "APASS"], "filter": ["R", "R", "B", "B", "V", "V"], "id": [198459, 199680, 198450, 199678, 198451, 199679]}