{"mjd": [58011.000803, 58011.005369, 58011.009944], "magerr": [-1.0, -1.0, -1.0], "alert_name": null, "observatory": ["Liam Hardy pt5m", "Liam Hardy pt5m", "Liam Hardy pt5m"], "caliberr": [0.08441200107336044, 0.07246539741754532, 0.15121400356292725], "mag": [24.304399490356445, 19.628700256347656, 20.72800064086914], "catalog": ["APASS", "APASS", "APASS"], "filter": ["B", "V", "r"], "id": [83480, 83481, 83482]}