{"mjd": [58554.259747, 58554.262789], "magerr": [-1.0, -1.0], "alert_name": null, "observatory": ["Liam Hardy pt5m", "Liam Hardy pt5m"], "caliberr": [0.0551581010222435, 0.06364080309867859], "mag": [19.92729949951172, 18.837299346923828], "catalog": ["APASS", "APASS"], "filter": ["B", "V"], "id": [147058, 147082]}