{"mjd": [58271.156315, 58276.152436, 58283.103657, 58271.160865, 58276.156987, 58283.108209, 58271.16541, 58276.161529, 58283.112751], "magerr": [-1.0, -1.0, -1.0, -1.0, -1.0, -1.0, 0.1064469963312149, 0.12498299777507782, -1.0], "alert_name": null, "observatory": ["Liam Hardy pt5m", "Liam Hardy pt5m", "Liam Hardy pt5m", "Liam Hardy pt5m", "Liam Hardy pt5m", "Liam Hardy pt5m", "Liam Hardy pt5m", "Liam Hardy pt5m", "Liam Hardy pt5m"], "caliberr": [0.08998049795627594, 0.037775199860334396, 0.07969389855861664, 0.07343380153179169, 0.06066669896245003, 0.037676598876714706, 0.06406769901514053, 0.06057430058717728, 0.06083180010318756], "mag": [19.340299606323242, 19.277599334716797, 19.694799423217773, 19.543399810791016, 19.48150062561035, 19.56170082092285, 18.95009994506836, 18.887800216674805, 19.934799194335938], "catalog": ["APASS", "APASS", "APASS", "APASS", "APASS", "APASS", "APASS", "APASS", "APASS"], "filter": ["B", "B", "B", "V", "V", "V", "r", "r", "r"], "id": [106055, 106377, 106748, 106056, 106378, 106749, 106057, 106379, 106750]}