{"mjd": [58426.7699537035, 58426.7721643518, 58426.7759259259, 58426.779537037, 58424.837288], "magerr": [0.061799999326467514, 0.03720000013709068, 0.05429999902844429, 0.05090000107884407, -1.0], "alert_name": null, "observatory": ["BAS NAO 2m Rozhen", "BAS NAO 2m Rozhen", "BAS NAO 2m Rozhen", "BAS NAO 2m Rozhen", "Liam Hardy pt5m"], "caliberr": [0.05734869837760925, 0.05595039948821068, 0.10586299747228622, 0.1066180020570755, 0.0871547982096672], "mag": [20.05139923095703, 19.94770050048828, 19.766700744628906, 19.763399124145508, 20.285499572753906], "catalog": ["APASS", "APASS", "APASS", "APASS", "APASS"], "filter": ["r", "r", "i", "i", "V"], "id": [126783, 126784, 126781, 126782, 125368]}