{"mjd": [58428.255846], "magerr": [0.13871100544929504], "alert_name": null, "observatory": ["Liam Hardy pt5m"], "caliberr": [0.10894499719142914], "mag": [18.305299758911133], "catalog": ["SDSS"], "filter": ["R"], "id": [125541]}