{"mjd": [58747.133256, 58747.162337, 58747.166889, 58732.042801, 58732.042072, 58732.041343, 58732.040694], "magerr": [-1.0, -1.0, 0.16158398985862732, 0.10639999806880951, 0.11900000274181366, 0.07999999821186066, 0.09350000321865082], "alert_name": null, "observatory": ["Liam Hardy pt5m", "Liam Hardy pt5m", "Liam Hardy pt5m", "Lisnyky, Andrii Simo", "Lisnyky, Andrii Simo", "Lisnyky, Andrii Simo", "Lisnyky, Andrii Simo"], "caliberr": [0.10933255404233932, 0.05175366997718811, 0.07135974615812302, 0.1040516197681427, 0.08228186517953873, 0.055114250630140305, 0.10770050436258316], "mag": [19.40951919555664, 19.40277099609375, 19.037195205688477, 18.941801071166992, 18.69179344177246, 18.56260108947754, 18.777725219726562], "catalog": ["APASS", "APASS", "APASS", "APASS", "APASS", "APASS", "APASS"], "filter": ["B", "V", "r", "B", "V", "r", "i"], "id": [165143, 165144, 165145, 164324, 164323, 164322, 164321]}