{"mjd": [58615.8365592, 58615.946863, 58615.8371272, 58615.9474309, 58615.8377067, 58615.9479988], "magerr": [0.08159930258989334, 0.019048500806093216, 0.03958269953727722, 0.010095899924635887, 0.03216620162129402, 0.008927750401198864], "alert_name": null, "observatory": ["F.Lewis LCOGT04", "F.Lewis LCOGT04", "F.Lewis LCOGT04", "F.Lewis LCOGT04", "F.Lewis LCOGT04", "F.Lewis LCOGT04"], "caliberr": [0.1977829933166504, 0.13738499581813812, 0.1153549998998642, 0.08464530110359192, 0.1332480013370514, 0.10004500299692154], "mag": [15.250399589538574, 15.46500015258789, 14.437999725341797, 14.594900131225586, 13.468199729919434, 13.521499633789062], "catalog": ["APASS", "APASS", "APASS", "APASS", "APASS", "APASS"], "filter": ["V", "V", "r", "r", "i", "i"], "id": [152464, 152468, 152466, 152469, 152467, 152470]}