{"mjd": [58311.207225, 58311.198909, 58318.20825, 58311.20345, 58318.212794], "magerr": [0.12137199938297272, -1.0, -1.0, 0.14602099359035492, -1.0], "alert_name": null, "observatory": ["Liam Hardy pt5m", "Liam Hardy pt5m", "Liam Hardy pt5m", "Liam Hardy pt5m", "Liam Hardy pt5m"], "caliberr": [0.11877299845218658, 0.07271260023117065, 0.13642999529838562, 0.01018530037254095, 0.04870609939098358], "mag": [18.767900466918945, 19.155500411987305, 18.937000274658203, 18.9778995513916, 19.07270050048828], "catalog": ["SDSS", "APASS", "APASS", "APASS", "APASS"], "filter": ["R", "B", "B", "V", "V"], "id": [108510, 108508, 114911, 108509, 114912]}