{"mjd": [58350.220948, 58355.120333, 58369.175178, 58350.225493, 58355.193665, 58369.195138, 58350.229274, 58355.198194, 58363.187745, 58369.199675], "magerr": [-1.0, -1.0, -1.0, 0.12446097284555435, -1.0, -1.0, 0.11009617894887924, -1.0, -1.0, -1.0], "alert_name": null, "observatory": ["Liam Hardy pt5m", "Liam Hardy pt5m", "Liam Hardy pt5m", "Liam Hardy pt5m", "Liam Hardy pt5m", "Liam Hardy pt5m", "Liam Hardy pt5m", "Liam Hardy pt5m", "Liam Hardy pt5m", "Liam Hardy pt5m"], "caliberr": [0.07029866427183151, 0.0998385027050972, 0.04876037687063217, 0.030134059488773346, 0.03141952306032181, 0.04781188815832138, 0.04124521091580391, 0.023744771257042885, 0.09549066424369812, 0.030662039294838905], "mag": [19.389678955078125, 19.425304412841797, 19.0930233001709, 18.56064796447754, 22.444299697875977, 19.610639572143555, 18.683406829833984, 19.469926834106445, 19.611896514892578, 20.15637969970703], "catalog": ["APASS", "APASS", "APASS", "APASS", "APASS", "APASS", "APASS", "APASS", "APASS", "APASS"], "filter": ["B", "B", "B", "V", "V", "V", "r", "r", "r", "r"], "id": [118303, 118792, 118982, 118304, 118793, 118983, 118305, 118794, 115199, 118984]}