{"mjd": [58795.882303, 58795.871493, 58795.872674], "magerr": [0.06210000067949295, 0.05810000002384186, 0.04349999874830246], "alert_name": null, "observatory": ["Terskol-2,Vira Godun", "Terskol-2,Vira Godun", "Terskol-2,Vira Godun"], "caliberr": [0.009999999776482582, 0.0165180005133152, 0.037999801337718964], "mag": [17.658700942993164, 17.20509910583496, 16.44860076904297], "catalog": ["APASS", "APASS", "APASS"], "filter": ["V", "r", "i"], "id": [171505, 171503, 171504]}