{"mjd": [59320.194809, 59327.117822, 59339.084983, 59320.199554, 59327.122497, 59339.089535, 59320.204146, 59327.127089, 59339.092573], "magerr": [-1.0, -1.0, -1.0, 0.0311207864433527, 0.032647132873535156, 0.034658607095479965, 0.013021829538047314, 0.01207667961716652, 0.019848907366394997], "alert_name": null, "observatory": ["Liam Hardy pt5m", "Liam Hardy pt5m", "Liam Hardy pt5m", "Liam Hardy pt5m", "Liam Hardy pt5m", "Liam Hardy pt5m", "Liam Hardy pt5m", "Liam Hardy pt5m", "Liam Hardy pt5m"], "caliberr": [0.09405653923749924, 0.09909260272979736, 0.13554765284061432, 0.04984670504927635, 0.04398399591445923, 0.08354572206735611, 0.06181730702519417, 0.08295416831970215, 0.12660107016563416], "mag": [18.996110916137695, 18.282873153686523, 18.763744354248047, 16.46837043762207, 16.353694915771484, 16.408912658691406, 15.641929626464844, 15.575492858886719, 15.658036231994629], "catalog": ["APASS", "APASS", "APASS", "APASS", "APASS", "APASS", "APASS", "APASS", "APASS"], "filter": ["B", "B", "B", "V", "V", "V", "r", "r", "r"], "id": [217630, 217975, 219756, 217631, 217976, 219757, 217632, 217977, 219758]}