{"mjd": [58442.30449074, 58442.30717593, 58442.30984953, 58443.3090162, 58443.31170139, 58444.3105787, 58444.3132523, 58444.31593749, 58445.31335649, 58445.31604168, 58446.3106713, 58446.31335649, 58446.31604168, 58451.33680555, 58453.33687499, 58454.34185186, 58455.33629629, 58455.33898148, 58455.34166667, 58444.3105787, 58444.31593749, 58445.3106713, 58445.31335649, 58446.3106713, 58446.31335649, 58446.31604168, 58451.33144677, 58452.33403936, 58452.33672452, 58454.33649305, 58442.30449074, 58442.30717593, 58442.30984953, 58443.3063426, 58443.3090162, 58443.31170139, 58444.3105787, 58444.31593749, 58446.31604168, 58447.31071758, 58447.31341437, 58447.31608796, 58448.31074074, 58448.31341437, 58448.31609955, 58449.31072918, 58449.31341436, 58449.31609955, 58450.31078705, 58450.31347224, 58450.3161574, 58451.33144677, 58451.33412036, 58451.33680555, 58452.33135417, 58452.33403936, 58452.33672452, 58454.33649305, 58454.33916667, 58454.34185186], "magerr": [0.0697999969124794, 0.05790000036358833, 0.058800000697374344, 0.10459999740123749, 0.11400000005960464, 0.0877000018954277, 0.07850000262260437, 0.08160000294446945, 0.13079999387264252, 0.11599999666213989, 0.08299999684095383, 0.11190000176429749, 0.09780000150203705, 0.042500000447034836, 0.035599999129772186, 0.03689999878406525, 0.038600001484155655, 0.03629999980330467, 0.038100000470876694, 0.0357000008225441, 0.03620000183582306, 0.05079999938607216, 0.05079999938607216, 0.040300000458955765, 0.030700000002980232, 0.02969999983906746, 0.027499999850988388, 0.023900000378489494, 0.025499999523162842, 0.02250000089406967, 0.024000000208616257, 0.02449999935925007, 0.022199999541044235, 0.0284000001847744, 0.026399999856948853, 0.024800000712275505, 0.02329999953508377, 0.0364999994635582, 0.035999998450279236, 0.031199999153614044, 0.03669999912381172, 0.03229999914765358, 0.038100000470876694, 0.03629999980330467, 0.03139999881386757, 0.031099999323487282, 0.02969999983906746, 0.03400000184774399, 0.029200000688433647, 0.03400000184774399, 0.026200000196695328, 0.02969999983906746, 0.029500000178813934, 0.029899999499320984, 0.02449999935925007, 0.030899999663233757, 0.032600000500679016, 0.02459999918937683, 0.024000000208616257, 0.026399999856948853], "alert_name": null, "observatory": ["REM Pawel Zielinski", "REM Pawel Zielinski", "REM Pawel Zielinski", "REM Pawel Zielinski", "REM Pawel Zielinski", "REM Pawel Zielinski", "REM Pawel Zielinski", "REM Pawel Zielinski", "REM Pawel Zielinski", "REM Pawel Zielinski", "REM Pawel Zielinski", "REM Pawel Zielinski", "REM Pawel Zielinski", "REM Pawel Zielinski", "REM Pawel Zielinski", "REM Pawel Zielinski", "REM Pawel Zielinski", "REM Pawel Zielinski", "REM Pawel Zielinski", "REM Pawel Zielinski", "REM Pawel Zielinski", "REM Pawel Zielinski", "REM Pawel Zielinski", "REM Pawel Zielinski", "REM Pawel Zielinski", "REM Pawel Zielinski", "REM Pawel Zielinski", "REM Pawel Zielinski", "REM Pawel Zielinski", "REM Pawel Zielinski", "REM Pawel Zielinski", "REM Pawel Zielinski", "REM Pawel Zielinski", "REM Pawel Zielinski", "REM Pawel Zielinski", "REM Pawel Zielinski", "REM Pawel Zielinski", "REM Pawel Zielinski", "REM Pawel Zielinski", "REM Pawel Zielinski", "REM Pawel Zielinski", "REM Pawel Zielinski", "REM Pawel Zielinski", "REM Pawel Zielinski", "REM Pawel Zielinski", "REM Pawel Zielinski", "REM Pawel Zielinski", "REM Pawel Zielinski", "REM Pawel Zielinski", "REM Pawel Zielinski", "REM Pawel Zielinski", "REM Pawel Zielinski", "REM Pawel Zielinski", "REM Pawel Zielinski", "REM Pawel Zielinski", "REM Pawel Zielinski", "REM Pawel Zielinski", "REM Pawel Zielinski", "REM Pawel Zielinski", "REM Pawel Zielinski"], "caliberr": [0.12855200469493866, 0.14453500509262085, 0.12171199917793274, 0.12029600143432617, 0.12469000369310379, 0.22144199907779694, 0.251893013715744, 0.2155729979276657, 0.19418099522590637, 0.2251020073890686, 0.2052920013666153, 0.2975449860095978, 0.18144400417804718, 0.1324789971113205, 0.19210200011730194, 0.13045600056648254, 0.2499389946460724, 0.28036001324653625, 0.29635000228881836, 0.14111000299453735, 0.10665400326251984, 0.1347229927778244, 0.131414994597435, 0.19784900546073914, 0.13952499628067017, 0.16035699844360352, 0.18899700045585632, 0.14759400486946106, 0.16757500171661377, 0.16682299971580505, 0.2401300072669983, 0.24038000404834747, 0.24969300627708435, 0.27226799726486206, 0.2772899866104126, 0.3287520110607147, 0.21532100439071655, 0.2152079939842224, 0.20292699337005615, 0.16083599627017975, 0.17010000348091125, 0.1849689930677414, 0.18718500435352325, 0.17232300341129303, 0.16925300657749176, 0.17698900401592255, 0.16989099979400635, 0.16309800744056702, 0.18376299738883972, 0.16759100556373596, 0.16854900121688843, 0.16463199257850647, 0.14841799437999725, 0.17399799823760986, 0.18615500628948212, 0.1515679955482483, 0.16245600581169128, 0.15519200265407562, 0.14621099829673767, 0.16623300313949585], "mag": [17.321500778198242, 17.28260040283203, 17.395299911499023, 17.412099838256836, 17.54829978942871, 17.030099868774414, 17.07710075378418, 17.134599685668945, 17.16659927368164, 17.087200164794922, 17.139299392700195, 17.171199798583984, 17.382699966430664, 17.329700469970703, 17.19879913330078, 17.340599060058594, 17.18269920349121, 17.152299880981445, 17.17020034790039, 16.13279914855957, 16.03890037536621, 16.28820037841797, 16.145200729370117, 16.117399215698242, 16.084800720214844, 16.11240005493164, 16.08880043029785, 16.078899383544922, 16.05109977722168, 16.136499404907227, 15.467900276184082, 15.418700218200684, 15.42300033569336, 15.475199699401855, 15.457500457763672, 15.428199768066406, 15.41819953918457, 15.446200370788574, 15.425299644470215, 15.463899612426758, 15.45580005645752, 15.431900024414062, 15.48169994354248, 15.458700180053711, 15.48799991607666, 15.487299919128418, 15.470100402832031, 15.446800231933594, 15.428799629211426, 15.448800086975098, 15.443599700927734, 15.470199584960938, 15.512800216674805, 15.480600357055664, 15.514599800109863, 15.501199722290039, 15.461600303649902, 15.547300338745117, 15.490799903869629, 15.47819995880127], "catalog": ["APASS", "APASS", "APASS", "APASS", "APASS", "APASS", "APASS", "APASS", "APASS", "APASS", "APASS", "APASS", "APASS", "APASS", "APASS", "APASS", "APASS", "APASS", "APASS", "APASS", "APASS", "APASS", "APASS", "APASS", "APASS", "APASS", "APASS", "APASS", "APASS", "APASS", "APASS", "APASS", "APASS", "APASS", "APASS", "APASS", "APASS", "APASS", "APASS", "APASS", "APASS", "APASS", "APASS", "APASS", "APASS", "APASS", "APASS", "APASS", "APASS", "APASS", "APASS", "APASS", "APASS", "APASS", "APASS", "APASS", "APASS", "APASS", "APASS", "APASS"], "filter": ["g", "g", "g", "g", "g", "g", "g", "g", "g", "g", "g", "g", "g", "g", "g", "g", "g", "g", "g", "r", "r", "r", "r", "r", "r", "r", "r", "r", "r", "r", "i", "i", "i", "i", "i", "i", "i", "i", "i", "i", "i", "i", "i", "i", "i", "i", "i", "i", "i", "i", "i", "i", "i", "i", "i", "i", "i", "i", "i", "i"], "id": [127943, 127945, 127947, 127955, 127957, 127970, 127972, 127974, 127983, 127986, 127998, 128000, 128002, 128040, 128056, 128068, 128070, 128072, 128074, 127959, 127962, 127976, 127978, 127988, 127990, 127992, 128031, 128043, 128045, 128059, 127936, 127939, 127941, 127949, 127951, 127953, 127964, 127967, 127996, 128004, 128006, 128008, 128011, 128013, 128015, 128017, 128019, 128022, 128024, 128026, 128028, 128033, 128035, 128037, 128047, 128050, 128052, 128062, 128064, 128066]}