{"mjd": [58682.173212, 58692.142175, 58697.15636, 58682.164099, 58692.132782, 58697.133418, 58682.168661, 58692.136692, 58697.151778], "magerr": [0.07450380176305771, 0.08553220331668854, 0.09448789805173874, -1.0, -1.0, -1.0, 0.0990602970123291, 0.1229500025510788, -1.0], "alert_name": null, "observatory": ["Liam Hardy pt5m", "Liam Hardy pt5m", "Liam Hardy pt5m", "Liam Hardy pt5m", "Liam Hardy pt5m", "Liam Hardy pt5m", "Liam Hardy pt5m", "Liam Hardy pt5m", "Liam Hardy pt5m"], "caliberr": [0.12696099281311035, 0.13061800599098206, 0.08879099786281586, 0.022187799215316772, 0.009999999776482582, 0.11386000365018845, 0.044050801545381546, 0.042027298361063004, 0.09949550032615662], "mag": [18.22599983215332, 18.6825008392334, 18.61520004272461, 18.96969985961914, 19.416000366210938, 19.39940071105957, 18.346200942993164, 19.040599822998047, 19.524999618530273], "catalog": ["SDSS", "SDSS", "SDSS", "APASS", "APASS", "APASS", "APASS", "APASS", "APASS"], "filter": ["R", "R", "R", "B", "B", "B", "V", "V", "V"], "id": [159471, 160364, 161084, 159469, 160362, 161082, 159470, 160363, 161083]}