{"mjd": [58005.046761, 58011.988078, 58005.051319, 58011.992761, 58005.055882, 58011.996629], "magerr": [0.03439110144972801, 0.03587060049176216, 0.030163099989295006, 0.03269520029425621, 0.026948200538754463, 0.057999201118946075], "alert_name": null, "observatory": ["Liam Hardy pt5m", "Liam Hardy pt5m", "Liam Hardy pt5m", "Liam Hardy pt5m", "Liam Hardy pt5m", "Liam Hardy pt5m"], "caliberr": [0.05129149928689003, 0.05228609964251518, 0.03437390178442001, 0.051636599004268646, 0.02592330053448677, 0.047450799494981766], "mag": [16.926000595092773, 17.497499465942383, 16.76420021057129, 17.276599884033203, 16.88010025024414, 17.29360008239746], "catalog": ["APASS", "APASS", "APASS", "APASS", "APASS", "APASS"], "filter": ["B", "B", "V", "V", "r", "r"], "id": [82913, 83533, 82914, 83534, 82915, 83535]}