{"mjd": [57952.0310781, 57952.0346468, 57952.0390654, 57952.0426258, 57952.046389, 57952.0499526, 57951.479378, 57951.482876, 57951.486375, 57951.496927, 57951.500426, 57951.503924, 57951.461807, 57951.465305, 57951.468803], "magerr": [0.020400000736117363, 0.020500000566244125, 0.012299999594688416, 0.01269999984651804, 0.01269999984651804, 0.013399999588727951, -1.0, -1.0, -1.0, -1.0, -1.0, -1.0, -1.0, -1.0, -1.0], "alert_name": null, "observatory": ["ObsMontsec-Umut Burg", "ObsMontsec-Umut Burg", "ObsMontsec-Umut Burg", "ObsMontsec-Umut Burg", "ObsMontsec-Umut Burg", "ObsMontsec-Umut Burg", "PIRATE Meredith Morr", "PIRATE Meredith Morr", "PIRATE Meredith Morr", "PIRATE Meredith Morr", "PIRATE Meredith Morr", "PIRATE Meredith Morr", "PIRATE Meredith Morr", "PIRATE Meredith Morr", "PIRATE Meredith Morr"], "caliberr": [0.03996359929442406, 0.03688810020685196, 0.030991800129413605, 0.027059700340032578, 0.08338700234889984, 0.0913437008857727, 0.05568290129303932, 0.042472198605537415, 0.04522779956459999, 0.052139800041913986, 0.050621598958969116, 0.05387379974126816, 0.033421799540519714, 0.03264880180358887, 0.03183259814977646], "mag": [17.675800323486328, 17.699100494384766, 17.25160026550293, 17.269800186157227, 16.868900299072266, 16.864700317382812, 16.451200485229492, 16.57069969177246, 16.585100173950195, 16.66069984436035, 16.93079948425293, 16.876399993896484, 16.282699584960938, 16.286500930786133, 16.4601993560791], "catalog": ["APASS", "APASS", "APASS", "APASS", "APASS", "APASS", "APASS", "APASS", "APASS", "APASS", "APASS", "APASS", "APASS", "APASS", "APASS"], "filter": ["V", "V", "r", "r", "i", "i", "V", "V", "V", "g", "g", "g", "r", "r", "r"], "id": [79045, 79046, 79047, 79048, 79049, 79050, 79029, 79033, 79030, 79032, 79028, 79034, 79035, 79031, 79027]}