{"mjd": [59314.19793, 59315.4760728, 59316.4139379, 59320.3757102, 59314.6355707, 59314.717333, 59314.9323889, 59314.9388312, 59314.965356, 59314.9812352, 59315.4722246, 59316.4100898, 59316.5732937, 59316.6216829, 59316.6269874, 59320.3718502, 59314.142967, 59314.412203, 59314.6394348, 59314.6949369, 59314.9691987, 59315.0248103, 59315.1249803, 59315.3966245, 59315.5805599, 59315.6499102, 59315.7052788, 59315.7332221, 59315.9445704, 59316.0707705, 59316.1290137, 59316.5770216, 59316.6255447, 59316.7055793, 59317.573475, 59317.6152114, 59317.6742865, 59317.7677032, 59317.7818665, 59320.4102405, 59314.1155519, 59314.1391184, 59314.1940601, 59314.4083608, 59314.6478478, 59314.6910962, 59315.0209611, 59315.0367856, 59315.0784668, 59315.121131, 59315.1583443, 59315.3927806, 59315.5748881, 59315.5766151, 59315.6460503, 59315.7014146, 59315.72936, 59315.9407106, 59315.9708255, 59315.995087, 59316.0669204, 59316.1251674, 59316.1623566, 59316.5731697, 59316.701727, 59317.5696199, 59317.5818691, 59317.6093085, 59317.6113369, 59317.6529975, 59317.6703911, 59317.7343386, 59317.7638475, 59317.776062, 59317.7780087, 59320.4063917], "magerr": [0.027300000190734863, 0.05510000139474869, -1.0, -1.0, 0.013700000010430813, 0.012500000186264515, 0.09260000288486481, 0.02979999966919422, 0.013100000098347664, 0.01209999993443489, 0.014600000344216824, -1.0, 0.013799999840557575, 0.010300000198185444, 0.011099999770522118, 0.031199999153614044, 0.01720000058412552, 0.023000000044703484, 0.02539999969303608, 0.02199999988079071, 0.04749999940395355, 0.04230000078678131, 0.024000000208616257, 0.039500001817941666, 0.02539999969303608, 0.01860000006854534, 0.017999999225139618, 0.020999999716877937, 0.09049999713897705, 0.01889999955892563, 0.020600000396370888, 0.029200000688433647, 0.025699999183416367, 0.022299999371170998, 0.023499999195337296, 0.020800000056624413, 0.016200000420212746, 0.01979999989271164, 0.01860000006854534, 0.025699999183416367, 0.010499999858438969, 0.010599999688565731, 0.012000000104308128, 0.009200000204145908, 0.01080000028014183, 0.009600000455975533, 0.012000000104308128, 0.010400000028312206, 0.010599999688565731, 0.011300000362098217, 0.00930000003427267, 0.01489999983459711, 0.010900000110268593, 0.010999999940395355, 0.008899999782443047, 0.009499999694526196, 0.00930000003427267, 0.0203000009059906, 0.014999999664723873, 0.024000000208616257, 0.010599999688565731, 0.010300000198185444, 0.010999999940395355, 0.011699999682605267, 0.011300000362098217, 0.01140000019222498, 0.010400000028312206, 0.010300000198185444, 0.009999999776482582, 0.009800000116229057, 0.010700000450015068, 0.011800000444054604, 0.011599999852478504, 0.009700000286102295, 0.010400000028312206, 0.01119999960064888], "alert_name": null, "observatory": ["LCOGT1m, Etienne Bac", "LCOGT1m, Etienne Bac", "LCOGT1m, Etienne Bac", "LCOGT1m, Etienne Bac", "LCOGT1m, Etienne Bac", "LCOGT1m, Etienne Bac", "LCOGT1m, Etienne Bac", "LCOGT1m, Etienne Bac", "LCOGT1m, Etienne Bac", "LCOGT1m, Etienne Bac", "LCOGT1m, Etienne Bac", "LCOGT1m, Etienne Bac", "LCOGT1m, Etienne Bac", "LCOGT1m, Etienne Bac", "LCOGT1m, Etienne Bac", "LCOGT1m, Etienne Bac", "LCOGT1m, Etienne Bac", "LCOGT1m, Etienne Bac", "LCOGT1m, Etienne Bac", "LCOGT1m, Etienne Bac", "LCOGT1m, Etienne Bac", "LCOGT1m, Etienne Bac", "LCOGT1m, Etienne Bac", "LCOGT1m, Etienne Bac", "LCOGT1m, Etienne Bac", "LCOGT1m, Etienne Bac", "LCOGT1m, Etienne Bac", "LCOGT1m, Etienne Bac", "LCOGT1m, Etienne Bac", "LCOGT1m, Etienne Bac", "LCOGT1m, Etienne Bac", "LCOGT1m, Etienne Bac", "LCOGT1m, Etienne Bac", "LCOGT1m, Etienne Bac", "LCOGT1m, Etienne Bac", "LCOGT1m, Etienne Bac", "LCOGT1m, Etienne Bac", "LCOGT1m, Etienne Bac", "LCOGT1m, Etienne Bac", "LCOGT1m, Etienne Bac", "LCOGT1m, Etienne Bac", "LCOGT1m, Etienne Bac", "LCOGT1m, Etienne Bac", "LCOGT1m, Etienne Bac", "LCOGT1m, Etienne Bac", "LCOGT1m, Etienne Bac", "LCOGT1m, Etienne Bac", "LCOGT1m, Etienne Bac", "LCOGT1m, Etienne Bac", "LCOGT1m, Etienne Bac", "LCOGT1m, Etienne Bac", "LCOGT1m, Etienne Bac", "LCOGT1m, Etienne Bac", "LCOGT1m, Etienne Bac", "LCOGT1m, Etienne Bac", "LCOGT1m, Etienne Bac", "LCOGT1m, Etienne Bac", "LCOGT1m, Etienne Bac", "LCOGT1m, Etienne Bac", "LCOGT1m, Etienne Bac", "LCOGT1m, Etienne Bac", "LCOGT1m, Etienne Bac", "LCOGT1m, Etienne Bac", "LCOGT1m, Etienne Bac", "LCOGT1m, Etienne Bac", "LCOGT1m, Etienne Bac", "LCOGT1m, Etienne Bac", "LCOGT1m, Etienne Bac", "LCOGT1m, Etienne Bac", "LCOGT1m, Etienne Bac", "LCOGT1m, Etienne Bac", "LCOGT1m, Etienne Bac", "LCOGT1m, Etienne Bac", "LCOGT1m, Etienne Bac", "LCOGT1m, Etienne Bac", "LCOGT1m, Etienne Bac"], "caliberr": [0.09672809392213821, 0.0980720967054367, 0.22459182143211365, 0.23933780193328857, 0.09573198854923248, 0.09242446720600128, 0.10432025045156479, 0.09119683504104614, 0.09203630685806274, 0.09200294315814972, 0.09711917489767075, 0.12579843401908875, 0.09188840538263321, 0.09307399392127991, 0.08819802850484848, 0.0953824520111084, 0.09607832133769989, 0.09382835030555725, 0.12634679675102234, 0.11535327136516571, 0.1263277679681778, 0.11918878555297852, 0.10710297524929047, 0.13785472512245178, 0.1135704442858696, 0.09875451028347015, 0.09713784605264664, 0.11162834614515305, 0.14419545233249664, 0.08978394418954849, 0.09933209419250488, 0.1291929930448532, 0.13248519599437714, 0.12158918380737305, 0.11710785329341888, 0.1008109375834465, 0.09015677869319916, 0.10519245266914368, 0.10259271413087845, 0.11164312064647675, 0.08136524260044098, 0.06982641667127609, 0.0988948792219162, 0.07445953041315079, 0.09017827361822128, 0.08431315422058105, 0.08131218701601028, 0.07450038194656372, 0.07153681665658951, 0.07899191230535507, 0.07335018366575241, 0.10244455933570862, 0.07721072435379028, 0.0908878967165947, 0.07832895964384079, 0.07097633183002472, 0.08322566002607346, 0.09206569194793701, 0.08272486180067062, 0.08063268661499023, 0.06962534040212631, 0.06973835825920105, 0.07292020320892334, 0.09521681070327759, 0.09128227084875107, 0.0932835042476654, 0.08879793435335159, 0.0849418193101883, 0.07306724041700363, 0.08064538985490799, 0.07916569709777832, 0.0695766881108284, 0.0924660935997963, 0.07043783366680145, 0.07112593948841095, 0.08711105585098267], "mag": [19.907636642456055, 20.017602920532227, 19.279964447021484, 19.662052154541016, 17.36469268798828, 17.33112144470215, 17.476961135864258, 17.366567611694336, 17.313940048217773, 17.330474853515625, 17.338212966918945, 17.721284866333008, 17.409276962280273, 17.40869903564453, 17.38201904296875, 17.552404403686523, 19.79153060913086, 19.824254989624023, 19.905879974365234, 19.889873504638672, 19.92605209350586, 19.853897094726562, 19.878557205200195, 19.96552085876465, 19.93732452392578, 19.89769744873047, 19.869421005249023, 19.943944931030273, 19.980560302734375, 19.8638858795166, 19.871673583984375, 20.021821975708008, 19.99934959411621, 19.984148025512695, 20.009870529174805, 19.99092674255371, 19.93766975402832, 19.954917907714844, 19.967721939086914, 20.031593322753906, 17.3739013671875, 17.37767791748047, 17.450504302978516, 17.39992904663086, 17.44354248046875, 17.43109893798828, 17.435237884521484, 17.427045822143555, 17.435348510742188, 17.432945251464844, 17.44363021850586, 17.521366119384766, 17.47050666809082, 17.48406982421875, 17.451709747314453, 17.441329956054688, 17.461320877075195, 17.504762649536133, 17.448341369628906, 17.477392196655273, 17.464317321777344, 17.47332000732422, 17.485105514526367, 17.54123878479004, 17.524553298950195, 17.572914123535156, 17.561721801757812, 17.54006576538086, 17.532257080078125, 17.519311904907227, 17.53707504272461, 17.547025680541992, 17.580663681030273, 17.541358947753906, 17.524120330810547, 17.604368209838867],