{"mjd": [59455.182303, 59455.186863], "magerr": [-1.0, -1.0], "alert_name": null, "observatory": ["Liam Hardy pt5m", "Liam Hardy pt5m"], "caliberr": [0.07793266326189041, 0.052085455507040024], "mag": [18.03978729248047, 18.274250030517578], "catalog": ["APASS", "APASS"], "filter": ["B", "V"], "id": [232060, 232061]}