{"mjd": [58235.983569], "magerr": [-1.0], "alert_name": null, "observatory": ["Liam Hardy pt5m"], "caliberr": [0.48345500230789185], "mag": [19.44770050048828], "catalog": ["SDSS"], "filter": ["R"], "id": [104177]}