{"mjd": [58143.273493, 58143.278059, 58259.9983681, 58261.8982465, 58262.9223322, 58260.0041782, 58261.9040625, 58262.9281481], "magerr": [-1.0, -1.0, -1.0, -1.0, -1.0, -1.0, -1.0, -1.0], "alert_name": null, "observatory": ["Liam Hardy pt5m", "Liam Hardy pt5m", "PIRATE Meredith Morr", "PIRATE Meredith Morr", "PIRATE Meredith Morr", "PIRATE Meredith Morr", "PIRATE Meredith Morr", "PIRATE Meredith Morr"], "caliberr": [0.09954319894313812, 0.08578559756278992, 0.31388700008392334, 0.1465270072221756, 0.09827069938182831, 0.1682409942150116, 0.06616310030221939, 0.06087749823927879], "mag": [19.618200302124023, 19.63330078125, 20.29829978942871, 20.163700103759766, 20.264699935913086, 20.528900146484375, 20.354799270629883, 20.525100708007812], "catalog": ["APASS", "APASS", "APASS", "APASS", "APASS", "APASS", "APASS", "APASS"], "filter": ["B", "V", "g", "g", "g", "r", "r", "r"], "id": [98939, 98940, 141946, 141990, 142020, 141940, 141995, 142038]}