{"mjd": [58805.996444, 58806.001006, 58806.005573, 58790.891586, 58801.715278, 58790.892755, 58801.714109, 58790.893912, 58801.715266], "magerr": [-1.0, 0.12950199842453003, 0.03604450076818466, 0.1429000049829483, 0.10869999974966049, 0.06849999725818634, 0.04740000143647194, 0.0551999993622303, 0.03799999877810478], "alert_name": null, "observatory": ["Liam Hardy pt5m", "Liam Hardy pt5m", "Liam Hardy pt5m", "Terskol-2,Vira Godun", "Terskol-2,Vira Godun", "Terskol-2,Vira Godun", "Terskol-2,Vira Godun", "Terskol-2,Vira Godun", "Terskol-2,Vira Godun"], "caliberr": [0.05881990119814873, 0.07127539813518524, 0.0644650012254715, 0.04829949885606766, 0.04418189823627472, 0.05927009880542755, 0.0363151989877224, 0.06838779896497726, 0.096316397190094], "mag": [19.215200424194336, 19.001300811767578, 17.47760009765625, 19.128799438476562, 19.197399139404297, 17.740100860595703, 17.71969985961914, 16.683900833129883, 16.623199462890625], "catalog": ["APASS", "APASS", "APASS", "APASS", "APASS", "APASS", "APASS", "APASS", "APASS"], "filter": ["B", "V", "r", "V", "V", "r", "r", "i", "i"], "id": [171768, 171769, 171770, 171506, 171664, 171507, 171662, 171508, 171663]}