{"mjd": [58634.045972, 58634.036869, 58634.041426], "magerr": [0.0712338387966156, -1.0, 0.07923701405525208], "alert_name": null, "observatory": ["Liam Hardy pt5m", "Liam Hardy pt5m", "Liam Hardy pt5m"], "caliberr": [0.1391957551240921, 0.038498226553201675, 0.027447396889328957], "mag": [18.10744857788086, 19.139545440673828, 18.083086013793945], "catalog": ["SDSS", "APASS", "APASS"], "filter": ["R", "B", "V"], "id": [153643, 153641, 153642]}