{"mjd": [58512.214143], "magerr": [0.025212299078702927], "alert_name": null, "observatory": ["Liam Hardy pt5m"], "caliberr": [0.280007004737854], "mag": [16.69569969177246], "catalog": ["SDSS"], "filter": ["R"], "id": [130235]}