{"mjd": [57931.969986, 57931.971303, 57931.973673, 57931.975072, 57931.976619, 57931.978401, 57931.979719, 57931.981971, 57931.990881, 57931.995009, 57951.84549769, 57951.85456019, 57951.86361111, 57951.87266204, 57951.88236111, 57951.89141204, 57952.867964, 57952.8781369999, 57952.8874360002, 57952.896714, 57952.9061730001, 57951.83681713, 57951.84950231, 57951.85856481, 57951.86761574, 57951.87666667, 57951.88636574, 57951.89541667, 57952.8712769998, 57952.8814400001, 57952.890745, 57952.9000229998, 57952.9094830002, 57951.83998843, 57951.84300926, 57951.85208333, 57951.86113426, 57951.87018519, 57951.87987269, 57951.88892361, 57952.864782, 57952.8749640002, 57952.8842659998, 57952.8935440001, 57952.9000229998, 57872.9433, 57872.957216, 57872.971133, 57872.98504, 57872.99896, 57872.948306, 57872.962226, 57872.976127, 57872.990047, 57873.003981, 57872.952226, 57872.966143, 57872.980047, 57872.993964, 57873.007905], "magerr": [-1.0, -1.0, -1.0, -1.0, -1.0, -1.0, -1.0, -1.0, -1.0, -1.0, 0.004699999932199717, 0.0032999999821186066, 0.0032999999821186066, 0.0032999999821186066, 0.002899999963119626, 0.002899999963119626, 0.0031999999191612005, 0.003000000026077032, 0.0032999999821186066, 0.0031999999191612005, 0.0034000000450760126, 0.006099999882280827, 0.004100000020116568, 0.003599999938160181, 0.0035000001080334187, 0.003599999938160181, 0.0031999999191612005, 0.0031999999191612005, 0.0032999999821186066, 0.0034000000450760126, 0.003700000001117587, 0.0034000000450760126, 0.003700000001117587, 0.005799999926239252, 0.004600000102072954, 0.004100000020116568, 0.003599999938160181, 0.004600000102072954, 0.0035000001080334187, 0.003800000064074993, 0.004100000020116568, 0.00419999985024333, 0.00430000014603138, 0.004399999976158142, 0.0044999998062849045, -1.0, -1.0, -1.0, -1.0, -1.0, -1.0, -1.0, -1.0, -1.0, -1.0, -1.0, -1.0, -1.0, -1.0, -1.0], "alert_name": null, "observatory": ["T100,Hasan Esenoglu", "T100,Hasan Esenoglu", "T100,Hasan Esenoglu", "T100,Hasan Esenoglu", "T100,Hasan Esenoglu", "T100,Hasan Esenoglu", "T100,Hasan Esenoglu", "T100,Hasan Esenoglu", "T100,Hasan Esenoglu", "T100,Hasan Esenoglu", "Loiano, Felice Cusan", "Loiano, Felice Cusan", "Loiano, Felice Cusan", "Loiano, Felice Cusan", "Loiano, Felice Cusan", "Loiano, Felice Cusan", "Loiano, Felice Cusan", "Loiano, Felice Cusan", "Loiano, Felice Cusan", "Loiano, Felice Cusan", "Loiano, Felice Cusan", "Loiano, Felice Cusan", "Loiano, Felice Cusan", "Loiano, Felice Cusan", "Loiano, Felice Cusan", "Loiano, Felice Cusan", "Loiano, Felice Cusan", "Loiano, Felice Cusan", "Loiano, Felice Cusan", "Loiano, Felice Cusan", "Loiano, Felice Cusan", "Loiano, Felice Cusan", "Loiano, Felice Cusan", "Loiano, Felice Cusan", "Loiano, Felice Cusan", "Loiano, Felice Cusan", "Loiano, Felice Cusan", "Loiano, Felice Cusan", "Loiano, Felice Cusan", "Loiano, Felice Cusan", "Loiano, Felice Cusan", "Loiano, Felice Cusan", "Loiano, Felice Cusan", "Loiano, Felice Cusan", "Loiano, Felice Cusan", "Loiano, P.Iwanek", "Loiano, P.Iwanek", "Loiano, P.Iwanek", "Loiano, P.Iwanek", "Loiano, P.Iwanek", "Loiano, P.Iwanek", "Loiano, P.Iwanek", "Loiano, P.Iwanek", "Loiano, P.Iwanek", "Loiano, P.Iwanek", "Loiano, P.Iwanek", "Loiano, P.Iwanek", "Loiano, P.Iwanek", "Loiano, P.Iwanek", "Loiano, P.Iwanek"], "caliberr": [0.08369620144367218, 0.07850959897041321, 0.06974530220031738, 0.07675839960575104, 0.04506240040063858, 0.07169820368289948, 0.06136789917945862, 0.11585699766874313, 0.11249200254678726, 0.12740999460220337, 0.0447503998875618, 0.03672569990158081, 0.028013400733470917, 0.05512069910764694, 0.04972349852323532, 0.054514799267053604, 0.046168599277734756, 0.03851209953427315, 0.055114999413490295, 0.07485800236463547, 0.04489539936184883, 0.043407898396253586, 0.04540549963712692, 0.043358899652957916, 0.04038679972290993, 0.050018299371004105, 0.03989709913730621, 0.04194049909710884, 0.04842669889330864, 0.035745300352573395, 0.029573900625109673, 0.02969910018146038, 0.037423599511384964, 0.11383900046348572, 0.1286879926919937, 0.14715999364852905, 0.17295299470424652, 0.17221499979496002, 0.15491600334644318, 0.15302300453186035, 0.15105199813842773, 0.1646759957075119, 0.16257700324058533, 0.1540299952030182, 0.15655499696731567, 0.023567799478769302, 0.02468400076031685, 0.020353199914097786, 0.02212969958782196, 0.03288260102272034, 0.021423500031232834, 0.028529100120067596, 0.02073260024189949, 0.020740900188684464, 0.0178350992500782, 0.16915500164031982, 0.17030300199985504, 0.17086200416088104, 0.16971799731254578, 0.17016400396823883], "mag": [21.384599685668945, 22.117300033569336, 22.911699295043945, 22.49970054626465, 22.115100860595703, 23.20039939880371, 21.957799911499023, 20.48819923400879, 20.800899505615234, 20.291200637817383, 16.517799377441406, 16.465499877929688, 16.50149917602539, 16.45599937438965, 16.47949981689453, 16.43779945373535, 16.495399475097656, 16.47800064086914, 16.486900329589844, 16.484600067138672, 16.52359962463379, 15.988200187683105, 16.003299713134766, 15.972200393676758, 16.015899658203125, 16.03219985961914, 15.993900299072266, 15.999500274658203, 15.989700317382812, 16.07349967956543, 16.053499221801758, 16.01300048828125, 16.010400772094727, 15.656900405883789, 15.64229965209961, 15.632499694824219, 15.68239974975586, 15.701600074768066, 15.653200149536133, 15.660300254821777, 15.615300178527832, 15.652799606323242, 15.663399696350098, 15.73859977722168, 15.731800079345703, 23.417400360107422, 23.162799835205078, 23.356800079345703, 23.370500564575195, 23.109800338745117, 22.60740089416504, 22.64069938659668, 23.236299514770508, 22.62700080871582, 22.467100143432617, 21.75749969482422, 21.81100082397461, 21.966100692749023, 21.890899658203125, 21.842899322509766], "catalog": ["APASS", "APASS", "APASS", "APASS", "APASS", "APASS", "APASS", "APASS", "APASS", "APASS", "APASS", "APASS", "APASS", "APASS", "APASS", "APASS", "APASS", "APASS", "APASS", "APASS", "APASS", "APASS", "APASS", "APASS", "APASS", "APASS", "APASS", "APASS", "APASS", "APASS", "APASS", "APASS", "APASS", "APASS", "APASS", "APASS", "APASS", "APASS", "APASS", "APASS", "APASS", "APASS", "APASS", "APASS", "APASS", "APASS", "APASS", "APASS", "APASS", "APASS", "APASS", "APASS", "APASS", "APASS", "APASS", "APASS", "APASS", "APASS", "APASS", "APASS"], "filter": ["g", "g", "g", "g", "r", "r", "r", "i", "i", "i", "g", "g", "g", "g", "g", "g", "g", "g", "g", "g", "g", "r", "r", "r", "r", "r", "r", "r", "r", "r", "r", "r", "r", "i", "i", "i", "i", "i", "i", "i", "i", "i", "i", "i", "i", "g", "g", "g", "g", "g", "r", "r", "r", "r", "r", "i", "i", "i", "i", "i"], "id": [77398, 77399, 77400, 77401, 77402, 77403, 77404, 77405, 77406, 77407, 79154, 79157, 79160, 79163, 79166, 79169, 79633, 79636, 79639, 79642, 79645, 79151, 79155, 79158, 79161, 79164, 79167, 79425, 79634, 79637, 79640, 79643, 79646, 79152, 79153, 79156, 79159, 79162, 79165, 79168, 79632, 79635, 79638, 79641, 79644, 75051, 75055, 75050, 75052, 75053, 75061, 75064, 75065, 75062, 75063, 75056, 75058, 75059, 75057, 75060]}