{"mjd": [58565.066154, 58565.061605], "magerr": [0.031849876046180725, 0.035294342786073685], "alert_name": null, "observatory": ["Liam Hardy pt5m", "Liam Hardy pt5m"], "caliberr": [0.2521441578865051, 0.04311636462807655], "mag": [17.18317222595215, 16.857425689697266], "catalog": ["SDSS", "APASS"], "filter": ["R", "V"], "id": [147924, 147923]}