{"mjd": [58486.045094, 58496.016331, 58486.049657, 58496.020894, 58486.054219, 58496.02545], "magerr": [-1.0, -1.0, 0.087797150015831, 0.11997082084417343, 0.047644224017858505, 0.053385671228170395], "alert_name": null, "observatory": ["Liam Hardy pt5m", "Liam Hardy pt5m", "Liam Hardy pt5m", "Liam Hardy pt5m", "Liam Hardy pt5m", "Liam Hardy pt5m"], "caliberr": [0.13715222477912903, 0.10945726931095123, 0.05682041868567467, 0.025480594485998154, 0.08481666445732117, 0.08285252749919891], "mag": [19.916034698486328, 19.132015228271484, 18.295106887817383, 18.535890579223633, 17.616186141967773, 17.54350471496582], "catalog": ["APASS", "APASS", "APASS", "APASS", "APASS", "APASS"], "filter": ["B", "B", "V", "V", "r", "r"], "id": [129358, 129825, 129359, 129826, 129360, 129827]}