{"mjd": [58003.966997, 58003.968532, 58010.986677, 58003.973084, 58010.99125, 58003.976904, 58010.995837], "magerr": [-1.0, -1.0, -1.0, -1.0, -1.0, -1.0, -1.0], "alert_name": null, "observatory": ["Liam Hardy pt5m", "Liam Hardy pt5m", "Liam Hardy pt5m", "Liam Hardy pt5m", "Liam Hardy pt5m", "Liam Hardy pt5m", "Liam Hardy pt5m"], "caliberr": [0.3715299963951111, 0.4402340054512024, 0.06513900309801102, 0.06634079664945602, 0.07065760344266891, 0.0854509025812149, 0.0747653990983963], "mag": [17.068899154663086, 16.855600357055664, 19.23110008239746, 19.236499786376953, 19.366600036621094, 19.416200637817383, 19.787099838256836], "catalog": ["APASS", "APASS", "APASS", "APASS", "APASS", "APASS", "APASS"], "filter": ["B", "B", "B", "V", "V", "r", "r"], "id": [82830, 82831, 83477, 82832, 83478, 82833, 83479]}