{"mjd": [57897.929124, 57901.102738, 57895.946, 57897.9258, 57896.212395, 57896.928788, 57901.096813, 57902.909295, 57895.949, 57896.21571, 57896.932107, 57901.096813, 57901.100121, 57902.912603, 57895.952, 57896.218326, 57896.934731, 57897.931736, 57902.91522], "magerr": [0.0422654002904892, 0.0674929991364479, 0.03866700083017349, 0.0422654002904892, 0.03375620022416115, 0.03375620022416115, 0.058747000992298126, 0.07229100167751312, 0.026977000758051872, 0.03851950168609619, 0.026601899415254593, 0.058747000992298126, 0.05920099839568138, 0.058122001588344574, 0.03198099881410599, 0.05234450101852417, 0.033666498959064484, 0.039916399866342545, 0.06674200296401978], "alert_name": null, "observatory": ["PIRATE, OU students", "PIRATE, OU students", "PIRATE, OU students", "PIRATE, OU students", "PIRATE, OU students", "PIRATE, OU students", "PIRATE, OU students", "PIRATE, OU students", "PIRATE, OU students", "PIRATE, OU students", "PIRATE, OU students", "PIRATE, OU students", "PIRATE, OU students", "PIRATE, OU students", "PIRATE, OU students", "PIRATE, OU students", "PIRATE, OU students", "PIRATE, OU students", "PIRATE, OU students"], "caliberr": [0.03626599907875061, 0.05655929818749428, 0.07720589637756348, 0.06599099934101105, 0.10500600188970566, 0.10500600188970566, 0.12143900245428085, 0.11424999684095383, 0.06809169799089432, 0.11081399768590927, 0.12450899928808212, 0.033958401530981064, 0.06715340167284012, 0.09165439754724503, 0.009999999776482582, 0.05443210154771805, 0.07838799804449081, 0.04770540073513985, 0.02116600051522255], "mag": [18.407899856567383, 17.56130027770996, 18.937000274658203, 18.813600540161133, 18.654300689697266, 18.654300689697266, 18.649200439453125, 18.73270034790039, 18.072900772094727, 18.013999938964844, 17.905099868774414, 18.310800552368164, 18.020200729370117, 18.180599212646484, 17.440399169921875, 17.538799285888672, 17.555500030517578, 17.509199142456055, 17.703100204467773], "catalog": ["SDSS", "SDSS", "SDSS", "SDSS", "APASS", "APASS", "APASS", "APASS", "APASS", "APASS", "APASS", "APASS", "APASS", "APASS", "APASS", "APASS", "APASS", "APASS", "APASS"], "filter": ["g", "r", "B", "B", "B", "B", "B", "B", "g", "g", "g", "g", "g", "g", "r", "r", "r", "r", "r"], "id": [74925, 76039, 75909, 74924, 74919, 74918, 76025, 76031, 75912, 74920, 74921, 75745, 76038, 76032, 75911, 74922, 74923, 74926, 76033]}