{"mjd": [57651.9248486, 57652.8631082], "magerr": [0.004000000189989805, 0.00430000014603138], "alert_name": null, "observatory": ["Mercator Geneva Grou", "Mercator Geneva Grou"], "caliberr": [0.1161239966750145, 0.24988900125026703], "mag": [17.262399673461914, 17.315200805664062], "catalog": ["APASS", "APASS"], "filter": ["g", "g"], "id": [44700, 44854]}