{"mjd": [58860.050979, 58864.032533, 58860.05495, 58864.037086, 58860.06025, 58864.041632], "magerr": [-1.0, 0.12826700508594513, -1.0, 0.06229329854249954, 0.06730969995260239, 0.054579298943281174], "alert_name": null, "observatory": ["Liam Hardy pt5m", "Liam Hardy pt5m", "Liam Hardy pt5m", "Liam Hardy pt5m", "Liam Hardy pt5m", "Liam Hardy pt5m"], "caliberr": [0.16398300230503082, 0.08464659750461578, 0.10510099679231644, 0.009999999776482582, 0.06590549647808075, 0.06691499799489975], "mag": [19.02280044555664, 18.194000244140625, 18.75160026550293, 17.718700408935547, 18.275299072265625, 18.021099090576172], "catalog": ["APASS", "APASS", "APASS", "APASS", "APASS", "APASS"], "filter": ["B", "B", "V", "V", "r", "r"], "id": [175202, 175469, 175203, 175470, 175204, 175471]}