{"mjd": [58212.07765939, 58223.06064678, 58230.01256879, 58242.97685361, 58249.96143435, 58259.94025631, 58271.90805116, 58300.91887703, 58312.89134061, 58321.90379132, 58334.97251472, 58341.86911198, 58351.84159865, 58366.82326242], "magerr": [-1.0, -1.0, -1.0, -1.0, -1.0, -1.0, -1.0, -1.0, -1.0, -1.0, 0.04769999906420708, 0.04619999974966049, -1.0, -1.0], "alert_name": null, "observatory": ["OndrejovD50, Martin ", "OndrejovD50, Martin ", "OndrejovD50, Martin ", "OndrejovD50, Martin ", "OndrejovD50, Martin ", "OndrejovD50, Martin ", "OndrejovD50, Martin ", "OndrejovD50, Martin ", "OndrejovD50, Martin ", "OndrejovD50, Martin ", "OndrejovD50, Martin ", "OndrejovD50, Martin ", "OndrejovD50, Martin ", "OndrejovD50, Martin "], "caliberr": [0.1060749962925911, 0.12571200728416443, 0.1360359936952591, 0.14236199855804443, 0.1496579945087433, 0.12642699480056763, 0.1305209994316101, 0.12779299914836884, 0.14933300018310547, 0.11281599849462509, 0.1809380054473877, 0.1589920073747635, 0.11822400242090225, 0.14251300692558289], "mag": [19.54450035095215, 20.050399780273438, 20.238000869750977, 19.97279930114746, 20.24570083618164, 20.220500946044922, 20.23419952392578, 20.362499237060547, 20.11590003967285, 19.81089973449707, 17.14189910888672, 17.09079933166504, 19.774499893188477, 24.1643009185791], "catalog": ["APASS", "APASS", "APASS", "APASS", "APASS", "APASS", "APASS", "APASS", "APASS", "APASS", "APASS", "APASS", "APASS", "APASS"], "filter": ["r", "r", "r", "r", "r", "r", "r", "r", "r", "r", "r", "r", "r", "r"], "id": [119435, 119436, 119437, 119438, 119439, 119440, 119441, 119442, 119443, 119444, 119445, 119446, 119447, 119448]}