{"mjd": [58840.8136945, 58840.8211715, 58840.8223033, 58840.8234353, 58840.8252158, 58840.8263509, 58840.8860803, 58840.8896126, 58840.8931458, 58840.9205166, 58840.9216451, 58840.898496, 58840.9020517, 58840.9055868, 58840.9161219, 58840.9172514, 58840.9183797, 58861.6620248, 58861.6620248, 58841.98159722, 58841.9833744, 58842.98177199, 58842.98354245, 58843.98215546, 58843.983929, 58848.98468075, 58848.98645198, 58849.98539492, 58849.98716645, 58854.9878235, 58854.98964034, 58841.98514836, 58841.98624936, 58842.98531381, 58842.98641454, 58843.98570799, 58843.98680626, 58848.9882311, 58848.98932604, 58849.98894278, 58849.99004456], "magerr": [0.003599999938160181, 0.006899999920278788, 0.007000000216066837, 0.0066999997943639755, 0.00430000014603138, 0.004000000189989805, 0.001500000013038516, 0.001500000013038516, 0.0015999999595806003, 0.0034000000450760126, 0.0032999999821186066, 0.0017000000225380063, 0.0017000000225380063, 0.0015999999595806003, 0.0024999999441206455, 0.002400000113993883, 0.0024999999441206455, 0.0034000000450760126, 0.002400000113993883, 0.010200000368058681, 0.009700000286102295, 0.01899999938905239, 0.016300000250339508, 0.011500000022351742, 0.017100000753998756, 0.01549999974668026, 0.013899999670684338, 0.019300000742077827, 0.017799999564886093, 0.013000000268220901, 0.012000000104308128, 0.00800000037997961, 0.00839999970048666, 0.01119999960064888, 0.009399999864399433, 0.05389999970793724, 0.027000000700354576, 0.011699999682605267, 0.011099999770522118, 0.010499999858438969, 0.011800000444054604], "alert_name": null, "observatory": ["ObsMontsec-Umut Burg", "ObsMontsec-Umut Burg", "ObsMontsec-Umut Burg", "ObsMontsec-Umut Burg", "ObsMontsec-Umut Burg", "ObsMontsec-Umut Burg", "ObsMontsec-Umut Burg", "ObsMontsec-Umut Burg", "ObsMontsec-Umut Burg", "ObsMontsec-Umut Burg", "ObsMontsec-Umut Burg", "ObsMontsec-Umut Burg", "ObsMontsec-Umut Burg", "ObsMontsec-Umut Burg", "ObsMontsec-Umut Burg", "ObsMontsec-Umut Burg", "ObsMontsec-Umut Burg", "Adiyaman60, Michal Z", "Adiyaman60, Michal Z", "DSO14 Staszek Zola", "DSO14 Staszek Zola", "DSO14 Staszek Zola", "DSO14 Staszek Zola", "DSO14 Staszek Zola", "DSO14 Staszek Zola", "DSO14 Staszek Zola", "DSO14 Staszek Zola", "DSO14 Staszek Zola", "DSO14 Staszek Zola", "DSO14 Staszek Zola", "DSO14 Staszek Zola", "DSO14 Staszek Zola", "DSO14 Staszek Zola", "DSO14 Staszek Zola", "DSO14 Staszek Zola", "DSO14 Staszek Zola", "DSO14 Staszek Zola", "DSO14 Staszek Zola", "DSO14 Staszek Zola", "DSO14 Staszek Zola", "DSO14 Staszek Zola"], "caliberr": [0.10828600078821182, 0.12209700047969818, 0.1223360002040863, 0.12354099750518799, 0.06447669863700867, 0.06484899669885635, 0.0660243034362793, 0.07573709636926651, 0.07226590067148209, 0.07554180175065994, 0.07670039683580399, 0.12066800147294998, 0.12199600040912628, 0.12470900267362595, 0.12139099836349487, 0.1220019981265068, 0.12142699956893921, 0.05517520010471344, 0.028646400198340416, 0.06620609760284424, 0.06512749940156937, 0.08787120133638382, 0.07584249973297119, 0.07130730152130127, 0.07040119916200638, 0.08705010265111923, 0.09008990228176117, 0.04254230111837387, 0.05947750061750412, 0.051248401403427124, 0.0410940982401371, 0.13911500573158264, 0.1292860060930252, 0.13638299703598022, 0.13565899431705475, 0.178165003657341, 0.13401900231838226, 0.12586000561714172, 0.13769899308681488, 0.13403500616550446, 0.129954993724823], "mag": [15.86240005493164, 15.82040023803711, 15.825599670410156, 15.81779956817627, 14.72760009765625, 14.726400375366211, 14.31470012664795, 14.307900428771973, 14.334400177001953, 14.291600227355957, 14.296299934387207, 13.679100036621094, 13.676300048828125, 13.672499656677246, 13.749099731445312, 13.752799987792969, 13.752099990844727, 15.241999626159668, 14.267000198364258, 14.746899604797363, 14.730899810791016, 14.728699684143066, 14.730799674987793, 14.69909954071045, 14.696999549865723, 14.638699531555176, 14.68529987335205, 14.612299919128418, 14.655500411987305, 14.693900108337402, 14.690600395202637, 13.769100189208984, 13.779500007629395, 13.78499984741211, 13.773900032043457, 13.817899703979492, 13.692999839782715, 13.690500259399414, 13.685500144958496, 13.778400421142578, 13.734700202941895], "catalog": ["APASS", "APASS", "APASS", "APASS", "APASS", "APASS", "APASS", "APASS", "APASS", "APASS", "APASS", "APASS", "APASS", "APASS", "APASS", "APASS", "APASS", "APASS", "APASS", "APASS", "APASS", "APASS", "APASS", "APASS", "APASS", "APASS", "APASS", "APASS", "APASS", "APASS", "APASS", "APASS", "APASS", "APASS", "APASS", "APASS", "APASS", "APASS", "APASS", "APASS", "APASS"], "filter": ["B", "B", "B", "B", "V", "V", "r", "r", "r", "r", "r", "i", "i", "i", "i", "i", "i", "g", "r", "V", "V", "V", "V", "V", "V", "V", "V", "V", "V", "V", "V", "i", "i", "i", "i", "i", "i", "i", "i", "i", "i"], "id": [174572, 174594, 174595, 174596, 174597, 174598, 174573, 174574, 174575, 174602, 174603, 174576, 174577, 174578, 174599, 174600, 174601, 175629, 175630, 174695, 174696, 174699, 174700, 174703, 174704, 174705, 174706, 174711, 174712, 175133, 175134, 174693, 174694, 174697, 174698, 174701, 174702, 174707, 174708, 174709, 174710]}