{"mjd": [59445.18629, 59456.006532, 59445.190843, 59456.011084], "magerr": [-1.0, -1.0, -1.0, 0.172424778342247], "alert_name": null, "observatory": ["Liam Hardy pt5m", "Liam Hardy pt5m", "Liam Hardy pt5m", "Liam Hardy pt5m"], "caliberr": [0.24085552990436554, 0.30084386467933655, 0.2563406229019165, 0.3966574966907501], "mag": [18.5026912689209, 17.939361572265625, 18.794570922851562, 18.03132438659668], "catalog": ["APASS", "APASS", "APASS", "APASS"], "filter": ["B", "B", "V", "V"], "id": [231562, 232120, 231563, 232121]}