{"mjd": [58380.105525, 58381.105492, 58380.096393, 58381.032699, 58380.10097, 58381.100934, 58390.001192], "magerr": [0.05940159037709236, 0.05463237687945366, 0.14027968049049377, 0.1582256257534027, 0.10212219506502151, 0.07869061827659607, -1.0], "alert_name": null, "observatory": ["Liam Hardy pt5m", "Liam Hardy pt5m", "Liam Hardy pt5m", "Liam Hardy pt5m", "Liam Hardy pt5m", "Liam Hardy pt5m", "Liam Hardy pt5m"], "caliberr": [0.1534423828125, 0.14907273650169373, 0.013961425982415676, 0.07386324554681778, 0.06618158519268036, 0.0304495207965374, 0.15652135014533997], "mag": [18.236799240112305, 18.352258682250977, 18.418638229370117, 18.861927032470703, 18.28033447265625, 18.098466873168945, 15.90304946899414], "catalog": ["SDSS", "SDSS", "APASS", "APASS", "APASS", "APASS", "APASS"], "filter": ["R", "R", "B", "B", "V", "V", "r"], "id": [120389, 120551, 120387, 120549, 120388, 120550, 121480]}