{"mjd": [59367.1495, 59367.877392, 59367.1495, 59367.1527, 59367.880608, 59367.1495, 59367.1554, 59367.883149], "magerr": [0.04370931163430214, 0.11600594967603683, 0.045530203729867935, 0.045530203729867935, 0.09510446339845657, 0.04697375372052193, 0.04697375372052193, 0.07969778031110764], "alert_name": null, "observatory": ["PIRATE, OU students", "PIRATE, OU students", "PIRATE, OU students", "PIRATE, OU students", "PIRATE, OU students", "PIRATE, OU students", "PIRATE, OU students", "PIRATE, OU students"], "caliberr": [0.08460646867752075, 0.062358178198337555, 0.0762392207980156, 0.0762392207980156, 0.022420872002840042, 0.09369895607233047, 0.09369895607233047, 0.041385307908058167], "mag": [17.843141555786133, 17.861949920654297, 17.5836124420166, 17.5836124420166, 17.75551414489746, 17.34798812866211, 17.34798812866211, 17.364042282104492], "catalog": ["APASS", "APASS", "APASS", "APASS", "APASS", "APASS", "APASS", "APASS"], "filter": ["B", "B", "V", "V", "V", "r", "r", "r"], "id": [222808, 222753, 222810, 222812, 222755, 222809, 222811, 222754]}