{"mjd": [58598.044519, 58606.035068, 58616.955077, 58598.035417, 58606.026712, 58616.945991, 58598.039973, 58606.031278, 58616.950536], "magerr": [0.038536276668310165, 0.045578960329294205, 0.05109797790646553, 0.11541176587343216, -1.0, -1.0, 0.04398298263549805, 0.07878173887729645, -1.0], "alert_name": null, "observatory": ["Liam Hardy pt5m", "Liam Hardy pt5m", "Liam Hardy pt5m", "Liam Hardy pt5m", "Liam Hardy pt5m", "Liam Hardy pt5m", "Liam Hardy pt5m", "Liam Hardy pt5m", "Liam Hardy pt5m"], "caliberr": [0.25969940423965454, 0.08974172174930573, 0.19628101587295532, 0.009999999776482582, 0.03382743149995804, 0.009999999776482582, 0.010422665625810623, 0.01721782796084881, 0.010000007227063179], "mag": [17.144638061523438, 17.198667526245117, 17.0264949798584, 18.429651260375977, 19.490198135375977, 20.093875885009766, 16.772218704223633, 17.772109985351562, 19.48827362060547], "catalog": ["SDSS", "SDSS", "SDSS", "APASS", "APASS", "APASS", "APASS", "APASS", "APASS"], "filter": ["R", "R", "R", "B", "B", "B", "V", "V", "V"], "id": [151038, 151513, 152471, 151036, 151511, 152463, 151037, 151512, 152465]}