{"mjd": [58644.092724, 58648.127147, 58644.097289, 58648.131713, 58644.101856, 58648.136278], "magerr": [-1.0, -1.0, -1.0, -1.0, -1.0, -1.0], "alert_name": null, "observatory": ["Liam Hardy pt5m", "Liam Hardy pt5m", "Liam Hardy pt5m", "Liam Hardy pt5m", "Liam Hardy pt5m", "Liam Hardy pt5m"], "caliberr": [0.10329200327396393, 0.0948524996638298, 0.1390009969472885, 0.11716999858617783, 0.06241539865732193, 0.08305209875106812], "mag": [19.627300262451172, 19.29669952392578, 20.848800659179688, 19.353300094604492, 20.159299850463867, 19.79400062561035], "catalog": ["APASS", "APASS", "APASS", "APASS", "APASS", "APASS"], "filter": ["B", "B", "V", "V", "r", "r"], "id": [154914, 155412, 154915, 155413, 154916, 155414]}