{"mjd": [58565.066154, 58565.061605], "magerr": [0.031849898397922516, 0.0352943018078804], "alert_name": null, "observatory": ["Liam Hardy pt5m", "Liam Hardy pt5m"], "caliberr": [0.2521440088748932, 0.04311639815568924], "mag": [17.18320083618164, 16.85740089416504], "catalog": ["SDSS", "APASS"], "filter": ["R", "V"], "id": [147924, 147923]}