{"mjd": [58881.212895], "magerr": [0.03683845326304436], "alert_name": null, "observatory": ["Liam Hardy pt5m"], "caliberr": [0.09807427227497101], "mag": [17.631071090698242], "catalog": ["SDSS"], "filter": ["R"], "id": [176823]}