{"mjd": [58130.216098, 58140.187577, 58130.206978, 58140.178196, 58144.194543, 58130.21154, 58140.182756, 58144.197578], "magerr": [0.018869899213314056, 0.03192729875445366, 0.061874400824308395, -1.0, -1.0, 0.02601349912583828, -1.0, -1.0], "alert_name": null, "observatory": ["Liam Hardy pt5m", "Liam Hardy pt5m", "Liam Hardy pt5m", "Liam Hardy pt5m", "Liam Hardy pt5m", "Liam Hardy pt5m", "Liam Hardy pt5m", "Liam Hardy pt5m"], "caliberr": [0.1561110019683838, 0.23839199542999268, 0.08883070200681686, 0.07075080275535583, 0.10767599940299988, 0.06686300039291382, 0.0433616004884243, 0.08414089679718018], "mag": [15.995699882507324, 16.97949981689453, 17.03459930419922, 19.167999267578125, 20.31999969482422, 16.242399215698242, 19.725500106811523, 19.351699829101562], "catalog": ["SDSS", "SDSS", "APASS", "APASS", "APASS", "APASS", "APASS", "APASS"], "filter": ["R", "R", "B", "B", "B", "V", "V", "V"], "id": [98033, 98693, 98031, 98691, 99044, 98032, 98692, 99045]}