{"mjd": [58143.273493, 58143.278059, 58259.9983681, 58261.8982465, 58262.9223322, 58260.0041782, 58261.9040625, 58262.9281481], "magerr": [-1.0, -1.0, -1.0, -1.0, -1.0, -1.0, -1.0, -1.0], "alert_name": null, "observatory": ["Liam Hardy pt5m", "Liam Hardy pt5m", "PIRATE Meredith Morr", "PIRATE Meredith Morr", "PIRATE Meredith Morr", "PIRATE Meredith Morr", "PIRATE Meredith Morr", "PIRATE Meredith Morr"], "caliberr": [0.09954319894313812, 0.08578555285930634, 0.3138865828514099, 0.14652712643146515, 0.0982707142829895, 0.16824133694171906, 0.06616310775279999, 0.060877516865730286], "mag": [19.618215560913086, 19.633256912231445, 20.298261642456055, 20.163700103759766, 20.264713287353516, 20.52890968322754, 20.354825973510742, 20.52508544921875], "catalog": ["APASS", "APASS", "APASS", "APASS", "APASS", "APASS", "APASS", "APASS"], "filter": ["B", "V", "g", "g", "g", "r", "r", "r"], "id": [98939, 98940, 141946, 141990, 142020, 141940, 141995, 142038]}