{"mjd": [58703.063864, 58710.047299, 58720.029126, 58703.054752, 58710.038162, 58703.059308, 58710.042729, 58720.026095], "magerr": [0.036125801503658295, 0.03604799881577492, -1.0, 0.08485069870948792, 0.1118680015206337, 0.04410240054130554, 0.05506810173392296, -1.0], "alert_name": null, "observatory": ["Liam Hardy pt5m", "Liam Hardy pt5m", "Liam Hardy pt5m", "Liam Hardy pt5m", "Liam Hardy pt5m", "Liam Hardy pt5m", "Liam Hardy pt5m", "Liam Hardy pt5m"], "caliberr": [0.14811600744724274, 0.36916598677635193, 0.12578800320625305, 0.09905180335044861, 0.1516679972410202, 0.08371099829673767, 0.11817499995231628, 0.13496999442577362], "mag": [17.425100326538086, 16.04680061340332, 16.597000122070312, 17.902700424194336, 17.89550018310547, 17.647300720214844, 16.612499237060547, 18.242799758911133], "catalog": ["SDSS", "SDSS", "SDSS", "APASS", "APASS", "APASS", "APASS", "APASS"], "filter": ["R", "R", "R", "B", "B", "V", "V", "V"], "id": [161787, 162370, 163090, 161785, 162368, 161786, 162369, 163089]}