{"mjd": [58502.788218, 58504.924792, 58507.739988, 58524.722778, 58809.967685, 58810.91265, 58502.787569, 58504.924155, 58507.739352, 58524.721875, 58809.973796, 58810.907963, 58502.787106, 58504.923681, 58507.738877, 58524.722593, 58809.966435, 58502.787512, 58504.923299, 58507.738507, 58521.877315, 58524.722419, 58809.966794, 58810.912488, 58851.754525, 58886.814306, 58886.816956, 58886.819606, 58886.822245, 58886.824896, 58886.827546, 58886.830185, 58886.832836, 58886.835486, 58886.838137, 58886.840775, 58886.843426, 58886.846076, 58886.848727, 58886.851366, 58886.854016, 58886.856667, 58886.859306, 58886.861956, 58886.864606, 58888.731088, 58888.734595, 58888.738113, 58888.741632, 58888.74515, 58888.748669, 58888.752176, 58888.755694, 58888.759213, 58888.762743, 58888.766273, 58888.76978, 58888.773299, 58888.776817, 58888.780336, 58888.783854, 58888.787373, 58888.790185, 58888.833079, 58888.836597, 58888.840116, 58888.843623, 58888.847141, 58888.850648, 58888.854167, 58888.857674, 58888.861192, 58888.864711, 58888.868218, 58888.871748, 58502.786667, 58504.922975, 58507.738183, 58521.876933, 58524.722095, 58738.900868, 58809.96566, 58810.910567, 58506.794252, 58506.795783, 58506.795412, 58916.106771, 58506.794749, 58916.106771, 58873.75113425916, 58880.710094603244, 58873.75113425916, 58880.710094603244, 58873.75113425916, 58880.710094603244], "magerr": [0.0357000008225441, 0.06289999932050705, 0.048500001430511475, 0.06369999796152115, 0.14710000157356262, 0.16130000352859497, 0.019600000232458115, 0.035100001841783524, 0.027499999850988388, 0.03999999910593033, 0.08619999885559082, 0.13699999451637268, 0.022099999710917473, 0.0364999994635582, 0.03240000084042549, 0.037300001829862595, 0.12200000137090683, 0.01889999955892563, 0.027799999341368675, 0.026499999687075615, 0.14079999923706055, 0.03819999843835831, 0.07810000330209732, 0.10199999809265137, 0.1031000018119812, 0.015599999576807022, 0.01720000058412552, 0.01679999940097332, 0.016699999570846558, 0.01730000041425228, 0.016899999231100082, 0.016300000250339508, 0.017500000074505806, 0.017400000244379044, 0.01810000091791153, 0.019999999552965164, 0.018300000578165054, 0.018200000748038292, 0.017500000074505806, 0.016599999740719795, 0.016300000250339508, 0.016300000250339508, 0.01640000008046627, 0.018200000748038292, 0.01720000058412552, 0.014100000262260437, 0.013899999670684338, 0.013899999670684338, 0.016599999740719795, 0.01360000018030405, 0.014100000262260437, 0.014000000432133675, 0.014600000344216824, 0.014600000344216824, 0.013000000268220901, 0.013899999670684338, 0.013500000350177288, 0.013100000098347664, 0.013399999588727951, 0.014600000344216824, 0.014499999582767487, 0.015300000086426735, 0.014600000344216824, 0.01810000091791153, 0.017799999564886093, 0.017100000753998756, 0.01600000075995922, 0.016699999570846558, 0.016599999740719795, 0.01679999940097332, 0.01810000091791153, 0.02070000022649765, 0.01810000091791153, 0.01860000006854534, 0.019899999722838402, 0.02459999918937683, 0.035599999129772186, 0.03500000014901161, 0.13330000638961792, 0.03889999911189079, 0.12049999833106995, 0.06800000369548798, 0.10000000149011612, 0.03530000150203705, 0.02930000051856041, 0.04569999873638153, 0.10199999809265137, 0.0625, 0.16949999332427979, 0.14630000293254852, -1.0, 0.1720000058412552, -1.0, 0.11079999804496765, -1.0], "alert_name": null, "observatory": ["Lisnyky, Andrii Simo", "Lisnyky, Andrii Simo", "Lisnyky, Andrii Simo", "Lisnyky, Andrii Simo", "Lisnyky, Andrii Simo", "Lisnyky, Andrii Simo", "Lisnyky, Andrii Simo", "Lisnyky, Andrii Simo", "Lisnyky, Andrii Simo", "Lisnyky, Andrii Simo", "Lisnyky, Andrii Simo", "Lisnyky, Andrii Simo", "Lisnyky, Andrii Simo", "Lisnyky, Andrii Simo", "Lisnyky, Andrii Simo", "Lisnyky, Andrii Simo", "Lisnyky, Andrii Simo", "Lisnyky, Andrii Simo", "Lisnyky, Andrii Simo", "Lisnyky, Andrii Simo", "Lisnyky, Andrii Simo", "Lisnyky, Andrii Simo", "Lisnyky, Andrii Simo", "Lisnyky, Andrii Simo", "Lisnyky, Andrii Simo", "Lisnyky, Andrii Simo", "Lisnyky, Andrii Simo", "Lisnyky, Andrii Simo", "Lisnyky, Andrii Simo", "Lisnyky, Andrii Simo", "Lisnyky, Andrii Simo", "Lisnyky, Andrii Simo", "Lisnyky, Andrii Simo", "Lisnyky, Andrii Simo", "Lisnyky, Andrii Simo", "Lisnyky, Andrii Simo", "Lisnyky, Andrii Simo", "Lisnyky, Andrii Simo", "Lisnyky, Andrii Simo", "Lisnyky, Andrii Simo", "Lisnyky, Andrii Simo", "Lisnyky, Andrii Simo", "Lisnyky, Andrii Simo", "Lisnyky, Andrii Simo", "Lisnyky, Andrii Simo", "Lisnyky, Andrii Simo", "Lisnyky, Andrii Simo", "Lisnyky, Andrii Simo", "Lisnyky, Andrii Simo", "Lisnyky, Andrii Simo", "Lisnyky, Andrii Simo", "Lisnyky, Andrii Simo", "Lisnyky, Andrii Simo", "Lisnyky, Andrii Simo", "Lisnyky, Andrii Simo", "Lisnyky, Andrii Simo", "Lisnyky, Andrii Simo", "Lisnyky, Andrii Simo", "Lisnyky, Andrii Simo", "Lisnyky, Andrii Simo", "Lisnyky, Andrii Simo", "Lisnyky, Andrii Simo", "Lisnyky, Andrii Simo", "Lisnyky, Andrii Simo", "Lisnyky, Andrii Simo", "Lisnyky, Andrii Simo", "Lisnyky, Andrii Simo", "Lisnyky, Andrii Simo", "Lisnyky, Andrii Simo", "Lisnyky, Andrii Simo", "Lisnyky, Andrii Simo", "Lisnyky, Andrii Simo", "Lisnyky, Andrii Simo", "Lisnyky, Andrii Simo", "Lisnyky, Andrii Simo", "Lisnyky, Andrii Simo", "Lisnyky, Andrii Simo", "Lisnyky, Andrii Simo", "Lisnyky, Andrii Simo", "Lisnyky, Andrii Simo", "Lisnyky, Andrii Simo", "Lisnyky, Andrii Simo", "Lisnyky, Andrii Simo", "Terskol-2,Vira Godun", "Terskol-2,Vira Godun", "Terskol-2,Vira Godun", "Terskol-2,Vira Godun", "Terskol-2,Vira Godun", "Terskol-2,Vira Godun", "Adiyaman60, Michal Z", "Adiyaman60, Michal Z", "Adiyaman60, Michal Z", "Adiyaman60, Michal Z", "Adiyaman60, Michal Z", "Adiyaman60, Michal Z"], "caliberr": [0.49461033940315247, 0.4329133927822113, 0.4647465944290161, 0.4791828989982605, 0.35725054144859314, 0.4193272292613983, 0.11832860112190247, 0.10688471794128418, 0.10435070842504501, 0.0810656026005745, 0.10768977552652359, 0.10238803923130035, 0.08021295815706253, 0.062161944806575775, 0.0672622099518776, 0.07208960503339767, 0.19473858177661896, 0.034839507192373276, 0.06312201172113419, 0.019940808415412903, 0.033558037132024765, 0.03813083842396736, 0.06995201855897903, 0.07027309387922287, 0.07870402187108994, 0.07293856889009476, 0.06965804100036621, 0.0637030228972435, 0.06695890426635742, 0.0692717581987381, 0.0682302713394165, 0.052187494933605194, 0.0774422138929367, 0.05329615995287895, 0.05841926485300064, 0.07680569589138031, 0.06224809214472771, 0.07031265646219254, 0.07302126288414001, 0.06636782735586166, 0.07440747320652008, 0.07442206889390945, 0.06008358672261238, 0.08455897122621536, 0.07408060133457184, 0.055547017604112625, 0.06525089591741562, 0.08017456531524658, 0.06629336625337601, 0.03381440043449402, 0.028633957728743553, 0.06029514968395233, 0.061112869530916214, 0.0653902217745781, 0.0669034793972969, 0.05487988889217377, 0.06008360907435417, 0.03707713633775711, 0.0470404289662838, 0.05028803274035454, 0.04692124202847481, 0.04415290057659149, 0.03877195715904236, 0.04160941019654274, 0.04591331630945206, 0.06901465356349945, 0.059052109718322754, 0.05807223916053772, 0.05597273260354996, 0.06939081847667694, 0.056108780205249786, 0.08381029963493347, 0.061453256756067276, 0.07166831195354462, 0.0579523891210556, 0.114749014377594, 0.07782091200351715, 0.07469238340854645, 0.07879671454429626, 0.0793684646487236, 0.07243669778108597, 0.10437556356191635, 0.11122108995914459, 0.15553608536720276, 0.11655982583761215, 0.07310047000646591, 0.07263930141925812, 0.12606649100780487, 0.09478148818016052, 0.009999999776482582, 0.09630492329597473, 0.025550371035933495, 0.07364639639854431, 0.058783650398254395, 0.06861459463834763],