{"mjd": [58603.208855, 58606.196808, 58603.213415, 58606.199852, 58606.201364, 58606.202882, 58603.217973, 58606.20592], "magerr": [-1.0, -1.0, 0.12190385162830353, -1.0, -1.0, -1.0, 0.07423708587884903, 0.05149433761835098], "alert_name": null, "observatory": ["Liam Hardy pt5m", "Liam Hardy pt5m", "Liam Hardy pt5m", "Liam Hardy pt5m", "Liam Hardy pt5m", "Liam Hardy pt5m", "Liam Hardy pt5m", "Liam Hardy pt5m"], "caliberr": [0.0272928848862648, 0.056687213480472565, 0.3863135576248169, 0.05468181148171425, 0.060846954584121704, 0.053605224937200546, 0.06946739554405212, 0.06736692041158676], "mag": [19.685407638549805, 20.237749099731445, 18.200048446655273, 18.63749885559082, 18.56641960144043, 18.89555549621582, 18.266427993774414, 17.87520408630371], "catalog": ["APASS", "APASS", "APASS", "APASS", "APASS", "APASS", "APASS", "APASS"], "filter": ["B", "B", "V", "V", "V", "V", "r", "r"], "id": [151408, 151543, 151409, 151544, 151545, 151546, 151410, 151547]}