{"mjd": [58395.168556, 58403.051467, 58395.15945, 58403.042355, 58395.164009, 58403.046915], "magerr": [0.15609081089496613, 0.04690086096525192, -1.0, -1.0, -1.0, 0.06717769056558609], "alert_name": null, "observatory": ["Liam Hardy pt5m", "Liam Hardy pt5m", "Liam Hardy pt5m", "Liam Hardy pt5m", "Liam Hardy pt5m", "Liam Hardy pt5m"], "caliberr": [0.13737323880195618, 0.2042158842086792, 0.11376578360795975, 0.07118244469165802, 0.009999999776482582, 0.04856357350945473], "mag": [16.98445701599121, 16.66672706604004, 18.12037467956543, 18.97930145263672, 17.392040252685547, 17.598257064819336], "catalog": ["SDSS", "SDSS", "APASS", "APASS", "APASS", "APASS"], "filter": ["R", "R", "B", "B", "V", "V"], "id": [121929, 122276, 121927, 122274, 121928, 122275]}