{"mjd": [57010.005563, 57010.010858, 57010.014969, 57009.994687, 57009.998536, 57010.001261, 57010.02381, 57010.027528, 57010.8080492], "magerr": [0.00839999970048666, 0.009700000286102295, 0.008799999952316284, 0.013199999928474426, 0.006099999882280827, 0.00570000009611249, 0.023600000888109207, 0.02459999918937683, 0.07039999961853027], "alert_name": null, "observatory": ["Loiano,M.Pawlak", "Loiano,M.Pawlak", "Loiano,M.Pawlak", "Loiano,M.Pawlak", "Loiano,M.Pawlak", "Loiano,M.Pawlak", "Loiano,M.Pawlak", "Loiano,M.Pawlak", "K.Wiersema-Leicester"], "caliberr": [0.08194021135568619, 0.06245393678545952, 0.09153767675161362, 0.10544504970312119, 0.10319947451353073, 0.10940230637788773, 0.44463029503822327, 0.3953998386859894, 0.009999999776482582], "mag": [17.97237205505371, 17.984312057495117, 17.958232879638672, 17.276729583740234, 17.265405654907227, 17.273263931274414, 16.65608787536621, 16.727916717529297, 17.129871368408203], "catalog": ["SDSS", "SDSS", "SDSS", "SDSS", "SDSS", "SDSS", "SDSS", "SDSS", "APASS"], "filter": ["g", "g", "g", "r", "r", "r", "i", "i", "r"], "id": [9546, 9547, 9548, 9544, 9545, 9551, 9550, 9549, 9746]}