{"mjd": [58232.996563, 58233.908171, 58232.996088, 58233.907708, 58232.995637, 58233.907257, 58232.997014, 58233.908623], "magerr": [0.23260000348091125, 0.14710000157356262, 0.21739999949932098, 0.11900000274181366, 0.1281999945640564, 0.09350000321865082, 0.1281999945640564, 0.07580000162124634], "alert_name": null, "observatory": ["Terskol, Ukraine-Vir", "Terskol, Ukraine-Vir", "Terskol, Ukraine-Vir", "Terskol, Ukraine-Vir", "Terskol, Ukraine-Vir", "Terskol, Ukraine-Vir", "Terskol, Ukraine-Vir", "Terskol, Ukraine-Vir"], "caliberr": [0.12613053619861603, 0.13796409964561462, 0.13172931969165802, 0.07143291085958481, 0.1002730205655098, 0.10262077301740646, 0.09425414353609085, 0.1022506058216095], "mag": [19.487390518188477, 20.740827560424805, 19.439502716064453, 19.94415855407715, 19.46642303466797, 19.480253219604492, 18.92176628112793, 18.882614135742188], "catalog": ["APASS", "APASS", "APASS", "APASS", "APASS", "APASS", "APASS", "APASS"], "filter": ["B", "B", "V", "V", "r", "r", "i", "i"], "id": [148863, 148909, 148862, 148908, 148906, 148907, 148864, 148910]}