{"mjd": [57148.235749, 57148.2392706, 57149.2040454, 57149.2061478, 57149.2098216, 57149.2138124, 57148.235749, 57148.2392706, 57149.2040454, 57149.2061478, 57149.2098216, 57149.2138124, 57148.235749, 57148.2392706, 57149.2040454, 57149.2061478, 57149.2098216, 57149.2138124], "magerr": [-1.0, -1.0, -1.0, -1.0, -1.0, -1.0, -1.0, -1.0, -1.0, -1.0, 0.054499998688697815, 0.058800000697374344, -1.0, -1.0, -1.0, 0.045899998396635056, 0.032600000500679016, 0.03420000150799751], "alert_name": null, "observatory": ["Anna Hourihane", "Anna Hourihane", "Anna Hourihane", "Anna Hourihane", "Anna Hourihane", "Anna Hourihane", "Anna Hourihane", "Anna Hourihane", "Anna Hourihane", "Anna Hourihane", "Anna Hourihane", "Anna Hourihane", "Anna Hourihane", "Anna Hourihane", "Anna Hourihane", "Anna Hourihane", "Anna Hourihane", "Anna Hourihane"], "caliberr": [0.0768953263759613, 0.08640863746404648, 0.1858571618795395, 0.05953714996576309, 0.09522468596696854, 0.08633732795715332, 0.06902191042900085, 0.17890676856040955, 0.06971585005521774, 0.06432794779539108, 0.044674102216959, 0.04814673587679863, 0.07034642994403839, 0.10231652110815048, 0.07162059843540192, 0.06996507942676544, 0.056711867451667786, 0.060501422733068466], "mag": [19.409196853637695, 22.918489456176758, 17.160709381103516, 20.334199905395508, 20.052194595336914, 23.054048538208008, 17.777711868286133, 18.464977264404297, 18.755693435668945, 20.83082389831543, 19.373167037963867, 19.528581619262695, 20.709850311279297, 21.946603775024414, 21.648849487304688, 18.968889236450195, 18.904090881347656, 18.966445922851562], "catalog": ["SDSS", "SDSS", "SDSS", "SDSS", "SDSS", "SDSS", "SDSS", "SDSS", "SDSS", "SDSS", "SDSS", "SDSS", "SDSS", "SDSS", "SDSS", "SDSS", "SDSS", "SDSS"], "filter": ["u", "u", "u", "u", "u", "u", "g", "g", "g", "g", "g", "g", "r", "r", "r", "r", "r", "r"], "id": [21497, 21494, 21560, 21564, 21565, 21559, 21501, 21499, 21566, 21555, 21563, 21556, 21505, 21503, 21557, 21558, 21561, 21562]}