{"mjd": [58677.109939, 58700.099894, 58677.114492, 58700.104447, 58677.119045, 58700.108999], "magerr": [-1.0, -1.0, -1.0, -1.0, -1.0, -1.0], "alert_name": null, "observatory": ["Liam Hardy pt5m", "Liam Hardy pt5m", "Liam Hardy pt5m", "Liam Hardy pt5m", "Liam Hardy pt5m", "Liam Hardy pt5m"], "caliberr": [0.07503490149974823, 0.07728379964828491, 0.06082740053534508, 0.042659398168325424, 0.03707880154252052, 0.04672810062766075], "mag": [23.202199935913086, 19.565000534057617, 19.670900344848633, 19.91010093688965, 20.090200424194336, 20.169300079345703], "catalog": ["APASS", "APASS", "APASS", "APASS", "APASS", "APASS"], "filter": ["B", "B", "V", "V", "r", "r"], "id": [158418, 161445, 158419, 161446, 158420, 161447]}