{"mjd": [57842.3999058, 57844.3542748], "magerr": [0.006399999838322401, 0.007000000216066837], "alert_name": null, "observatory": ["Euler Geneva Group", "Euler Geneva Group"], "caliberr": [0.15197843313217163, 0.16650688648223877], "mag": [17.828107833862305, 17.851539611816406], "catalog": ["APASS", "APASS"], "filter": ["r", "r"], "id": [69139, 69140]}