{"mjd": [59162.723621, 59173.972574, 59184.904739, 59190.795336, 59211.05325253, 59229.67704814, 59230.77645804, 59231.75398016, 59233.65482481, 59257.81712451, 59260.76141866, 59262.76559095, 59263.75081082, 59264.72281025, 59264.76521497, 59267.76388884, 59162.716501, 59162.720055, 59173.969009, 59184.901174, 59190.791771, 59211.04968771, 59229.67348311, 59230.78395235, 59231.75041507, 59233.65125998, 59257.81355778, 59260.75785366, 59262.76202613, 59263.74724604, 59264.71924543, 59264.76164994, 59267.76032365, 59162.727244, 59173.976197, 59184.908362, 59190.798959, 59211.05687558, 59229.68067137, 59230.78008119, 59231.75760318, 59233.6584475, 59257.82074719, 59260.76504179, 59262.7692136, 59263.75443365, 59264.76883796, 59267.76751185, 59169.1897505, 59169.1902837, 59170.1252405, 59170.1257737, 59171.2525163, 59171.2530496, 59173.085757, 59173.0862855, 59174.1854715, 59174.1860163, 59169.192034, 59169.1925672, 59170.1275245, 59170.1280577, 59171.2547887, 59171.2553106, 59173.0880402, 59173.0885745, 59174.1877788, 59174.1883236, 59169.1908865, 59169.1914313, 59170.1263764, 59170.1269213, 59171.2536523, 59171.2541739, 59173.0868986, 59173.0874325, 59174.1866308, 59174.1871641, 59171.95635081, 59171.96037559, 59175.01358813, 59175.0210794, 59171.95410972, 59171.95814541, 59171.96217464, 59175.01676689, 59175.02425933, 59175.03175037, 59171.95522213, 59171.95924613, 59171.96327986, 59175.01925003, 59175.02674767, 59175.03423804], "magerr": [0.002400000113993883, 0.0027000000700354576, 0.007499999832361937, 0.003100000089034438, 0.007400000002235174, 0.021800000220537186, 0.00839999970048666, 0.003800000064074993, 0.008899999782443047, 0.006000000052154064, 0.0026000000070780516, 0.0035000001080334187, 0.003800000064074993, 0.0071000000461936, 0.007300000172108412, 0.006000000052154064, 0.00279999990016222, 0.0027000000700354576, 0.003700000001117587, 0.007199999876320362, 0.0035000001080334187, 0.006800000090152025, 0.018300000578165054, 0.010599999688565731, 0.005200000014156103, 0.00800000037997961, 0.008100000210106373, 0.002899999963119626, 0.003700000001117587, 0.0038999998942017555, 0.007400000002235174, 0.007300000172108412, 0.006300000008195639, 0.004699999932199717, 0.006599999964237213, 0.00800000037997961, 0.006500000134110451, 0.008299999870359898, 0.044199999421834946, 0.010099999606609344, 0.007600000128149986, 0.007400000002235174, 0.013299999758601189, 0.0052999998442828655, 0.006899999920278788, 0.006500000134110451, 0.011699999682605267, 0.008100000210106373, 0.003700000001117587, 0.004100000020116568, 0.0038999998942017555, 0.0038999998942017555, 0.003700000001117587, 0.00419999985024333, 0.0044999998062849045, 0.0038999998942017555, 0.004100000020116568, 0.003599999938160181, 0.0038999998942017555, 0.004399999976158142, 0.00419999985024333, 0.00419999985024333, 0.0038999998942017555, 0.00430000014603138, 0.004600000102072954, 0.004000000189989805, 0.003700000001117587, 0.0038999998942017555, 0.004600000102072954, 0.004699999932199717, 0.004100000020116568, 0.006200000178068876, 0.004600000102072954, 0.004900000058114529, 0.0044999998062849045, 0.0044999998062849045, 0.0038999998942017555, 0.004999999888241291, 0.0013000000035390258, 0.0013000000035390258, 0.0012000000569969416, 0.0012000000569969416, 0.001500000013038516, 0.001500000013038516, 0.001500000013038516, 0.0010999999940395355, 0.0012000000569969416, 0.0010000000474974513, 0.0017000000225380063, 0.0017999999690800905, 0.0017000000225380063, 0.001500000013038516, 0.0015999999595806003, 0.001500000013038516], "alert_name": null, "observatory": ["Moletai0.35-Erika Pa", "Moletai0.35-Erika Pa", "Moletai0.35-Erika Pa", "Moletai0.35-Erika Pa", "Moletai0.35-Erika Pa", "Moletai0.35-Erika Pa", "Moletai0.35-Erika Pa", "Moletai0.35-Erika Pa", "Moletai0.35-Erika Pa", "Moletai0.35-Erika Pa", "Moletai0.35-Erika Pa", "Moletai0.35-Erika Pa", "Moletai0.35-Erika Pa", "Moletai0.35-Erika Pa", "Moletai0.35-Erika Pa", "Moletai0.35-Erika Pa", "Moletai0.35-Erika Pa", "Moletai0.35-Erika Pa", "Moletai0.35-Erika Pa", "Moletai0.35-Erika Pa", "Moletai0.35-Erika Pa", "Moletai0.35-Erika Pa", "Moletai0.35-Erika Pa", "Moletai0.35-Erika Pa", "Moletai0.35-Erika Pa", "Moletai0.35-Erika Pa", "Moletai0.35-Erika Pa", "Moletai0.35-Erika Pa", "Moletai0.35-Erika Pa", "Moletai0.35-Erika Pa", "Moletai0.35-Erika Pa", "Moletai0.35-Erika Pa", "Moletai0.35-Erika Pa", "Moletai0.35-Erika Pa", "Moletai0.35-Erika Pa", "Moletai0.35-Erika Pa", "Moletai0.35-Erika Pa", "Moletai0.35-Erika Pa", "Moletai0.35-Erika Pa", "Moletai0.35-Erika Pa", "Moletai0.35-Erika Pa", "Moletai0.35-Erika Pa", "Moletai0.35-Erika Pa", "Moletai0.35-Erika Pa", "Moletai0.35-Erika Pa", "Moletai0.35-Erika Pa", "Moletai0.35-Erika Pa", "Moletai0.35-Erika Pa", "LCOGT1m, N.Ihanec", "LCOGT1m, N.Ihanec", "LCOGT1m, N.Ihanec", "LCOGT1m, N.Ihanec", "LCOGT1m, N.Ihanec", "LCOGT1m, N.Ihanec", "LCOGT1m, N.Ihanec", "LCOGT1m, N.Ihanec", "LCOGT1m, N.Ihanec", "LCOGT1m, N.Ihanec", "LCOGT1m, N.Ihanec", "LCOGT1m, N.Ihanec", "LCOGT1m, N.Ihanec", "LCOGT1m, N.Ihanec", "LCOGT1m, N.Ihanec", "LCOGT1m, N.Ihanec", "LCOGT1m, N.Ihanec", "LCOGT1m, N.Ihanec", "LCOGT1m, N.Ihanec", "LCOGT1m, N.Ihanec", "LCOGT1m, N.Ihanec", "LCOGT1m, N.Ihanec", "LCOGT1m, N.Ihanec", "LCOGT1m, N.Ihanec", "LCOGT1m, N.Ihanec", "LCOGT1m, N.Ihanec", "LCOGT1m, N.Ihanec", "LCOGT1m, N.Ihanec", "LCOGT1m, N.Ihanec", "LCOGT1m, N.Ihanec", "Loiano, Alessia Garo", "Loiano, Alessia Garo", "Loiano, Alessia Garo", "Loiano, Alessia Garo", "Loiano, Alessia Garo", "Loiano, Alessia Garo", "Loiano, Alessia Garo", "Loiano, Alessia Garo", "Loiano, Alessia Garo", "Loiano, Alessia Garo", "Loiano, Alessia Garo", "Loiano, Alessia Garo", "Loiano, Alessia Garo", "Loiano, Alessia Garo", "Loiano, Alessia Garo", "Loiano, Alessia Garo"], "caliberr": [0.06697526574134827, 0.06957049667835236, 0.06771599501371384, 0.07088606059551239, 0.07730799168348312, 0.12365718185901642, 0.06943165510892868, 0.06274107098579407, 0.08083352446556091, 0.07373775541782379, 0.06505279988050461, 0.06777792423963547, 0.07231350243091583, 0.08006982505321503, 0.07928994297981262, 0.07463502138853073, 0.047086212784051895, 0.048226941376924515, 0.04501018300652504, 0.05183989927172661, 0.04961744323372841, 0.04499315097928047, 0.09896906465291977, 0.04774615913629532, 0.053247276693582535, 0.06354154646396637, 0.04629882797598839, 0.04918058216571808, 0.054877281188964844, 0.038455646485090256, 0.06176041066646576, 0.053074076771736145, 0.06060740351676941, 0.08749106526374817, 0.11301257461309433, 0.08761943131685257, 0.11549915373325348, 0.09288323670625687, 0.34501761198043823, 0.0980653241276741, 0.10155884176492691, 0.09110365808010101, 0.13254514336585999, 0.09319591522216797, 0.1063336506485939, 0.0729374960064888, 0.1235256940126419, 0.10639101266860962, 0.01524670235812664, 0.0313323512673378, 0.020506305620074272, 0.025760067626833916, 0.02175978198647499, 0.02407601661980152, 0.028239844366908073, 0.020979946479201317, 0.02500433847308159, 0.02048303559422493, 0.0409771129488945, 0.038736164569854736, 0.03401694819331169, 0.04274899512529373, 0.021070582792162895, 0.0378912016749382, 0.040410153567790985, 0.04355623200535774, 0.039775390177965164, 0.03971303254365921, 0.05248095840215683, 0.056467924267053604, 0.052378665655851364, 0.0524459183216095, 0.051988571882247925, 0.051467325538396835, 0.05249808356165886, 0.04839322343468666, 0.04858710616827011, 0.05111004039645195, 0.10307904332876205, 0.1041436567902565, 0.048451151698827744, 0.10908417403697968, 0.02062821388244629, 0.024273013696074486, 0.019935166463255882, 0.0539100207388401, 0.0513387955725193, 0.08393282443284988, 0.04067143052816391, 0.05192698910832405, 0.04591246321797371, 0.05709310993552208, 0.0332157127559185, 0.07526588439941406],