{"mjd": [57661.107276, 57661.100178, 57661.114374, 57666.045003, 57666.052096, 57666.059191], "magerr": [0.010300000198185444, 0.010900000110268593, 0.011300000362098217, 0.004600000102072954, 0.0044999998062849045, 0.004399999976158142], "alert_name": null, "observatory": ["OmicronC2PU JPRivet", "OmicronC2PU JPRivet", "OmicronC2PU JPRivet", "OmicronC2PU JPRivet", "OmicronC2PU JPRivet", "OmicronC2PU JPRivet"], "caliberr": [0.3569011390209198, 0.1023164838552475, 0.0870315209031105, 0.35935521125793457, 0.3585023581981659, 0.35690465569496155], "mag": [16.208538055419922, 17.134077072143555, 17.126535415649414, 16.033044815063477, 16.022632598876953, 16.029027938842773], "catalog": ["USNO", "APASS", "APASS", "GAIA", "GAIA", "GAIA"], "filter": ["R2pg", "r", "r", "G", "G", "G"], "id": [59040, 59039, 59041, 59042, 59043, 59044]}