{"mjd": [58314.155627, 58314.160173, 58314.164705], "magerr": [-1.0, -1.0, -1.0], "alert_name": null, "observatory": ["Liam Hardy pt5m", "Liam Hardy pt5m", "Liam Hardy pt5m"], "caliberr": [0.018422799184918404, 0.06509049981832504, 0.028898099437355995], "mag": [19.56369972229004, 19.465099334716797, 20.27829933166504], "catalog": ["APASS", "APASS", "APASS"], "filter": ["B", "V", "r"], "id": [114103, 114104, 114105]}