{"mjd": [57649.8349256, 57650.8426344, 57649.8349256, 57650.8426344], "magerr": [0.026100000366568565, 0.011300000362098217, 0.019500000402331352, 0.007899999618530273], "alert_name": null, "observatory": ["Mercator Geneva Grou", "Mercator Geneva Grou", "Mercator Geneva Grou", "Mercator Geneva Grou"], "caliberr": [0.23827745020389557, 0.1148495301604271, 0.130315899848938, 0.10030222684144974], "mag": [16.948179244995117, 17.132171630859375, 15.929037094116211, 16.812652587890625], "catalog": ["SDSS", "SDSS", "SDSS", "SDSS"], "filter": ["g", "g", "r", "r"], "id": [44680, 44696, 44681, 44697]}