{"mjd": [57818.097457, 57833.076793, 57838.097053, 57818.087281, 57833.063272, 57818.089486, 57833.069949], "magerr": [-1.0, 0.07704240083694458, 0.09772320091724396, -1.0, -1.0, -1.0, 0.08918099850416183], "alert_name": null, "observatory": ["Liam Hardy pt5m", "Liam Hardy pt5m", "Liam Hardy pt5m", "Liam Hardy pt5m", "Liam Hardy pt5m", "Liam Hardy pt5m", "Liam Hardy pt5m"], "caliberr": [0.16060499846935272, 0.10761799663305283, 0.10241799801588058, 0.07066120207309723, 0.10549099743366241, 0.029724400490522385, 0.029180999845266342], "mag": [19.75309944152832, 17.996999740600586, 17.85540008544922, 17.865299224853516, 19.8302001953125, 18.940000534057617, 18.531600952148438], "catalog": ["SDSS", "SDSS", "SDSS", "APASS", "APASS", "APASS", "APASS"], "filter": ["R", "R", "R", "B", "B", "V", "V"], "id": [67188, 68072, 68619, 67186, 68070, 67187, 68071]}