{"mjd": [59373.200258, 59373.2020058, 59374.0440087, 59374.0457646, 59374.1740508, 59374.1758012], "magerr": [0.007400000002235174, 0.005499999970197678, 0.005499999970197678, 0.004600000102072954, 0.00430000014603138, 0.004600000102072954], "alert_name": null, "observatory": ["LCOGT1m, Kris Rybick", "LCOGT1m, Kris Rybick", "LCOGT1m, Kris Rybick", "LCOGT1m, Kris Rybick", "LCOGT1m, Kris Rybick", "LCOGT1m, Kris Rybick"], "caliberr": [0.1068912073969841, 0.08852814882993698, 0.08386579155921936, 0.08476178348064423, 0.0995781198143959, 0.10050023347139359], "mag": [15.485520362854004, 15.501349449157715, 15.491168022155762, 15.499252319335938, 15.498418807983398, 15.491031646728516], "catalog": ["APASS", "APASS", "APASS", "APASS", "APASS", "APASS"], "filter": ["i", "i", "i", "i", "i", "i"], "id": [222741, 222742, 222743, 222744, 222739, 222740]}