{"mjd": [57461.32321578704, 57461.32797625, 57461.33204120371], "magerr": [0.0024999999441206455, 0.002199999988079071, 0.0027000000700354576], "alert_name": null, "observatory": ["LCOGT Gaia Alerts Gr", "LCOGT Gaia Alerts Gr", "LCOGT Gaia Alerts Gr"], "caliberr": [0.03758566454052925, 0.03061935119330883, 0.07655783742666245], "mag": [16.447568893432617, 15.939363479614258, 15.68564510345459], "catalog": ["APASS", "APASS", "APASS"], "filter": ["g", "r", "i"], "id": [27780, 27781, 27782]}