{"mjd": [56906.7879, 56908.78243, 56915.8448365, 56916.843817, 56916.846135, 56916.8484538, 56917.845401, 56917.8498816, 56916.843817, 56916.846135, 56916.8484538, 56917.845401, 56917.8498816], "magerr": [0.02319999970495701, 0.06960000097751617, 0.03779999911785126, 0.01600000075995922, 0.01269999984651804, 0.009800000116229057, 0.02070000022649765, 0.02419999986886978, 0.014000000432133675, 0.01489999983459711, 0.01080000028014183, 0.01269999984651804, 0.016100000590085983], "alert_name": null, "observatory": ["Ostrowik 0.6m. Micha", "Ostrowik 0.6m. Micha", "Mercator, Lovro Pala", "Mercator, Lovro Pala", "Mercator, Lovro Pala", "Mercator, Lovro Pala", "Mercator, Lovro Pala", "Mercator, Lovro Pala", "Mercator, Lovro Pala", "Mercator, Lovro Pala", "Mercator, Lovro Pala", "Mercator, Lovro Pala", "Mercator, Lovro Pala"], "caliberr": [0.130560040473938, 0.06653603911399841, 0.2814393937587738, 0.20405496656894684, 0.35781413316726685, 0.151814803481102, 0.16049174964427948, 0.21901002526283264, 0.1318480223417282, 0.20269642770290375, 0.28419217467308044, 0.14388734102249146, 0.206378772854805], "mag": [14.382105827331543, 16.108064651489258, 16.821245193481445, 16.869487762451172, 16.805618286132812, 16.905641555786133, 16.96101951599121, 16.891942977905273, 16.85956382751465, 17.126659393310547, 16.919584274291992, 16.586196899414062, 16.513355255126953], "catalog": ["SDSS", "SDSS", "SDSS", "SDSS", "SDSS", "SDSS", "SDSS", "SDSS", "SDSS", "SDSS", "SDSS", "SDSS", "SDSS"], "filter": ["I", "I", "g", "g", "g", "g", "g", "g", "r", "r", "r", "r", "r"], "id": [9477, 9479, 6180, 6191, 6177, 6187, 6176, 6189, 6192, 6178, 6188, 6175, 6190]}