{"mjd": [59102.152266, 59113.047218, 59122.079091, 59102.156877, 59113.051768, 59122.083645, 59102.161426, 59113.056318, 59122.088954], "magerr": [-1.0, -1.0, -1.0, 0.09273869544267654, 0.07975573092699051, 0.09267524629831314, 0.0641774833202362, 0.041446253657341, 0.036819178611040115], "alert_name": null, "observatory": ["Liam Hardy pt5m", "Liam Hardy pt5m", "Liam Hardy pt5m", "Liam Hardy pt5m", "Liam Hardy pt5m", "Liam Hardy pt5m", "Liam Hardy pt5m", "Liam Hardy pt5m", "Liam Hardy pt5m"], "caliberr": [0.052666179835796356, 0.09609042853116989, 0.09519489854574203, 0.10818468779325485, 0.09385033696889877, 0.06645124405622482, 0.11645601689815521, 0.07784254848957062, 0.08814994990825653], "mag": [17.45049285888672, 18.969215393066406, 18.353809356689453, 17.67746925354004, 17.711694717407227, 17.669532775878906, 17.335704803466797, 17.13084602355957, 17.026426315307617], "catalog": ["APASS", "APASS", "APASS", "APASS", "APASS", "APASS", "APASS", "APASS", "APASS"], "filter": ["B", "B", "B", "V", "V", "V", "r", "r", "r"], "id": [198792, 199643, 201616, 198793, 199644, 201617, 198794, 199645, 201618]}