{"mjd": [58805.956062, 58805.910341, 58805.951502], "magerr": [-1.0, -1.0, -1.0], "alert_name": null, "observatory": ["Liam Hardy pt5m", "Liam Hardy pt5m", "Liam Hardy pt5m"], "caliberr": [0.16626699268817902, 0.08300440013408661, 0.03295480087399483], "mag": [19.958900451660156, 19.010400772094727, 19.562599182128906], "catalog": ["SDSS", "APASS", "APASS"], "filter": ["R", "B", "V"], "id": [171757, 171755, 171756]}