{"mjd": [59284.249716, 59298.18279, 59298.188202], "magerr": [-1.0, -1.0, -1.0], "alert_name": null, "observatory": ["Liam Hardy pt5m", "Liam Hardy pt5m", "Liam Hardy pt5m"], "caliberr": [0.09060126543045044, 0.05272549018263817, 0.04382077232003212], "mag": [18.572856903076172, 18.296138763427734, 19.041709899902344], "catalog": ["SDSS", "APASS", "APASS"], "filter": ["R", "B", "V"], "id": [213828, 215724, 215725]}