{"mjd": [59301.3238451, 59301.3229985, 59283.7336933, 59288.7748799, 59296.4558725, 59285.0948298, 59287.3555369, 59292.1550491, 59295.132905, 59296.1247528, 59296.1260978, 59297.7169369, 59283.732849, 59285.0939951, 59286.3370382, 59287.3465036, 59288.7740298, 59290.3924849, 59291.1288823, 59292.154213, 59293.3889736, 59295.1320817, 59296.1275237, 59296.4550263, 59297.7183642, 59297.7192577, 59298.1287089, 59299.0461018], "magerr": [0.012500000186264515, 0.004999999888241291, 0.013899999670684338, 0.010200000368058681, 0.01360000018030405, 0.02070000022649765, 0.0203000009059906, 0.013000000268220901, 0.008899999782443047, 0.009800000116229057, 0.009499999694526196, 0.008500000461935997, 0.007799999788403511, 0.012799999676644802, 0.006200000178068876, 0.006000000052154064, 0.005900000222027302, 0.005799999926239252, 0.006500000134110451, 0.007000000216066837, 0.00559999980032444, 0.006800000090152025, 0.00570000009611249, 0.007499999832361937, 0.004699999932199717, 0.005100000184029341, 0.006099999882280827, 0.0071000000461936], "alert_name": null, "observatory": ["LCOGT1m, Kris Rybick", "LCOGT1m, Kris Rybick", "LCOGT1m, Etienne Bac", "LCOGT1m, Etienne Bac", "LCOGT1m, Etienne Bac", "LCOGT1m, Etienne Bac", "LCOGT1m, Etienne Bac", "LCOGT1m, Etienne Bac", "LCOGT1m, Etienne Bac", "LCOGT1m, Etienne Bac", "LCOGT1m, Etienne Bac", "LCOGT1m, Etienne Bac", "LCOGT1m, Etienne Bac", "LCOGT1m, Etienne Bac", "LCOGT1m, Etienne Bac", "LCOGT1m, Etienne Bac", "LCOGT1m, Etienne Bac", "LCOGT1m, Etienne Bac", "LCOGT1m, Etienne Bac", "LCOGT1m, Etienne Bac", "LCOGT1m, Etienne Bac", "LCOGT1m, Etienne Bac", "LCOGT1m, Etienne Bac", "LCOGT1m, Etienne Bac", "LCOGT1m, Etienne Bac", "LCOGT1m, Etienne Bac", "LCOGT1m, Etienne Bac", "LCOGT1m, Etienne Bac"], "caliberr": [0.06870172917842865, 0.07112841308116913, 0.10516208410263062, 0.10157563537359238, 0.14970999956130981, 0.12887197732925415, 0.08352859318256378, 0.07189735025167465, 0.07299956679344177, 0.0687154233455658, 0.0690636932849884, 0.10567808151245117, 0.1322696954011917, 0.12188419699668884, 0.08906008303165436, 0.09539636224508286, 0.10976169258356094, 0.10916700214147568, 0.10919320583343506, 0.07762590050697327, 0.09660647809505463, 0.06909672915935516, 0.07416084408760071, 0.16443483531475067, 0.13150456547737122, 0.12424135208129883, 0.06604479253292084, 0.14790183305740356], "mag": [16.635528564453125, 14.6284818649292, 17.26271629333496, 17.104066848754883, 16.878015518188477, 17.24781036376953, 17.149690628051758, 16.97405433654785, 16.86932945251465, 16.854528427124023, 16.841289520263672, 16.831079483032227, 15.12356948852539, 15.088017463684082, 15.019755363464355, 14.998128890991211, 14.978606224060059, 14.909695625305176, 14.89983081817627, 14.847625732421875, 14.827720642089844, 14.771432876586914, 14.742936134338379, 14.758966445922852, 14.728941917419434, 14.735740661621094, 14.695416450500488, 14.696236610412598], "catalog": ["PS1", "PS1", "APASS", "APASS", "APASS", "PS1", "PS1", "PS1", "PS1", "PS1", "PS1", "PS1", "PS1", "PS1", "PS1", "PS1", "PS1", "PS1", "PS1", "PS1", "PS1", "PS1", "PS1", "PS1", "PS1", "PS1", "PS1", "PS1"], "filter": ["g", "i", "g", "g", "g", "g", "g", "g", "g", "g", "g", "g", "i", "i", "i", "i", "i", "i", "i", "i", "i", "i", "i", "i", "i", "i", "i", "i"], "id": [216179, 216178, 215909, 215911, 215929, 215922, 215932, 215920, 215917, 215923, 215924, 215912, 215908, 215921, 215930, 215931, 215910, 215933, 215915, 215919, 215934, 215916, 215925, 215928, 215913, 215914, 215918, 215926]}