{"mjd": [57559.05317478], "magerr": [0.05770000070333481], "alert_name": null, "observatory": ["K.Wiersema-NTT"], "caliberr": [0.3347342014312744], "mag": [19.702749252319336], "catalog": ["APASS"], "filter": ["V"], "id": [50981]}