{"mjd": [58880.270841, 58880.266298], "magerr": [0.01483180746436119, 0.017204465344548225], "alert_name": null, "observatory": ["Liam Hardy pt5m", "Liam Hardy pt5m"], "caliberr": [0.09473863244056702, 0.02993524633347988], "mag": [15.7940092086792, 15.98275089263916], "catalog": ["SDSS", "APASS"], "filter": ["R", "V"], "id": [176416, 176415]}