{"mjd": [58634.996201, 58634.987109, 58634.991658, 58629.414565, 58628.920433, 58628.920433], "magerr": [0.010765899904072285, 0.03403789922595024, 0.019636299461126328, 0.039806999266147614, 0.028620999306440353, 0.03171699866652489], "alert_name": null, "observatory": ["Liam Hardy pt5m", "Liam Hardy pt5m", "Liam Hardy pt5m", "PIRATE, OU students", "PIRATE, OU students", "PIRATE, OU students"], "caliberr": [0.18335700035095215, 0.023482799530029297, 0.06311240047216415, 0.1362520009279251, 0.07409019768238068, 0.009999999776482582], "mag": [14.953800201416016, 16.41699981689453, 15.45300006866455, 16.835100173950195, 16.712200164794922, 16.693700790405273], "catalog": ["SDSS", "APASS", "APASS", "SDSS", "APASS", "APASS"], "filter": ["R", "B", "V", "B", "V", "r"], "id": [153779, 153777, 153778, 153476, 153468, 153443]}