{"mjd": [59113.207203, 59100.22338, 59113.211182, 59100.228681, 59113.216666], "magerr": [-1.0, -1.0, -1.0, -1.0, -1.0], "alert_name": null, "observatory": ["Liam Hardy pt5m", "Liam Hardy pt5m", "Liam Hardy pt5m", "Liam Hardy pt5m", "Liam Hardy pt5m"], "caliberr": [0.11518999934196472, 0.07370910048484802, 0.08039519935846329, 0.2075829952955246, 0.057425498962402344], "mag": [18.75469970703125, 16.960500717163086, 18.7814998626709, 16.816600799560547, 19.109899520874023], "catalog": ["APASS", "APASS", "APASS", "APASS", "APASS"], "filter": ["B", "V", "V", "r", "r"], "id": [199682, 198649, 199683, 198650, 199684]}