{"mjd": [58350.957694, 58350.950148, 58350.953921], "magerr": [-1.0, -1.0, -1.0], "alert_name": null, "observatory": ["Liam Hardy pt5m", "Liam Hardy pt5m", "Liam Hardy pt5m"], "caliberr": [0.2688229978084564, 0.05485190078616142, 0.1054759994149208], "mag": [18.976999282836914, 19.004899978637695, 19.344999313354492], "catalog": ["SDSS", "APASS", "APASS"], "filter": ["R", "B", "V"], "id": [118326, 118324, 118325]}