{"mjd": [58092.120164, 58105.033571, 58092.08852, 58094.047474, 58105.02521, 58092.115601, 58094.05203, 58105.029767, 58094.057346], "magerr": [0.049141280353069305, 0.08516890555620193, 0.08904975652694702, -1.0, 0.026592768728733063, 0.05944351106882095, -1.0, -1.0, -1.0], "alert_name": null, "observatory": ["Liam Hardy pt5m", "Liam Hardy pt5m", "Liam Hardy pt5m", "Liam Hardy pt5m", "Liam Hardy pt5m", "Liam Hardy pt5m", "Liam Hardy pt5m", "Liam Hardy pt5m", "Liam Hardy pt5m"], "caliberr": [0.26388034224510193, 0.3226240575313568, 0.13408026099205017, 0.10686025023460388, 0.12517641484737396, 0.1464233100414276, 0.15137448906898499, 0.1592889130115509, 0.23618218302726746], "mag": [15.394036293029785, 17.53333854675293, 17.152774810791016, 23.797809600830078, 17.433835983276367, 15.970595359802246, 18.74951171875, 19.724407196044922, 18.516508102416992], "catalog": ["SDSS", "SDSS", "APASS", "APASS", "APASS", "APASS", "APASS", "APASS", "APASS"], "filter": ["R", "R", "B", "B", "B", "V", "V", "V", "r"], "id": [90408, 94784, 90406, 90706, 94782, 90407, 90707, 94783, 90708]}