{"mjd": [58315.194748, 58315.168495, 58315.188712, 58315.190215, 58315.191726], "magerr": [0.08388970047235489, -1.0, -1.0, -1.0, -1.0], "alert_name": null, "observatory": ["Liam Hardy pt5m", "Liam Hardy pt5m", "Liam Hardy pt5m", "Liam Hardy pt5m", "Liam Hardy pt5m"], "caliberr": [0.12532499432563782, 0.07570040225982666, 0.05439329892396927, 0.06346230208873749, 0.0853251963853836], "mag": [18.2322998046875, 19.51409912109375, 19.042299270629883, 19.466899871826172, 19.30660057067871], "catalog": ["SDSS", "APASS", "APASS", "APASS", "APASS"], "filter": ["R", "B", "V", "V", "V"], "id": [114445, 114441, 114442, 114443, 114444]}