{"mjd": [57933.93136574, 57933.92357639, 57933.92748843], "magerr": [0.019300000742077827, 0.019899999722838402, 0.03929999843239784], "alert_name": null, "observatory": ["Loiano, Felice Cusan", "Loiano, Felice Cusan", "Loiano, Felice Cusan"], "caliberr": [0.09416410326957703, 0.08639439940452576, 0.12148900330066681], "mag": [17.071300506591797, 17.205400466918945, 17.395599365234375], "catalog": ["APASS", "APASS", "APASS"], "filter": ["g", "r", "i"], "id": [77898, 77896, 77897]}