{"mjd": [58890.211502, 58892.222129, 58890.202406, 58892.212073, 58890.206955, 58892.216755], "magerr": [-1.0, 0.08211338520050049, 0.08201493322849274, 0.1153378039598465, -1.0, 0.09220799058675766], "alert_name": null, "observatory": ["Liam Hardy pt5m", "Liam Hardy pt5m", "Liam Hardy pt5m", "Liam Hardy pt5m", "Liam Hardy pt5m", "Liam Hardy pt5m"], "caliberr": [0.03319169580936432, 0.15238584578037262, 0.0668737068772316, 0.08766172081232071, 0.010000001639127731, 0.04334426671266556], "mag": [19.861989974975586, 16.683210372924805, 17.47960662841797, 17.421344757080078, 20.238006591796875, 17.01590347290039], "catalog": ["SDSS", "SDSS", "APASS", "APASS", "APASS", "APASS"], "filter": ["R", "R", "B", "B", "V", "V"], "id": [177479, 178638, 177477, 178636, 177478, 178637]}