{"mjd": [58416.6429835, 58417.7374841, 58416.6437886], "magerr": [0.004857419990003109, 0.005482340231537819, 0.006081149913370609], "alert_name": null, "observatory": ["LCOGT2m, F.Lewis", "LCOGT2m, F.Lewis", "LCOGT2m, F.Lewis"], "caliberr": [0.06470140069723129, 0.031120799481868744, 0.009999999776482582], "mag": [15.590499877929688, 15.638299942016602, 15.9753999710083], "catalog": ["APASS", "APASS", "APASS"], "filter": ["V", "V", "i"], "id": [123996, 123998, 123997]}