{"mjd": [58687.116978, 58687.107863, 58692.08391, 58687.112424, 58692.088458, 58692.093001], "magerr": [0.000871922995429486, 0.003918140195310116, 0.009148250333964825, 0.0015590899856761098, -1.0, 0.0010742399608716369], "alert_name": null, "observatory": ["Liam Hardy pt5m", "Liam Hardy pt5m", "Liam Hardy pt5m", "Liam Hardy pt5m", "Liam Hardy pt5m", "Liam Hardy pt5m"], "caliberr": [0.23353800177574158, 0.049747198820114136, 0.46233099699020386, 0.045422300696372986, 0.3845919966697693, 0.3747909963130951], "mag": [11.464500427246094, 14.011899948120117, 13.837599754333496, 12.289400100708008, 18.686100006103516, 10.98069953918457], "catalog": ["SDSS", "APASS", "APASS", "APASS", "APASS", "APASS"], "filter": ["R", "B", "B", "V", "V", "r"], "id": [159890, 159888, 160350, 159889, 160351, 160352]}