{"mjd": [58479.938582, 58485.957743, 58479.943142, 58485.962308, 58479.947691, 58485.96686], "magerr": [-1.0, -1.0, -1.0, -1.0, -1.0, -1.0], "alert_name": null, "observatory": ["Liam Hardy pt5m", "Liam Hardy pt5m", "Liam Hardy pt5m", "Liam Hardy pt5m", "Liam Hardy pt5m", "Liam Hardy pt5m"], "caliberr": [0.08840999752283096, 0.06271210312843323, 0.06998959928750992, 0.03409529849886894, 0.059645701199769974, 0.09658130258321762], "mag": [18.59000015258789, 19.128299713134766, 19.260099411010742, 19.274700164794922, 19.610000610351562, 19.96489906311035], "catalog": ["APASS", "APASS", "APASS", "APASS", "APASS", "APASS"], "filter": ["B", "B", "V", "V", "r", "r"], "id": [129097, 129345, 129098, 129346, 129099, 129347]}