{"mjd": [57796.0345383, 57809.0198894, 57796.0376736, 57796.0409622, 57796.0453677, 57797.2855339, 57797.2886515, 57797.2919825, 57798.2828666, 57798.2860003, 57798.2893312, 57798.2937311, 57799.2903026, 57799.2934215, 57801.2909434, 57801.2940636, 57801.2973339, 57801.3017316, 57802.277484, 57802.2806104, 57802.2839289, 57802.2883225, 57804.2746891, 57804.2778153, 57806.2896903, 57806.2928149, 57807.2582756, 57807.2613978, 57808.0168879, 57808.0200242, 57808.023343, 57808.0277488, 57809.0230216, 57809.0263291, 57809.0307416, 57810.0024984, 57810.0056297, 57810.0757539, 57810.0788949, 57810.9937095, 57810.9968454, 57811.0001995, 57811.0045992, 57792.281968, 57792.283322, 57792.284676, 57792.286007, 57792.287361, 57793.271991, 57793.273333, 57795.266285, 57795.267639, 57795.268981, 57795.270313, 57795.271655, 57797.261343, 57797.262685, 57797.264039, 57797.265382, 57797.266736, 57800.370475, 57800.371829, 57800.373171, 57800.374525, 57801.310023, 57801.312697, 57801.314039, 57801.315382, 57801.316736, 57801.318079, 57803.250856, 57803.273044, 57803.274468, 57803.27647, 57803.277894, 57813.259931, 57813.261273, 57813.262604, 57813.263947, 57814.242153, 57814.243495, 57814.244838, 57814.246181, 57814.247523, 57815.239873, 57815.241227, 57815.242569, 57815.243912, 57815.245243, 57817.234525, 57817.235891, 57817.237234, 57817.238565, 57817.239907, 57818.233241, 57818.235914, 57818.237257, 57830.3536, 57830.354942, 57830.357627, 57831.229294, 57831.231979, 57818.735915, 57818.7498288, 57823.2292314, 57794.0399967, 57796.0345913, 57798.0291348, 57803.2691476, 57804.2746391, 57805.2643455, 57806.3554372, 57808.285431, 57814.6468014, 57814.6487984, 57817.264315, 57817.6461594, 57817.6481568, 57818.264485, 57818.7379273, 57818.7518238, 57820.2642243, 57822.3058645, 57822.3091152, 57822.3125006, 57822.3164293, 57823.2225545, 57823.2257979, 57823.2331602, 57824.2257766, 57824.2292078, 57825.24723, 57825.2504703, 57825.2539118, 57825.2578453, 57826.2451645, 57826.2484026, 57826.2518495, 57826.2557815, 57827.222684, 57827.2259245, 57828.3660316, 57828.369267, 57828.3727025, 57828.376639], "magerr": [0.04089999943971634, 0.01899999938905239, 0.03370000049471855, 0.006200000178068876, 0.006000000052154064, 0.0272000003606081, 0.027499999850988388, 0.005499999970197678, 0.02329999953508377, 0.02590000070631504, 0.004600000102072954, 0.005499999970197678, 0.02630000002682209, 0.03269999846816063, 0.02410000003874302, 0.027300000190734863, 0.022600000724196434, 0.022099999710917473, 0.023399999365210533, 0.02239999920129776, 0.004800000227987766, 0.004699999932199717, 0.01510000042617321, 0.017100000753998756, 0.015599999576807022, 0.014600000344216824, 0.01860000006854534, 0.015799999237060547, 0.015399999916553497, 0.016499999910593033, 0.003700000001117587, 0.004699999932199717, 0.01810000091791153, 0.003800000064074993, 0.0038999998942017555, 0.09030000120401382, 0.05169999971985817, 0.020099999383091927, 0.01759999990463257, 0.017000000923871994, 0.014399999752640724, 0.004000000189989805, 0.004100000020116568, 0.026200000196695328, 0.024399999529123306, 0.021900000050663948, 0.023000000044703484, 0.027699999511241913, 0.023800000548362732, 0.02459999918937683, 0.0284000001847744, 0.0284000001847744, 0.026599999517202377, 0.028300000354647636, 0.029100000858306885, 0.0348999984562397, 0.039799999445676804, 0.04010000079870224, 0.03889999911189079, 0.037300001829862595, 0.02630000002682209, 0.025200000032782555, 0.023499999195337296, 0.025699999183416367, 0.023800000548362732, 0.021400000900030136, 0.021800000220537186, 0.019099999219179153, 0.022700000554323196, 0.02199999988079071, 0.018200000748038292, 0.01759999990463257, 0.016499999910593033, 0.015699999406933784, 0.016499999910593033, 0.013399999588727951, 0.014399999752640724, 0.01510000042617321, 0.014700000174343586, 0.02280000038444996, 0.021199999377131462, 0.019099999219179153, 0.018200000748038292, 0.018200000748038292, 0.013500000350177288, 0.013100000098347664, 0.013899999670684338, 0.013199999928474426, 0.014800000004470348, 0.018699999898672104, 0.01899999938905239, 0.016499999910593033, 0.014999999664723873, 0.013700000010430813, 0.03449999913573265, 0.03660000115633011, 0.035999998450279236, 0.023099999874830246, 0.01899999938905239, 0.015799999237060547, 0.020800000056624413, 0.0215000007301569, 0.039500001817941666, 0.029899999499320984, 0.026900000870227814, 0.013799999840557575, 0.013199999928474426, 0.00860000029206276, 0.007000000216066837, 0.011099999770522118, 0.010099999606609344, 0.007199999876320362, 0.007699999958276749, 0.023600000888109207, 0.007199999876320362, 0.006399999838322401, 0.024299999698996544, 0.006300000008195639, 0.008899999782443047, 0.008899999782443047, 0.008500000461935997, 0.007400000002235174, 0.005499999970197678, 0.004999999888241291, 0.018400000408291817, 0.016899999231100082, 0.005900000222027302, 0.00559999980032444, 0.026100000366568565, 0.006899999920278788, 0.02979999966919422, 0.005400000140070915, 0.006500000134110451, 0.02630000002682209, 0.022199999541044235, 0.006000000052154064, 0.00570000009611249, 0.02290000021457672, 0.021199999377131462, 0.020400000736117363, 0.017500000074505806, 0.005100000184029341, 0.006500000134110451, 0.016599999740719795, 0.01600000075995922], "alert_name": null,