{"mjd": [58234.22062, 58251.189239, 58234.224405, 58251.193798, 58251.19835], "magerr": [-1.0, -1.0, -1.0, -1.0, -1.0], "alert_name": null, "observatory": ["Liam Hardy pt5m", "Liam Hardy pt5m", "Liam Hardy pt5m", "Liam Hardy pt5m", "Liam Hardy pt5m"], "caliberr": [0.3208659887313843, 0.3090910017490387, 0.06351129710674286, 0.06403060257434845, 0.0484142005443573], "mag": [19.97640037536621, 19.831100463867188, 19.574199676513672, 19.871000289916992, 20.8981990814209], "catalog": ["APASS", "APASS", "APASS", "APASS", "APASS"], "filter": ["B", "B", "V", "V", "r"], "id": [104018, 105003, 104019, 105004, 105005]}