{"mjd": [58353.009598, 58352.998974, 58353.005071], "magerr": [-1.0, -1.0, -1.0], "alert_name": null, "observatory": ["Liam Hardy pt5m", "Liam Hardy pt5m", "Liam Hardy pt5m"], "caliberr": [0.11267299950122833, 0.10367900133132935, 0.12545399367809296], "mag": [19.48940086364746, 18.318300247192383, 19.471900939941406], "catalog": ["SDSS", "APASS", "APASS"], "filter": ["R", "B", "V"], "id": [113974, 113972, 113973]}