{"mjd": [58368.234414, 58368.235939, 58368.235948, 58368.237454, 58380.205147, 58381.239714, 58368.238966, 58380.209712, 58381.243522, 58380.214274], "magerr": [-1.0, -1.0, -1.0, -1.0, -1.0, -1.0, -1.0, 0.14981499314308167, -1.0, 0.06297790259122849], "alert_name": null, "observatory": ["Liam Hardy pt5m", "Liam Hardy pt5m", "Liam Hardy pt5m", "Liam Hardy pt5m", "Liam Hardy pt5m", "Liam Hardy pt5m", "Liam Hardy pt5m", "Liam Hardy pt5m", "Liam Hardy pt5m", "Liam Hardy pt5m"], "caliberr": [0.22491000592708588, 0.44532400369644165, 0.2567940056324005, 0.32416000962257385, 0.07006970047950745, 0.0768532007932663, 0.2666639983654022, 0.07656610012054443, 0.04833880066871643, 0.04530569911003113], "mag": [18.6560001373291, 19.53190040588379, 19.113300323486328, 18.22800064086914, 19.29010009765625, 19.222400665283203, 18.20949935913086, 18.794700622558594, 19.234899520874023, 18.120800018310547], "catalog": ["APASS", "APASS", "APASS", "APASS", "APASS", "APASS", "APASS", "APASS", "APASS", "APASS"], "filter": ["B", "B", "B", "B", "B", "B", "V", "V", "V", "r"], "id": [118186, 118132, 118187, 118188, 120406, 120578, 118133, 120407, 120579, 120408]}