{"mjd": [58727.004947, 58710.941598, 58727.00875, 58710.946164, 58727.014081], "magerr": [-1.0, -1.0, -1.0, -1.0, -1.0], "alert_name": null, "observatory": ["Liam Hardy pt5m", "Liam Hardy pt5m", "Liam Hardy pt5m", "Liam Hardy pt5m", "Liam Hardy pt5m"], "caliberr": [0.19650207459926605, 0.2027316838502884, 0.17509593069553375, 0.2886699438095093, 0.20921894907951355], "mag": [19.32665252685547, 19.460914611816406, 19.484813690185547, 19.88799476623535, 20.968351364135742], "catalog": ["SDSS", "SDSS", "SDSS", "SDSS", "SDSS"], "filter": ["B", "V", "V", "R", "R"], "id": [163727, 162433, 163728, 162434, 163729]}