{"mjd": [59151.237034, 59163.195172, 59149.232974, 59151.227174, 59163.183034, 59163.186084, 59151.232486, 59163.187606, 59163.189114, 59163.190629], "magerr": [0.02108858712017536, 0.07638809829950333, 0.07752899080514908, 0.09096483141183853, -1.0, -1.0, 0.03227446228265762, 0.11542177200317383, 0.11647181957960129, -1.0], "alert_name": null, "observatory": ["Liam Hardy pt5m", "Liam Hardy pt5m", "Liam Hardy pt5m", "Liam Hardy pt5m", "Liam Hardy pt5m", "Liam Hardy pt5m", "Liam Hardy pt5m", "Liam Hardy pt5m", "Liam Hardy pt5m", "Liam Hardy pt5m"], "caliberr": [0.12433382868766785, 0.1218380555510521, 0.04017774760723114, 0.05194640904664993, 0.07465329021215439, 0.042636945843696594, 0.030027175322175026, 0.042150821536779404, 0.05048200115561485, 0.046473369002342224], "mag": [15.915977478027344, 16.101451873779297, 17.24565887451172, 17.328609466552734, 18.06658363342285, 17.818449020385742, 16.290929794311523, 16.826709747314453, 16.76288414001465, 16.986196517944336], "catalog": ["SDSS", "SDSS", "APASS", "APASS", "APASS", "APASS", "APASS", "APASS", "APASS", "APASS"], "filter": ["R", "R", "B", "B", "B", "B", "V", "V", "V", "V"], "id": [204640, 205550, 204432, 204638, 205545, 205546, 204639, 205547, 205548, 205549]}