{"mjd": [57876.3526096, 57876.3452072], "magerr": [0.0024999999441206455, 0.002099999925121665], "alert_name": null, "observatory": ["Euler Geneva Group", "Euler Geneva Group"], "caliberr": [0.06361349672079086, 0.08124689757823944], "mag": [16.571300506591797, 16.69339942932129], "catalog": ["APASS", "APASS"], "filter": ["V", "r"], "id": [72914, 72913]}