{"mjd": [59444.175738, 59444.177247, 59444.178763, 59446.980599], "magerr": [0.07720699161291122, 0.08570780605077744, 0.07852289080619812, 0.06283547729253769], "alert_name": null, "observatory": ["Liam Hardy pt5m", "Liam Hardy pt5m", "Liam Hardy pt5m", "Liam Hardy pt5m"], "caliberr": [0.1400865912437439, 0.009999999776482582, 0.0751270279288292, 0.03214721754193306], "mag": [16.11564826965332, 16.23153305053711, 16.163103103637695, 16.145709991455078], "catalog": ["APASS", "APASS", "APASS", "APASS"], "filter": ["V", "V", "V", "V"], "id": [231492, 231493, 231494, 231762]}