{"mjd": [58643.159776, 58643.164341, 58643.168903], "magerr": [-1.0, 0.1016940027475357, 0.05647290125489235], "alert_name": null, "observatory": ["Liam Hardy pt5m", "Liam Hardy pt5m", "Liam Hardy pt5m"], "caliberr": [0.03794819861650467, 0.19436800479888916, 0.13940000534057617], "mag": [19.030000686645508, 19.104799270629883, 18.44420051574707], "catalog": ["APASS", "APASS", "APASS"], "filter": ["B", "V", "r"], "id": [154864, 154865, 154866]}