{"mjd": [58034.05549422, 58034.05707407, 58037.02734838, 58037.02893055, 58041.03679861, 58041.03837731, 58034.05877084, 58034.06035185, 58037.03062616, 58037.03220833, 58041.04006829, 58041.04164699], "magerr": [0.015200000256299973, 0.014700000174343586, 0.014700000174343586, 0.014999999664723873, 0.013000000268220901, 0.012799999676644802, 0.015799999237060547, 0.019600000232458115, 0.012799999676644802, 0.011599999852478504, 0.012799999676644802, 0.012799999676644802], "alert_name": null, "observatory": ["SMARTS1.3 P.Zielinsk", "SMARTS1.3 P.Zielinsk", "SMARTS1.3 P.Zielinsk", "SMARTS1.3 P.Zielinsk", "SMARTS1.3 P.Zielinsk", "SMARTS1.3 P.Zielinsk", "SMARTS1.3 P.Zielinsk", "SMARTS1.3 P.Zielinsk", "SMARTS1.3 P.Zielinsk", "SMARTS1.3 P.Zielinsk", "SMARTS1.3 P.Zielinsk", "SMARTS1.3 P.Zielinsk"], "caliberr": [0.22095200419425964, 0.078752301633358, 0.2763890027999878, 0.21184200048446655, 0.08443959802389145, 0.07965759932994843, 0.220209002494812, 0.21420900523662567, 0.18564000725746155, 0.1850380003452301, 0.20519199967384338, 0.20749099552631378], "mag": [16.65369987487793, 16.744800567626953, 16.653099060058594, 16.695499420166016, 16.717599868774414, 16.6737003326416, 16.75550079345703, 16.776100158691406, 16.74049949645996, 16.71030044555664, 16.72450065612793, 16.74799919128418], "catalog": ["APASS", "APASS", "APASS", "APASS", "APASS", "APASS", "GAIA", "GAIA", "GAIA", "GAIA", "GAIA", "GAIA"], "filter": ["i", "i", "i", "i", "i", "i", "G", "G", "G", "G", "G", "G"], "id": [92787, 92786, 92789, 92790, 92793, 92794, 92785, 92788, 92791, 92792, 92795, 92796]}