{"mjd": [58455.274609], "magerr": [0.0933179035782814], "alert_name": null, "observatory": ["Liam Hardy pt5m"], "caliberr": [0.09203779697418213], "mag": [17.244699478149414], "catalog": ["APASS"], "filter": ["V"], "id": [126998]}