{"mjd": [58881.274766, 58881.279379], "magerr": [0.07765790075063705, 0.04010619968175888], "alert_name": null, "observatory": ["Liam Hardy pt5m", "Liam Hardy pt5m"], "caliberr": [0.009999999776482582, 0.0248515997081995], "mag": [17.667499542236328, 17.101699829101562], "catalog": ["APASS", "APASS"], "filter": ["B", "V"], "id": [176835, 176836]}