{"mjd": [58647.956138], "magerr": [-1.0], "alert_name": null, "observatory": ["Liam Hardy pt5m"], "caliberr": [0.010000000707805157], "mag": [18.650127410888672], "catalog": ["APASS"], "filter": ["B"], "id": [155388]}