{"mjd": [58452.272595, 58458.977233], "magerr": [0.07360450178384781, 0.06332679837942123], "alert_name": null, "observatory": ["Liam Hardy pt5m", "Liam Hardy pt5m"], "caliberr": [0.10856799781322479, 0.021422600373625755], "mag": [17.321300506591797, 17.221500396728516], "catalog": ["APASS", "APASS"], "filter": ["B", "r"], "id": [126877, 127266]}