{"mjd": [58725.113648, 58710.221569, 58725.105296, 58720.158089, 58725.109862, 58720.162629], "magerr": [0.029588747769594193, -1.0, -1.0, -1.0, 0.10399685800075531, -1.0], "alert_name": null, "observatory": ["Liam Hardy pt5m", "Liam Hardy pt5m", "Liam Hardy pt5m", "Liam Hardy pt5m", "Liam Hardy pt5m", "Liam Hardy pt5m"], "caliberr": [0.18436874449253082, 0.07274079322814941, 0.0771103948354721, 0.07604140043258667, 0.044319238513708115, 0.06043018028140068], "mag": [17.274486541748047, 18.670259475708008, 19.160991668701172, 18.700767517089844, 18.383087158203125, 18.34364128112793], "catalog": ["SDSS", "APASS", "APASS", "APASS", "APASS", "APASS"], "filter": ["R", "B", "B", "V", "V", "r"], "id": [163505, 162403, 163503, 163125, 163504, 163126]}