{"mjd": [58503.25049, 58493.200942, 58503.255042, 58507.256996], "magerr": [0.05884985625743866, 0.0672471672296524, 0.04785234481096268, -1.0], "alert_name": null, "observatory": ["Liam Hardy pt5m", "Liam Hardy pt5m", "Liam Hardy pt5m", "Liam Hardy pt5m"], "caliberr": [0.04826097562909126, 0.09893111139535904, 0.1343267560005188, 0.01000001560896635], "mag": [17.27940559387207, 17.327733993530273, 17.483558654785156, 17.152555465698242], "catalog": ["SDSS", "SDSS", "SDSS", "APASS"], "filter": ["r", "R", "R", "V"], "id": [130073, 129743, 130074, 130159]}