{"mjd": [58103.68581, 58103.685012, 58103.682975], "magerr": [0.47620001435279846, 0.2273000031709671, 0.2632000148296356], "alert_name": null, "observatory": ["Terskol, Ukraine-Vir", "Terskol, Ukraine-Vir", "Terskol, Ukraine-Vir"], "caliberr": [0.12144199758768082, 0.0677051991224289, 0.06642259657382965], "mag": [20.90489959716797, 20.33639907836914, 20.340999603271484], "catalog": ["APASS", "APASS", "APASS"], "filter": ["B", "V", "r"], "id": [99570, 99571, 99572]}