{"mjd": [57633.167239, 57627.160211, 57633.153802, 57616.220177, 57627.166892, 57633.160482, 57633.173962], "magerr": [-1.0, -1.0, -1.0, -1.0, -1.0, -1.0, -1.0], "alert_name": null, "observatory": ["Liam Hardy pt5m", "Liam Hardy pt5m", "Liam Hardy pt5m", "Liam Hardy pt5m", "Liam Hardy pt5m", "Liam Hardy pt5m", "Liam Hardy pt5m"], "caliberr": [0.0879758968949318, 0.009999999776482582, 0.009999999776482582, 0.35948699712753296, 0.05312959849834442, 0.06329149752855301, 0.10804499685764313], "mag": [20.036399841308594, 19.587099075317383, 19.510299682617188, 19.166900634765625, 19.944700241088867, 19.874099731445312, 19.346500396728516], "catalog": ["SDSS", "APASS", "APASS", "APASS", "APASS", "APASS", "APASS"], "filter": ["R", "B", "B", "V", "V", "V", "i"]}