{"mjd": [58680.964955, 58680.956487, 58680.961163], "magerr": [0.0368306003510952, 0.06016889959573746, 0.04227939993143082], "alert_name": null, "observatory": ["Liam Hardy pt5m", "Liam Hardy pt5m", "Liam Hardy pt5m"], "caliberr": [0.13916899263858795, 0.13525600731372833, 0.028132900595664978], "mag": [16.604900360107422, 17.00510025024414, 16.69610023498535], "catalog": ["SDSS", "APASS", "APASS"], "filter": ["R", "B", "V"], "id": [159076, 159074, 159075]}