{"mjd": [58402.250061, 58421.152114, 58424.115244, 58421.15667, 58424.119803, 58421.161222, 58424.124354], "magerr": [0.13507500290870667, 0.09625910222530365, 0.08456949889659882, 0.05823969841003418, 0.03382910043001175, 0.024476099759340286, 0.011640300042927265], "alert_name": null, "observatory": ["Liam Hardy pt5m", "Liam Hardy pt5m", "Liam Hardy pt5m", "Liam Hardy pt5m", "Liam Hardy pt5m", "Liam Hardy pt5m", "Liam Hardy pt5m"], "caliberr": [0.23130400478839874, 0.1751530021429062, 0.17803500592708588, 0.14313499629497528, 0.055294398218393326, 0.3119480013847351, 0.08861350268125534], "mag": [17.824800491333008, 17.244400024414062, 17.393400192260742, 16.382099151611328, 16.536300659179688, 15.803600311279297, 15.819000244140625], "catalog": ["APASS", "APASS", "APASS", "APASS", "APASS", "APASS", "APASS"], "filter": ["B", "B", "B", "V", "V", "r", "r"], "id": [122228, 124127, 125118, 124128, 125119, 124129, 125120]}