{"mjd": [58660.20211, 58660.205166], "magerr": [0.13926899433135986, 0.1323779970407486], "alert_name": null, "observatory": ["Liam Hardy pt5m", "Liam Hardy pt5m"], "caliberr": [0.026319600641727448, 0.05145309865474701], "mag": [18.818899154663086, 18.153600692749023], "catalog": ["APASS", "APASS"], "filter": ["B", "V"], "id": [156765, 156766]}