{"mjd": [59432.21631, 59432.217818, 59432.219332, 59435.222369, 59435.225391], "magerr": [-1.0, -1.0, -1.0, -1.0, -1.0], "alert_name": null, "observatory": ["Liam Hardy pt5m", "Liam Hardy pt5m", "Liam Hardy pt5m", "Liam Hardy pt5m", "Liam Hardy pt5m"], "caliberr": [0.08925767987966537, 0.13766901195049286, 0.09140705317258835, 0.232020303606987, 0.11865302920341492], "mag": [18.095539093017578, 17.875246047973633, 18.157562255859375, 17.87228775024414, 17.817054748535156], "catalog": ["APASS", "APASS", "APASS", "APASS", "APASS"], "filter": ["V", "V", "V", "V", "V"], "id": [230815, 230816, 230817, 231044, 231045]}