{"mjd": [59082.192392, 59088.17719, 59095.158209, 59082.196948, 59088.181746, 59095.162761, 59082.202254, 59088.186293, 59095.167363], "magerr": [-1.0, -1.0, -1.0, -1.0, -1.0, -1.0, -1.0, -1.0, -1.0], "alert_name": null, "observatory": ["Liam Hardy pt5m", "Liam Hardy pt5m", "Liam Hardy pt5m", "Liam Hardy pt5m", "Liam Hardy pt5m", "Liam Hardy pt5m", "Liam Hardy pt5m", "Liam Hardy pt5m", "Liam Hardy pt5m"], "caliberr": [0.08290980756282806, 0.21560262143611908, 0.10279441624879837, 0.11337953805923462, 0.11531255394220352, 0.10731115192174911, 0.11291452497243881, 0.06071095168590546, 0.11874596029520035], "mag": [18.76716423034668, 18.08233642578125, 18.944669723510742, 20.047956466674805, 18.405601501464844, 19.08977699279785, 20.115482330322266, 18.864858627319336, 19.52028465270996], "catalog": ["APASS", "APASS", "APASS", "APASS", "APASS", "APASS", "APASS", "APASS", "APASS"], "filter": ["B", "B", "B", "V", "V", "V", "r", "r", "r"], "id": [196777, 197674, 198153, 196778, 197675, 198154, 196779, 197676, 198155]}