{"mjd": [58815.166673, 58815.157567, 58815.161372], "magerr": [99.0, -1.0, 0.5054510235786438], "alert_name": null, "observatory": ["Liam Hardy pt5m", "Liam Hardy pt5m", "Liam Hardy pt5m"], "caliberr": [0.10168199986219406, 0.13436199724674225, 0.0716191977262497], "mag": [98.26200103759766, 19.409299850463867, 19.702600479125977], "catalog": ["SDSS", "APASS", "APASS"], "filter": ["R", "B", "V"], "id": [173457, 173455, 173456]}