{"mjd": [57086.2706806, 57085.2817613, 57086.2706806, 57085.2817613, 57085.2817613, 57094.198484, 57094.199931, 57094.201366, 57094.202812, 57094.204259, 57094.205706], "magerr": [-1.0, -1.0, -1.0, -1.0, -1.0, -1.0, -1.0, -1.0, -1.0, -1.0, -1.0], "alert_name": null, "observatory": ["Heather Campbell", "Heather Campbell", "Heather Campbell", "Heather Campbell", "Heather Campbell", "Liam Hardy pt5m", "Liam Hardy pt5m", "Liam Hardy pt5m", "Liam Hardy pt5m", "Liam Hardy pt5m", "Liam Hardy pt5m"], "caliberr": [0.03222816437482834, 0.043605491518974304, 0.04915306717157364, 0.03072148934006691, 0.2171938717365265, 0.1909409463405609, 0.18332229554653168, 0.07515526562929153, 0.03917042165994644, 0.03900795057415962, 0.045289523899555206], "mag": [25.884326934814453, 22.816627502441406, 22.867206573486328, 29.414833068847656, 19.551942825317383, 19.447954177856445, 19.33620262145996, 19.674230575561523, 18.96613311767578, 19.00355339050293, 19.011831283569336], "catalog": ["APASS", "PS1", "PS1", "PS1", "PS1", "APASS", "APASS", "APASS", "APASS", "APASS", "APASS"], "filter": ["r", "g", "g", "r", "i", "B", "B", "B", "V", "V", "V"], "id": [16826, 16426, 16827, 16427, 16425, 17538, 17539, 17540, 17541, 17542, 17543]}