{"mjd": [58079.038616, 58080.980695, 58091.994009, 58080.998117, 58091.998569, 58081.002681, 58092.003131], "magerr": [-1.0, -1.0, -1.0, 0.09462042152881622, 0.11204632371664047, 0.04527907818555832, 0.0774189755320549], "alert_name": null, "observatory": ["Liam Hardy pt5m", "Liam Hardy pt5m", "Liam Hardy pt5m", "Liam Hardy pt5m", "Liam Hardy pt5m", "Liam Hardy pt5m", "Liam Hardy pt5m"], "caliberr": [0.338997483253479, 0.09227794408798218, 0.06536965072154999, 0.0796637013554573, 0.06926428526639938, 0.06703927367925644, 0.05261552706360817], "mag": [18.898231506347656, 19.733179092407227, 18.968238830566406, 18.01390838623047, 18.373321533203125, 17.240354537963867, 18.08101463317871], "catalog": ["APASS", "APASS", "APASS", "APASS", "APASS", "APASS", "APASS"], "filter": ["B", "B", "B", "V", "V", "r", "r"], "id": [89494, 89898, 90387, 89899, 90388, 89900, 90389]}