{"mjd": [58670.185471, 58678.210977, 58657.202404, 58670.176368, 58678.192024, 58670.180921, 58678.20794], "magerr": [0.11805900186300278, 0.08131690323352814, 0.025185000151395798, 0.1395840048789978, 0.12598900496959686, 0.13714000582695007, 0.06955680251121521], "alert_name": null, "observatory": ["Liam Hardy pt5m", "Liam Hardy pt5m", "Liam Hardy pt5m", "Liam Hardy pt5m", "Liam Hardy pt5m", "Liam Hardy pt5m", "Liam Hardy pt5m"], "caliberr": [0.21187299489974976, 0.1896200031042099, 0.1486479938030243, 0.0922631025314331, 0.06458699703216553, 0.09186489880084991, 0.04409610107541084], "mag": [18.493499755859375, 18.390199661254883, 15.891500473022461, 18.9237003326416, 18.72949981689453, 18.927499771118164, 18.63640022277832], "catalog": ["SDSS", "SDSS", "APASS", "APASS", "APASS", "APASS", "APASS"], "filter": ["R", "R", "B", "B", "B", "V", "V"], "id": [157764, 158541, 156465, 157762, 158539, 157763, 158540]}