{"mjd": [57838.2581068, 57839.3561211], "magerr": [0.004399999976158142, 0.003000000026077032], "alert_name": null, "observatory": ["Euler Geneva Group", "Euler Geneva Group"], "caliberr": [0.1429159939289093, 0.21123099327087402], "mag": [17.6156005859375, 17.190799713134766], "catalog": ["APASS", "APASS"], "filter": ["r", "r"], "id": [68639, 68662]}