{"mjd": [58271.138302, 58268.134391, 58268.137411], "magerr": [-1.0, -1.0, 0.07242179661989212], "alert_name": null, "observatory": ["Liam Hardy pt5m", "Liam Hardy pt5m", "Liam Hardy pt5m"], "caliberr": [0.032214198261499405, 0.12442400306463242, 0.10180000215768814], "mag": [18.856000900268555, 17.806699752807617, 16.830299377441406], "catalog": ["APASS", "PS1", "PS1"], "filter": ["B", "r", "r"], "id": [106050, 105792, 105794]}