{"mjd": [58758.7653266, 58758.767422, 58758.7695233], "magerr": [0.017000000923871994, 0.010300000198185444, 0.0142000000923872], "alert_name": null, "observatory": ["LCOGT1m, Etienne Bac", "LCOGT1m, Etienne Bac", "LCOGT1m, Etienne Bac"], "caliberr": [0.02285769209265709, 0.021549902856349945, 0.026019109413027763], "mag": [19.304668426513672, 18.971237182617188, 18.797035217285156], "catalog": ["APASS", "APASS", "APASS"], "filter": ["g", "r", "i"], "id": [167641, 167642, 167643]}