{"mjd": [58369.942428, 58381.899017, 58392.038846, 58369.946975, 58381.903583, 58392.043414, 58369.951531, 58381.908881, 58392.047226], "magerr": [-1.0, -1.0, -1.0, 0.07822981476783752, 0.1122705340385437, 0.10858510434627533, 0.040354762226343155, -1.0, -1.0], "alert_name": null, "observatory": ["Liam Hardy pt5m", "Liam Hardy pt5m", "Liam Hardy pt5m", "Liam Hardy pt5m", "Liam Hardy pt5m", "Liam Hardy pt5m", "Liam Hardy pt5m", "Liam Hardy pt5m", "Liam Hardy pt5m"], "caliberr": [0.1085643321275711, 0.0937514677643776, 0.0892057716846466, 0.054060131311416626, 0.05132344737648964, 0.04354807734489441, 0.10307633131742477, 0.21275855600833893, 0.0851723700761795], "mag": [20.336441040039062, 19.973342895507812, 19.84221649169922, 17.548370361328125, 17.554182052612305, 18.01148796081543, 17.421762466430664, 18.700971603393555, 19.614620208740234], "catalog": ["APASS", "APASS", "APASS", "APASS", "APASS", "APASS", "APASS", "APASS", "APASS"], "filter": ["B", "B", "B", "V", "V", "V", "r", "r", "r"], "id": [119024, 120778, 121658, 119025, 120779, 121659, 119026, 120780, 121660]}