{"mjd": [59354.092105], "magerr": [-1.0], "alert_name": null, "observatory": ["Liam Hardy pt5m"], "caliberr": [0.12359997630119324], "mag": [17.90218162536621], "catalog": ["APASS"], "filter": ["B"], "id": [221178]}