{"mjd": [57236.00655876158, 57236.03237358796, 57240.10750702547, 57236.0140735301, 57236.03972841435, 57240.11496533565, 57236.02026820602, 57236.04587449074, 57240.17251046297], "magerr": [-1.0, -1.0, 0.14000000059604645, -1.0, -1.0, 0.0689999982714653, -1.0, -1.0, 0.13199999928474426], "alert_name": null, "observatory": ["LCOGT Gaia Alerts Gr", "LCOGT Gaia Alerts Gr", "LCOGT Gaia Alerts Gr", "LCOGT Gaia Alerts Gr", "LCOGT Gaia Alerts Gr", "LCOGT Gaia Alerts Gr", "LCOGT Gaia Alerts Gr", "LCOGT Gaia Alerts Gr", "LCOGT Gaia Alerts Gr"], "caliberr": [0.05537456274032593, 0.03222464397549629, 0.04616129770874977, 0.0417214035987854, 0.04623965919017792, 0.05147441849112511, 0.0693720132112503, 0.03305601328611374, 0.06787989288568497], "mag": [19.998491287231445, 20.005962371826172, 20.8499698638916, 19.67840003967285, 18.985675811767578, 19.759368896484375, 19.48056983947754, 19.18825340270996, 19.492265701293945], "catalog": ["APASS", "APASS", "APASS", "APASS", "APASS", "APASS", "APASS", "APASS", "APASS"], "filter": ["g", "g", "g", "r", "r", "r", "i", "i", "i"], "id": [24024, 24021, 24018, 24025, 24022, 24019, 24026, 24023, 24020]}