{"mjd": [57772.16319, 57772.21667, 57781.0238657, 57781.0348264, 57801.9952778, 57811.0145602, 57812.0907639, 57839.8789699, 57773.1398611, 57781.0274769, 57781.0384375, 57800.9895139, 57801.0004282, 57802.0182986, 57802.0518403, 57811.0074653, 57811.0180787, 57839.893287, 57773.1327662, 57773.1434954, 57781.0202546, 57781.0311343, 57782.0435648, 57782.0544792, 57783.0162847, 57783.0271528, 57783.038044, 57783.2516435, 57791.0219907, 57792.0496759, 57798.055463, 57800.1527546, 57800.9822801, 57800.9931829, 57801.9836458, 57802.0219676, 57802.0446181, 57802.079294, 57811.0004282, 57811.0110417, 57839.8861921], "magerr": [0.02539999969303608, 0.028999999165534973, 0.026499999687075615, 0.025499999523162842, 0.02850000001490116, 0.025200000032782555, 0.026399999856948853, 0.029100000858306885, 0.030700000002980232, 0.028300000354647636, 0.0272000003606081, 0.029100000858306885, 0.02930000051856041, 0.027899999171495438, 0.029100000858306885, 0.0272000003606081, 0.027799999341368675, 0.02969999983906746, 0.024900000542402267, 0.024900000542402267, 0.02410000003874302, 0.02319999970495701, 0.022600000724196434, 0.023000000044703484, 0.026000000536441803, 0.026000000536441803, 0.026799999177455902, 0.02710000053048134, 0.027499999850988388, 0.030300000682473183, 0.03819999843835831, 0.03269999846816063, 0.025299999862909317, 0.025200000032782555, 0.02630000002682209, 0.024800000712275505, 0.024399999529123306, 0.02539999969303608, 0.024299999698996544, 0.02410000003874302, 0.0272000003606081], "alert_name": null, "observatory": ["Ulrich Kolb, PIRATE,", "Ulrich Kolb, PIRATE,", "PIRATE Meredith Morr", "PIRATE Meredith Morr", "PIRATE Meredith Morr", "PIRATE Meredith Morr", "PIRATE Meredith Morr", "PIRATE Meredith Morr", "PIRATE Meredith Morr", "PIRATE Meredith Morr", "PIRATE Meredith Morr", "PIRATE Meredith Morr", "PIRATE Meredith Morr", "PIRATE Meredith Morr", "PIRATE Meredith Morr", "PIRATE Meredith Morr", "PIRATE Meredith Morr", "PIRATE Meredith Morr", "PIRATE Meredith Morr", "PIRATE Meredith Morr", "PIRATE Meredith Morr", "PIRATE Meredith Morr", "PIRATE Meredith Morr", "PIRATE Meredith Morr", "PIRATE Meredith Morr", "PIRATE Meredith Morr", "PIRATE Meredith Morr", "PIRATE Meredith Morr", "PIRATE Meredith Morr", "PIRATE Meredith Morr", "PIRATE Meredith Morr", "PIRATE Meredith Morr", "PIRATE Meredith Morr", "PIRATE Meredith Morr", "PIRATE Meredith Morr", "PIRATE Meredith Morr", "PIRATE Meredith Morr", "PIRATE Meredith Morr", "PIRATE Meredith Morr", "PIRATE Meredith Morr", "PIRATE Meredith Morr"], "caliberr": [0.033630698919296265, 0.038756098598241806, 0.038629498332738876, 0.03544849902391434, 0.042805299162864685, 0.03801310062408447, 0.04520360007882118, 0.03702719882130623, 0.04068949818611145, 0.041132498532533646, 0.04525040090084076, 0.040958501398563385, 0.03781979903578758, 0.044377099722623825, 0.04409660026431084, 0.04371580109000206, 0.045356299728155136, 0.04400930181145668, 0.03748970106244087, 0.03340519964694977, 0.03124929964542389, 0.03703920170664787, 0.04228309914469719, 0.03627549856901169, 0.037989601492881775, 0.034833699464797974, 0.031460899859666824, 0.040352899581193924, 0.039575401693582535, 0.04378170147538185, 0.03513430058956146, 0.03479250147938728, 0.03433160111308098, 0.03521750122308731, 0.034695401787757874, 0.031551800668239594, 0.030417099595069885, 0.0358923003077507, 0.03844330087304115, 0.03578609973192215, 0.038609400391578674], "mag": [15.787699699401855, 15.831000328063965, 15.967399597167969, 15.939299583435059, 16.034799575805664, 15.983200073242188, 15.989800453186035, 16.01580047607422, 16.232799530029297, 16.19070053100586, 16.16939926147461, 16.215900421142578, 16.350000381469727, 16.24530029296875, 16.168500900268555, 16.170900344848633, 16.179399490356445, 16.195899963378906, 15.851900100708008, 15.791500091552734, 15.794099807739258, 15.763999938964844, 15.797499656677246, 15.814399719238281, 15.835100173950195, 15.842599868774414, 15.862799644470215, 15.820599555969238, 15.81029987335205, 15.978099822998047, 16.093399047851562, 15.878100395202637, 15.844200134277344, 15.828900337219238, 15.883700370788574, 15.814399719238281, 15.800299644470215, 15.74940013885498, 15.81410026550293, 15.824299812316895, 15.878100395202637], "catalog": ["APASS", "APASS", "APASS", "APASS", "APASS", "APASS", "APASS", "APASS", "APASS", "APASS", "APASS", "APASS", "APASS", "APASS", "APASS", "APASS", "APASS", "APASS", "APASS", "APASS", "APASS", "APASS", "APASS", "APASS", "APASS", "APASS", "APASS", "APASS", "APASS", "APASS", "APASS", "APASS", "APASS", "APASS", "APASS", "APASS", "APASS", "APASS", "APASS", "APASS", "APASS"], "filter": ["r", "r", "V", "V", "V", "V", "V", "V", "g", "g", "g", "g", "g", "g", "g", "g", "g", "g", "r", "r", "r", "r", "r", "r", "r", "r", "r", "r", "r", "r", "r", "r", "r", "r", "r", "r", "r", "r", "r", "r", "r"], "id": [67953, 67954, 71221, 71236, 71313, 71265, 71318, 71280, 71323, 71286, 71305, 71317, 71272, 71229, 71245, 71250, 71241, 71259, 71247, 71232, 71276, 71218, 71327, 71266, 71289, 71224, 71208, 71216, 71311, 71255, 71310, 71279, 71308, 71253, 71270, 71316, 71273, 71298, 71330, 71213, 71309]}