{"mjd": [59102.014867, 59112.025109, 59118.950457, 59102.019427, 59112.029668, 59118.955017, 59102.023978, 59112.034221, 59118.959569], "magerr": [0.1458587646484375, -1.0, -1.0, 0.06772290170192719, 0.11994688212871552, 0.08828402310609818, 0.04844736307859421, 0.0786840096116066, 0.09077378362417221], "alert_name": null, "observatory": ["Liam Hardy pt5m", "Liam Hardy pt5m", "Liam Hardy pt5m", "Liam Hardy pt5m", "Liam Hardy pt5m", "Liam Hardy pt5m", "Liam Hardy pt5m", "Liam Hardy pt5m", "Liam Hardy pt5m"], "caliberr": [0.08295616507530212, 0.1012236624956131, 0.2227909117937088, 0.11181332916021347, 0.1417188048362732, 0.14078691601753235, 0.07124324142932892, 0.05529991164803505, 0.11594987660646439], "mag": [18.016704559326172, 18.712751388549805, 18.40595054626465, 18.024919509887695, 18.405824661254883, 17.940994262695312, 17.945186614990234, 18.459184646606445, 18.01381492614746], "catalog": ["APASS", "APASS", "APASS", "APASS", "APASS", "APASS", "APASS", "APASS", "APASS"], "filter": ["B", "B", "B", "V", "V", "V", "r", "r", "r"], "id": [198768, 199465, 201422, 198769, 199466, 201423, 198770, 199467, 201424]}