{"mjd": [57236.05349984954, 57240.0719410301, 57236.06079697917, 57240.07931453703, 57236.06697548611, 57240.08549649305], "magerr": [0.09399999678134918, 0.03200000151991844, 0.0989999994635582, 0.020999999716877937, 0.12600000202655792, 0.04399999976158142], "alert_name": null, "observatory": ["LCOGT Gaia Alerts Gr", "LCOGT Gaia Alerts Gr", "LCOGT Gaia Alerts Gr", "LCOGT Gaia Alerts Gr", "LCOGT Gaia Alerts Gr", "LCOGT Gaia Alerts Gr"], "caliberr": [0.07513007521629333, 0.04767582193017006, 0.02835235185921192, 0.011446568183600903, 0.028402021154761314, 0.026512810960412025], "mag": [17.865522384643555, 18.220731735229492, 18.102449417114258, 17.929786682128906, 18.548171997070312, 18.33617401123047], "catalog": ["APASS", "APASS", "APASS", "APASS", "APASS", "APASS"], "filter": ["g", "g", "r", "r", "i", "i"], "id": [24012, 24015, 24013, 24016, 24014, 24017]}