{"mjd": [58609.176125, 58609.180694, 58609.185266], "magerr": [-1.0, 0.14457599818706512, 0.14829200506210327], "alert_name": null, "observatory": ["Liam Hardy pt5m", "Liam Hardy pt5m", "Liam Hardy pt5m"], "caliberr": [0.08749990165233612, 0.06355439871549606, 0.07420209795236588], "mag": [19.52720069885254, 19.109500885009766, 19.1830997467041], "catalog": ["APASS", "APASS", "APASS"], "filter": ["B", "V", "r"], "id": [151823, 151824, 151825]}