{"mjd": [59462.230105, 59469.238826, 59476.240494, 59480.237763, 59462.234776, 59476.243545, 59480.242332], "magerr": [-1.0, -1.0, -1.0, -1.0, -1.0, -1.0, -1.0], "alert_name": null, "observatory": ["Liam Hardy pt5m", "Liam Hardy pt5m", "Liam Hardy pt5m", "Liam Hardy pt5m", "Liam Hardy pt5m", "Liam Hardy pt5m", "Liam Hardy pt5m"], "caliberr": [0.1364951729774475, 0.12374918907880783, 0.0717877596616745, 0.0700746700167656, 0.04644760861992836, 0.04875569045543671, 0.028419768437743187], "mag": [18.740163803100586, 17.970439910888672, 18.18589210510254, 18.81576919555664, 18.994455337524414, 18.533607482910156, 19.412965774536133], "catalog": ["APASS", "APASS", "APASS", "APASS", "APASS", "APASS", "APASS"], "filter": ["B", "B", "B", "B", "V", "V", "V"], "id": [232589, 233830, 234131, 234520, 232590, 234132, 234521]}