{"mjd": [58503.208616, 58510.239404, 58515.146055], "magerr": [0.08204829692840576, 0.1496810019016266, 0.08851269632577896], "alert_name": null, "observatory": ["Liam Hardy pt5m", "Liam Hardy pt5m", "Liam Hardy pt5m"], "caliberr": [0.13100099563598633, 0.10493099689483643, 0.13210999965667725], "mag": [17.763099670410156, 18.357200622558594, 18.25830078125], "catalog": ["SDSS", "SDSS", "SDSS"], "filter": ["R", "R", "R"], "id": [130070, 130192, 130488]}