{"mjd": [57099.768514, 57099.803748, 57099.78047, 57099.815925, 57099.827224, 57147.9306876, 57147.9255014, 57147.9255014, 57147.9306876], "magerr": [0.15710000693798065, 0.054499998688697815, 0.06440000236034393, 0.033900000154972076, 0.052000001072883606, -1.0, -1.0, -1.0, -1.0], "alert_name": null, "observatory": ["GiuseppeAltavillaLoi", "GiuseppeAltavillaLoi", "GiuseppeAltavillaLoi", "GiuseppeAltavillaLoi", "GiuseppeAltavillaLoi", "Anna Hourihane", "Anna Hourihane", "Anna Hourihane", "Anna Hourihane"], "caliberr": [0.17632314562797546, 0.19588252902030945, 0.16127106547355652, 0.13850712776184082, 0.3470180928707123, 0.009999999776482582, 0.009999999776482582, 0.009999999776482582, 0.009999999776482582], "mag": [19.38551139831543, 19.90339469909668, 18.59797477722168, 18.80902862548828, 18.287057876586914, 22.22745132446289, 19.842565536499023, 24.93792724609375, 26.5523681640625], "catalog": ["SDSS", "SDSS", "SDSS", "SDSS", "SDSS", "APASS", "APASS", "APASS", "APASS"], "filter": ["g", "g", "r", "r", "i", "B", "g", "i", "i"], "id": [17901, 17904, 17902, 17905, 17906, 20909, 20906, 20903, 20915]}