{"mjd": [57559.16336515], "magerr": [0.009399999864399433], "alert_name": null, "observatory": ["K.Wiersema-NTT"], "caliberr": [0.009999999776482582], "mag": [17.632400512695312], "catalog": ["APASS"], "filter": ["V"], "id": [50951]}