{"mjd": [57146.9189489, 57146.9213962, 57146.9264277, 57146.9352527, 57146.9189489, 57146.9213962, 57146.9264277, 57146.9352527, 57146.9189489, 57146.9213962, 57146.9264277, 57146.9352527], "magerr": [-1.0, -1.0, -1.0, -1.0, -1.0, -1.0, -1.0, -1.0, -1.0, -1.0, -1.0, -1.0], "alert_name": null, "observatory": ["Anna Hourihane", "Anna Hourihane", "Anna Hourihane", "Anna Hourihane", "Anna Hourihane", "Anna Hourihane", "Anna Hourihane", "Anna Hourihane", "Anna Hourihane", "Anna Hourihane", "Anna Hourihane", "Anna Hourihane"], "caliberr": [0.06442508101463318, 0.06425081938505173, 0.07602842152118683, 0.05032321810722351, 0.045418091118335724, 0.06463125348091125, 0.050020989030599594, 0.05511973798274994, 0.07463112473487854, 0.08600480109453201, 0.07057373225688934, 0.08017668128013611], "mag": [17.36077880859375, 20.07355308532715, 19.71977996826172, 23.26364517211914, 19.215784072875977, 20.821670532226562, 21.089799880981445, 21.107036590576172, 21.257205963134766, 22.240558624267578, 23.662643432617188, 23.578838348388672], "catalog": ["SDSS", "SDSS", "SDSS", "SDSS", "SDSS", "SDSS", "SDSS", "SDSS", "SDSS", "SDSS", "SDSS", "SDSS"], "filter": ["u", "u", "u", "u", "g", "g", "g", "g", "r", "r", "r", "r"], "id": [20189, 20183, 20186, 20196, 20187, 20191, 20184, 20195, 20188, 20190, 20193, 20194]}