{"mjd": [59347.944521], "magerr": [0.10839415341615677], "alert_name": null, "observatory": ["Liam Hardy pt5m"], "caliberr": [0.02204648219048977], "mag": [17.363662719726562], "catalog": ["APASS"], "filter": ["V"], "id": [220960]}