{"mjd": [58609.209205, 58609.213764, 58609.216808], "magerr": [0.10165199637413025, 0.08595860004425049, 0.08989380300045013], "alert_name": null, "observatory": ["Liam Hardy pt5m", "Liam Hardy pt5m", "Liam Hardy pt5m"], "caliberr": [0.14800100028514862, 0.05472870171070099, 0.048996299505233765], "mag": [18.3518009185791, 18.46139907836914, 18.436500549316406], "catalog": ["APASS", "APASS", "APASS"], "filter": ["B", "V", "r"], "id": [151830, 151831, 151832]}