{"mjd": [59460.177363, 59469.185874, 59476.212606, 59480.220083, 59460.181917, 59469.190427, 59476.217919, 59480.224638], "magerr": [0.14164596796035767, -1.0, -1.0, -1.0, 0.03229740634560585, 0.07451306283473969, 0.049160584807395935, 0.03079347126185894], "alert_name": null, "observatory": ["Liam Hardy pt5m", "Liam Hardy pt5m", "Liam Hardy pt5m", "Liam Hardy pt5m", "Liam Hardy pt5m", "Liam Hardy pt5m", "Liam Hardy pt5m", "Liam Hardy pt5m"], "caliberr": [0.08508779108524323, 0.10158822685480118, 0.15495175123214722, 0.052031997591257095, 0.0928780734539032, 0.05741923302412033, 0.050942521542310715, 0.07400812208652496], "mag": [17.769929885864258, 18.230207443237305, 18.280536651611328, 18.613216400146484, 15.227167129516602, 16.248111724853516, 15.536304473876953, 15.167137145996094], "catalog": ["APASS", "APASS", "APASS", "APASS", "APASS", "APASS", "APASS", "APASS"], "filter": ["B", "B", "B", "B", "V", "V", "V", "V"], "id": [232431, 233823, 234125, 234516, 232432, 233824, 234126, 234517]}