{"mjd": [58558.965108, 58558.969664, 58558.974213], "magerr": [0.11972399801015854, 0.08663579821586609, 0.1030770018696785], "alert_name": null, "observatory": ["Liam Hardy pt5m", "Liam Hardy pt5m", "Liam Hardy pt5m"], "caliberr": [0.17909500002861023, 0.08027639985084534, 0.112575002014637], "mag": [17.713600158691406, 16.95669937133789, 16.893299102783203], "catalog": ["APASS", "APASS", "APASS"], "filter": ["B", "V", "r"], "id": [147566, 147567, 147568]}