{"mjd": [58649.201792, 58656.065537, 58656.121032, 58656.125591], "magerr": [0.051213398575782776, 0.07000459730625153, 0.02022870071232319, 0.011569499969482422], "alert_name": null, "observatory": ["Liam Hardy pt5m", "Liam Hardy pt5m", "Liam Hardy pt5m", "Liam Hardy pt5m"], "caliberr": [0.02918899990618229, 0.009999999776482582, 0.041186798363924026, 0.06370270252227783], "mag": [17.6112003326416, 17.592899322509766, 16.574600219726562, 16.193700790405273], "catalog": ["APASS", "APASS", "APASS", "APASS"], "filter": ["B", "B", "V", "r"], "id": [155468, 156156, 156157, 156158]}