{"mjd": [59307.014487, 59307.020603], "magerr": [-1.0, 0.06678333878517151], "alert_name": null, "observatory": ["Liam Hardy pt5m", "Liam Hardy pt5m"], "caliberr": [0.010000008158385754, 0.01635044254362583], "mag": [18.74064064025879, 16.783409118652344], "catalog": ["APASS", "APASS"], "filter": ["B", "V"], "id": [216836, 216837]}