{"mjd": [58720.074748, 58724.040159, 58710.109711, 58720.065623, 58724.031052, 58710.123789, 58720.070199, 58724.035608], "magerr": [0.09362679719924927, 0.038350701332092285, 0.1366489976644516, -1.0, 0.08697889745235443, 0.07624059915542603, 0.13161300122737885, 0.058603398501873016], "alert_name": null, "observatory": ["Liam Hardy pt5m", "Liam Hardy pt5m", "Liam Hardy pt5m", "Liam Hardy pt5m", "Liam Hardy pt5m", "Liam Hardy pt5m", "Liam Hardy pt5m", "Liam Hardy pt5m"], "caliberr": [0.21456299722194672, 0.16217699646949768, 0.09000760316848755, 0.022262299433350563, 0.23692099750041962, 0.02041799947619438, 0.02659440040588379, 0.009999999776482582], "mag": [17.5314998626709, 17.3882999420166, 18.337299346923828, 18.790199279785156, 18.100400924682617, 17.8971004486084, 18.22010040283203, 17.63159942626953], "catalog": ["SDSS", "SDSS", "APASS", "APASS", "APASS", "APASS", "APASS", "APASS"], "filter": ["R", "R", "B", "B", "B", "V", "V", "V"], "id": [163098, 163399, 162383, 163096, 163397, 162384, 163097, 163398]}