{"mjd": [58519.283627, 58519.276034, 58519.280592], "magerr": [0.014150800183415413, 0.018786000087857246, 0.013773100450634956], "alert_name": null, "observatory": ["Liam Hardy pt5m", "Liam Hardy pt5m", "Liam Hardy pt5m"], "caliberr": [0.1538040041923523, 0.07495380192995071, 0.03730680048465729], "mag": [15.616100311279297, 15.154800415039062, 15.524499893188477], "catalog": ["SDSS", "APASS", "APASS"], "filter": ["R", "B", "V"], "id": [130612, 130610, 130611]}