{"mjd": [57809.134089, 57809.141187, 57809.148286, 57815.175479, 57815.182582], "magerr": [-1.0, -1.0, -1.0, 0.0031999999191612005, 0.003100000089034438], "alert_name": null, "observatory": ["OmicronC2PU JPRivet", "OmicronC2PU JPRivet", "OmicronC2PU JPRivet", "OmicronC2PU JPRivet", "OmicronC2PU JPRivet"], "caliberr": [0.05946449935436249, 0.07296749949455261, 0.03648789972066879, 0.09576179832220078, 0.10636100172996521], "mag": [22.57710075378418, 22.250999450683594, 22.679100036621094, 14.765199661254883, 14.624699592590332], "catalog": ["APASS", "APASS", "APASS", "VSTATLAS", "VSTATLAS"], "filter": ["r", "r", "r", "r", "r"], "id": [68122, 68123, 68124, 68148, 68149]}