{"mjd": [58680.145306, 58699.170503, 58680.149864, 58699.175063, 58680.154416, 58699.179621], "magerr": [-1.0, -1.0, -1.0, -1.0, -1.0, -1.0], "alert_name": null, "observatory": ["Liam Hardy pt5m", "Liam Hardy pt5m", "Liam Hardy pt5m", "Liam Hardy pt5m", "Liam Hardy pt5m", "Liam Hardy pt5m"], "caliberr": [0.17840999364852905, 0.15358200669288635, 0.15206299722194672, 0.11166000366210938, 0.054315999150276184, 0.05521690100431442], "mag": [18.9414005279541, 19.35460090637207, 19.16119956970215, 19.822599411010742, 23.545400619506836, 19.980100631713867], "catalog": ["APASS", "APASS", "APASS", "APASS", "APASS", "APASS"], "filter": ["B", "B", "V", "V", "r", "r"], "id": [158934, 161372, 158961, 161373, 158996, 161374]}