{"mjd": [58725.089958, 58740.073175, 58725.094526, 58740.077738, 58725.099101, 58740.08233], "magerr": [0.00794064998626709, 0.011396399699151516, 0.004677920136600733, 0.006016170140355825, 0.0034655400086194277, 0.0047617400996387005], "alert_name": null, "observatory": ["Liam Hardy pt5m", "Liam Hardy pt5m", "Liam Hardy pt5m", "Liam Hardy pt5m", "Liam Hardy pt5m", "Liam Hardy pt5m"], "caliberr": [0.08453220129013062, 0.013722600415349007, 0.01329100038856268, 0.037213701754808426, 0.049017999321222305, 0.04161730036139488], "mag": [14.682900428771973, 14.6358003616333, 14.227800369262695, 14.18120002746582, 14.059399604797363, 14.009400367736816], "catalog": ["APASS", "APASS", "APASS", "APASS", "APASS", "APASS"], "filter": ["B", "B", "V", "V", "r", "r"], "id": [163500, 164389, 163501, 164390, 163502, 164391]}