{"mjd": [58314.097161, 58314.088085, 58314.092627], "magerr": [0.06495629996061325, -1.0, -1.0], "alert_name": null, "observatory": ["Liam Hardy pt5m", "Liam Hardy pt5m", "Liam Hardy pt5m"], "caliberr": [0.262798011302948, 0.0411251001060009, 0.028589900583028793], "mag": [17.81529998779297, 19.859600067138672, 19.752099990844727], "catalog": ["SDSS", "APASS", "APASS"], "filter": ["R", "B", "V"], "id": [114091, 114089, 114090]}