{"mjd": [58315.013567, 58315.004494, 58315.009036], "magerr": [0.1096678301692009, -1.0, -1.0], "alert_name": null, "observatory": ["Liam Hardy pt5m", "Liam Hardy pt5m", "Liam Hardy pt5m"], "caliberr": [0.14114347100257874, 0.08285436779260635, 0.009999999776482582], "mag": [19.083690643310547, 19.55994987487793, 19.61642837524414], "catalog": ["SDSS", "APASS", "APASS"], "filter": ["R", "B", "V"], "id": [114368, 114357, 114360]}