{"mjd": [58649.173517, 58655.116171, 58662.136442, 58649.178074, 58655.120727, 58662.140998, 58649.182631, 58655.125282, 58662.145557], "magerr": [0.027489973232150078, 0.0270809568464756, 0.023153308779001236, 0.0074797095730900764, 0.007950987666845322, 0.007300498429685831, 0.003935975022614002, 0.0041162846609950066, 0.0038293031975626945], "alert_name": null, "observatory": ["Liam Hardy pt5m", "Liam Hardy pt5m", "Liam Hardy pt5m", "Liam Hardy pt5m", "Liam Hardy pt5m", "Liam Hardy pt5m", "Liam Hardy pt5m", "Liam Hardy pt5m", "Liam Hardy pt5m"], "caliberr": [0.09852366149425507, 0.10684286057949066, 0.12726154923439026, 0.05284230411052704, 0.08621886372566223, 0.06166166812181473, 0.09510186314582825, 0.09012702852487564, 0.09844101965427399], "mag": [16.82417869567871, 16.798572540283203, 16.765628814697266, 15.235864639282227, 15.263848304748535, 15.226409912109375, 14.526660919189453, 14.539748191833496, 14.510699272155762], "catalog": ["APASS", "APASS", "APASS", "APASS", "APASS", "APASS", "APASS", "APASS", "APASS"], "filter": ["B", "B", "B", "V", "V", "V", "r", "r", "r"], "id": [155462, 156117, 157020, 155463, 156118, 157021, 155464, 156119, 157022]}