{"mjd": [58860.050979, 58860.05495, 58860.06025], "magerr": [-1.0, -1.0, 0.06730969995260239], "alert_name": null, "observatory": ["Liam Hardy pt5m", "Liam Hardy pt5m", "Liam Hardy pt5m"], "caliberr": [0.16398300230503082, 0.10510099679231644, 0.06590549647808075], "mag": [19.02280044555664, 18.75160026550293, 18.275299072265625], "catalog": ["APASS", "APASS", "APASS"], "filter": ["B", "V", "r"], "id": [175202, 175203, 175204]}