{"mjd": [58312.209352], "magerr": [0.09211979806423187], "alert_name": null, "observatory": ["Liam Hardy pt5m"], "caliberr": [0.009999999776482582], "mag": [17.815799713134766], "catalog": ["APASS"], "filter": ["B"], "id": [108743]}