{"mjd": [58989.937884, 58991.917093, 58994.919851, 58995.908455, 58996.936349, 58997.915829, 59000.916823, 59001.9334, 59004.937521, 59006.909269, 59013.929928, 58989.94424, 58991.923447, 58994.926218, 58995.914809, 58996.942703, 58997.922183, 59000.923177, 59001.939754, 59004.943898, 59006.915625, 59013.936283, 58989.95064, 58991.929848, 58994.932619, 58995.92121, 58996.949103, 58997.928585, 59000.929578, 59001.946155, 59004.950298, 59006.922026], "magerr": [0.006500000134110451, 0.0071000000461936, 0.007600000128149986, 0.016899999231100082, 0.010700000450015068, 0.00989999994635582, 0.015200000256299973, 0.013899999670684338, 0.019999999552965164, 0.021900000050663948, 0.01600000075995922, 0.006500000134110451, 0.006800000090152025, 0.0066999997943639755, 0.010599999688565731, 0.007799999788403511, 0.00800000037997961, 0.011099999770522118, 0.011800000444054604, 0.014000000432133675, 0.016699999570846558, 0.014100000262260437, 0.007000000216066837, 0.00860000029206276, 0.00839999970048666, 0.00930000003427267, 0.008799999952316284, 0.008999999612569809, 0.011099999770522118, 0.012000000104308128, 0.011699999682605267, 0.014000000432133675], "alert_name": null, "observatory": ["Moletai0.35-Erika Pa", "Moletai0.35-Erika Pa", "Moletai0.35-Erika Pa", "Moletai0.35-Erika Pa", "Moletai0.35-Erika Pa", "Moletai0.35-Erika Pa", "Moletai0.35-Erika Pa", "Moletai0.35-Erika Pa", "Moletai0.35-Erika Pa", "Moletai0.35-Erika Pa", "Moletai0.35-Erika Pa", "Moletai0.35-Erika Pa", "Moletai0.35-Erika Pa", "Moletai0.35-Erika Pa", "Moletai0.35-Erika Pa", "Moletai0.35-Erika Pa", "Moletai0.35-Erika Pa", "Moletai0.35-Erika Pa", "Moletai0.35-Erika Pa", "Moletai0.35-Erika Pa", "Moletai0.35-Erika Pa", "Moletai0.35-Erika Pa", "Moletai0.35-Erika Pa", "Moletai0.35-Erika Pa", "Moletai0.35-Erika Pa", "Moletai0.35-Erika Pa", "Moletai0.35-Erika Pa", "Moletai0.35-Erika Pa", "Moletai0.35-Erika Pa", "Moletai0.35-Erika Pa", "Moletai0.35-Erika Pa", "Moletai0.35-Erika Pa"], "caliberr": [0.10712400078773499, 0.10225500166416168, 0.10138999670743942, 0.08962419629096985, 0.10130000114440918, 0.10148900002241135, 0.09710440039634705, 0.10058999806642532, 0.1123730018734932, 0.10735400021076202, 0.10490799695253372, 0.08011650294065475, 0.07856880128383636, 0.08008389919996262, 0.07405190169811249, 0.07481169700622559, 0.07472989708185196, 0.08071669936180115, 0.08162970095872879, 0.07587730139493942, 0.08020269870758057, 0.07810299843549728, 0.12737099826335907, 0.13660100102424622, 0.12941700220108032, 0.13210399448871613, 0.1298850029706955, 0.1390639990568161, 0.14603100717067719, 0.13902899622917175, 0.14953599870204926, 0.1459140032529831], "mag": [15.075699806213379, 15.063199996948242, 15.0516996383667, 15.080900192260742, 15.03030014038086, 15.071700096130371, 15.045299530029297, 15.067500114440918, 15.008899688720703, 15.095499992370605, 15.05150032043457, 14.682299613952637, 14.680000305175781, 14.674500465393066, 14.688300132751465, 14.68529987335205, 14.688599586486816, 14.68850040435791, 14.67039966583252, 14.679900169372559, 14.662199974060059, 14.6673002243042, 14.218199729919434, 14.224200248718262, 14.174799919128418, 14.188400268554688, 14.201499938964844, 14.21679973602295, 14.228699684143066, 14.148200035095215, 14.174500465393066, 14.201600074768066], "catalog": ["APASS", "APASS", "APASS", "APASS", "APASS", "APASS", "APASS", "APASS", "APASS", "APASS", "APASS", "APASS", "APASS", "APASS", "APASS", "APASS", "APASS", "APASS", "APASS", "APASS", "APASS", "APASS", "APASS", "APASS", "APASS", "APASS", "APASS", "APASS", "APASS", "APASS", "APASS", "APASS"], "filter": ["V", "V", "V", "V", "V", "V", "V", "V", "V", "V", "V", "r", "r", "r", "r", "r", "r", "r", "r", "r", "r", "r", "i", "i", "i", "i", "i", "i", "i", "i", "i", "i"], "id": [192498, 192531, 192620, 192664, 192730, 192760, 192812, 192889, 192922, 192936, 193241, 192497, 192530, 192619, 192663, 192729, 192759, 192811, 192888, 192921, 192935, 193240, 192496, 192529, 192618, 192662, 192728, 192758, 192810, 192887, 192920, 192934]}