{"mjd": [59426.75, 59426.76, 59426.81, 59426.78, 59426.82, 59083.9105909, 59084.8864399, 59085.8727023, 59092.5033844, 59086.4061748, 59092.502548, 59082.7927624, 59082.7919269, 59083.9097627, 59083.9718254, 59084.2016621, 59084.8856065, 59085.8718618, 59109.5038055, 59109.5059613], "magerr": [0.15440000593662262, 0.12770000100135803, 0.08510000258684158, 0.09080000221729279, 0.1298999935388565, 0.019600000232458115, 0.01640000008046627, 0.02410000003874302, 0.03700000047683716, 0.008700000122189522, 0.009100000374019146, 0.018300000578165054, 0.00800000037997961, 0.007400000002235174, 0.007400000002235174, 0.008200000040233135, 0.008500000461935997, 0.008799999952316284, 0.008999999612569809, 0.00800000037997961], "alert_name": null, "observatory": ["Abastumani36, Teimur", "Abastumani36, Teimur", "Abastumani36, Teimur", "Abastumani36, Teimur", "Abastumani36, Teimur", "LCOGT1m, Etienne Bac", "LCOGT1m, Etienne Bac", "LCOGT1m, Etienne Bac", "LCOGT1m, Etienne Bac", "LCOGT1m, Etienne Bac", "LCOGT1m, Etienne Bac", "LCOGT1m, Etienne Bac", "LCOGT1m, Etienne Bac", "LCOGT1m, Etienne Bac", "LCOGT1m, Etienne Bac", "LCOGT1m, Etienne Bac", "LCOGT1m, Etienne Bac", "LCOGT1m, Etienne Bac", "LCOGT1m, N.Ihanec", "LCOGT1m, N.Ihanec"], "caliberr": [0.12946350872516632, 0.1515107899904251, 0.15935181081295013, 0.21236157417297363, 0.25329968333244324, 0.23942215740680695, 0.24635811150074005, 0.053030479699373245, 0.053405165672302246, 0.1626342236995697, 0.15650425851345062, 0.41648560762405396, 0.35430908203125, 0.4120585024356842, 0.4501893222332001, 0.39159825444221497, 0.4905468821525574, 0.3576638102531433, 0.42149436473846436, 0.453402578830719], "mag": [17.377002716064453, 16.508874893188477, 16.357484817504883, 15.030762672424316, 15.609182357788086, 18.615888595581055, 18.578182220458984, 18.0513973236084, 18.027935028076172, 15.218804359436035, 15.238580703735352, 18.178617477416992, 15.577398300170898, 15.626571655273438, 15.673540115356445, 15.575207710266113, 15.715206146240234, 15.574385643005371, 17.978261947631836, 18.000900268554688], "catalog": ["APASS", "APASS", "APASS", "APASS", "APASS", "APASS", "APASS", "APASS", "APASS", "APASS", "APASS", "PS1", "PS1", "PS1", "PS1", "PS1", "PS1", "PS1", "PS1", "PS1"], "filter": ["V", "r", "r", "i", "i", "B", "B", "g", "g", "i", "i", "g", "i", "i", "i", "i", "i", "i", "g", "g"], "id": [231075, 231077, 231076, 231078, 231079, 215458, 215454, 215460, 215451, 215449, 215450, 215456, 215455, 215457, 215452, 215462, 215453, 215459, 199772, 199773]}