{"mjd": [58726.180249, 58726.184806, 58740.220714, 58726.189359, 58740.223048], "magerr": [-1.0, -1.0, -1.0, -1.0, -1.0], "alert_name": null, "observatory": ["Liam Hardy pt5m", "Liam Hardy pt5m", "Liam Hardy pt5m", "Liam Hardy pt5m", "Liam Hardy pt5m"], "caliberr": [0.10511799901723862, 0.1029840037226677, 0.03765999898314476, 0.039673998951911926, 0.044682301580905914], "mag": [19.381900787353516, 19.506399154663086, 19.060400009155273, 20.364900588989258, 18.80500030517578], "catalog": ["APASS", "APASS", "APASS", "APASS", "APASS"], "filter": ["B", "V", "V", "r", "r"], "id": [163622, 163623, 164409, 163624, 164410]}