{"mjd": [58316.018527, 58316.020081, 58316.020107, 58316.02161, 58316.023127, 58316.02463, 58316.024632, 58316.02614], "magerr": [-1.0, -1.0, -1.0, -1.0, -1.0, -1.0, -1.0, -1.0], "alert_name": null, "observatory": ["Liam Hardy pt5m", "Liam Hardy pt5m", "Liam Hardy pt5m", "Liam Hardy pt5m", "Liam Hardy pt5m", "Liam Hardy pt5m", "Liam Hardy pt5m", "Liam Hardy pt5m"], "caliberr": [0.01000010035932064, 0.01767369918525219, 0.09559830278158188, 0.01000010035932064, 0.05747940018773079, 0.04714519903063774, 0.044339798390865326, 0.009999999776482582], "mag": [19.560400009155273, 19.44569969177246, 18.98189926147461, 19.037700653076172, 19.400299072265625, 19.394399642944336, 19.761499404907227, 19.447399139404297], "catalog": ["APASS", "APASS", "APASS", "APASS", "APASS", "APASS", "APASS", "APASS"], "filter": ["B", "B", "B", "B", "V", "V", "V", "V"], "id": [114732, 114475, 114733, 114734, 114736, 114737, 114476, 114738]}