{"mjd": [57843.88141, 57843.88309, 57843.88476, 57843.90206, 57843.90374, 57843.90542, 57843.88648, 57843.88816, 57843.88984, 57843.90714, 57843.90882, 57843.91049, 57843.89142, 57843.89287, 57843.89432, 57843.91207, 57843.91352, 57843.91497, 57843.89579, 57843.89723, 57843.89867, 57843.91644, 57843.91788, 57843.91932], "magerr": [0.03539999946951866, 0.03460000082850456, 0.03759999945759773, 0.03970000147819519, 0.032600000500679016, 0.03869999945163727, 0.03440000116825104, 0.03400000184774399, 0.030899999663233757, 0.03400000184774399, 0.03869999945163727, 0.03519999980926514, 0.033900000154972076, 0.031599998474121094, 0.034699998795986176, 0.03920000046491623, 0.05719999969005585, 0.042500000447034836, 0.04800000041723251, 0.049300000071525574, 0.04410000145435333, 0.059700001031160355, 0.06080000102519989, 0.06539999693632126], "alert_name": null, "observatory": ["Bialkow, Z.Kolaczkow", "Bialkow, Z.Kolaczkow", "Bialkow, Z.Kolaczkow", "Bialkow, Z.Kolaczkow", "Bialkow, Z.Kolaczkow", "Bialkow, Z.Kolaczkow", "Bialkow, Z.Kolaczkow", "Bialkow, Z.Kolaczkow", "Bialkow, Z.Kolaczkow", "Bialkow, Z.Kolaczkow", "Bialkow, Z.Kolaczkow", "Bialkow, Z.Kolaczkow", "Bialkow, Z.Kolaczkow", "Bialkow, Z.Kolaczkow", "Bialkow, Z.Kolaczkow", "Bialkow, Z.Kolaczkow", "Bialkow, Z.Kolaczkow", "Bialkow, Z.Kolaczkow", "Bialkow, Z.Kolaczkow", "Bialkow, Z.Kolaczkow", "Bialkow, Z.Kolaczkow", "Bialkow, Z.Kolaczkow", "Bialkow, Z.Kolaczkow", "Bialkow, Z.Kolaczkow"], "caliberr": [0.029945600777864456, 0.016801999881863594, 0.030174199491739273, 0.025239599868655205, 0.02527889981865883, 0.04115879908204079, 0.05190480127930641, 0.049128901213407516, 0.05131309852004051, 0.048022300004959106, 0.046458400785923004, 0.05046749860048294, 0.05207720026373863, 0.050695501267910004, 0.037173401564359665, 0.03956560045480728, 0.023421000689268112, 0.03250410035252571, 0.12391000241041183, 0.12025800347328186, 0.12362200021743774, 0.11745200306177139, 0.11803200095891953, 0.1177619993686676], "mag": [17.59119987487793, 17.50200080871582, 17.530099868774414, 17.56909942626953, 17.46500015258789, 17.482900619506836, 17.225099563598633, 17.21470069885254, 17.268400192260742, 17.204099655151367, 17.100200653076172, 17.16819953918457, 17.158300399780273, 17.159799575805664, 17.10770034790039, 17.0802001953125, 17.163000106811523, 17.09869956970215, 17.219999313354492, 17.139699935913086, 17.13599967956543, 17.000900268554688, 17.242000579833984, 17.220600128173828], "catalog": ["APASS", "APASS", "APASS", "APASS", "APASS", "APASS", "APASS", "APASS", "APASS", "APASS", "APASS", "APASS", "APASS", "APASS", "APASS", "APASS", "APASS", "APASS", "APASS", "APASS", "APASS", "APASS", "APASS", "APASS"], "filter": ["B", "B", "B", "B", "B", "B", "V", "V", "V", "V", "V", "V", "r", "r", "r", "r", "r", "r", "i", "i", "i", "i", "i", "i"], "id": [69085, 69086, 69087, 69097, 69098, 69099, 69088, 69089, 69090, 69100, 69101, 69102, 69091, 69092, 69093, 69103, 69104, 69105, 69094, 69095, 69096, 69106, 69107, 69108]}