{"mjd": [58285.888205, 58285.895871, 58285.890733, 58285.898399, 58285.893292], "magerr": [0.020600000396370888, 0.021199999377131462, 0.006200000178068876, 0.006399999838322401, 0.0066999997943639755], "alert_name": null, "observatory": ["Loiano, Felice Cusan", "Loiano, Felice Cusan", "Loiano, Felice Cusan", "Loiano, Felice Cusan", "Loiano, Felice Cusan"], "caliberr": [0.11939399689435959, 0.12831899523735046, 0.10816100239753723, 0.09623059630393982, 0.009999999776482582], "mag": [17.785600662231445, 17.906400680541992, 17.149599075317383, 17.158300399780273, 17.39069938659668], "catalog": ["SDSS", "SDSS", "APASS", "APASS", "APASS"], "filter": ["I", "I", "V", "V", "r"], "id": [107124, 107125, 107156, 107157, 107170]}