{"mjd": [58380.133599, 58381.182956, 58391.072284, 58380.124446, 58381.153039, 58391.062409, 58380.128287, 58381.178402, 58391.06773], "magerr": [0.007677310146391392, 0.006611419841647148, 0.02807440049946308, 0.024509700015187263, 0.02281920053064823, 0.04256949946284294, 0.013266299851238728, 0.010174799710512161, 0.03549110144376755], "alert_name": null, "observatory": ["Liam Hardy pt5m", "Liam Hardy pt5m", "Liam Hardy pt5m", "Liam Hardy pt5m", "Liam Hardy pt5m", "Liam Hardy pt5m", "Liam Hardy pt5m", "Liam Hardy pt5m", "Liam Hardy pt5m"], "caliberr": [0.11634200066328049, 0.11184599995613098, 0.28568100929260254, 0.09403820335865021, 0.07294899970293045, 0.08017320185899734, 0.08086889982223511, 0.04711410030722618, 0.1294270008802414], "mag": [15.27280044555664, 15.08329963684082, 15.83899974822998, 16.42970085144043, 16.145700454711914, 16.849199295043945, 15.741600036621094, 15.51669979095459, 16.265300750732422], "catalog": ["SDSS", "SDSS", "SDSS", "APASS", "APASS", "APASS", "APASS", "APASS", "APASS"], "filter": ["R", "R", "R", "B", "B", "B", "V", "V", "V"], "id": [120394, 120562, 121602, 120392, 120560, 121600, 120393, 120561, 121601]}