{"mjd": [58481.888353, 58481.907762, 58481.913082], "magerr": [-1.0, -1.0, -1.0], "alert_name": null, "observatory": ["Liam Hardy pt5m", "Liam Hardy pt5m", "Liam Hardy pt5m"], "caliberr": [0.02371620014309883, 0.04463990032672882, 0.034378498792648315], "mag": [18.61079978942871, 19.312599182128906, 19.247699737548828], "catalog": ["APASS", "APASS", "APASS"], "filter": ["B", "V", "r"], "id": [129172, 129173, 129174]}