{"mjd": [58004.048244, 58010.019846, 58017.187198, 58004.052802, 58010.033301, 58017.191751, 58004.057357, 58010.03786, 58017.196319], "magerr": [-1.0, -1.0, -1.0, -1.0, 0.12833000719547272, -1.0, 0.10213299840688705, 0.056980300694704056, -1.0], "alert_name": null, "observatory": ["Liam Hardy pt5m", "Liam Hardy pt5m", "Liam Hardy pt5m", "Liam Hardy pt5m", "Liam Hardy pt5m", "Liam Hardy pt5m", "Liam Hardy pt5m", "Liam Hardy pt5m", "Liam Hardy pt5m"], "caliberr": [0.09788289666175842, 0.0779213011264801, 0.11169800162315369, 0.03758959844708443, 0.009999999776482582, 0.23272700607776642, 0.06903699785470963, 0.02986530028283596, 0.09036990255117416], "mag": [18.593900680541992, 19.56060028076172, 19.325700759887695, 19.04680061340332, 18.85759925842285, 19.201900482177734, 17.499900817871094, 17.870800018310547, 20.013099670410156], "catalog": ["APASS", "APASS", "APASS", "APASS", "APASS", "APASS", "APASS", "APASS", "APASS"], "filter": ["B", "B", "B", "V", "V", "V", "r", "r", "r"], "id": [82845, 83405, 84200, 82846, 83406, 84201, 82847, 83407, 84202]}