{"mjd": [58679.104719, 58690.930715, 58700.935165, 58679.096385, 58684.934433, 58690.921632, 58700.926054, 58679.100172, 58690.924675, 58700.930615], "magerr": [0.03493771329522133, 0.035673003643751144, 0.04415369778871536, 0.06925554573535919, 0.12618671357631683, -1.0, -1.0, 0.04480743035674095, 0.0820828229188919, 0.09646186232566833], "alert_name": null, "observatory": ["Liam Hardy pt5m", "Liam Hardy pt5m", "Liam Hardy pt5m", "Liam Hardy pt5m", "Liam Hardy pt5m", "Liam Hardy pt5m", "Liam Hardy pt5m", "Liam Hardy pt5m", "Liam Hardy pt5m", "Liam Hardy pt5m"], "caliberr": [0.13033272325992584, 0.13967546820640564, 0.13643310964107513, 0.039049144834280014, 0.03850242495536804, 0.030455682426691055, 0.0323994942009449, 0.04334541782736778, 0.015229285694658756, 0.05086584761738777], "mag": [17.142549514770508, 17.664215087890625, 17.893686294555664, 17.738496780395508, 18.608346939086914, 19.558530807495117, 19.738786697387695, 17.157434463500977, 17.885873794555664, 18.47422218322754], "catalog": ["SDSS", "SDSS", "SDSS", "APASS", "APASS", "APASS", "APASS", "APASS", "APASS", "APASS"], "filter": ["R", "R", "R", "B", "B", "B", "B", "V", "V", "V"], "id": [158626, 160285, 161566, 158624, 159660, 160283, 161564, 158625, 160284, 161565]}