{"mjd": [58353.230549, 58362.148744, 58362.153263, 58362.157789, 58347.032754, 58347.033939, 58350.037804, 58347.033539, 58350.037404, 58347.033138, 58350.037003], "magerr": [-1.0, -1.0, 0.16478599607944489, 0.09512539952993393, 0.125, 0.13699999451637268, 0.13330000638961792, 0.14489999413490295, 0.16130000352859497, 0.16130000352859497, 0.21739999949932098], "alert_name": null, "observatory": ["Liam Hardy pt5m", "Liam Hardy pt5m", "Liam Hardy pt5m", "Liam Hardy pt5m", "Terskol-2,Vira Godun", "Terskol-2,Vira Godun", "Terskol-2,Vira Godun", "Terskol-2,Vira Godun", "Terskol-2,Vira Godun", "Terskol-2,Vira Godun", "Terskol-2,Vira Godun"], "caliberr": [0.009999999776482582, 0.054198700934648514, 0.009999999776482582, 0.03842020034790039, 0.08755909651517868, 0.009999999776482582, 0.06059189885854721, 0.09549400210380554, 0.07979190349578857, 0.11837299913167953, 0.09661100059747696], "mag": [18.896900177001953, 17.880399703979492, 18.175800323486328, 17.158000946044922, 18.731300354003906, 18.73699951171875, 18.277999877929688, 18.270200729370117, 18.452600479125977, 18.022499084472656, 18.115999221801758], "catalog": ["APASS", "APASS", "APASS", "APASS", "APASS", "APASS", "APASS", "APASS", "APASS", "APASS", "APASS"], "filter": ["B", "B", "V", "r", "B", "V", "V", "r", "r", "i", "i"], "id": [114015, 115070, 115071, 115072, 112298, 112301, 112380, 112300, 112379, 112299, 112378]}