{"mjd": [58770.704965, 58773.689306, 58770.709294, 58771.714167, 58772.689132, 58773.693588, 58770.710741, 58771.715579, 58772.690544, 58773.695, 58770.712176, 58771.717002, 58772.691968, 58773.693588], "magerr": [0.1281999945640564, 0.04830000177025795, 0.0625, 0.06669999659061432, 0.03759999945759773, 0.025699999183416367, 0.045499999076128006, 0.035599999129772186, 0.029600000008940697, 0.025800000876188278, 0.04270000010728836, 0.03689999878406525, 0.031099999323487282, 0.02539999969303608], "alert_name": null, "observatory": ["Terskol-2,Vira Godun", "Terskol-2,Vira Godun", "Terskol-2,Vira Godun", "Terskol-2,Vira Godun", "Terskol-2,Vira Godun", "Terskol-2,Vira Godun", "Terskol-2,Vira Godun", "Terskol-2,Vira Godun", "Terskol-2,Vira Godun", "Terskol-2,Vira Godun", "Terskol-2,Vira Godun", "Terskol-2,Vira Godun", "Terskol-2,Vira Godun", "Terskol-2,Vira Godun"], "caliberr": [0.06373651325702667, 0.14651720225811005, 0.07504598796367645, 0.14329935610294342, 0.05075759068131447, 0.24673357605934143, 0.16194270551204681, 0.261294960975647, 0.09444303065538406, 0.32656410336494446, 0.08582062274217606, 0.24700123071670532, 0.1130136027932167, 0.2943757176399231], "mag": [16.111413955688477, 16.27945327758789, 15.39046859741211, 15.335495948791504, 15.50622844696045, 15.386157989501953, 15.073789596557617, 15.051277160644531, 15.205607414245605, 15.044900894165039, 14.691925048828125, 14.63983154296875, 14.842438697814941, 14.659360885620117], "catalog": ["APASS", "APASS", "APASS", "APASS", "APASS", "APASS", "APASS", "APASS", "APASS", "APASS", "APASS", "APASS", "APASS", "APASS"], "filter": ["B", "B", "V", "V", "V", "V", "r", "r", "r", "r", "i", "i", "i", "i"], "id": [171364, 171116, 171365, 171368, 171371, 171117, 171366, 171369, 171372, 171119, 171367, 171370, 171373, 171118]}