{"mjd": [58815.152654, 58815.105069], "magerr": [0.03520189970731735, 0.07099640369415283], "alert_name": null, "observatory": ["Liam Hardy pt5m", "Liam Hardy pt5m"], "caliberr": [0.07811380177736282, 0.07812280207872391], "mag": [17.245899200439453, 17.679399490356445], "catalog": ["SDSS", "APASS"], "filter": ["R", "V"], "id": [173454, 173453]}