{"mjd": [57488.2700937, 57495.3442969, 57488.2775194, 57488.2808936, 57495.3511131, 57494.9710417], "magerr": [0.010999999940395355, 0.0430000014603138, 0.010999999940395355, 0.019999999552965164, 0.0430000014603138, 0.352400004863739], "alert_name": null, "observatory": ["RTT150", "RTT150", "RTT150", "RTT150", "RTT150", "K.Wiersema-Leicester"], "caliberr": [0.009999999776482582, 0.010000000707805157, 0.010000000707805157, 0.009999999776482582, 0.030848579481244087, 0.009999999776482582], "mag": [18.699495315551758, 19.048694610595703, 18.390411376953125, 18.472869873046875, 18.623498916625977, 19.30539894104004], "catalog": ["APASS", "APASS", "APASS", "APASS", "APASS", "APASS"], "filter": ["g", "g", "r", "i", "i", "r"], "id": [28733, 28954, 28735, 28734, 28955, 30166]}