{"mjd": [57989.992988, 57989.997553, 57985.96787, 57990.002111], "magerr": [-1.0, -1.0, -1.0, -1.0], "alert_name": null, "observatory": ["Liam Hardy pt5m", "Liam Hardy pt5m", "Liam Hardy pt5m", "Liam Hardy pt5m"], "caliberr": [0.06452520191669464, 0.050759799778461456, 0.24550899863243103, 0.043389301747083664], "mag": [19.119400024414062, 19.60219955444336, 18.301300048828125, 20.075000762939453], "catalog": ["APASS", "APASS", "APASS", "APASS"], "filter": ["B", "V", "r", "r"], "id": [82294, 82295, 81979, 82296]}