{"mjd": [59287.039066, 59287.043617, 59287.047407], "magerr": [-1.0, -1.0, -1.0], "alert_name": null, "observatory": ["Liam Hardy pt5m", "Liam Hardy pt5m", "Liam Hardy pt5m"], "caliberr": [0.17485100030899048, 0.03614480048418045, 0.1056400015950203], "mag": [18.356399536132812, 18.390600204467773, 19.127300262451172], "catalog": ["APASS", "APASS", "APASS"], "filter": ["B", "V", "r"], "id": [213936, 213937, 213938]}