{"mjd": [57653.2436635, 57654.2420634, 57656.2365287, 57655.2412579, 57657.239106], "magerr": [0.0203000009059906, 0.01850000023841858, 0.019700000062584877, 0.01360000018030405, 0.014100000262260437], "alert_name": null, "observatory": ["Mercator Geneva Grou", "Mercator Geneva Grou", "Mercator Geneva Grou", "Mercator Geneva Grou", "Mercator Geneva Grou"], "caliberr": [0.15585140883922577, 0.08648741990327835, 0.19670243561267853, 0.1311117708683014, 0.22435539960861206], "mag": [18.1204891204834, 18.008298873901367, 18.075334548950195, 18.196590423583984, 18.97163963317871], "catalog": ["SDSS", "SDSS", "SDSS", "SDSS", "SDSS"], "filter": ["g", "g", "g", "r", "r"], "id": [45133, 47241, 47368, 47266, 47378]}