{"mjd": [59207.02166, 59190.190901, 59201.163143, 59206.99245, 59190.194698, 59201.166192, 59201.173864, 59207.017116, 59190.198489], "magerr": [-1.0, -1.0, -1.0, -1.0, -1.0, -1.0, 0.1711791753768921, -1.0, -1.0], "alert_name": null, "observatory": ["Liam Hardy pt5m", "Liam Hardy pt5m", "Liam Hardy pt5m", "Liam Hardy pt5m", "Liam Hardy pt5m", "Liam Hardy pt5m", "Liam Hardy pt5m", "Liam Hardy pt5m", "Liam Hardy pt5m"], "caliberr": [0.05640464276075363, 0.05638590082526207, 0.020242678001523018, 0.16553381085395813, 0.011858407407999039, 0.028125882148742676, 0.010000000707805157, 0.04262955114245415, 0.010000028647482395], "mag": [19.239206314086914, 18.552242279052734, 19.062854766845703, 18.224355697631836, 18.92601203918457, 18.84770393371582, 18.903886795043945, 18.988435745239258, 18.954580307006836], "catalog": ["SDSS", "APASS", "APASS", "APASS", "APASS", "APASS", "APASS", "APASS", "APASS"], "filter": ["R", "B", "B", "B", "V", "V", "V", "V", "r"], "id": [208944, 207753, 208615, 208942, 207754, 208616, 208617, 208943, 207755]}