{"mjd": [58581.069341, 58563.07316, 58581.060239, 58563.077714, 58581.064792, 58563.082261], "magerr": [0.06448130309581757, 0.12156300246715546, 0.10119500011205673, 0.04289180040359497, 0.07273770123720169, 0.03180009871721268], "alert_name": null, "observatory": ["Liam Hardy pt5m", "Liam Hardy pt5m", "Liam Hardy pt5m", "Liam Hardy pt5m", "Liam Hardy pt5m", "Liam Hardy pt5m"], "caliberr": [0.10767599940299988, 0.16436299681663513, 0.09034980088472366, 0.09168659895658493, 0.038291800767183304, 0.06331010162830353], "mag": [18.30150032043457, 18.334999084472656, 19.339599609375, 15.369600296020508, 18.57229995727539, 14.873200416564941], "catalog": ["SDSS", "APASS", "APASS", "APASS", "APASS", "APASS"], "filter": ["R", "B", "B", "V", "V", "r"], "id": [150117, 147716, 150115, 147717, 150116, 147718]}