{"mjd": [59445.200395, 59457.060275, 59459.109077, 59457.064827, 59459.113627], "magerr": [-1.0, -1.0, -1.0, -1.0, -1.0], "alert_name": null, "observatory": ["Liam Hardy pt5m", "Liam Hardy pt5m", "Liam Hardy pt5m", "Liam Hardy pt5m", "Liam Hardy pt5m"], "caliberr": [0.06387275457382202, 0.021896591410040855, 0.03855413198471069, 0.1250251829624176, 0.07926473766565323], "mag": [18.26539421081543, 18.788206100463867, 18.712005615234375, 19.08427619934082, 19.191762924194336], "catalog": ["APASS", "APASS", "APASS", "APASS", "APASS"], "filter": ["B", "B", "B", "V", "V"], "id": [231564, 232183, 232252, 232184, 232253]}