{"mjd": [57876.3526096, 57876.3452072, 57878.1990907], "magerr": [0.0024999999441206455, 0.002099999925121665, 0.00570000009611249], "alert_name": null, "observatory": ["Euler Geneva Group", "Euler Geneva Group", "Euler Geneva Group"], "caliberr": [0.06361347436904907, 0.08124692738056183, 0.0972704216837883], "mag": [16.571313858032227, 16.693403244018555, 17.647382736206055], "catalog": ["APASS", "APASS", "APASS"], "filter": ["V", "r", "r"], "id": [72914, 72913, 72991]}