{"mjd": [58403.165251, 58403.170572, 58403.175128], "magerr": [-1.0, -1.0, 0.059095799922943115], "alert_name": null, "observatory": ["Liam Hardy pt5m", "Liam Hardy pt5m", "Liam Hardy pt5m"], "caliberr": [0.0760791003704071, 0.036379601806402206, 0.060180000960826874], "mag": [18.88249969482422, 19.50950050354004, 18.068599700927734], "catalog": ["APASS", "APASS", "APASS"], "filter": ["B", "V", "r"], "id": [122300, 122301, 122302]}