{"mjd": [58545.992205, 58545.983082, 58545.987646], "magerr": [-1.0, 0.1225619986653328, -1.0], "alert_name": null, "observatory": ["Liam Hardy pt5m", "Liam Hardy pt5m", "Liam Hardy pt5m"], "caliberr": [0.1563979983329773, 0.07317960262298584, 0.06521099805831909], "mag": [20.38010025024414, 18.187000274658203, 19.22330093383789], "catalog": ["SDSS", "APASS", "APASS"], "filter": ["R", "B", "V"], "id": [142998, 142996, 142997]}