{"mjd": [58488.281227, 58488.271351, 58497.228336, 58488.27668, 58497.232905], "magerr": [0.1288519948720932, -1.0, -1.0, 0.11468400061130524, 0.09273389726877213], "alert_name": null, "observatory": ["Liam Hardy pt5m", "Liam Hardy pt5m", "Liam Hardy pt5m", "Liam Hardy pt5m", "Liam Hardy pt5m"], "caliberr": [0.2377679944038391, 0.20535199344158173, 0.13911299407482147, 0.04624069854617119, 0.03853980079293251], "mag": [17.47949981689453, 17.732900619506836, 18.702600479125977, 16.894399642944336, 17.6294002532959], "catalog": ["SDSS", "APASS", "APASS", "APASS", "APASS"], "filter": ["R", "B", "B", "V", "V"], "id": [129594, 129592, 129875, 129593, 129876]}