{"mjd": [58754.152596, 58764.248475, 58754.157172, 58754.161764], "magerr": [-1.0, -1.0, -1.0, 0.11106099933385849], "alert_name": null, "observatory": ["Liam Hardy pt5m", "Liam Hardy pt5m", "Liam Hardy pt5m", "Liam Hardy pt5m"], "caliberr": [0.03191329911351204, 0.12346699833869934, 0.06263650208711624, 0.04472620040178299], "mag": [19.69729995727539, 19.06290054321289, 19.50670051574707, 18.739900588989258], "catalog": ["APASS", "APASS", "APASS", "APASS"], "filter": ["B", "B", "V", "r"], "id": [165846, 167077, 165847, 165848]}