{"mjd": [58705.984384, 58725.004146, 58705.975251, 58710.978321, 58724.994998, 58705.979814, 58710.982882, 58724.999564, 58710.987446], "magerr": [0.0021101944148540497, 0.0022303778678178787, 0.0059074517339468, 0.007036550901830196, 0.00584808737039566, 0.0031352785881608725, 0.0035282874014228582, 0.0033042142167687416, 0.002620744053274393], "alert_name": null, "observatory": ["Liam Hardy pt5m", "Liam Hardy pt5m", "Liam Hardy pt5m", "Liam Hardy pt5m", "Liam Hardy pt5m", "Liam Hardy pt5m", "Liam Hardy pt5m", "Liam Hardy pt5m", "Liam Hardy pt5m"], "caliberr": [0.25033172965049744, 0.1970042735338211, 0.13980677723884583, 0.14298437535762787, 0.009999999776482582, 0.05647910386323929, 0.05539112538099289, 0.053198594599962234, 0.09404496103525162], "mag": [13.241020202636719, 13.210855484008789, 14.380526542663574, 14.357718467712402, 14.427098274230957, 13.59207534790039, 13.585773468017578, 13.535353660583496, 13.218363761901855], "catalog": ["SDSS", "SDSS", "APASS", "APASS", "APASS", "APASS", "APASS", "APASS", "APASS"], "filter": ["R", "R", "B", "B", "B", "V", "V", "V", "r"], "id": [162112, 163484, 162110, 162443, 163482, 162111, 162444, 163483, 162445]}