{"mjd": [58597.208039, 58599.208817, 58597.212593, 58599.213378, 58597.217142, 58599.217932], "magerr": [-1.0, -1.0, -1.0, -1.0, -1.0, 0.09438379853963852], "alert_name": null, "observatory": ["Liam Hardy pt5m", "Liam Hardy pt5m", "Liam Hardy pt5m", "Liam Hardy pt5m", "Liam Hardy pt5m", "Liam Hardy pt5m"], "caliberr": [0.06114500015974045, 0.06289450079202652, 0.11621200293302536, 0.03246359899640083, 0.08921200037002563, 0.04329900071024895], "mag": [19.973100662231445, 19.598100662231445, 19.829099655151367, 19.586599349975586, 19.894699096679688, 18.5718994140625], "catalog": ["APASS", "APASS", "APASS", "APASS", "APASS", "APASS"], "filter": ["B", "B", "V", "V", "r", "r"], "id": [150964, 151143, 150965, 151144, 150966, 151145]}