{"mjd": [58432.263595, 58429.261432, 58432.255241, 58432.259801], "magerr": [0.08899644762277603, -1.0, -1.0, 0.09215628355741501], "alert_name": null, "observatory": ["Liam Hardy pt5m", "Liam Hardy pt5m", "Liam Hardy pt5m", "Liam Hardy pt5m"], "caliberr": [0.0866202563047409, 0.11888757348060608, 0.042672548443078995, 0.010000004433095455], "mag": [17.77550506591797, 18.285987854003906, 19.251590728759766, 17.984149932861328], "catalog": ["SDSS", "APASS", "APASS", "APASS"], "filter": ["R", "B", "B", "V"], "id": [126169, 125729, 126167, 126168]}