{"mjd": [57677.8463018], "magerr": [0.12189999967813492], "alert_name": null, "observatory": ["K.Wiersema-Leicester"], "caliberr": [0.05256308987736702], "mag": [18.295330047607422], "catalog": ["APASS"], "filter": ["V"], "id": [51695]}