{"mjd": [58424.225155, 58403.250689, 58424.216035, 58424.220601], "magerr": [0.11164048314094543, -1.0, 0.16523456573486328, 0.14703848958015442], "alert_name": null, "observatory": ["Liam Hardy pt5m", "Liam Hardy pt5m", "Liam Hardy pt5m", "Liam Hardy pt5m"], "caliberr": [0.11599962413311005, 0.10332659631967545, 0.10514812171459198, 0.032853852957487106], "mag": [18.63637351989746, 19.434158325195312, 18.800262451171875, 18.789901733398438], "catalog": ["SDSS", "APASS", "APASS", "APASS"], "filter": ["R", "B", "B", "V"], "id": [125138, 122314, 125136, 125137]}