{"mjd": [59330.981827, 59336.995504, 59342.962603, 59330.986377, 59337.000826, 59342.967157], "magerr": [0.12977656722068787, 0.1409212201833725, 0.10900900512933731, 0.05123921483755112, 0.04368986934423447, 0.04430914670228958], "alert_name": null, "observatory": ["Liam Hardy pt5m", "Liam Hardy pt5m", "Liam Hardy pt5m", "Liam Hardy pt5m", "Liam Hardy pt5m", "Liam Hardy pt5m"], "caliberr": [0.040131110697984695, 0.045297957956790924, 0.026865128427743912, 0.010000055655837059, 0.036405980587005615, 0.03935779631137848], "mag": [17.407285690307617, 17.741165161132812, 17.365205764770508, 16.56541633605957, 16.520185470581055, 16.570632934570312], "catalog": ["APASS", "APASS", "APASS", "APASS", "APASS", "APASS"], "filter": ["B", "B", "B", "V", "V", "V"], "id": [218301, 219630, 220542, 218302, 219631, 220543]}