{"mjd": [58582.098858, 58584.081253, 58591.03177, 58582.090505, 58584.07215, 58591.023429, 58582.095065, 58584.076705, 58591.027223], "magerr": [0.02342377044260502, 0.02133672498166561, 0.04295363649725914, 0.04539179429411888, 0.034009985625743866, 0.06646713614463806, 0.03184162452816963, 0.030402304604649544, 0.05830272287130356], "alert_name": null, "observatory": ["Liam Hardy pt5m", "Liam Hardy pt5m", "Liam Hardy pt5m", "Liam Hardy pt5m", "Liam Hardy pt5m", "Liam Hardy pt5m", "Liam Hardy pt5m", "Liam Hardy pt5m", "Liam Hardy pt5m"], "caliberr": [0.09564853459596634, 0.13799630105495453, 0.16857273876667023, 0.07113363593816757, 0.05270826816558838, 0.07284971326589584, 0.02494141459465027, 0.03424137830734253, 0.0100000174716115], "mag": [17.04954719543457, 17.08891487121582, 16.595247268676758, 17.319499969482422, 17.43315887451172, 17.517934799194336, 17.395071029663086, 17.377872467041016, 16.947856903076172], "catalog": ["SDSS", "SDSS", "SDSS", "APASS", "APASS", "APASS", "APASS", "APASS", "APASS"], "filter": ["R", "R", "R", "B", "B", "B", "V", "V", "V"], "id": [150278, 150465, 150688, 150276, 150463, 150686, 150277, 150464, 150687]}