{"mjd": [59213.004953, 59216.02279, 59216.024301, 59216.025816, 59213.000407, 59213.001921, 59216.018229, 59216.019738, 59216.021252], "magerr": [-1.0, -1.0, -1.0, -1.0, -1.0, -1.0, -1.0, -1.0, -1.0], "alert_name": null, "observatory": ["Liam Hardy pt5m", "Liam Hardy pt5m", "Liam Hardy pt5m", "Liam Hardy pt5m", "Liam Hardy pt5m", "Liam Hardy pt5m", "Liam Hardy pt5m", "Liam Hardy pt5m", "Liam Hardy pt5m"], "caliberr": [0.16400599479675293, 0.07816070318222046, 0.1288120001554489, 0.08932629972696304, 0.09041719883680344, 0.06740500032901764, 0.031084399670362473, 0.04624050110578537, 0.05862009897828102], "mag": [17.750099182128906, 17.91309928894043, 17.88129997253418, 17.84910011291504, 17.450300216674805, 17.51799964904785, 17.82040023803711, 17.682100296020508, 17.559099197387695], "catalog": ["SDSS", "SDSS", "SDSS", "SDSS", "APASS", "APASS", "APASS", "APASS", "APASS"], "filter": ["R", "R", "R", "R", "V", "V", "V", "V", "V"], "id": [209102, 209207, 209208, 209209, 209100, 209101, 209204, 209205, 209206]}