{"mjd": [58354.961317, 58354.983465], "magerr": [0.0724484845995903, 0.052156124264001846], "alert_name": null, "observatory": ["Liam Hardy pt5m", "Liam Hardy pt5m"], "caliberr": [0.10672226548194885, 0.04454919695854187], "mag": [16.809547424316406, 15.792708396911621], "catalog": ["APASS", "APASS"], "filter": ["B", "V"], "id": [118783, 118784]}