{"mjd": [58679.109676, 58679.114228, 58679.118776], "magerr": [0.045287199318408966, -1.0, -1.0], "alert_name": null, "observatory": ["Liam Hardy pt5m", "Liam Hardy pt5m", "Liam Hardy pt5m"], "caliberr": [0.07412470132112503, 0.06553030014038086, 0.06729110330343246], "mag": [15.963500022888184, 19.4237003326416, 19.959999084472656], "catalog": ["APASS", "APASS", "APASS"], "filter": ["B", "V", "r"], "id": [158627, 158628, 158629]}