{"mjd": [58247.937577, 58247.956274], "magerr": [-1.0, -1.0], "alert_name": null, "observatory": ["Liam Hardy pt5m", "Liam Hardy pt5m"], "caliberr": [0.044353701174259186, 0.056805599480867386], "mag": [18.93429946899414, 19.734600067138672], "catalog": ["SDSS", "SDSS"], "filter": ["r", "R"], "id": [104859, 104860]}