{"mjd": [58752.093579, 58752.08447, 58771.012315, 58775.224258, 58752.089025, 58771.016869, 58775.252823, 58771.021421], "magerr": [0.05932800471782684, -1.0, -1.0, -1.0, -1.0, -1.0, -1.0, 0.04323901981115341], "alert_name": null, "observatory": ["Liam Hardy pt5m", "Liam Hardy pt5m", "Liam Hardy pt5m", "Liam Hardy pt5m", "Liam Hardy pt5m", "Liam Hardy pt5m", "Liam Hardy pt5m", "Liam Hardy pt5m"], "caliberr": [0.18432362377643585, 0.0804530456662178, 0.07668671011924744, 0.11284022033214569, 0.05130896717309952, 0.07196186482906342, 0.06260403990745544, 0.09221843630075455], "mag": [18.853498458862305, 19.513797760009766, 20.314048767089844, 18.965856552124023, 19.580665588378906, 19.212141036987305, 18.83075523376465, 16.257068634033203], "catalog": ["SDSS", "APASS", "APASS", "APASS", "APASS", "APASS", "APASS", "APASS"], "filter": ["R", "B", "B", "B", "V", "V", "V", "r"], "id": [165707, 165705, 168057, 168568, 165706, 168058, 168569, 168059]}