{"mjd": [59469.976518, 59469.981079, 59469.985642], "magerr": [-1.0, -1.0, 0.08518446981906891], "alert_name": null, "observatory": ["Liam Hardy pt5m", "Liam Hardy pt5m", "Liam Hardy pt5m"], "caliberr": [0.08356110751628876, 0.07658424973487854, 0.09878882765769958], "mag": [18.840232849121094, 18.997814178466797, 17.857376098632812], "catalog": ["APASS", "APASS", "APASS"], "filter": ["B", "V", "r"], "id": [233867, 233868, 233869]}