{"mjd": [57475.839814, 57475.846914, 57475.854014, 57485.853538, 57485.860636, 57485.867737], "magerr": [-1.0, -1.0, -1.0, -1.0, -1.0, -1.0], "alert_name": null, "observatory": ["OmicronC2PU JPRivet", "OmicronC2PU JPRivet", "OmicronC2PU JPRivet", "OmicronC2PU JPRivet", "OmicronC2PU JPRivet", "OmicronC2PU JPRivet"], "caliberr": [0.0977972000837326, 0.09397236257791519, 0.09981715679168701, 0.07489371299743652, 0.07543729245662689, 0.06395213305950165], "mag": [22.060876846313477, 22.16537094116211, 22.287302017211914, 22.73511505126953, 22.124021530151367, 22.47760772705078], "catalog": ["APASS", "APASS", "APASS", "APASS", "APASS", "APASS"], "filter": ["r", "r", "r", "r", "r", "r"], "id": [29201, 29202, 29203, 29226, 29227, 29228]}