{"mjd": [58458.179221, 58458.140956, 58466.171821, 58458.176195], "magerr": [-1.0, -1.0, -1.0, -1.0], "alert_name": null, "observatory": ["Liam Hardy pt5m", "Liam Hardy pt5m", "Liam Hardy pt5m", "Liam Hardy pt5m"], "caliberr": [0.10658899694681168, 0.01000010035932064, 0.048750799149274826, 0.2639380097389221], "mag": [17.243099212646484, 17.249000549316406, 19.007600784301758, 17.918399810791016], "catalog": ["SDSS", "APASS", "APASS", "APASS"], "filter": ["R", "B", "B", "V"], "id": [127253, 127251, 128135, 127252]}