{"mjd": [58811.230571, 58811.238136], "magerr": [0.08249593526124954, 0.022034013643860817], "alert_name": null, "observatory": ["Liam Hardy pt5m", "Liam Hardy pt5m"], "caliberr": [0.05027040094137192, 0.3461933434009552], "mag": [16.369504928588867, 16.075679779052734], "catalog": ["SDSS", "SDSS"], "filter": ["i", "R"], "id": [173222, 173224]}