{"mjd": [59013.968893, 59013.972449, 59013.976004, 59014.888997, 59014.892552, 59014.896108, 59014.899664, 59017.960319, 59017.963875, 59017.96743, 59017.970986, 59022.971474, 59022.975029, 59022.978585, 59022.982141], "magerr": [-1.0, -1.0, -1.0, -1.0, -1.0, -1.0, -1.0, -1.0, -1.0, -1.0, -1.0, -1.0, 0.1152999997138977, 0.12290000170469284, 0.12099999934434891], "alert_name": null, "observatory": ["OmicronC2PU JPRivet", "OmicronC2PU JPRivet", "OmicronC2PU JPRivet", "OmicronC2PU JPRivet", "OmicronC2PU JPRivet", "OmicronC2PU JPRivet", "OmicronC2PU JPRivet", "OmicronC2PU JPRivet", "OmicronC2PU JPRivet", "OmicronC2PU JPRivet", "OmicronC2PU JPRivet", "OmicronC2PU JPRivet", "OmicronC2PU JPRivet", "OmicronC2PU JPRivet", "OmicronC2PU JPRivet"], "caliberr": [0.06140739843249321, 0.06957930326461792, 0.07064089924097061, 0.057429999113082886, 0.06000810116529465, 0.06074779853224754, 0.0605137012898922, 0.06355830281972885, 0.06829679757356644, 0.0840625986456871, 0.06798200309276581, 0.09631379693746567, 0.10321500152349472, 0.10215699672698975, 0.10280299931764603], "mag": [21.982799530029297, 21.755800247192383, 21.52239990234375, 21.585899353027344, 21.775100708007812, 21.748600006103516, 21.86319923400879, 21.961999893188477, 21.704599380493164, 21.688100814819336, 21.83769989013672, 21.847200393676758, 21.02239990234375, 21.05500030517578, 21.22480010986328], "catalog": ["APASS", "APASS", "APASS", "APASS", "APASS", "APASS", "APASS", "APASS", "APASS", "APASS", "APASS", "APASS", "APASS", "APASS", "APASS"], "filter": ["r", "r", "r", "r", "r", "r", "r", "r", "r", "r", "r", "r", "r", "r", "r"], "id": [193250, 193251, 193252, 193287, 193288, 193289, 193290, 193337, 193338, 193339, 193340, 193489, 193490, 193491, 193492]}