{"mjd": [58639.155823, 58639.146719, 58639.151273], "magerr": [-1.0, -1.0, -1.0], "alert_name": null, "observatory": ["Liam Hardy pt5m", "Liam Hardy pt5m", "Liam Hardy pt5m"], "caliberr": [0.18885700404644012, 0.02293509989976883, 0.06441409885883331], "mag": [20.259899139404297, 19.787900924682617, 19.73040008544922], "catalog": ["SDSS", "APASS", "APASS"], "filter": ["R", "B", "V"], "id": [154284, 154282, 154283]}