{"mjd": [59124.074607, 59124.066265, 59124.070063], "magerr": [0.07629519701004028, 0.12235300242900848, 0.06941840052604675], "alert_name": null, "observatory": ["Liam Hardy pt5m", "Liam Hardy pt5m", "Liam Hardy pt5m"], "caliberr": [0.2806920111179352, 0.07760729640722275, 0.039318401366472244], "mag": [17.268400192260742, 17.93589973449707, 16.699800491333008], "catalog": ["SDSS", "APASS", "APASS"], "filter": ["R", "B", "V"], "id": [201723, 201721, 201722]}