{"mjd": [58638.202413, 58644.173358, 58638.1933, 58644.16425, 58638.197857, 58644.168805], "magerr": [-1.0, 0.10589516162872314, -1.0, -1.0, -1.0, -1.0], "alert_name": null, "observatory": ["Liam Hardy pt5m", "Liam Hardy pt5m", "Liam Hardy pt5m", "Liam Hardy pt5m", "Liam Hardy pt5m", "Liam Hardy pt5m"], "caliberr": [0.17303869128227234, 0.17626215517520905, 0.1049547865986824, 0.10662715137004852, 0.04286697879433632, 0.029121577739715576], "mag": [19.90542221069336, 19.05312156677246, 19.662736892700195, 19.813692092895508, 19.974912643432617, 19.879661560058594], "catalog": ["SDSS", "SDSS", "APASS", "APASS", "APASS", "APASS"], "filter": ["R", "R", "B", "B", "V", "V"], "id": [154207, 154948, 154205, 154946, 154206, 154947]}