{"mjd": [59010.980997, 59010.973885, 59010.977441, 59013.951741, 59013.955297, 59013.958854, 59013.962409, 59014.87226, 59014.875824, 59014.87938, 59014.882936, 59017.918198, 59017.921754, 59017.925309], "magerr": [-1.0, -1.0, -1.0, -1.0, -1.0, -1.0, -1.0, -1.0, -1.0, -1.0, -1.0, -1.0, -1.0, -1.0], "alert_name": null, "observatory": ["OmicronC2PU JPRivet", "OmicronC2PU JPRivet", "OmicronC2PU JPRivet", "OmicronC2PU JPRivet", "OmicronC2PU JPRivet", "OmicronC2PU JPRivet", "OmicronC2PU JPRivet", "OmicronC2PU JPRivet", "OmicronC2PU JPRivet", "OmicronC2PU JPRivet", "OmicronC2PU JPRivet", "OmicronC2PU JPRivet", "OmicronC2PU JPRivet", "OmicronC2PU JPRivet"], "caliberr": [0.0953890010714531, 0.08795599639415741, 0.085834801197052, 0.05677630007266998, 0.06381479650735855, 0.05890269950032234, 0.05955490097403526, 0.0630125030875206, 0.07075180113315582, 0.06677380204200745, 0.06778159737586975, 0.07511469721794128, 0.08075419813394547, 0.08280070126056671], "mag": [21.61199951171875, 21.716999053955078, 21.506200790405273, 21.73310089111328, 21.516700744628906, 21.480600357055664, 22.542800903320312, 21.8523006439209, 21.56399917602539, 21.885700225830078, 21.59309959411621, 21.78030014038086, 21.82830047607422, 21.68549919128418], "catalog": ["SDSS", "APASS", "APASS", "APASS", "APASS", "APASS", "APASS", "APASS", "APASS", "APASS", "APASS", "APASS", "APASS", "APASS"], "filter": ["r", "r", "r", "r", "r", "r", "r", "r", "r", "r", "r", "r", "r", "r"], "id": [193203, 193201, 193202, 193242, 193243, 193244, 193245, 193269, 193270, 193271, 193272, 193326, 193327, 193328]}