{"mjd": [59441.89501251, 59444.05022955, 59461.05646551, 59441.89142456, 59444.04664154, 59450.06238343, 59450.06963104, 59461.06008823], "magerr": [0.00019999999494757503, 0.0003000000142492354, 0.00019999999494757503, 0.0003000000142492354, 0.0003000000142492354, 0.0006000000284984708, 0.000699999975040555, 0.0003000000142492354], "alert_name": null, "observatory": ["Moletai0.35-Erika Pa", "Moletai0.35-Erika Pa", "Moletai0.35-Erika Pa", "Moletai0.35-Erika Pa", "Moletai0.35-Erika Pa", "Moletai0.35-Erika Pa", "Moletai0.35-Erika Pa", "Moletai0.35-Erika Pa"], "caliberr": [0.09496427327394485, 0.09002412855625153, 0.09443919360637665, 0.06311658769845963, 0.06338279694318771, 0.09781312942504883, 0.09384168684482574, 0.10699913650751114], "mag": [10.846481323242188, 10.840559005737305, 10.851722717285156, 10.542518615722656, 10.533761024475098, 10.240019798278809, 10.241929054260254, 10.268928527832031], "catalog": ["APASS", "APASS", "APASS", "APASS", "APASS", "APASS", "APASS", "APASS"], "filter": ["V", "V", "V", "r", "r", "i", "i", "i"], "id": [231842, 232464, 232604, 231841, 232462, 232458, 232459, 232602]}