{"mjd": [57833.6013542, 57833.6028241, 57833.6042824, 57833.6057523, 57833.6072106, 57833.6114352, 57833.6149769, 57833.6185301, 57838.5701273, 57838.5736111, 57838.5771065, 57838.5805903, 57838.5840856, 57838.5875694, 57838.589329, 57838.5910648, 57838.592812, 57838.5945486, 57838.5980324, 57838.6015278, 57842.565764, 57842.5675, 57842.570185, 57842.5719213, 57842.575463, 57842.577257, 57842.5789931, 57842.580787, 57842.5825231, 57842.5860648, 57842.5896296, 57842.5931597, 57842.5966898, 57842.6002199, 57842.6037616, 57849.100855, 57849.1061786, 57850.0697244, 57850.0750458, 57851.078702, 57851.0840257, 57852.0750956, 57853.0298706, 57854.066218, 57854.0715374, 57855.0332338, 57855.0385536, 57856.0276374, 57856.0435251, 57857.0630627, 57857.0683966, 57879.4048745, 57880.4145666, 57885.3746931, 57885.3800237, 57851.0895536, 57851.0949229, 57853.0353511, 57853.0406719, 57854.0823416, 57855.0440362, 57856.0489922, 57857.0738621, 57857.0791852, 57885.3935579, 57885.3974997, 57849.1224446, 57849.1277654, 57851.1057339, 57853.0461438, 57853.0514695, 57855.0601497, 57857.0846475, 57857.0899746, 57885.3855211, 57885.3894699, 57849.1116441, 57849.116971, 57850.080563, 57850.0858858, 57852.0805691, 57852.0858911, 57854.0770216, 57855.0493623, 57856.0543197, 57850.0913996, 57850.0967241, 57851.1004061, 57852.0913896, 57852.0967097, 57854.0878196, 57854.0931383, 57855.0548271, 57856.0597926, 57856.0651141], "magerr": [-1.0, -1.0, -1.0, -1.0, -1.0, -1.0, -1.0, -1.0, -1.0, -1.0, -1.0, -1.0, -1.0, -1.0, -1.0, -1.0, -1.0, -1.0, -1.0, -1.0, -1.0, -1.0, 0.058400001376867294, 0.05829999968409538, -1.0, 0.07289999723434448, 0.07429999858140945, 0.0697999969124794, 0.07050000131130219, -1.0, -1.0, -1.0, -1.0, -1.0, -1.0, 0.02070000022649765, 0.01899999938905239, 0.017000000923871994, 0.01759999990463257, 0.0272000003606081, 0.03180000185966492, 0.0272000003606081, 0.04800000041723251, 0.027699999511241913, 0.025699999183416367, 0.020099999383091927, 0.019700000062584877, 0.023600000888109207, 0.020400000736117363, 0.02199999988079071, 0.02019999921321869, 0.009999999776482582, 0.014999999664723873, 0.008899999782443047, 0.008500000461935997, 0.017400000244379044, 0.014600000344216824, 0.01730000041425228, 0.015200000256299973, 0.024800000712275505, 0.0203000009059906, 0.011900000274181366, 0.016599999740719795, 0.02459999918937683, 0.006200000178068876, 0.005499999970197678, 0.010400000028312206, 0.011500000022351742, 0.012000000104308128, 0.012600000016391277, 0.01360000018030405, 0.019300000742077827, 0.03790000081062317, 0.026799999177455902, 0.004699999932199717, 0.006099999882280827, 0.010900000110268593, 0.01119999960064888, 0.010999999940395355, 0.010599999688565731, 0.014600000344216824, 0.013700000010430813, 0.01940000057220459, 0.020500000566244125, 0.012500000186264515, 0.009600000455975533, 0.009200000204145908, 0.010200000368058681, 0.014999999664723873, 0.011699999682605267, 0.020899999886751175, 0.025499999523162842, 0.022299999371170998, 0.010400000028312206, 0.010400000028312206], "alert_name": null, "observatory": ["TRT-TNO0.5, Supachai", "TRT-TNO0.5, Supachai", "TRT-TNO0.5, Supachai", "TRT-TNO0.5, Supachai", "TRT-TNO0.5, Supachai", "TRT-TNO0.5, Supachai", "TRT-TNO0.5, Supachai", "TRT-TNO0.5, Supachai", "TRT-TNO0.5, Supachai", "TRT-TNO0.5, Supachai", "TRT-TNO0.5, Supachai", "TRT-TNO0.5, Supachai", "TRT-TNO0.5, Supachai", "TRT-TNO0.5, Supachai", "TRT-TNO0.5, Supachai", "TRT-TNO0.5, Supachai", "TRT-TNO0.5, Supachai", "TRT-TNO0.5, Supachai", "TRT-TNO0.5, Supachai", "TRT-TNO0.5, Supachai", "TRT-TNO0.5, Supachai", "TRT-TNO0.5, Supachai", "TRT-TNO0.5, Supachai", "TRT-TNO0.5, Supachai", "TRT-TNO0.5, Supachai", "TRT-TNO0.5, Supachai", "TRT-TNO0.5, Supachai", "TRT-TNO0.5, Supachai", "TRT-TNO0.5, Supachai", "TRT-TNO0.5, Supachai", "TRT-TNO0.5, Supachai", "TRT-TNO0.5, Supachai", "TRT-TNO0.5, Supachai", "TRT-TNO0.5, Supachai", "TRT-TNO0.5, Supachai", "LCOGT1m, Kris Rybick", "LCOGT1m, Kris Rybick", "LCOGT1m, Kris Rybick", "LCOGT1m, Kris Rybick", "LCOGT1m, Kris Rybick", "LCOGT1m, Kris Rybick", "LCOGT1m, Kris Rybick", "LCOGT1m, Kris Rybick", "LCOGT1m, Kris Rybick", "LCOGT1m, Kris Rybick", "LCOGT1m, Kris Rybick", "LCOGT1m, Kris Rybick", "LCOGT1m, Kris Rybick", "LCOGT1m, Kris Rybick", "LCOGT1m, Kris Rybick", "LCOGT1m, Kris Rybick", "LCOGT1m, Kris Rybick", "LCOGT1m, Kris Rybick", "LCOGT1m, Kris Rybick", "LCOGT1m, Kris Rybick", "LCOGT1m, Kris Rybick", "LCOGT1m, Kris Rybick", "LCOGT1m, Kris Rybick", "LCOGT1m, Kris Rybick", "LCOGT1m, Kris Rybick", "LCOGT1m, Kris Rybick", "LCOGT1m, Kris Rybick", "LCOGT1m, Kris Rybick", "LCOGT1m, Kris Rybick", "LCOGT1m, Kris Rybick", "LCOGT1m, Kris Rybick", "LCOGT1m, Kris Rybick", "LCOGT1m, Kris Rybick", "LCOGT1m, Kris Rybick", "LCOGT1m, Kris Rybick", "LCOGT1m, Kris Rybick", "LCOGT1m, Kris Rybick", "LCOGT1m, Kris Rybick", "LCOGT1m, Kris Rybick", "LCOGT1m, Kris Rybick", "LCOGT1m, Kris Rybick", "LCOGT1m, Kris Rybick", "LCOGT1m, Kris Rybick", "LCOGT1m, Kris Rybick", "LCOGT1m, Kris Rybick", "LCOGT1m, Kris Rybick", "LCOGT1m, Kris Rybick", "LCOGT1m, Kris Rybick", "LCOGT1m, Kris Rybick", "LCOGT1m, Kris Rybick", "LCOGT1m, Kris Rybick", "LCOGT1m, Kris Rybick", "LCOGT1m, Kris Rybick", "LCOGT1m, Kris Rybick", "LCOGT1m, Kris Rybick", "LCOGT1m, Kris Rybick", "LCOGT1m, Kris Rybick", "LCOGT1m, Kris Rybick", "LCOGT1m, Kris Rybick", "LCOGT1m, Kris Rybick"], "caliberr": [0.13888390362262726, 0.12026052922010422, 0.11065566539764404, 0.11540424823760986, 0.12914271652698517, 0.16429248452186584, 0.15408723056316376, 0.16841036081314087, 0.34716925024986267, 0.3298351764678955, 0.3204136788845062, 0.31543198227882385, 0.31108221411705017, 0.2986568212509155, 0.31677770614624023, 0.31714990735054016, 0.3077455759048462, 0.30657023191452026, 0.3013395369052887, 0.3249034583568573, 0.34217309951782227, 0.3517761826515198, 0.118262879550457, 0.11812348663806915, 0.11342111974954605, 0.1203107163310051, 0.11921630054712296, 0.11758212745189667, 0.1171441525220871, 0.11373120546340942, 0.12093351781368256, 0.11995473504066467, 0.13046269118785858, 0.1150105893611908, 0.11745759844779968, 0.0738256499171257, 0.07441551238298416, 0.07933232188224792, 0.07980495691299438, 0.09230592101812363, 0.08649032562971115, 0.08745039999485016, 0.08468186855316162, 0.10330237448215485, 0.10253112763166428, 0.09102713316679001, 0.10383369028568268, 0.08265715092420578, 0.08706720173358917, 0.05864672362804413, 0.055562566965818405, 0.04892714321613312, 0.08089414983987808, 0.056180186569690704, 0.05693100765347481, 0.10440611094236374, 0.10232141613960266, 0.10193705558776855, 0.10595925152301788, 0.15592066943645477, 0.17700159549713135, 0.10173288732767105, 0.09025658667087555, 0.09104058146476746, 0.09135241061449051, 0.09075473248958588, 0.09696366637945175, 0.09833928942680359, 0.11590828746557236, 0.11001747846603394, 0.11164198815822601, 0.13386642932891846, 0.10754982382059097, 0.10304910689592361, 0.10007628798484802, 0.09293366223573685, 0.08371083438396454, 0.08749090880155563, 0.08347709476947784, 0.08291074633598328, 0.10627199709415436, 0.10544130951166153, 0.1161414310336113, 0.09806253015995026, 0.100479856133461, 0.09817838668823242, 0.09608858823776245, 0.11730581521987915, 0.11548513174057007, 0.11488049477338791, 0.1391574889421463, 0.11866528540849686, 0.10512208193540573, 0.1173463985323906, 0.11393316835165024],