{"mjd": [58637.987892, 58641.910625, 58637.978779, 58641.901526, 58648.963398, 58637.983351, 58641.906084, 58648.967199], "magerr": [0.01674940064549446, 0.017231199890375137, 0.053893499076366425, 0.04268389940261841, 0.06024470180273056, 0.026167500764131546, 0.026997199282050133, 0.03338399901986122], "alert_name": null, "observatory": ["Liam Hardy pt5m", "Liam Hardy pt5m", "Liam Hardy pt5m", "Liam Hardy pt5m", "Liam Hardy pt5m", "Liam Hardy pt5m", "Liam Hardy pt5m", "Liam Hardy pt5m"], "caliberr": [0.13357000052928925, 0.029260599985718727, 0.03776809945702553, 0.25106799602508545, 0.11621499806642532, 0.017563899978995323, 0.01887260004878044, 0.009999999776482582], "mag": [16.004600524902344, 16.096900939941406, 17.094600677490234, 16.813899993896484, 17.068700790405273, 16.42840003967285, 16.59980010986328, 16.496700286865234], "catalog": ["SDSS", "SDSS", "APASS", "APASS", "APASS", "APASS", "APASS", "APASS"], "filter": ["R", "R", "B", "B", "B", "V", "V", "V"], "id": [154172, 154700, 154170, 154698, 155434, 154171, 154699, 155435]}