{"mjd": [58899.6813804, 58899.683295, 58899.6773542, 58899.6792686, 58909.6803714, 58909.6828752, 58925.7818165, 58927.795639, 58929.6594711, 58935.7436503, 58935.6361951, 58935.6890094, 58935.7027198, 58935.7166371, 58935.7537975, 58938.5659227, 58938.5813562, 58939.7704013], "magerr": [0.1420000046491623, 0.12430000305175781, 0.00559999980032444, 0.006800000090152025, 0.004600000102072954, 0.003800000064074993, 0.004399999976158142, 0.007699999958276749, 0.00559999980032444, 0.013100000098347664, 0.009700000286102295, 0.00800000037997961, 0.006899999920278788, 0.009200000204145908, 0.017899999395012856, 0.006099999882280827, 0.006500000134110451, 0.006000000052154064], "alert_name": null, "observatory": ["LCOGT2m, Etienne Bac", "LCOGT2m, Etienne Bac", "LCOGT2m, Etienne Bac", "LCOGT2m, Etienne Bac", "LCOGT2m, Etienne Bac", "LCOGT2m, Etienne Bac", "LCOGT2m, Etienne Bac", "LCOGT2m, Etienne Bac", "LCOGT2m, Etienne Bac", "LCOGT2m, Etienne Bac", "LCOGT2m, Etienne Bac", "LCOGT2m, Etienne Bac", "LCOGT2m, Etienne Bac", "LCOGT2m, Etienne Bac", "LCOGT2m, Etienne Bac", "LCOGT2m, Etienne Bac", "LCOGT2m, Etienne Bac", "LCOGT2m, Etienne Bac"], "caliberr": [0.29409700632095337, 0.28697600960731506, 0.3347809910774231, 0.2563540041446686, 0.2092829942703247, 0.21368199586868286, 0.20181599259376526, 0.21917200088500977, 0.21431399881839752, 0.05425560101866722, 0.13181500136852264, 0.11903200298547745, 0.13120000064373016, 0.12880800664424896, 0.1471409946680069, 0.11097999662160873, 0.11415299773216248, 0.11248999834060669], "mag": [21.319400787353516, 21.07029914855957, 16.83679962158203, 16.88330078125, 17.088499069213867, 17.086700439453125, 17.308000564575195, 17.376399993896484, 17.351499557495117, 18.011600494384766, 18.397899627685547, 18.37350082397461, 18.387399673461914, 18.35409927368164, 18.403200149536133, 18.38610076904297, 18.39859962463379, 18.398000717163086], "catalog": ["APASS", "APASS", "APASS", "APASS", "APASS", "APASS", "APASS", "APASS", "APASS", "APASS", "GAIA", "GAIA", "GAIA", "GAIA", "GAIA", "GAIA", "GAIA", "GAIA"], "filter": ["g", "g", "i", "i", "i", "i", "i", "i", "i", "i", "G", "G", "G", "G", "G", "G", "G", "G"], "id": [188311, 188312, 188309, 188310, 188313, 188314, 188315, 188316, 188317, 188322, 188318, 188319, 188320, 188321, 188323, 188324, 188325, 188326]}