{"mjd": [58598.057897, 58607.000488, 58617.983686, 58598.049551, 58606.991389, 58617.973051, 58598.054107, 58606.995938, 58617.979149], "magerr": [0.02008339948952198, 0.02463879995048046, 0.05939750000834465, 0.045830801129341125, 0.048624299466609955, 0.10983200371265411, 0.0191188994795084, 0.024070700630545616, 0.05304750055074692], "alert_name": null, "observatory": ["Liam Hardy pt5m", "Liam Hardy pt5m", "Liam Hardy pt5m", "Liam Hardy pt5m", "Liam Hardy pt5m", "Liam Hardy pt5m", "Liam Hardy pt5m", "Liam Hardy pt5m", "Liam Hardy pt5m"], "caliberr": [0.1336349993944168, 0.20189900696277618, 0.4699009954929352, 0.19055399298667908, 0.12895500659942627, 0.009999999776482582, 0.009999999776482582, 0.009999999776482582, 0.009999999776482582], "mag": [16.81450080871582, 17.049299240112305, 17.655899047851562, 17.227100372314453, 17.415199279785156, 18.25119972229004, 16.672300338745117, 16.832399368286133, 17.51810073852539], "catalog": ["SDSS", "SDSS", "SDSS", "APASS", "APASS", "APASS", "APASS", "APASS", "APASS"], "filter": ["R", "R", "R", "B", "B", "B", "V", "V", "V"], "id": [151041, 151561, 152533, 151039, 151559, 152531, 151040, 151560, 152532]}