{"mjd": [58410.5649463, 58410.7122876, 58410.7158701, 58410.5671382, 58417.5357305], "magerr": [0.23098230361938477, 0.02893983945250511, 0.04420160874724388, 0.4181215465068817, 0.028114885091781616], "alert_name": null, "observatory": ["LCOGT2m, F.Lewis", "LCOGT2m, F.Lewis", "LCOGT2m, F.Lewis", "LCOGT2m, F.Lewis", "LCOGT2m, F.Lewis"], "caliberr": [0.10664541274309158, 0.07743693888187408, 0.058645252138376236, 0.048450127243995667, 0.11119899153709412], "mag": [18.49806022644043, 18.995302200317383, 18.700971603393555, 19.043249130249023, 18.869070053100586], "catalog": ["APASS", "APASS", "APASS", "PS1", "PS1"], "filter": ["V", "V", "i", "i", "i"], "id": [122835, 122836, 122838, 122837, 124133]}