{"mjd": [59297.98724, 59306.969016, 59297.991793, 59306.973668], "magerr": [-1.0, -1.0, -1.0, 0.09415571391582489], "alert_name": null, "observatory": ["Liam Hardy pt5m", "Liam Hardy pt5m", "Liam Hardy pt5m", "Liam Hardy pt5m"], "caliberr": [0.05865202844142914, 0.06164504215121269, 0.07811198383569717, 0.019469350576400757], "mag": [18.631969451904297, 19.091812133789062, 18.383277893066406, 18.193904876708984], "catalog": ["APASS", "APASS", "APASS", "APASS"], "filter": ["B", "B", "V", "V"], "id": [215721, 216824, 215722, 216825]}