{"mjd": [58656.919023, 58656.909925, 58656.914477], "magerr": [0.003591320011764765, 0.008786370046436787, 0.005244379863142967], "alert_name": null, "observatory": ["Liam Hardy pt5m", "Liam Hardy pt5m", "Liam Hardy pt5m"], "caliberr": [0.1485159993171692, 0.009999999776482582, 0.026277899742126465], "mag": [14.096199989318848, 15.29640007019043, 14.567000389099121], "catalog": ["SDSS", "APASS", "APASS"], "filter": ["R", "B", "V"], "id": [156447, 156445, 156446]}