{"mjd": [57573.8911604, 57573.8911604, 57571.8936216, 57572.8846939, 57571.8936216, 57572.8846939], "magerr": [0.0215000007301569, 0.013299999758601189, 0.012900000438094139, 0.035599999129772186, 0.010999999940395355, 0.022199999541044235], "alert_name": null, "observatory": ["Mercator Geneva Grou", "Mercator Geneva Grou", "Euler Geneva Group", "Euler Geneva Group", "Euler Geneva Group", "Euler Geneva Group"], "caliberr": [0.16086626052856445, 0.14815767109394073, 0.11059058457612991, 0.13990245759487152, 0.12172729521989822, 0.20499706268310547], "mag": [17.34132957458496, 16.867767333984375, 17.07131576538086, 17.572181701660156, 17.087617874145508, 17.046297073364258], "catalog": ["SDSS", "SDSS", "SDSS", "SDSS", "SDSS", "SDSS"], "filter": ["g", "r", "g", "g", "r", "r"], "id": [39201, 39202, 39128, 39138, 39129, 39139]}