{"mjd": [58595.875281, 58599.073971, 58605.112225, 58596.087122, 58599.078534, 58605.116785, 58596.091674, 58599.083095, 58605.12135], "magerr": [-1.0, -1.0, -1.0, -1.0, -1.0, -1.0, -1.0, 0.1016049012541771, 0.07366794347763062], "alert_name": null, "observatory": ["Liam Hardy pt5m", "Liam Hardy pt5m", "Liam Hardy pt5m", "Liam Hardy pt5m", "Liam Hardy pt5m", "Liam Hardy pt5m", "Liam Hardy pt5m", "Liam Hardy pt5m", "Liam Hardy pt5m"], "caliberr": [0.010000168345868587, 0.10819226503372192, 0.1066979393362999, 0.11816175282001495, 0.04296354949474335, 0.05457201972603798, 0.09850604087114334, 0.048658762127161026, 0.05300302058458328], "mag": [18.389244079589844, 19.561248779296875, 19.617204666137695, 19.007373809814453, 19.633033752441406, 19.8906307220459, 18.904972076416016, 19.014249801635742, 19.058748245239258], "catalog": ["APASS", "APASS", "APASS", "APASS", "APASS", "APASS", "APASS", "APASS", "APASS"], "filter": ["B", "B", "B", "V", "V", "V", "r", "r", "r"], "id": [150909, 151122, 151476, 150910, 151123, 151477, 150911, 151124, 151478]}