{"mjd": [58649.168437, 58655.154368, 58649.159334, 58655.145268, 58649.163885, 58655.149825], "magerr": [-1.0, -1.0, -1.0, -1.0, -1.0, -1.0], "alert_name": null, "observatory": ["Liam Hardy pt5m", "Liam Hardy pt5m", "Liam Hardy pt5m", "Liam Hardy pt5m", "Liam Hardy pt5m", "Liam Hardy pt5m"], "caliberr": [0.13152199983596802, 0.23465700447559357, 0.08418270200490952, 0.01948690041899681, 0.02547690086066723, 0.12184300273656845], "mag": [19.830900192260742, 19.464799880981445, 19.521499633789062, 19.20479965209961, 19.61009979248047, 19.323699951171875], "catalog": ["SDSS", "SDSS", "APASS", "APASS", "APASS", "APASS"], "filter": ["R", "R", "B", "B", "V", "V"], "id": [155461, 156125, 155459, 156123, 155460, 156124]}