{"mjd": [57842.0120104, 57842.9997391], "magerr": [0.005799999926239252, 0.006899999920278788], "alert_name": null, "observatory": ["Euler Geneva Group", "Euler Geneva Group"], "caliberr": [0.0568380281329155, 0.06563697010278702], "mag": [17.96612548828125, 18.000896453857422], "catalog": ["APASS", "APASS"], "filter": ["r", "r"], "id": [69137, 69138]}