{"mjd": [59110.08649, 59123.054239, 59130.065555, 59110.077395, 59123.044386, 59130.056463, 59109.948822, 59110.081946, 59123.048938, 59130.061012], "magerr": [-1.0, -1.0, -1.0, -1.0, -1.0, -1.0, -1.0, -1.0, 0.06609407067298889, -1.0], "alert_name": null, "observatory": ["Liam Hardy pt5m", "Liam Hardy pt5m", "Liam Hardy pt5m", "Liam Hardy pt5m", "Liam Hardy pt5m", "Liam Hardy pt5m", "Liam Hardy pt5m", "Liam Hardy pt5m", "Liam Hardy pt5m", "Liam Hardy pt5m"], "caliberr": [0.1518590748310089, 0.4726444184780121, 0.18659378588199615, 0.09062371402978897, 0.16024751961231232, 0.08651494979858398, 0.009999999776482582, 0.12149949371814728, 0.1620262861251831, 0.09327086806297302], "mag": [19.735889434814453, 18.815147399902344, 19.416542053222656, 19.947586059570312, 17.990625381469727, 18.890296936035156, 17.229612350463867, 19.919897079467773, 17.783796310424805, 19.60126495361328], "catalog": ["SDSS", "SDSS", "SDSS", "APASS", "APASS", "APASS", "APASS", "APASS", "APASS", "APASS"], "filter": ["R", "R", "R", "B", "B", "B", "V", "V", "V", "V"], "id": [199181, 201669, 201866, 199179, 201667, 201864, 199157, 199180, 201668, 201865]}