{"mjd": [58644.04532, 58648.090485, 58655.981448, 58637.083863, 58644.049885, 58648.09505, 58655.993037, 58644.054452, 58648.099624, 58655.997603], "magerr": [-1.0, -1.0, -1.0, 0.053394000977277756, -1.0, -1.0, -1.0, -1.0, -1.0, -1.0], "alert_name": null, "observatory": ["Liam Hardy pt5m", "Liam Hardy pt5m", "Liam Hardy pt5m", "Liam Hardy pt5m", "Liam Hardy pt5m", "Liam Hardy pt5m", "Liam Hardy pt5m", "Liam Hardy pt5m", "Liam Hardy pt5m", "Liam Hardy pt5m"], "caliberr": [0.071219801902771, 0.06468469649553299, 0.07464200258255005, 0.06222350150346756, 0.05771920084953308, 0.06840279698371887, 0.05522570013999939, 0.061647698283195496, 0.08080519735813141, 0.10456600040197372], "mag": [19.53860092163086, 19.484500885009766, 20.431299209594727, 17.27519989013672, 20.99250030517578, 21.704299926757812, 20.261999130249023, 19.979299545288086, 19.912200927734375, 20.562000274658203], "catalog": ["APASS", "APASS", "APASS", "APASS", "APASS", "APASS", "APASS", "APASS", "APASS", "APASS"], "filter": ["B", "B", "B", "V", "V", "V", "V", "r", "r", "r"], "id": [154909, 155407, 156148, 154143, 154910, 155408, 156149, 154911, 155409, 156150]}