{"mjd": [58668.066876, 58681.047201, 58668.057773, 58681.042652, 58668.06233], "magerr": [0.01485066395252943, 0.02823592536151409, 0.03883028402924538, 0.04594619944691658, 0.02675807848572731], "alert_name": null, "observatory": ["Liam Hardy pt5m", "Liam Hardy pt5m", "Liam Hardy pt5m", "Liam Hardy pt5m", "Liam Hardy pt5m"], "caliberr": [0.34346476197242737, 0.16463761031627655, 0.04936301335692406, 0.009999999776482582, 0.01000000536441803], "mag": [16.687368392944336, 16.324586868286133, 17.583969116210938, 16.842357635498047, 16.744901657104492], "catalog": ["SDSS", "SDSS", "APASS", "APASS", "APASS"], "filter": ["R", "R", "B", "V", "r"], "id": [157440, 159374, 157438, 159373, 157439]}