{"mjd": [59082.222131, 59095.187654, 59082.226689, 59088.209339, 59095.192213, 59082.230489, 59095.196769], "magerr": [-1.0, -1.0, 0.03771220147609711, -1.0, 0.03612520173192024, 0.019105099141597748, 0.015339500270783901], "alert_name": null, "observatory": ["Liam Hardy pt5m", "Liam Hardy pt5m", "Liam Hardy pt5m", "Liam Hardy pt5m", "Liam Hardy pt5m", "Liam Hardy pt5m", "Liam Hardy pt5m"], "caliberr": [0.08818890154361725, 0.07700280100107193, 0.12247200310230255, 0.10867399722337723, 0.10827399790287018, 0.050245501101017, 0.06666900217533112], "mag": [19.160499572753906, 18.768800735473633, 17.111400604248047, 14.77400016784668, 16.639400482177734, 16.35379981994629, 15.840800285339355], "catalog": ["APASS", "APASS", "APASS", "APASS", "APASS", "APASS", "APASS"], "filter": ["B", "B", "V", "V", "V", "r", "r"], "id": [196784, 198160, 196785, 197680, 198161, 196786, 198162]}