{"mjd": [59084.230727, 59084.221385, 59084.225938], "magerr": [0.03263532742857933, -1.0, 0.0965963676571846], "alert_name": null, "observatory": ["Liam Hardy pt5m", "Liam Hardy pt5m", "Liam Hardy pt5m"], "caliberr": [0.1493677794933319, 0.045539386570453644, 0.056666892021894455], "mag": [16.778667449951172, 19.324443817138672, 18.0037899017334], "catalog": ["SDSS", "APASS", "APASS"], "filter": ["R", "B", "V"], "id": [197246, 197244, 197245]}