{"mjd": [58535.243798, 58518.282918, 58523.278938, 58531.275459, 58535.235436, 58531.278502, 58535.240008], "magerr": [0.023131119087338448, 0.06442123651504517, -1.0, 0.06901354342699051, -1.0, 0.04045240581035614, 0.06454849243164062], "alert_name": null, "observatory": ["Liam Hardy pt5m", "Liam Hardy pt5m", "Liam Hardy pt5m", "Liam Hardy pt5m", "Liam Hardy pt5m", "Liam Hardy pt5m", "Liam Hardy pt5m"], "caliberr": [0.0939508005976677, 0.055993642657995224, 0.094903364777565, 0.06225263699889183, 0.07749819755554199, 0.033857561647892, 0.06308415532112122], "mag": [15.224133491516113, 16.719938278198242, 18.791576385498047, 16.88692855834961, 18.944522857666016, 15.864053726196289, 15.92132568359375], "catalog": ["SDSS", "APASS", "APASS", "APASS", "APASS", "APASS", "APASS"], "filter": ["R", "B", "B", "B", "B", "V", "V"], "id": [131291, 130580, 130769, 131209, 131289, 131210, 131290]}