{"mjd": [59123.101524, 59130.106953, 59123.106855, 59130.125629, 59123.111402, 59130.130174], "magerr": [-1.0, -1.0, 0.0835241749882698, 0.08631391078233719, 0.06686554849147797, 0.1069587841629982], "alert_name": null, "observatory": ["Liam Hardy pt5m", "Liam Hardy pt5m", "Liam Hardy pt5m", "Liam Hardy pt5m", "Liam Hardy pt5m", "Liam Hardy pt5m"], "caliberr": [0.0623185858130455, 0.03740276023745537, 0.07022716850042343, 0.009999999776482582, 0.03378107026219368, 0.009999999776482582], "mag": [18.44598960876465, 18.776203155517578, 17.34807777404785, 17.569305419921875, 16.94023323059082, 17.63006019592285], "catalog": ["APASS", "APASS", "APASS", "APASS", "APASS", "APASS"], "filter": ["B", "B", "V", "V", "r", "r"], "id": [201679, 201873, 201680, 201874, 201681, 201875]}