{"mjd": [57573.9581528, 57571.91493, 57572.905924, 57571.91493, 57572.905924, 57571.91493, 57572.905924], "magerr": [0.022099999710917473, 0.019200000911951065, 0.021299999207258224, 0.03620000183582306, 0.031099999323487282, 0.17030000686645508, 0.13760000467300415], "alert_name": null, "observatory": ["Mercator Geneva Grou", "Euler Geneva Group", "Euler Geneva Group", "Euler Geneva Group", "Euler Geneva Group", "Euler Geneva Group", "Euler Geneva Group"], "caliberr": [0.3226900100708008, 0.3601840138435364, 0.3009290099143982, 0.34213098883628845, 0.33244699239730835, 0.3496429920196533, 0.3668160140514374], "mag": [19.714000701904297, 19.50510025024414, 19.556499481201172, 19.96820068359375, 19.64900016784668, 20.484800338745117, 19.794200897216797], "catalog": ["USNO", "USNO", "USNO", "USNO", "USNO", "APASS", "APASS"], "filter": ["B2pg", "B2pg", "B2pg", "R2pg", "R2pg", "B", "B"], "id": [39199, 39125, 39135, 39126, 39136, 39127, 39137]}