{"mjd": [58360.799015, 58368.732058, 58360.801928, 58368.73562, 58360.804843, 58368.738755, 58371.8487618, 58371.8509146, 58372.9052838, 58372.907431, 58372.9095872, 58360.93586289, 58367.79503138, 58369.81738794, 58360.93376488, 58367.79363276, 58369.81459055, 58367.79197151, 58372.87413668, 58373.8091137, 58376.78496131, 58377.78470154, 58378.77427158, 58379.81298748, 58380.79560879, 58381.77724097, 58360.93207035, 58360.9385375, 58367.79818599, 58369.81198357, 58369.82066679, 58364.10844213, 58369.09982986, 58371.05074653, 58372.7601285, 58373.12755324, 58374.48961225, 58382.40111458, 58383.43409261, 58364.1094375, 58364.8858102, 58365.83714813, 58369.10082292, 58370.80866092, 58371.05173148, 58372.76111573, 58373.1285463, 58374.49064931, 58375.77141315, 58382.40212154, 58383.43511114, 58364.1104375, 58364.88679403, 58365.83870369, 58369.1023831, 58370.81021291, 58371.05272106, 58372.76212841, 58373.12954861, 58374.49167708, 58375.77239817, 58382.4036794], "magerr": [0.005499999970197678, 0.006800000090152025, 0.004699999932199717, 0.005900000222027302, 0.00570000009611249, 0.006300000008195639, -1.0, 0.00839999970048666, 0.004999999888241291, -1.0, -1.0, -1.0, -1.0, -1.0, -1.0, -1.0, -1.0, 0.0142000000923872, -1.0, -1.0, 0.011099999770522118, 0.018200000748038292, 0.012400000356137753, 0.011800000444054604, -1.0, -1.0, 0.019899999722838402, 0.02019999921321869, 0.014399999752640724, -1.0, 0.014100000262260437, 0.020400000736117363, 0.02239999920129776, 0.02419999986886978, 0.0494999997317791, 0.030899999663233757, 0.026399999856948853, 0.039900001138448715, -1.0, 0.012299999594688416, 0.01850000023841858, 0.019700000062584877, 0.01360000018030405, 0.01810000091791153, 0.013700000010430813, 0.01889999955892563, 0.012000000104308128, 0.011699999682605267, 0.026499999687075615, 0.016200000420212746, 0.2597000002861023, 0.010599999688565731, 0.015399999916553497, 0.01640000008046627, 0.009499999694526196, 0.0142000000923872, 0.010599999688565731, 0.015300000086426735, 0.010999999940395355, 0.008700000122189522, 0.022600000724196434, 0.013000000268220901], "alert_name": null, "observatory": ["T100,Hasan Esenoglu", "T100,Hasan Esenoglu", "T100,Hasan Esenoglu", "T100,Hasan Esenoglu", "T100,Hasan Esenoglu", "T100,Hasan Esenoglu", "ObsMontsec-Umut Burg", "ObsMontsec-Umut Burg", "ObsMontsec-Umut Burg", "ObsMontsec-Umut Burg", "ObsMontsec-Umut Burg", "OndrejovD50, Martin ", "OndrejovD50, Martin ", "OndrejovD50, Martin ", "OndrejovD50, Martin ", "OndrejovD50, Martin ", "OndrejovD50, Martin ", "OndrejovD50, Martin ", "OndrejovD50, Martin ", "OndrejovD50, Martin ", "OndrejovD50, Martin ", "OndrejovD50, Martin ", "OndrejovD50, Martin ", "OndrejovD50, Martin ", "OndrejovD50, Martin ", "OndrejovD50, Martin ", "OndrejovD50, Martin ", "OndrejovD50, Martin ", "OndrejovD50, Martin ", "OndrejovD50, Martin ", "OndrejovD50, Martin ", "LCOGT 1m, Pawel Ziel", "LCOGT 1m, Pawel Ziel", "LCOGT 1m, Pawel Ziel", "LCOGT 1m, Pawel Ziel", "LCOGT 1m, Pawel Ziel", "LCOGT 1m, Pawel Ziel", "LCOGT 1m, Pawel Ziel", "LCOGT 1m, Pawel Ziel", "LCOGT 1m, Pawel Ziel", "LCOGT 1m, Pawel Ziel", "LCOGT 1m, Pawel Ziel", "LCOGT 1m, Pawel Ziel", "LCOGT 1m, Pawel Ziel", "LCOGT 1m, Pawel Ziel", "LCOGT 1m, Pawel Ziel", "LCOGT 1m, Pawel Ziel", "LCOGT 1m, Pawel Ziel", "LCOGT 1m, Pawel Ziel", "LCOGT 1m, Pawel Ziel", "LCOGT 1m, Pawel Ziel", "LCOGT 1m, Pawel Ziel", "LCOGT 1m, Pawel Ziel", "LCOGT 1m, Pawel Ziel", "LCOGT 1m, Pawel Ziel", "LCOGT 1m, Pawel Ziel", "LCOGT 1m, Pawel Ziel", "LCOGT 1m, Pawel Ziel", "LCOGT 1m, Pawel Ziel", "LCOGT 1m, Pawel Ziel", "LCOGT 1m, Pawel Ziel", "LCOGT 1m, Pawel Ziel"], "caliberr": [0.1633940041065216, 0.17159399390220642, 0.1682009994983673, 0.20451800525188446, 0.17383800446987152, 0.18329499661922455, 0.3462739884853363, 0.34360599517822266, 0.3050369918346405, 0.20157000422477722, 0.2774850130081177, 0.20288999378681183, 0.13690699636936188, 0.25250500440597534, 0.19008199870586395, 0.24544000625610352, 0.20071899890899658, 0.20528200268745422, 0.19953100383281708, 0.1838739961385727, 0.2111539989709854, 0.18067200481891632, 0.268561989068985, 0.19736500084400177, 0.16380299627780914, 0.2197210043668747, 0.21713200211524963, 0.23819899559020996, 0.3743399977684021, 0.26675599813461304, 0.19397200644016266, 0.2758939862251282, 0.2716349959373474, 0.26862001419067383, 0.3714959919452667, 0.2666589915752411, 0.2938689887523651, 0.33057901263237, 0.3008430004119873, 0.17270100116729736, 0.2562370002269745, 0.2507520020008087, 0.1723320037126541, 0.2359829992055893, 0.16335700452327728, 0.2972239851951599, 0.16816699504852295, 0.16367599368095398, 0.28356000781059265, 0.23824700713157654, 0.30451500415802, 0.20291300117969513, 0.27804499864578247, 0.26802000403404236, 0.20156100392341614, 0.25296199321746826, 0.1829269975423813, 0.2802950143814087, 0.19357100129127502, 0.20063599944114685, 0.30734801292419434, 0.23899899423122406], "mag": [14.661100387573242, 14.688199996948242, 14.533100128173828, 14.500300407409668, 14.629500389099121, 14.521499633789062, 21.10099983215332, 16.074199676513672, 14.293000221252441, 20.291099548339844, 20.584299087524414, 18.050899505615234, 19.228099822998047, 19.794599533081055, 18.387399673461914, 18.925500869750977, 19.118200302124023, 14.455400466918945, 18.92169952392578, 19.44700050354004, 14.483599662780762, 14.429499626159668, 14.474599838256836, 14.487000465393066, 18.938199996948242, 19.052000045776367, 14.012900352478027, 14.375300407409668, 14.215800285339355, 18.467599868774414, 14.335000038146973, 17.38599967956543, 17.398399353027344, 17.399200439453125, 17.680500030517578, 17.524200439453125, 17.581300735473633, 17.6289005279541, 18.408899307250977, 16.2450008392334, 16.316999435424805, 16.31130027770996, 16.309200286865234, 16.39900016784668, 16.356800079345703, 16.428300857543945, 16.350299835205078, 16.372100830078125, 16.441699981689453, 16.488000869750977, 16.936599731445312, 15.73960018157959, 15.820799827575684, 15.813899993896484, 15.79010009765625, 15.827300071716309, 15.820099830627441, 15.906200408935547, 15.846500396728516, 15.843899726867676, 15.895099639892578, 15.944899559020996], "catalog": ["PS1", "PS1", "PS1", "PS1", "PS1", "PS1", "APASS", "APASS", "APASS", "APASS", "APASS", "APASS", "APASS", "APASS", "APASS", "APASS", "APASS", "APASS", "APASS", "APASS", "APASS", "APASS", "APASS", "APASS", "APASS", "APASS", "APASS", "APASS", "APASS", "APASS", "APASS", "PS1", "PS1", "PS1", "PS1", "PS1", "PS1", "PS1", "PS1", "PS1", "PS1", "PS1", "PS1", "PS1", "PS1", "PS1", "PS1", "PS1", "PS1", "PS1", "PS1", "PS1", "PS1", "PS1", "PS1", "PS1", "PS1", "PS1", "PS1", "PS1", "PS1", "PS1"], "filter": ["g", "g", "r", "r", "i", "i", "i", "i", "i", "i", "i", "B", "B", "B", "V", "V", "V", "r", "r", "r", "r", "r", "r", "r", "r", "r", "i", "i", "i", "i", "i", "g", "g", "g", "g", "g", "g", "g", "g", "r", "r", "r", "r", "r", "r", "r", "r", "r", "r", "r", "r", "i", "i", "i", "i", "i", "i", "i", "i", "i", "i", "i"], "id": [116899, 118815, 116911, 118816, 116900, 118817, 119483, 119484, 119717, 119718, 119719, 116289, 119007, 119177, 116292, 119010, 119180, 119009, 119653, 119679, 120063, 120307, 120355, 120419, 120581, 120827, 116291, 116290, 119008, 119179, 119178, 120753, 120756, 120759, 120750, 120762, 120739, 121027, 121030, 120754, 120742, 120744, 120757, 120746, 120760, 120751, 120763, 120740, 120748, 121028, 121031, 120755, 120743, 120745, 120758, 120747, 120761, 120752, 120764, 120741, 120749, 121029]}