{"mjd": [57922.0094643, 57928.98814815, 57952.06978009, 57952.07799769, 57928.98059028, 57952.06195602, 57952.07378472, 57928.96584491, 57952.05402778, 57952.06590278], "magerr": [-1.0, 0.05249999836087227, 0.016200000420212746, 0.027300000190734863, 0.031099999323487282, 0.007899999618530273, 0.009399999864399433, 0.03220000118017197, 0.007899999618530273, 0.007600000128149986], "alert_name": null, "observatory": ["K.Wiersema-Leicester", "Loiano, Felice Cusan", "Loiano, Felice Cusan", "Loiano, Felice Cusan", "Loiano, Felice Cusan", "Loiano, Felice Cusan", "Loiano, Felice Cusan", "Loiano, Felice Cusan", "Loiano, Felice Cusan", "Loiano, Felice Cusan"], "caliberr": [0.08396919816732407, 0.11731600016355515, 0.09382440149784088, 0.07756180316209793, 0.11601900309324265, 0.17249499261379242, 0.19042299687862396, 0.12024100124835968, 0.23399800062179565, 0.22470200061798096], "mag": [20.035999298095703, 19.847900390625, 19.06920051574707, 19.713699340820312, 18.91320037841797, 18.006999969482422, 18.23430061340332, 18.100200653076172, 17.365800857543945, 17.28529930114746], "catalog": ["APASS", "APASS", "APASS", "APASS", "APASS", "APASS", "APASS", "APASS", "APASS", "APASS"], "filter": ["V", "g", "g", "g", "r", "r", "r", "i", "i", "i"], "id": [77296, 77903, 79608, 79610, 77901, 79606, 79609, 77902, 79605, 79607]}