{"mjd": [58079.015002, 58080.011585, 58091.979683, 58080.016142, 58091.984242, 58091.988229], "magerr": [-1.0, -1.0, -1.0, -1.0, 0.08824089914560318, -1.0], "alert_name": null, "observatory": ["Liam Hardy pt5m", "Liam Hardy pt5m", "Liam Hardy pt5m", "Liam Hardy pt5m", "Liam Hardy pt5m", "Liam Hardy pt5m"], "caliberr": [0.03667492792010307, 0.06618006527423859, 0.13477733731269836, 0.06662213802337646, 0.2089555710554123, 0.18568964302539825], "mag": [17.42947006225586, 20.049297332763672, 18.85648536682129, 19.91887855529785, 15.853055000305176, 17.80446434020996], "catalog": ["APASS", "APASS", "APASS", "APASS", "APASS", "APASS"], "filter": ["B", "B", "B", "V", "V", "r"], "id": [89490, 89806, 90384, 89807, 90385, 90386]}