{"mjd": [58485.939374, 58493.036316, 58485.943936, 58493.040872, 58485.948494, 58493.045428, 58491.0316796, 58491.0338523, 58491.0418107, 58491.0439853, 58491.0461561, 58491.027133, 58491.0293083, 58491.0373298, 58491.0394997, 58490.7900112, 58490.7921885], "magerr": [-1.0, -1.0, 0.10396599769592285, -1.0, 0.06856950372457504, -1.0, -1.0, -1.0, -1.0, -1.0, -1.0, -1.0, -1.0, -1.0, -1.0, -1.0, -1.0], "alert_name": null, "observatory": ["Liam Hardy pt5m", "Liam Hardy pt5m", "Liam Hardy pt5m", "Liam Hardy pt5m", "Liam Hardy pt5m", "Liam Hardy pt5m", "ObsMontsec-Umut Burg", "ObsMontsec-Umut Burg", "ObsMontsec-Umut Burg", "ObsMontsec-Umut Burg", "ObsMontsec-Umut Burg", "ObsMontsec-Umut Burg", "ObsMontsec-Umut Burg", "ObsMontsec-Umut Burg", "ObsMontsec-Umut Burg", "ObsMontsec-Umut Burg", "ObsMontsec-Umut Burg"], "caliberr": [0.05322929844260216, 0.052452899515628815, 0.08065229654312134, 0.047989800572395325, 0.009999999776482582, 0.009999999776482582, 0.11491599678993225, 0.11486300081014633, 0.086074098944664, 0.052450601011514664, 0.06923030316829681, 0.08153600245714188, 0.0654027983546257, 0.061688899993896484, 0.08167369663715363, 0.10714700073003769, 0.10936299711465836], "mag": [18.901899337768555, 19.43120002746582, 18.73889923095703, 19.42289924621582, 18.756099700927734, 19.686199188232422, 27.692399978637695, 26.349700927734375, 27.046600341796875, 24.171600341796875, 28.02359962463379, 26.736600875854492, 27.90690040588379, 26.06839942932129, 25.478700637817383, 27.98080062866211, 26.140899658203125], "catalog": ["APASS", "APASS", "APASS", "APASS", "APASS", "APASS", "APASS", "APASS", "APASS", "APASS", "APASS", "APASS", "APASS", "APASS", "APASS", "APASS", "APASS"], "filter": ["B", "B", "V", "V", "r", "r", "V", "V", "V", "V", "V", "r", "r", "r", "r", "i", "i"], "id": [129340, 129730, 129341, 129731, 129342, 129732, 130943, 130944, 130947, 130948, 130949, 130941, 130942, 130945, 130946, 130939, 130940]}