{"mjd": [59289.239362, 59289.243919, 59289.248478], "magerr": [-1.0, -1.0, 0.1697230488061905], "alert_name": null, "observatory": ["Liam Hardy pt5m", "Liam Hardy pt5m", "Liam Hardy pt5m"], "caliberr": [0.05057840794324875, 0.031034080311655998, 0.060370925813913345], "mag": [19.142486572265625, 19.232545852661133, 19.109500885009766], "catalog": ["APASS", "APASS", "APASS"], "filter": ["B", "V", "r"], "id": [213997, 213998, 213999]}