{"mjd": [59264.199423, 59264.204027, 59264.208736], "magerr": [-1.0, -1.0, -1.0], "alert_name": null, "observatory": ["Liam Hardy pt5m", "Liam Hardy pt5m", "Liam Hardy pt5m"], "caliberr": [0.062407199293375015, 0.09779880195856094, 0.01734130084514618], "mag": [19.181800842285156, 19.537200927734375, 19.942800521850586], "catalog": ["APASS", "APASS", "APASS"], "filter": ["B", "V", "r"], "id": [213094, 213095, 213096]}