{"mjd": [58617.205802, 58617.196714, 58617.201256], "magerr": [-1.0, -1.0, -1.0], "alert_name": null, "observatory": ["Liam Hardy pt5m", "Liam Hardy pt5m", "Liam Hardy pt5m"], "caliberr": [0.15666158497333527, 0.06942855566740036, 0.027904387563467026], "mag": [19.997121810913086, 18.47304344177246, 19.856220245361328], "catalog": ["SDSS", "APASS", "APASS"], "filter": ["R", "B", "V"], "id": [152487, 152485, 152486]}