{"mjd": [57121.9904777, 57125.9865336, 57129.9725842, 57131.994395, 57133.9862094], "magerr": [-1.0, -1.0, -1.0, -1.0, -1.0], "alert_name": null, "observatory": ["Euler Geneva Group", "Euler Geneva Group", "Euler Geneva Group", "Euler Geneva Group", "Euler Geneva Group"], "caliberr": [0.09597183018922806, 0.11501035839319229, 0.08450771868228912, 0.15217788517475128, 0.03526242449879646], "mag": [25.35458755493164, 26.47649383544922, 27.504384994506836, 26.609405517578125, 25.505840301513672], "catalog": ["APASS", "APASS", "APASS", "APASS", "APASS"], "filter": ["r", "r", "r", "r", "r"], "id": [19004, 19252, 19513, 19564, 19701]}