{"mjd": [57933.185709, 57933.192319, 57933.179101], "magerr": [0.03894500061869621, 0.0688140019774437, 0.06714379787445068], "alert_name": null, "observatory": ["Liam Hardy pt5m", "Liam Hardy pt5m", "Liam Hardy pt5m"], "caliberr": [0.29930898547172546, 0.30016499757766724, 0.08247700333595276], "mag": [17.547199249267578, 17.019699096679688, 17.939800262451172], "catalog": ["SDSS", "SDSS", "APASS"], "filter": ["R", "I", "V"], "id": [77395, 77396, 77394]}