{"mjd": [58881.241253, 58881.232143, 58881.23671], "magerr": [0.018414823338389397, 0.05098903179168701, 0.02845008857548237], "alert_name": null, "observatory": ["Liam Hardy pt5m", "Liam Hardy pt5m", "Liam Hardy pt5m"], "caliberr": [0.11594521999359131, 0.010000006295740604, 0.04192902892827988], "mag": [17.035598754882812, 17.42107391357422, 17.177825927734375], "catalog": ["SDSS", "APASS", "APASS"], "filter": ["R", "B", "V"], "id": [176829, 176827, 176828]}