{"mjd": [57922.0094643], "magerr": [-1.0], "alert_name": null, "observatory": ["K.Wiersema-Leicester"], "caliberr": [0.08396919816732407], "mag": [20.035999298095703], "catalog": ["APASS"], "filter": ["V"], "id": [77296]}