{"mjd": [57133.9604282379, 57133.9896064401, 57133.9640740752, 57133.9932407737, 57133.9677083492, 57133.9823032021, 57133.9968865514, 57133.9750230908, 57133.9567939639, 57133.9713773131, 57133.9859722257, 57133.9786574244, 57126.919606, 57126.921053, 57126.922488, 57127.886447, 57127.887882, 57127.889329, 57126.923935, 57126.925382, 57126.926829, 57127.890775, 57127.892222, 57127.893657, 57126.910937, 57126.912384, 57126.913819, 57127.877778, 57127.879213, 57126.915266, 57126.916713, 57126.91816, 57127.882106, 57127.883553, 57127.884988, 57119.98685359, 57158.98237998, 57134.980193, 57121.9225125, 57122.9822124, 57124.079243, 57125.0377817, 57126.042239, 57127.0045143, 57127.950888, 57121.9225125, 57122.9822124, 57124.079243, 57125.0377817, 57126.042239, 57127.0045143, 57127.950888, 57121.9225125, 57122.9822124, 57124.079243, 57125.0377817, 57127.0045143, 57127.950888, 57120.9256806, 57120.9292123, 57120.932744, 57121.8914623, 57121.8949938, 57121.8985255, 57124.9113103, 57124.9148419, 57124.9183736, 57120.9406938, 57120.9442254, 57120.9477571, 57121.9022452, 57121.9057776, 57121.9093093, 57124.9228052, 57124.9263368, 57124.9298684, 57120.9555833, 57120.959115, 57120.9626466, 57121.9130462, 57121.916578, 57121.9201098, 57124.9337029, 57124.9372345, 57124.9407667, 57120.9704432, 57120.973975, 57120.9775065, 57121.9238316, 57121.9273631, 57121.9308952, 57124.9445904, 57124.9481219, 57124.9516537, 57147.8915998, 57147.8946091, 57147.899965, 57147.8915998, 57147.8946091, 57147.899965, 57147.8915998, 57147.8946091, 57147.899965], "magerr": [0.031700000166893005, 0.041600000113248825, 0.02160000056028366, 0.0340999998152256, 0.026799999177455902, 0.03180000185966492, 0.03319999948143959, 0.03610000014305115, -1.0, -1.0, -1.0, 0.026599999517202377, 0.0653069019317627, 0.058394599705934525, 0.06902439892292023, 0.053387101739645004, 0.055841099470853806, 0.06214049831032753, 0.09126050025224686, 0.07310409843921661, 0.09764520078897476, 0.0845165029168129, 0.0813554972410202, 0.08367899805307388, -1.0, -1.0, -1.0, -1.0, -1.0, -1.0, -1.0, 0.09193609654903412, 0.08287680149078369, 0.07696429640054703, 0.08569379895925522, 0.0632999986410141, 0.09619999676942825, 0.029200000688433647, 0.10490000247955322, -1.0, -1.0, -1.0, -1.0, -1.0, 0.10760000348091125, 0.006500000134110451, 0.008100000210106373, 0.00860000029206276, 0.007300000172108412, 0.009800000116229057, 0.006399999838322401, 0.006200000178068876, 0.0044999998062849045, 0.0052999998442828655, 0.00559999980032444, 0.005400000140070915, 0.004600000102072954, 0.004600000102072954, 0.03480000048875809, 0.031199999153614044, 0.032499998807907104, 0.032999999821186066, 0.0357000008225441, 0.032099999487400055, 0.03539999946951866, 0.03480000048875809, 0.03519999980926514, 0.0210999995470047, 0.021700000390410423, 0.021900000050663948, 0.01850000023841858, 0.01889999955892563, 0.01860000006854534, 0.01899999938905239, 0.018699999898672104, 0.01850000023841858, 0.014100000262260437, 0.014499999582767487, 0.014700000174343586, 0.01269999984651804, 0.012500000186264515, 0.012400000356137753, 0.0142000000923872, 0.013899999670684338, 0.013799999840557575, 0.016599999740719795, 0.01720000058412552, 0.016899999231100082, 0.014000000432133675, 0.0142000000923872, 0.014299999922513962, 0.016300000250339508, 0.015699999406933784, 0.016200000420212746, -1.0, -1.0, -1.0, 0.05469999834895134, 0.015300000086426735, 0.017500000074505806, 0.030300000682473183, 0.008500000461935997, 0.008700000122189522], "alert_name": null, "observatory": ["Goran Damljanovic, A", "Goran Damljanovic, A", "Goran Damljanovic, A", "Goran Damljanovic, A", "Goran Damljanovic, A", "Goran Damljanovic, A", "Goran Damljanovic, A", "Goran Damljanovic, A", "Goran Damljanovic, A", "Goran Damljanovic, A", "Goran Damljanovic, A", "Goran Damljanovic, A", "Liam Hardy pt5m", "Liam Hardy pt5m", "Liam Hardy pt5m", "Liam Hardy pt5m", "Liam Hardy pt5m", "Liam Hardy pt5m", "Liam Hardy pt5m", "Liam Hardy pt5m", "Liam Hardy pt5m", "Liam Hardy pt5m", "Liam Hardy pt5m", "Liam Hardy pt5m", "Liam Hardy pt5m", "Liam Hardy pt5m", "Liam Hardy pt5m", "Liam Hardy pt5m", "Liam Hardy pt5m", "Liam Hardy pt5m", "Liam Hardy pt5m", "Liam Hardy pt5m", "Liam Hardy pt5m", "Liam Hardy pt5m", "Liam Hardy pt5m", "K.Wiersema-Leicester", "K.Wiersema-Leicester", "K.Ilkiewicz-Loiano", "Mercator Geneva Grou", "Mercator Geneva Grou", "Mercator Geneva Grou", "Mercator Geneva Grou", "Mercator Geneva Grou", "Mercator Geneva Grou", "Mercator Geneva Grou", "Mercator Geneva Grou", "Mercator Geneva Grou", "Mercator Geneva Grou", "Mercator Geneva Grou", "Mercator Geneva Grou", "Mercator Geneva Grou", "Mercator Geneva Grou", "Mercator Geneva Grou", "Mercator Geneva Grou", "Mercator Geneva Grou", "Mercator Geneva Grou", "Mercator Geneva Grou", "Mercator Geneva Grou", "ObsMontsec-Umut Burg", "ObsMontsec-Umut Burg", "ObsMontsec-Umut Burg", "ObsMontsec-Umut Burg", "ObsMontsec-Umut Burg", "ObsMontsec-Umut Burg", "ObsMontsec-Umut Burg", "ObsMontsec-Umut Burg", "ObsMontsec-Umut Burg", "ObsMontsec-Umut Burg", "ObsMontsec-Umut Burg", "ObsMontsec-Umut Burg", "ObsMontsec-Umut Burg", "ObsMontsec-Umut Burg", "ObsMontsec-Umut Burg", "ObsMontsec-Umut Burg", "ObsMontsec-Umut Burg", "ObsMontsec-Umut Burg", "ObsMontsec-Umut Burg", "ObsMontsec-Umut Burg", "ObsMontsec-Umut Burg", "ObsMontsec-Umut Burg", "ObsMontsec-Umut Burg", "ObsMontsec-Umut Burg", "ObsMontsec-Umut Burg", "ObsMontsec-Umut Burg", "ObsMontsec-Umut Burg", "ObsMontsec-Umut Burg", "ObsMontsec-Umut Burg", "ObsMontsec-Umut Burg", "ObsMontsec-Umut Burg", "ObsMontsec-Umut Burg", "ObsMontsec-Umut Burg", "ObsMontsec-Umut Burg", "ObsMontsec-Umut Burg", "ObsMontsec-Umut Burg", "Anna Hourihane", "Anna Hourihane", "Anna Hourihane", "Anna Hourihane", "Anna Hourihane", "Anna Hourihane", "Anna Hourihane", "Anna Hourihane", "Anna Hourihane"],