{"mjd": [58525.06185, 58525.984229999995, 58539.92579, 58525.06185, 58525.0629, 58525.98529, 58539.92686, 58525.986339999996, 58539.9279], "magerr": [0.03154571354389191, 0.039286285638809204, 0.03465557098388672, 0.03154571354389191, 0.0196987371891737, 0.023529786616563797, 0.02503730170428753, 0.014251223765313625, 0.019590085372328758], "alert_name": null, "observatory": ["LCO2m Cardiff Univer", "LCO2m Cardiff Univer", "LCO2m Cardiff Univer", "LCO2m Cardiff Univer", "LCO2m Cardiff Univer", "LCO2m Cardiff Univer", "LCO2m Cardiff Univer", "LCO2m Cardiff Univer", "LCO2m Cardiff Univer"], "caliberr": [0.12389268726110458, 0.1161251962184906, 0.12342647463083267, 0.19574105739593506, 0.1307068020105362, 0.12611354887485504, 0.13066112995147705, 0.03143702819943428, 0.03091084398329258], "mag": [19.76911163330078, 19.76152801513672, 19.98479461669922, 18.782527923583984, 18.64797592163086, 18.722898483276367, 18.98419952392578, 18.307077407836914, 18.665321350097656], "catalog": ["APASS", "APASS", "APASS", "APASS", "APASS", "APASS", "APASS", "GAIA", "GAIA"], "filter": ["B", "B", "B", "V", "V", "V", "V", "G", "G"], "id": [151312, 151306, 151308, 151313, 151305, 151307, 151309, 151295, 151301]}