{"mjd": [58649.18759, 58649.192153, 58649.196724], "magerr": [0.08652040362358093, 0.02510939911007881, 0.013654000125825405], "alert_name": null, "observatory": ["Liam Hardy pt5m", "Liam Hardy pt5m", "Liam Hardy pt5m"], "caliberr": [0.27585598826408386, 0.06950269639492035, 0.0957878977060318], "mag": [18.298599243164062, 16.89430046081543, 16.385299682617188], "catalog": ["APASS", "APASS", "APASS"], "filter": ["B", "V", "r"], "id": [155465, 155466, 155467]}