{"mjd": [58752.164134, 58759.246779, 58767.204878, 58752.168692, 58767.22198, 58752.173247, 58767.226537], "magerr": [0.02113860286772251, 0.01821940392255783, 0.022184450179338455, 0.008301515132188797, 0.009946629405021667, 0.005494310986250639, 0.00616114167496562], "alert_name": null, "observatory": ["Liam Hardy pt5m", "Liam Hardy pt5m", "Liam Hardy pt5m", "Liam Hardy pt5m", "Liam Hardy pt5m", "Liam Hardy pt5m", "Liam Hardy pt5m"], "caliberr": [0.07476447522640228, 0.05421336740255356, 0.04565736651420593, 0.07917886972427368, 0.06445729732513428, 0.039014603942632675, 0.06307145208120346], "mag": [16.316131591796875, 16.270889282226562, 16.65909767150879, 15.39498519897461, 15.63875961303711, 15.134212493896484, 15.311217308044434], "catalog": ["APASS", "APASS", "APASS", "APASS", "APASS", "APASS", "APASS"], "filter": ["B", "B", "B", "V", "V", "r", "r"], "id": [165717, 166553, 167904, 165718, 167905, 165719, 167906]}