{"mjd": [58371.201662, 58371.205451, 58371.210739], "magerr": [0.092616006731987, 0.039295587688684464, 0.029048623517155647], "alert_name": null, "observatory": ["Liam Hardy pt5m", "Liam Hardy pt5m", "Liam Hardy pt5m"], "caliberr": [0.010000000707805157, 0.05058121681213379, 0.03667427599430084], "mag": [17.661056518554688, 16.71701431274414, 16.838306427001953], "catalog": ["APASS", "APASS", "APASS"], "filter": ["B", "V", "r"], "id": [119149, 119150, 119151]}