{"mjd": [58315.211301], "magerr": [-1.0], "alert_name": null, "observatory": ["Liam Hardy pt5m"], "caliberr": [0.1737401783466339], "mag": [19.653913497924805], "catalog": ["APASS"], "filter": ["B"], "id": [114446]}