{"mjd": [59264.004107, 59264.013188, 59244.104519, 59244.110624, 59264.008644, 59244.115162], "magerr": [0.003789119888097048, 0.0010486399987712502, 0.004817670211195946, 0.0033349699806421995, 0.001657900051213801, 0.0022867899388074875], "alert_name": null, "observatory": ["Liam Hardy pt5m", "Liam Hardy pt5m", "Liam Hardy pt5m", "Liam Hardy pt5m", "Liam Hardy pt5m", "Liam Hardy pt5m"], "caliberr": [0.06790880113840103, 0.12344200164079666, 0.2540209889411926, 0.009999999776482582, 0.24690400063991547, 0.009999999776482582], "mag": [11.319499969482422, 10.568400382995605, 12.131699562072754, 11.427300453186035, 11.483499526977539, 11.129599571228027], "catalog": ["SDSS", "SDSS", "APASS", "APASS", "APASS", "APASS"], "filter": ["V", "R", "B", "V", "V", "r"], "id": [213072, 213074, 212297, 212298, 213073, 212299]}