{"mjd": [59445.928826, 59452.913436, 59445.933381, 59452.917994], "magerr": [-1.0, -1.0, -1.0, -1.0], "alert_name": null, "observatory": ["Liam Hardy pt5m", "Liam Hardy pt5m", "Liam Hardy pt5m", "Liam Hardy pt5m"], "caliberr": [0.07734498381614685, 0.10961665213108063, 0.05738169699907303, 0.07126235961914062], "mag": [18.18204689025879, 18.791011810302734, 18.826053619384766, 20.257774353027344], "catalog": ["APASS", "APASS", "APASS", "APASS"], "filter": ["B", "B", "V", "V"], "id": [231710, 231964, 231711, 231965]}