{"mjd": [58304.991359, 58314.025547, 58304.980957, 58314.016472, 58304.985506, 58314.021015], "magerr": [0.08320680260658264, 0.0684719979763031, -1.0, -1.0, -1.0, -1.0], "alert_name": null, "observatory": ["Liam Hardy pt5m", "Liam Hardy pt5m", "Liam Hardy pt5m", "Liam Hardy pt5m", "Liam Hardy pt5m", "Liam Hardy pt5m"], "caliberr": [0.1309410035610199, 0.11050800234079361, 0.02091139927506447, 0.05899810045957565, 0.05158190056681633, 0.03755690157413483], "mag": [18.326000213623047, 18.49049949645996, 18.87310028076172, 19.292400360107422, 19.203100204467773, 19.601699829101562], "catalog": ["SDSS", "SDSS", "APASS", "APASS", "APASS", "APASS"], "filter": ["R", "R", "B", "B", "V", "V"], "id": [107928, 114075, 107926, 114073, 107927, 114074]}