{"mjd": [58678.08113, 58701.0306, 58678.085687, 58701.035157, 58701.039707], "magerr": [-1.0, -1.0, -1.0, 0.15295200049877167, 0.10824500024318695], "alert_name": null, "observatory": ["Liam Hardy pt5m", "Liam Hardy pt5m", "Liam Hardy pt5m", "Liam Hardy pt5m", "Liam Hardy pt5m"], "caliberr": [0.05623500049114227, 0.014830299653112888, 0.04989419877529144, 0.03716930001974106, 0.02884789928793907], "mag": [19.172399520874023, 20.524700164794922, 19.559799194335938, 19.428800582885742, 19.19610023498535], "catalog": ["APASS", "APASS", "APASS", "APASS", "APASS"], "filter": ["B", "B", "V", "V", "r"], "id": [158516, 161598, 158517, 161599, 161600]}