{"mjd": [58647.031756, 58634.028229, 58641.956474, 58647.037049, 58654.021488, 58634.019134, 58641.947359, 58654.012387, 58634.023689, 58641.951926, 58654.016941, 58633.410371, 58634.407206, 58634.401383, 58634.404653, 58633.413643, 58633.416191], "magerr": [0.08159569650888443, 0.03258350118994713, 0.03736000135540962, 0.12847800552845, 0.03752649948000908, 0.1084429994225502, 0.13717299699783325, 0.17232699692249298, 0.06036819890141487, 0.05121700093150139, 0.05471450090408325, 0.05353299900889397, 0.04050799831748009, 0.052177999168634415, 0.03833699971437454, 0.034398000687360764, 0.03734099864959717], "alert_name": null, "observatory": ["Liam Hardy pt5m", "Liam Hardy pt5m", "Liam Hardy pt5m", "Liam Hardy pt5m", "Liam Hardy pt5m", "Liam Hardy pt5m", "Liam Hardy pt5m", "Liam Hardy pt5m", "Liam Hardy pt5m", "Liam Hardy pt5m", "Liam Hardy pt5m", "PIRATE, OU students", "PIRATE, OU students", "PIRATE, OU students", "PIRATE, OU students", "PIRATE, OU students", "PIRATE, OU students"], "caliberr": [0.07303260266780853, 0.1630440056324005, 0.08673019707202911, 0.2763040065765381, 0.1436849981546402, 0.04901289939880371, 0.05055540055036545, 0.07501149922609329, 0.05225849896669388, 0.02770479954779148, 0.07102029770612717, 0.11166699975728989, 0.06702770292758942, 0.17366600036621094, 0.10589899867773056, 0.04805459827184677, 0.042334798723459244], "mag": [17.439199447631836, 16.692100524902344, 16.68950080871582, 17.60810089111328, 16.979799270629883, 18.266000747680664, 18.650699615478516, 18.89539909362793, 17.345399856567383, 17.19059944152832, 17.08639907836914, 18.734500885009766, 17.40730094909668, 18.315399169921875, 17.730300903320312, 18.26140022277832, 17.60420036315918], "catalog": ["SDSS", "SDSS", "SDSS", "SDSS", "SDSS", "APASS", "APASS", "APASS", "APASS", "APASS", "APASS", "SDSS", "SDSS", "APASS", "APASS", "APASS", "GAIA"], "filter": ["V", "R", "R", "R", "R", "B", "B", "B", "V", "V", "V", "B", "R", "B", "V", "g", "G"], "id": [155241, 153638, 154709, 155242, 155980, 153636, 154707, 155978, 153637, 154708, 155979, 153843, 153856, 153854, 153855, 153840, 153842]}