{"mjd": [58403.218171, 58403.222733, 58403.227288], "magerr": [-1.0, 0.08047450333833694, 0.050026100128889084], "alert_name": null, "observatory": ["Liam Hardy pt5m", "Liam Hardy pt5m", "Liam Hardy pt5m"], "caliberr": [0.08825600147247314, 0.09065230190753937, 0.031299300491809845], "mag": [19.2721004486084, 17.83289909362793, 17.528499603271484], "catalog": ["APASS", "APASS", "APASS"], "filter": ["B", "V", "r"], "id": [122308, 122309, 122310]}