{"mjd": [58603.14321], "magerr": [0.04770350083708763], "alert_name": null, "observatory": ["Liam Hardy pt5m"], "caliberr": [0.02734830044209957], "mag": [17.8710994720459], "catalog": ["APASS"], "filter": ["r"], "id": [151399]}