{"mjd": [59344.177184, 59348.125598, 59344.181736], "magerr": [-1.0, -1.0, -1.0], "alert_name": null, "observatory": ["Liam Hardy pt5m", "Liam Hardy pt5m", "Liam Hardy pt5m"], "caliberr": [0.19113588333129883, 0.10133715718984604, 0.06595654040575027], "mag": [18.573408126831055, 18.693592071533203, 18.923669815063477], "catalog": ["APASS", "APASS", "APASS"], "filter": ["B", "B", "V"], "id": [220689, 220975, 220690]}