{"mjd": [59452.149158, 59452.15296], "magerr": [0.1537853181362152, 0.045321956276893616], "alert_name": null, "observatory": ["Liam Hardy pt5m", "Liam Hardy pt5m"], "caliberr": [0.081236332654953, 0.04392644390463829], "mag": [17.60271453857422, 16.387554168701172], "catalog": ["APASS", "APASS"], "filter": ["B", "V"], "id": [231935, 231936]}