{"mjd": [58004.006951, 58004.01075, 58004.017077], "magerr": [-1.0, -1.0, 0.31142300367355347], "alert_name": null, "observatory": ["Liam Hardy pt5m", "Liam Hardy pt5m", "Liam Hardy pt5m"], "caliberr": [0.1237960010766983, 0.05629989877343178, 0.04582320153713226], "mag": [19.08329963684082, 18.844900131225586, 19.212799072265625], "catalog": ["APASS", "APASS", "APASS"], "filter": ["B", "V", "r"], "id": [82839, 82840, 82841]}