{"mjd": [58459.247809, 58468.214102, 58473.200617, 58468.210305], "magerr": [-1.0, -1.0, -1.0, -1.0], "alert_name": null, "observatory": ["Liam Hardy pt5m", "Liam Hardy pt5m", "Liam Hardy pt5m", "Liam Hardy pt5m"], "caliberr": [0.037186700850725174, 0.13583700358867645, 0.15052400529384613, 0.009999999776482582], "mag": [18.332000732421875, 19.54439926147461, 19.24810028076172, 18.93090057373047], "catalog": ["SDSS", "SDSS", "SDSS", "APASS"], "filter": ["R", "R", "R", "r"], "id": [127291, 128387, 128701, 128386]}