{"mjd": [58644.0086393, 58644.0097679, 58644.0109004, 58644.0058221, 58644.0066044, 58644.0073877, 58624.83197, 58624.83563, 58624.8397, 58624.96462, 58624.96827, 58625.98444, 58625.98808, 58633.93633, 58633.93999, 58624.82589, 58624.83082, 58624.83448, 58624.83856, 58624.96347, 58624.96713, 58625.9833, 58625.98695, 58633.93518, 58633.93884, 58624.83316, 58624.83682, 58624.8409, 58624.96581, 58624.96947, 58625.98563, 58625.98927, 58633.93752, 58633.94118, 58614.99052, 58614.99296, 58614.9956, 58614.99714, 58615.96036, 58615.96419, 58614.99131, 58614.99375, 58614.99891, 58615.96161, 58615.96544, 58614.99214, 58614.99458, 58615.00054, 58615.96291, 58615.96674], "magerr": [0.00800000037997961, 0.00800000037997961, 0.0071000000461936, 0.0026000000070780516, 0.0035000001080334187, 0.0027000000700354576, -1.0, -1.0, -1.0, -1.0, -1.0, -1.0, -1.0, -1.0, -1.0, -1.0, -1.0, -1.0, -1.0, -1.0, -1.0, -1.0, -1.0, -1.0, -1.0, 0.021700000390410423, 0.01850000023841858, 0.015200000256299973, 0.008100000210106373, 0.007799999788403511, 0.009800000116229057, 0.009999999776482582, 0.008700000122189522, 0.008200000040233135, -1.0, -1.0, -1.0, -1.0, -1.0, -1.0, -1.0, -1.0, -1.0, -1.0, -1.0, 0.009600000455975533, 0.009700000286102295, 0.007400000002235174, 0.007799999788403511, 0.007899999618530273], "alert_name": null, "observatory": ["ObsMontsec-Umut Burg", "ObsMontsec-Umut Burg", "ObsMontsec-Umut Burg", "ObsMontsec-Umut Burg", "ObsMontsec-Umut Burg", "ObsMontsec-Umut Burg", "Moletai0.35-Erika Pa", "Moletai0.35-Erika Pa", "Moletai0.35-Erika Pa", "Moletai0.35-Erika Pa", "Moletai0.35-Erika Pa", "Moletai0.35-Erika Pa", "Moletai0.35-Erika Pa", "Moletai0.35-Erika Pa", "Moletai0.35-Erika Pa", "Moletai0.35-Erika Pa", "Moletai0.35-Erika Pa", "Moletai0.35-Erika Pa", "Moletai0.35-Erika Pa", "Moletai0.35-Erika Pa", "Moletai0.35-Erika Pa", "Moletai0.35-Erika Pa", "Moletai0.35-Erika Pa", "Moletai0.35-Erika Pa", "Moletai0.35-Erika Pa", "Moletai0.35-Erika Pa", "Moletai0.35-Erika Pa", "Moletai0.35-Erika Pa", "Moletai0.35-Erika Pa", "Moletai0.35-Erika Pa", "Moletai0.35-Erika Pa", "Moletai0.35-Erika Pa", "Moletai0.35-Erika Pa", "Moletai0.35-Erika Pa", "Kotryna Siskauskaite", "Kotryna Siskauskaite", "Kotryna Siskauskaite", "Kotryna Siskauskaite", "Kotryna Siskauskaite", "Kotryna Siskauskaite", "Kotryna Siskauskaite", "Kotryna Siskauskaite", "Kotryna Siskauskaite", "Kotryna Siskauskaite", "Kotryna Siskauskaite", "Kotryna Siskauskaite", "Kotryna Siskauskaite", "Kotryna Siskauskaite", "Kotryna Siskauskaite", "Kotryna Siskauskaite"], "caliberr": [0.07484090328216553, 0.07020190358161926, 0.06975039839744568, 0.12344799935817719, 0.12576599419116974, 0.10945600271224976, 0.11202400177717209, 0.10418300330638885, 0.09490469843149185, 0.0730409026145935, 0.08101940155029297, 0.10453499853610992, 0.10501399636268616, 0.07360389828681946, 0.07671160250902176, 0.10770100355148315, 0.1004830002784729, 0.07812590152025223, 0.08639439940452576, 0.07013659924268723, 0.07228279858827591, 0.08296649903059006, 0.08254490047693253, 0.06610850244760513, 0.06755910068750381, 0.11284299939870834, 0.11190800368785858, 0.10362300276756287, 0.10642900317907333, 0.1037909984588623, 0.11623699963092804, 0.11817699670791626, 0.1178859993815422, 0.11490099877119064, 0.07498479634523392, 0.07383579760789871, 0.07467210292816162, 0.07058530300855637, 0.08047229796648026, 0.0791437029838562, 0.061605799943208694, 0.06682229787111282, 0.06605959683656693, 0.0714678019285202, 0.06892059743404388, 0.1088469997048378, 0.10416200011968613, 0.10683199763298035, 0.11313799768686295, 0.11011599749326706], "mag": [15.562700271606445, 15.531200408935547, 15.508199691772461, 13.12559986114502, 13.125900268554688, 13.126099586486816, 16.803199768066406, 16.963899612426758, 17.345399856567383, 18.503599166870117, 19.49720001220703, 18.082199096679688, 18.0314998626709, 18.909299850463867, 18.5851993560791, 16.073200225830078, 16.763200759887695, 17.4606990814209, 17.199800491333008, 18.296899795532227, 18.465599060058594, 18.068700790405273, 18.27910041809082, 18.354900360107422, 18.506099700927734, 13.38129997253418, 13.41450023651123, 13.378499984741211, 13.423399925231934, 13.418299674987793, 13.428799629211426, 13.45479965209961, 13.374300003051758, 13.367600440979004, 18.397600173950195, 18.264999389648438, 18.67930030822754, 18.725799560546875, 18.70039939880371, 18.777700424194336, 18.26420021057129, 18.289100646972656, 18.774200439453125, 18.23819923400879, 18.29990005493164, 13.466400146484375, 13.490599632263184, 13.450599670410156, 13.400400161743164, 13.425800323486328], "catalog": ["APASS", "APASS", "APASS", "APASS", "APASS", "APASS", "APASS", "APASS", "APASS", "APASS", "APASS", "APASS", "APASS", "APASS", "APASS", "APASS", "APASS", "APASS", "APASS", "APASS", "APASS", "APASS", "APASS", "APASS", "APASS", "APASS", "APASS", "APASS", "APASS", "APASS", "APASS", "APASS", "APASS", "APASS", "APASS", "APASS", "APASS", "APASS", "APASS", "APASS", "APASS", "APASS", "APASS", "APASS", "APASS", "APASS", "APASS", "APASS", "APASS", "APASS"], "filter": ["V", "V", "V", "i", "i", "i", "V", "V", "V", "V", "V", "V", "V", "V", "V", "r", "r", "r", "r", "r", "r", "r", "r", "r", "r", "i", "i", "i", "i", "i", "i", "i", "i", "i", "V", "V", "V", "V", "V", "V", "r", "r", "r", "r", "r", "i", "i", "i", "i", "i"], "id": [154999, 155000, 155001, 154996, 154997, 154998, 153422, 153423, 153424, 153425, 153426, 154645, 154646, 154687, 154688, 153416, 153417, 153418, 153419, 153420, 153421, 154643, 154644, 154685, 154686, 153408, 153409, 153412, 153414, 153415, 154641, 154642, 154683, 154684, 152489, 152492, 152495, 152496, 152620, 152623, 152490, 152493, 152497, 152621, 152624, 152491, 152494, 152498, 152622, 152625]}