{"mjd": [58605.135453, 58614.017879, 58605.125585, 58614.008777, 58605.130901, 58614.013332, 58627.977425, 58627.980701, 58629.97299, 58627.983279, 58629.97627, 58629.97886], "magerr": [0.021869700402021408, 0.028442399576306343, 0.061617299914360046, 0.07842359691858292, 0.02762640081346035, 0.04401469975709915, 0.07406900078058243, 0.053061001002788544, -1.0, 0.0623369999229908, 0.04424399882555008, 0.0412059985101223], "alert_name": null, "observatory": ["Liam Hardy pt5m", "Liam Hardy pt5m", "Liam Hardy pt5m", "Liam Hardy pt5m", "Liam Hardy pt5m", "Liam Hardy pt5m", "PIRATE, OU students", "PIRATE, OU students", "PIRATE, OU students", "PIRATE, OU students", "PIRATE, OU students", "PIRATE, OU students"], "caliberr": [0.16632699966430664, 0.1401820033788681, 0.017328200861811638, 0.041919201612472534, 0.07499419897794724, 0.06020500138401985, 0.048315200954675674, 0.06166459992527962, 0.0721231997013092, 0.04705379903316498, 0.09093909710645676, 0.009999999776482582], "mag": [16.855600357055664, 17.026100158691406, 17.732900619506836, 18.09630012512207, 16.812599182128906, 17.16309928894043, 18.669099807739258, 17.557600021362305, 20.307300567626953, 17.423500061035156, 17.583499908447266, 17.337600708007812], "catalog": ["SDSS", "SDSS", "APASS", "APASS", "APASS", "APASS", "APASS", "APASS", "APASS", "APASS", "APASS", "APASS"], "filter": ["R", "R", "B", "B", "V", "V", "B", "V", "g", "r", "r", "r"], "id": [151481, 152285, 151479, 152283, 151480, 152284, 154582, 154583, 153764, 154584, 153765, 153766]}