{"mjd": [58459.227432, 58459.231967], "magerr": [-1.0, -1.0], "alert_name": null, "observatory": ["Liam Hardy pt5m", "Liam Hardy pt5m"], "caliberr": [0.09854640066623688, 0.017680000513792038], "mag": [16.900800704956055, 17.398300170898438], "catalog": ["APASS", "APASS"], "filter": ["V", "r"], "id": [127288, 127289]}