{"mjd": [57928.93085648, 57928.93481481, 57931.00563657, 57928.92699074, 57930.98228009], "magerr": [-1.0, 0.07079999893903732, 0.03420000150799751, 0.06669999659061432, 0.04809999838471413], "alert_name": null, "observatory": ["Loiano, Felice Cusan", "Loiano, Felice Cusan", "Loiano, Felice Cusan", "Loiano, Felice Cusan", "Loiano, Felice Cusan"], "caliberr": [0.07704939693212509, 0.07804620265960693, 0.0901390016078949, 0.16812899708747864, 0.10029300302267075], "mag": [22.08639907836914, 20.21380043029785, 19.32069969177246, 18.97089958190918, 18.632699966430664], "catalog": ["APASS", "APASS", "APASS", "APASS", "APASS"], "filter": ["g", "r", "r", "i", "i"], "id": [77350, 77349, 77352, 77351, 77353]}