{"mjd": [58010.065459, 58010.056348, 58010.060903], "magerr": [-1.0, -1.0, -1.0], "alert_name": null, "observatory": ["Liam Hardy pt5m", "Liam Hardy pt5m", "Liam Hardy pt5m"], "caliberr": [0.1378909945487976, 0.05509819835424423, 0.07585020363330841], "mag": [20.11549949645996, 19.3843994140625, 19.47439956665039], "catalog": ["SDSS", "APASS", "APASS"], "filter": ["R", "B", "V"], "id": [83413, 83411, 83412]}