{"mjd": [58681.202031, 58672.191199, 58681.181536, 58672.207095, 58681.19748], "magerr": [-1.0, -1.0, -1.0, -1.0, -1.0], "alert_name": null, "observatory": ["Liam Hardy pt5m", "Liam Hardy pt5m", "Liam Hardy pt5m", "Liam Hardy pt5m", "Liam Hardy pt5m"], "caliberr": [0.14345400035381317, 0.1639460027217865, 0.10861100256443024, 0.10747899860143661, 0.17082099616527557], "mag": [19.536399841308594, 19.586299896240234, 18.814800262451172, 19.803499221801758, 19.50979995727539], "catalog": ["SDSS", "APASS", "APASS", "APASS", "APASS"], "filter": ["R", "B", "B", "V", "V"], "id": [159411, 158030, 159409, 158031, 159410]}