{"mjd": [57623.06238, 57658.968996, 57659.954348, 57659.961446, 57665.028711, 57665.042912, 57639.934283, 57639.94848, 57658.961897, 57636.995737, 57637.002837, 57637.009938, 57638.937864, 57638.944957, 57658.976095, 57624.96654, 57623.08066, 57624.97171, 57624.97466, 57624.97613, 57624.98771, 57625.00487, 57625.00921, 57625.00998, 57625.01155, 57626.01274, 57626.05836, 57626.06061, 57624.99645, 57624.97318, 57624.97761, 57623.06414, 57623.06561, 57623.0671, 57623.07005, 57623.07152, 57623.073, 57623.07447, 57623.0761, 57623.07758, 57623.07918, 57624.96359, 57624.96506, 57624.96801, 57624.96949, 57624.98329, 57624.98476, 57624.98624, 57624.98919, 57624.99203, 57624.9935, 57624.99498, 57624.99793, 57625.00113, 57625.0033, 57625.00408, 57625.00564, 57625.00843, 57626.00069, 57626.00247, 57626.0036, 57626.00473, 57626.00585, 57626.00979, 57626.02232, 57626.02379, 57626.05948, 57626.06174, 57626.06286, 57625.01077, 57626.00832, 57626.01422, 57626.02528, 57626.02675, 57626.02823, 57626.03331, 57626.03976, 57626.04124, 57626.04271, 57626.04419, 57626.05631], "magerr": [0.02630000002682209, -1.0, -1.0, -1.0, -1.0, -1.0, -1.0, -1.0, -1.0, -1.0, -1.0, -1.0, -1.0, -1.0, -1.0, 0.016699999570846558, 0.02979999966919422, -1.0, -1.0, -1.0, 0.016699999570846558, 0.01889999955892563, 0.019200000911951065, 0.01810000091791153, 0.019500000402331352, -1.0, 0.026499999687075615, -1.0, 0.01590000092983246, -1.0, -1.0, 0.026900000870227814, 0.027699999511241913, 0.029400000348687172, 0.03280000016093254, 0.032099999487400055, 0.029600000008940697, 0.02879999950528145, 0.029999999329447746, 0.030300000682473183, 0.028200000524520874, 0.016200000420212746, -1.0, -1.0, -1.0, 0.016699999570846558, 0.015699999406933784, 0.01720000058412552, 0.01510000042617321, 0.016599999740719795, 0.015699999406933784, 0.016100000590085983, 0.017500000074505806, 0.017799999564886093, 0.017899999395012856, 0.019600000232458115, 0.020800000056624413, 0.019200000911951065, -1.0, -1.0, -1.0, -1.0, -1.0, -1.0, -1.0, -1.0, -1.0, -1.0, -1.0, 0.019099999219179153, -1.0, -1.0, -1.0, -1.0, -1.0, -1.0, -1.0, -1.0, -1.0, -1.0, -1.0], "alert_name": null, "observatory": ["Ostrowik 0.6m. Micha", "OmicronC2PU JPRivet", "OmicronC2PU JPRivet", "OmicronC2PU JPRivet", "OmicronC2PU JPRivet", "OmicronC2PU JPRivet", "OmicronC2PU JPRivet", "OmicronC2PU JPRivet", "OmicronC2PU JPRivet", "OmicronC2PU JPRivet", "OmicronC2PU JPRivet", "OmicronC2PU JPRivet", "OmicronC2PU JPRivet", "OmicronC2PU JPRivet", "OmicronC2PU JPRivet", "Ostrowik 0.6m,K.Rybi", "Ostrowik 0.6m,K.Rybi", "Ostrowik 0.6m,K.Rybi", "Ostrowik 0.6m,K.Rybi", "Ostrowik 0.6m,K.Rybi", "Ostrowik 0.6m,K.Rybi", "Ostrowik 0.6m,K.Rybi", "Ostrowik 0.6m,K.Rybi", "Ostrowik 0.6m,K.Rybi", "Ostrowik 0.6m,K.Rybi", "Ostrowik 0.6m,K.Rybi", "Ostrowik 0.6m,K.Rybi", "Ostrowik 0.6m,K.Rybi", "Ostrowik 0.6m,K.Rybi", "Ostrowik 0.6m,K.Rybi", "Ostrowik 0.6m,K.Rybi", "Ostrowik 0.6m,K.Rybi", "Ostrowik 0.6m,K.Rybi", "Ostrowik 0.6m,K.Rybi", "Ostrowik 0.6m,K.Rybi", "Ostrowik 0.6m,K.Rybi", "Ostrowik 0.6m,K.Rybi", "Ostrowik 0.6m,K.Rybi", "Ostrowik 0.6m,K.Rybi", "Ostrowik 0.6m,K.Rybi", "Ostrowik 0.6m,K.Rybi", "Ostrowik 0.6m,K.Rybi", "Ostrowik 0.6m,K.Rybi", "Ostrowik 0.6m,K.Rybi", "Ostrowik 0.6m,K.Rybi", "Ostrowik 0.6m,K.Rybi", "Ostrowik 0.6m,K.Rybi", "Ostrowik 0.6m,K.Rybi", "Ostrowik 0.6m,K.Rybi", "Ostrowik 0.6m,K.Rybi", "Ostrowik 0.6m,K.Rybi", "Ostrowik 0.6m,K.Rybi", "Ostrowik 0.6m,K.Rybi", "Ostrowik 0.6m,K.Rybi", "Ostrowik 0.6m,K.Rybi", "Ostrowik 0.6m,K.Rybi", "Ostrowik 0.6m,K.Rybi", "Ostrowik 0.6m,K.Rybi", "Ostrowik 0.6m,K.Rybi", "Ostrowik 0.6m,K.Rybi", "Ostrowik 0.6m,K.Rybi", "Ostrowik 0.6m,K.Rybi", "Ostrowik 0.6m,K.Rybi", "Ostrowik 0.6m,K.Rybi", "Ostrowik 0.6m,K.Rybi", "Ostrowik 0.6m,K.Rybi", "Ostrowik 0.6m,K.Rybi", "Ostrowik 0.6m,K.Rybi", "Ostrowik 0.6m,K.Rybi", "Ostrowik 0.6m,K.Rybi", "Ostrowik 0.6m,K.Rybi", "Ostrowik 0.6m,K.Rybi", "Ostrowik 0.6m,K.Rybi", "Ostrowik 0.6m,K.Rybi", "Ostrowik 0.6m,K.Rybi", "Ostrowik 0.6m,K.Rybi", "Ostrowik 0.6m,K.Rybi", "Ostrowik 0.6m,K.Rybi", "Ostrowik 0.6m,K.Rybi", "Ostrowik 0.6m,K.Rybi", "Ostrowik 0.6m,K.Rybi"], "caliberr": [0.03392510116100311, 0.2766669988632202, 0.15482300519943237, 0.15012800693511963, 0.1665090024471283, 0.1576489955186844, 0.23045100271701813, 0.24023300409317017, 0.2316499948501587, 0.09962780028581619, 0.0999583974480629, 0.09709110110998154, 0.09133420139551163, 0.07423560321331024, 0.10401400178670883, 0.07725889980792999, 0.05243999883532524, 0.07989250123500824, 0.09866990149021149, 0.07448209822177887, 0.09988240152597427, 0.08015889674425125, 0.0945231020450592, 0.08040700107812881, 0.06737770140171051, 0.15259599685668945, 0.1147259995341301, 0.1152610033750534, 0.024069199338555336, 0.09499140083789825, 0.05513549968600273, 0.04037979990243912, 0.05378960072994232, 0.03906530141830444, 0.039165399968624115, 0.05556749925017357, 0.0604592002928257, 0.06891240179538727, 0.05872809886932373, 0.05542470142245293, 0.05852710083127022, 0.06681930273771286, 0.009999999776482582, 0.009999999776482582, 0.009999999776482582, 0.029174000024795532, 0.040276698768138885, 0.013209999538958073, 0.03789050132036209, 0.02860729955136776, 0.025817399844527245, 0.013243500143289566, 0.03499409928917885, 0.009999999776482582, 0.09420909732580185, 0.009999999776482582, 0.009999999776482582, 0.009999999776482582, 0.010132299736142159, 0.009999999776482582, 0.023903900757431984, 0.009999999776482582, 0.024490900337696075, 0.26368099451065063, 0.10015500336885452, 0.10423500090837479, 0.13742299377918243, 0.12896999716758728, 0.11409199982881546, 0.09650679677724838, 0.18793000280857086, 0.15951299667358398, 0.11187899857759476, 0.0987911969423294, 0.08912090212106705, 0.06749460101127625, 0.05895150080323219, 0.05609320104122162, 0.08936130255460739, 0.1003429964184761, 0.10512799769639969], "mag": [15.294300079345703, 22.379100799560547, 23.577199935913086, 24.25079917907715, 27.818899154663086, 22.909500122070312, 22.078699111938477, 22.418800354003906, 22.253700256347656, 22.078399658203125, 22.150400161743164, 22.266199111938477, 22.23900032043457, 22.430700302124023, 22.195100784301758, 15.682900428771973, 15.237899780273438, 17.765899658203125, 18.095500946044922, 17.971200942993164, 15.402299880981445, 14.736900329589844, 14.7121000289917, 14.539799690246582, 14.73799991607666, 16.843700408935547, 14.619999885559082, 17.213300704956055, 15.324700355529785, 17.706100463867188, 17.360200881958008, 15.25790023803711, 15.315799713134766, 15.352299690246582, 15.504899978637695, 15.425999641418457, 15.378199577331543, 15.260899543762207, 15.405699729919434, 15.406599998474121, 15.238200187683105, 15.64430046081543, 19.664499282836914, 18.602100372314453, 18.963300704956055, 15.707099914550781, 15.526000022888184, 15.742899894714355, 15.405799865722656, 15.667699813842773, 15.463899612426758, 15.51039981842041, 15.73289966583252, 15.488900184631348, 14.957500457763672, 15.0625, 15.228599548339844, 15.071100234985352, 17.6382999420166, 17.535400390625, 17.353700637817383, 17.48859977722168, 17.762800216674805, 16.119300842285156, 17.700899124145508, 17.64900016784668, 17.468000411987305, 18.4335994720459, 17.8843994140625, 14.744500160217285, 16.023000717163086, 15.92770004272461, 17.658100128173828, 17.999300003051758, 17.49340057373047, 17.067399978637695, 15.200400352478027, 15.200900077819824, 15.386099815368652, 16.33650016784668, 19.626100540161133],