{"mjd": [57922.0094643, 57928.98814815, 57928.98059028, 57928.96584491], "magerr": [-1.0, 0.05249999836087227, 0.031099999323487282, 0.03220000118017197], "alert_name": null, "observatory": ["K.Wiersema-Leicester", "Loiano, Felice Cusan", "Loiano, Felice Cusan", "Loiano, Felice Cusan"], "caliberr": [0.08396919816732407, 0.11731600016355515, 0.11601900309324265, 0.12024100124835968], "mag": [20.035999298095703, 19.847900390625, 18.91320037841797, 18.100200653076172], "catalog": ["APASS", "APASS", "APASS", "APASS"], "filter": ["V", "g", "r", "i"], "id": [77296, 77903, 77901, 77902]}