{"mjd": [59320.18281, 59320.187374], "magerr": [0.020320983603596687, 0.011017953976988792], "alert_name": null, "observatory": ["Liam Hardy pt5m", "Liam Hardy pt5m"], "caliberr": [0.1521102339029312, 0.14109152555465698], "mag": [15.75242805480957, 15.047307014465332], "catalog": ["APASS", "APASS"], "filter": ["B", "V"], "id": [217628, 217629]}