{"mjd": [58649.095034, 58649.099598, 58649.102649], "magerr": [0.028357500210404396, 0.017516300082206726, 0.011102699674665928], "alert_name": null, "observatory": ["Liam Hardy pt5m", "Liam Hardy pt5m", "Liam Hardy pt5m"], "caliberr": [0.12939700484275818, 0.08806250244379044, 0.19616800546646118], "mag": [16.676700592041016, 15.816399574279785, 15.518699645996094], "catalog": ["APASS", "APASS", "APASS"], "filter": ["B", "V", "r"], "id": [155446, 155447, 155448]}