{"mjd": [58612.069131, 58625.021894, 58627.056194, 58612.060029, 58625.012773, 58627.04711, 58612.064582, 58625.017346, 58627.051652], "magerr": [-1.0, -1.0, -1.0, -1.0, -1.0, -1.0, -1.0, -1.0, -1.0], "alert_name": null, "observatory": ["Liam Hardy pt5m", "Liam Hardy pt5m", "Liam Hardy pt5m", "Liam Hardy pt5m", "Liam Hardy pt5m", "Liam Hardy pt5m", "Liam Hardy pt5m", "Liam Hardy pt5m", "Liam Hardy pt5m"], "caliberr": [0.15746399760246277, 0.09268250316381454, 0.11786399781703949, 0.08939620107412338, 0.27135899662971497, 0.06409770250320435, 0.02893720008432865, 0.11209999769926071, 0.01621370017528534], "mag": [19.862600326538086, 19.907699584960938, 20.289600372314453, 19.42460060119629, 18.989900588989258, 19.295799255371094, 20.028600692749023, 19.48780059814453, 19.858999252319336], "catalog": ["SDSS", "SDSS", "SDSS", "APASS", "APASS", "APASS", "APASS", "APASS", "APASS"], "filter": ["R", "R", "R", "B", "B", "B", "V", "V", "V"], "id": [152002, 152921, 153207, 152000, 152919, 153205, 152001, 152920, 153206]}