{"mjd": [58605.085086, 58605.075971, 58605.080539], "magerr": [0.022656500339508057, 0.06355659663677216, 0.03391969949007034], "alert_name": null, "observatory": ["Liam Hardy pt5m", "Liam Hardy pt5m", "Liam Hardy pt5m"], "caliberr": [0.11593899875879288, 0.009999999776482582, 0.009999999776482582], "mag": [16.74250030517578, 17.855600357055664, 17.05139923095703], "catalog": ["SDSS", "APASS", "APASS"], "filter": ["R", "B", "V"], "id": [151471, 151469, 151470]}