{"mjd": [58431.25697, 58431.247841, 58431.252416], "magerr": [-1.0, 0.086324043571949, 0.02892245724797249], "alert_name": null, "observatory": ["Liam Hardy pt5m", "Liam Hardy pt5m", "Liam Hardy pt5m"], "caliberr": [0.1442403644323349, 0.07618784159421921, 0.06254573166370392], "mag": [19.649696350097656, 17.34158706665039, 15.955078125], "catalog": ["SDSS", "APASS", "APASS"], "filter": ["R", "B", "V"], "id": [126120, 126118, 126119]}