{"mjd": [58459.247809], "magerr": [-1.0], "alert_name": null, "observatory": ["Liam Hardy pt5m"], "caliberr": [0.037186700850725174], "mag": [18.332000732421875], "catalog": ["SDSS"], "filter": ["R"], "id": [127291]}