{"mjd": [58606.0725, 58606.074011, 58606.075527, 58606.07705, 58606.080078], "magerr": [-1.0, -1.0, -1.0, -1.0, -1.0], "alert_name": null, "observatory": ["Liam Hardy pt5m", "Liam Hardy pt5m", "Liam Hardy pt5m", "Liam Hardy pt5m", "Liam Hardy pt5m"], "caliberr": [0.010000007227063179, 0.0100001385435462, 0.03989443555474281, 0.010000010021030903, 0.010000001639127731], "mag": [18.455089569091797, 18.591184616088867, 18.672887802124023, 18.7777099609375, 18.785566329956055], "catalog": ["APASS", "APASS", "APASS", "APASS", "APASS"], "filter": ["V", "V", "V", "r", "r"], "id": [151520, 151521, 151522, 151523, 151524]}