{"mjd": [58556.20601, 58563.16727, 58552.263759, 58556.196147, 58563.158166, 58556.201464, 58563.162722, 58635.1205, 58635.124, 58635.12633], "magerr": [0.030917799100279808, 0.044647399336099625, -1.0, 0.09117619693279266, 0.10335999727249146, 0.05332230031490326, 0.061381999403238297, 0.0297481007874012, 0.0585784986615181, 0.05179490149021149], "alert_name": null, "observatory": ["Liam Hardy pt5m", "Liam Hardy pt5m", "Liam Hardy pt5m", "Liam Hardy pt5m", "Liam Hardy pt5m", "Liam Hardy pt5m", "Liam Hardy pt5m", "PIRATE, OU students", "PIRATE, OU students", "PIRATE, OU students"], "caliberr": [0.13673600554466248, 0.11866100132465363, 0.009999999776482582, 0.05176680162549019, 0.11846499890089035, 0.06055799871683121, 0.10362300276756287, 0.04616120085120201, 0.104032002389431, 0.05133739858865738], "mag": [17.054800033569336, 17.081499099731445, 18.42300033569336, 17.72719955444336, 18.17259979248047, 17.543500900268555, 17.233800888061523, 17.638399124145508, 17.708799362182617, 17.193300247192383], "catalog": ["SDSS", "SDSS", "APASS", "APASS", "APASS", "APASS", "APASS", "APASS", "APASS", "APASS"], "filter": ["R", "R", "B", "B", "B", "V", "V", "B", "V", "r"], "id": [147482, 147735, 146383, 147480, 147733, 147481, 147734, 153836, 153838, 153837]}