{"mjd": [58545.996541, 58559.997268, 58546.001103, 58560.001821, 58546.005661, 58560.004861], "magerr": [-1.0, -1.0, 0.13736750185489655, -1.0, -1.0, -1.0], "alert_name": null, "observatory": ["Liam Hardy pt5m", "Liam Hardy pt5m", "Liam Hardy pt5m", "Liam Hardy pt5m", "Liam Hardy pt5m", "Liam Hardy pt5m"], "caliberr": [0.055643122643232346, 0.10248810797929764, 0.04379355162382126, 0.23649875819683075, 0.05874798446893692, 0.1736794263124466], "mag": [18.626333236694336, 17.663898468017578, 18.22896385192871, 17.43843650817871, 19.473690032958984, 16.99294662475586], "catalog": ["APASS", "APASS", "APASS", "APASS", "APASS", "APASS"], "filter": ["B", "B", "V", "V", "r", "r"], "id": [142999, 147604, 143000, 147605, 143001, 147606]}