{"mjd": [59298.202685, 59298.206466], "magerr": [0.05413568392395973, 0.025712676346302032], "alert_name": null, "observatory": ["Liam Hardy pt5m", "Liam Hardy pt5m"], "caliberr": [0.0536687970161438, 0.010000000707805157], "mag": [16.062131881713867, 15.017160415649414], "catalog": ["APASS", "APASS"], "filter": ["B", "V"], "id": [215727, 215728]}