{"mjd": [58461.8007086, 58463.77011, 58463.77793, 58466.7592686, 58466.7614446, 58461.8075812], "magerr": [0.012299999594688416, 0.03779999911785126, 0.03779999911785126, 0.019300000742077827, 0.018400000408291817, 0.020600000396370888], "alert_name": null, "observatory": ["ObsMontsec-Umut Burg", "ObsMontsec-Umut Burg", "ObsMontsec-Umut Burg", "ObsMontsec-Umut Burg", "ObsMontsec-Umut Burg", "ObsMontsec-Umut Burg"], "caliberr": [0.2675420045852661, 0.21560899913311005, 0.21560800075531006, 0.21789999306201935, 0.21287499368190765, 0.26348400115966797], "mag": [16.589099884033203, 18.080900192260742, 18.080900192260742, 17.17620086669922, 17.093299865722656, 15.874300003051758], "catalog": ["SDSS", "SDSS", "SDSS", "SDSS", "SDSS", "SDSS"], "filter": ["r", "V", "V", "R", "R", "I"], "id": [127815, 130898, 127882, 128466, 128467, 127818]}