{"mjd": [59086.212314, 59097.182349, 59086.216914, 59097.186903, 59086.221468, 59097.191452], "magerr": [-1.0, -1.0, 0.09514400362968445, -1.0, 0.07156509906053543, -1.0], "alert_name": null, "observatory": ["Liam Hardy pt5m", "Liam Hardy pt5m", "Liam Hardy pt5m", "Liam Hardy pt5m", "Liam Hardy pt5m", "Liam Hardy pt5m"], "caliberr": [0.026005299761891365, 0.1016319990158081, 0.04731149971485138, 0.05060210078954697, 0.06190190091729164, 0.0500468984246254], "mag": [18.964599609375, 18.844100952148438, 18.630399703979492, 19.305400848388672, 18.578399658203125, 19.566299438476562], "catalog": ["APASS", "APASS", "APASS", "APASS", "APASS", "APASS"], "filter": ["B", "B", "V", "V", "r", "r"], "id": [197530, 198320, 197531, 198321, 197532, 198322]}