{"mjd": [58671.191176, 58680.200335, 58671.182071, 58680.177579, 58671.186625, 58680.195789], "magerr": [-1.0, 0.032051801681518555, -1.0, 0.08778029680252075, -1.0, 0.05116190016269684], "alert_name": null, "observatory": ["Liam Hardy pt5m", "Liam Hardy pt5m", "Liam Hardy pt5m", "Liam Hardy pt5m", "Liam Hardy pt5m", "Liam Hardy pt5m"], "caliberr": [0.07550600171089172, 0.10446099936962128, 0.07407110184431076, 0.03257250040769577, 0.009999999776482582, 0.08586569875478745], "mag": [20.05419921875, 16.269899368286133, 19.98310089111328, 17.212799072265625, 19.692100524902344, 16.992399215698242], "catalog": ["SDSS", "SDSS", "APASS", "APASS", "APASS", "APASS"], "filter": ["R", "R", "B", "B", "V", "V"], "id": [157920, 159026, 157918, 159024, 157919, 159025]}