{"mjd": [58519.283627, 58527.233749, 58534.262535, 58519.276034, 58527.223876, 58534.252668, 58519.280592, 58527.229205, 58534.257228], "magerr": [0.014150800183415413, 0.1082179993391037, -1.0, 0.018786000087857246, -1.0, -1.0, 0.013773100450634956, -1.0, -1.0], "alert_name": null, "observatory": ["Liam Hardy pt5m", "Liam Hardy pt5m", "Liam Hardy pt5m", "Liam Hardy pt5m", "Liam Hardy pt5m", "Liam Hardy pt5m", "Liam Hardy pt5m", "Liam Hardy pt5m", "Liam Hardy pt5m"], "caliberr": [0.1538040041923523, 0.1477690041065216, 0.2055789977312088, 0.07495380192995071, 0.06990650296211243, 0.05874919891357422, 0.03730680048465729, 0.05759980157017708, 0.06794589757919312], "mag": [15.616100311279297, 18.878999710083008, 19.243999481201172, 15.154800415039062, 18.571500778198242, 18.250499725341797, 15.524499893188477, 19.225900650024414, 18.606300354003906], "catalog": ["SDSS", "SDSS", "SDSS", "APASS", "APASS", "APASS", "APASS", "APASS", "APASS"], "filter": ["R", "R", "R", "B", "B", "B", "V", "V", "V"], "id": [130612, 131018, 131271, 130610, 131016, 131269, 130611, 131017, 131270]}