{"mjd": [58649.18759, 58655.159399, 58662.149757, 58649.192153, 58655.163955, 58662.154325, 58649.196724, 58655.168516, 58662.158892], "magerr": [0.08652038872241974, 0.09271080791950226, 0.09049902856349945, 0.025109369307756424, 0.031113987788558006, 0.02807646058499813, 0.013654022477567196, 0.014273605309426785, 0.014629111625254154], "alert_name": null, "observatory": ["Liam Hardy pt5m", "Liam Hardy pt5m", "Liam Hardy pt5m", "Liam Hardy pt5m", "Liam Hardy pt5m", "Liam Hardy pt5m", "Liam Hardy pt5m", "Liam Hardy pt5m", "Liam Hardy pt5m"], "caliberr": [0.27585628628730774, 0.29542630910873413, 0.289201021194458, 0.06950268894433975, 0.07084324955940247, 0.07673518359661102, 0.09578793495893478, 0.04033326357603073, 0.0410027839243412], "mag": [18.29861831665039, 18.502201080322266, 18.237741470336914, 16.894275665283203, 16.811748504638672, 16.765687942504883, 16.38534164428711, 16.37223243713379, 16.309621810913086], "catalog": ["APASS", "APASS", "APASS", "APASS", "APASS", "APASS", "APASS", "APASS", "APASS"], "filter": ["B", "B", "B", "V", "V", "V", "r", "r", "r"], "id": [155465, 156126, 157023, 155466, 156127, 157024, 155467, 156128, 157025]}