{"mjd": [58813.24533, 58819.215338, 58813.235994, 58819.206237, 58813.240635, 58819.210793], "magerr": [0.0780349001288414, 0.08350030332803726, 0.15092100203037262, -1.0, 0.10052900016307831, -1.0], "alert_name": null, "observatory": ["Liam Hardy pt5m", "Liam Hardy pt5m", "Liam Hardy pt5m", "Liam Hardy pt5m", "Liam Hardy pt5m", "Liam Hardy pt5m"], "caliberr": [0.09577299654483795, 0.14989100396633148, 0.009999999776482582, 0.08304759860038757, 0.08039949834346771, 0.047567300498485565], "mag": [18.09910011291504, 18.056800842285156, 18.91230010986328, 19.347700119018555, 18.348800659179688, 19.695100784301758], "catalog": ["SDSS", "SDSS", "APASS", "APASS", "APASS", "APASS"], "filter": ["R", "R", "B", "B", "V", "V"], "id": [173340, 173694, 173338, 173692, 173339, 173693]}