{"mjd": [56824.196285, 56857.138113, 56860.118762, 56860.121748], "magerr": [0.04872633516788483, 0.026653161272406578, 0.02180532179772854, 0.02191590890288353], "alert_name": null, "observatory": ["Stuart Littlefair, p", "Stuart Littlefair, p", "Stuart Littlefair, p", "Stuart Littlefair, p"], "caliberr": [0.2946148216724396, 0.20476651191711426, 0.21204814314842224, 0.18286767601966858], "mag": [15.690864562988281, 15.752801895141602, 15.637186050415039, 15.691166877746582], "catalog": ["SDSS", "SDSS", "SDSS", "SDSS"], "filter": ["R", "R", "R", "R"], "id": [5874, 6083, 6088, 6090]}