{"mjd": [57921.9452689], "magerr": [0.0019000000320374966], "alert_name": null, "observatory": ["K.Wiersema-Leicester"], "caliberr": [0.04003420099616051], "mag": [13.147199630737305], "catalog": ["APASS"], "filter": ["V"], "id": [77249]}