{"mjd": [58813.928147, 58818.926893, 58813.932716, 58813.937568], "magerr": [-1.0, -1.0, -1.0, -1.0], "alert_name": null, "observatory": ["Liam Hardy pt5m", "Liam Hardy pt5m", "Liam Hardy pt5m", "Liam Hardy pt5m"], "caliberr": [0.10651499778032303, 0.10581500083208084, 0.07386980205774307, 0.10738500207662582], "mag": [19.252199172973633, 18.91550064086914, 23.930700302124023, 19.73310089111328], "catalog": ["APASS", "APASS", "APASS", "APASS"], "filter": ["B", "B", "V", "r"], "id": [173395, 173661, 173396, 173397]}