{"mjd": [59014.033085, 59014.03664, 59014.040197, 59014.043752, 59015.01215, 59015.015705, 59015.019262, 59015.022818, 59051.041177, 59051.0447, 59051.048305, 59051.051868, 59053.047337, 59053.050905, 59053.054471, 59053.058038, 59113.843756, 59114.801329, 59115.794073, 59113.849415, 59114.80699, 59115.799733, 59113.855144, 59114.812719, 59115.805451], "magerr": [0.0010999999940395355, 0.0010999999940395355, 0.0010999999940395355, 0.0010999999940395355, 0.0010000000474974513, 0.0010000000474974513, 0.0010000000474974513, 0.0010000000474974513, 0.0010000000474974513, 0.0010000000474974513, 0.0010000000474974513, 0.0010999999940395355, 0.0010000000474974513, 0.0010000000474974513, 0.0010000000474974513, 0.0010000000474974513, 0.010700000450015068, 0.006200000178068876, 0.006500000134110451, 0.016300000250339508, 0.00570000009611249, 0.006000000052154064, 0.014299999922513962, 0.007400000002235174, 0.007400000002235174], "alert_name": null, "observatory": ["OmicronC2PU JPRivet", "OmicronC2PU JPRivet", "OmicronC2PU JPRivet", "OmicronC2PU JPRivet", "OmicronC2PU JPRivet", "OmicronC2PU JPRivet", "OmicronC2PU JPRivet", "OmicronC2PU JPRivet", "OmicronC2PU JPRivet", "OmicronC2PU JPRivet", "OmicronC2PU JPRivet", "OmicronC2PU JPRivet", "OmicronC2PU JPRivet", "OmicronC2PU JPRivet", "OmicronC2PU JPRivet", "OmicronC2PU JPRivet", "Moletai0.35-Erika Pa", "Moletai0.35-Erika Pa", "Moletai0.35-Erika Pa", "Moletai0.35-Erika Pa", "Moletai0.35-Erika Pa", "Moletai0.35-Erika Pa", "Moletai0.35-Erika Pa", "Moletai0.35-Erika Pa", "Moletai0.35-Erika Pa"], "caliberr": [0.28854799270629883, 0.3053779900074005, 0.2850619852542877, 0.2813979983329773, 0.2654139995574951, 0.26915299892425537, 0.25812000036239624, 0.2600330114364624, 0.2965939939022064, 0.2816210091114044, 0.2784070074558258, 0.3169170022010803, 0.2401289939880371, 0.2625879943370819, 0.2503350079059601, 0.2462639957666397, 0.10115300118923187, 0.07960899919271469, 0.10729900002479553, 0.10756000131368637, 0.09688550233840942, 0.1546429991722107, 0.1406639963388443, 0.24564500153064728, 0.14068099856376648], "mag": [14.530500411987305, 14.54520034790039, 14.532500267028809, 14.524999618530273, 14.539600372314453, 14.548100471496582, 14.53320026397705, 14.538900375366211, 14.543000221252441, 14.547800064086914, 14.531599998474121, 14.549500465393066, 14.543100357055664, 14.544899940490723, 14.543399810791016, 14.555999755859375, 14.959799766540527, 14.960800170898438, 14.958900451660156, 14.405099868774414, 14.402099609375, 14.392999649047852, 13.745699882507324, 13.67199993133545, 13.66510009765625], "catalog": ["PS1", "PS1", "PS1", "PS1", "PS1", "PS1", "PS1", "PS1", "PS1", "PS1", "PS1", "PS1", "PS1", "PS1", "PS1", "PS1", "APASS", "APASS", "APASS", "APASS", "APASS", "APASS", "APASS", "APASS", "APASS"], "filter": ["r", "r", "r", "r", "r", "r", "r", "r", "r", "r", "r", "r", "r", "r", "r", "r", "V", "V", "V", "r", "r", "r", "i", "i", "i"], "id": [193253, 193254, 193255, 193256, 193299, 193300, 193301, 193302, 194805, 194806, 194807, 194808, 194809, 194810, 194811, 194812, 200042, 200447, 200465, 200041, 200469, 200464, 200040, 200445, 200470]}