{"mjd": [58678.08113, 58701.0306, 58678.085687, 58701.035157, 58701.039707], "magerr": [-1.0, -1.0, -1.0, 0.15295162796974182, 0.10824458301067352], "alert_name": null, "observatory": ["Liam Hardy pt5m", "Liam Hardy pt5m", "Liam Hardy pt5m", "Liam Hardy pt5m", "Liam Hardy pt5m"], "caliberr": [0.05623501166701317, 0.014830296859145164, 0.04989418387413025, 0.03716932237148285, 0.028847921639680862], "mag": [19.172447204589844, 20.524673461914062, 19.559795379638672, 19.428796768188477, 19.19610023498535], "catalog": ["APASS", "APASS", "APASS", "APASS", "APASS"], "filter": ["B", "B", "V", "V", "r"], "id": [158516, 161598, 158517, 161599, 161600]}