{"mjd": [57438.706882, 57438.711343, 57438.715941], "magerr": [0.03009999915957451, 0.027300000190734863, 0.038100000470876694], "alert_name": null, "observatory": ["T100,Hasan Esenoglu", "T100,Hasan Esenoglu", "T100,Hasan Esenoglu"], "caliberr": [0.07402302324771881, 0.07735028117895126, 0.09951469302177429], "mag": [17.874462127685547, 17.833696365356445, 18.016620635986328], "catalog": ["APASS", "APASS", "APASS"], "filter": ["g", "r", "i"], "id": [26814, 26815, 26816]}