{"mjd": [58601.203017, 58601.207584, 58601.21216], "magerr": [-1.0, -1.0, 0.10221099853515625], "alert_name": null, "observatory": ["Liam Hardy pt5m", "Liam Hardy pt5m", "Liam Hardy pt5m"], "caliberr": [0.13463500142097473, 0.11135199666023254, 0.12406300008296967], "mag": [19.49570083618164, 19.26219940185547, 18.403799057006836], "catalog": ["APASS", "APASS", "APASS"], "filter": ["B", "V", "r"], "id": [151231, 151232, 151233]}