{"mjd": [59112.24229], "magerr": [-1.0], "alert_name": null, "observatory": ["Liam Hardy pt5m"], "caliberr": [0.06776700168848038], "mag": [18.45989990234375], "catalog": ["APASS"], "filter": ["B"], "id": [199508]}