{"mjd": [58890.225389, 58892.236319, 58890.216285, 58892.22721, 58890.220846, 58892.231771], "magerr": [0.09159286320209503, 0.08245708048343658, 0.17907553911209106, -1.0, 0.09745859354734421, 0.11828912794589996], "alert_name": null, "observatory": ["Liam Hardy pt5m", "Liam Hardy pt5m", "Liam Hardy pt5m", "Liam Hardy pt5m", "Liam Hardy pt5m", "Liam Hardy pt5m"], "caliberr": [0.16321836411952972, 0.2377469837665558, 0.13670776784420013, 0.1610945612192154, 0.12635932862758636, 0.05078234523534775], "mag": [18.5952205657959, 17.990970611572266, 19.038331985473633, 22.333744049072266, 18.539112091064453, 18.489776611328125], "catalog": ["SDSS", "SDSS", "APASS", "APASS", "APASS", "APASS"], "filter": ["R", "R", "B", "B", "V", "V"], "id": [177482, 178641, 177480, 178639, 177481, 178640]}