{"mjd": [59272.013738], "magerr": [-1.0], "alert_name": null, "observatory": ["Liam Hardy pt5m"], "caliberr": [0.1931840032339096], "mag": [16.570600509643555], "catalog": ["APASS"], "filter": ["B"], "id": [213347]}