{"mjd": [58890.239601, 58900.271824, 58890.230381, 58892.275504, 58900.261848, 58890.234176, 58892.278561, 58900.267278], "magerr": [0.07812578231096268, 0.07971102744340897, 0.12234430760145187, -1.0, -1.0, 0.10027648508548737, -1.0, 0.11948446184396744], "alert_name": null, "observatory": ["Liam Hardy pt5m", "Liam Hardy pt5m", "Liam Hardy pt5m", "Liam Hardy pt5m", "Liam Hardy pt5m", "Liam Hardy pt5m", "Liam Hardy pt5m", "Liam Hardy pt5m"], "caliberr": [0.16142787039279938, 0.17176741361618042, 0.057646650820970535, 0.022179612889885902, 0.02587258070707321, 0.02124863676726818, 0.0203617662191391, 0.041667915880680084], "mag": [17.97223663330078, 18.372535705566406, 18.65343475341797, 19.04587745666504, 19.217443466186523, 18.19963264465332, 18.825820922851562, 18.67966079711914], "catalog": ["SDSS", "SDSS", "APASS", "APASS", "APASS", "APASS", "APASS", "APASS"], "filter": ["R", "R", "B", "B", "B", "V", "V", "V"], "id": [177485, 180610, 177483, 178648, 180608, 177484, 178649, 180609]}