{"mjd": [59469.99053, 59477.874893, 59469.995088, 59477.879447], "magerr": [-1.0, -1.0, 0.15950943529605865, 0.11396640539169312], "alert_name": null, "observatory": ["Liam Hardy pt5m", "Liam Hardy pt5m", "Liam Hardy pt5m", "Liam Hardy pt5m"], "caliberr": [0.1005561500787735, 0.07359077781438828, 0.03618718311190605, 0.02169402875006199], "mag": [18.31764030456543, 18.27405548095703, 18.11722755432129, 18.100255966186523], "catalog": ["APASS", "APASS", "APASS", "APASS"], "filter": ["B", "B", "V", "V"], "id": [233870, 234403, 233871, 234404]}