{"mjd": [59112.125714, 59122.060671, 59102.173364, 59112.116526, 59122.05074, 59102.185877, 59112.121077, 59122.055366], "magerr": [-1.0, -1.0, -1.0, -1.0, -1.0, -1.0, -1.0, -1.0], "alert_name": null, "observatory": ["Liam Hardy pt5m", "Liam Hardy pt5m", "Liam Hardy pt5m", "Liam Hardy pt5m", "Liam Hardy pt5m", "Liam Hardy pt5m", "Liam Hardy pt5m", "Liam Hardy pt5m"], "caliberr": [0.17731855809688568, 0.227373868227005, 0.04522906616330147, 0.012391655705869198, 0.010000045411288738, 0.04613187164068222, 0.04686862975358963, 0.05663921684026718], "mag": [19.51063346862793, 19.71555519104004, 19.171035766601562, 18.854328155517578, 18.761260986328125, 19.33628273010254, 18.890966415405273, 18.95281982421875], "catalog": ["SDSS", "SDSS", "APASS", "APASS", "APASS", "APASS", "APASS", "APASS"], "filter": ["R", "R", "B", "B", "B", "V", "V", "V"], "id": [199486, 201612, 198795, 199484, 201610, 198796, 199485, 201611]}