{"mjd": [57985.212337, 57989.201072, 57985.217034, 57989.205632, 57985.221667, 57989.210197], "magerr": [-1.0, -1.0, -1.0, -1.0, -1.0, -1.0], "alert_name": null, "observatory": ["Liam Hardy pt5m", "Liam Hardy pt5m", "Liam Hardy pt5m", "Liam Hardy pt5m", "Liam Hardy pt5m", "Liam Hardy pt5m"], "caliberr": [0.13963499665260315, 0.07178080081939697, 0.043300699442625046, 0.029523199424147606, 0.022536499425768852, 0.03264560177922249], "mag": [19.469900131225586, 19.208099365234375, 19.637699127197266, 19.172500610351562, 19.766199111938477, 19.829599380493164], "catalog": ["APASS", "APASS", "APASS", "APASS", "APASS", "APASS"], "filter": ["B", "B", "V", "V", "r", "r"], "id": [81811, 82268, 81812, 82269, 81813, 82270]}