{"mjd": [59286.071282, 59286.075834, 59286.080467], "magerr": [-1.0, 0.13544300198554993, 0.07030239701271057], "alert_name": null, "observatory": ["Liam Hardy pt5m", "Liam Hardy pt5m", "Liam Hardy pt5m"], "caliberr": [0.009999999776482582, 0.009999999776482582, 0.10258899629116058], "mag": [18.543699264526367, 18.08679962158203, 18.243900299072266], "catalog": ["APASS", "APASS", "APASS"], "filter": ["B", "V", "r"], "id": [213893, 213894, 213895]}