{"mjd": [57594.923878, 57594.93301, 57594.925444, 57594.934368, 57594.919427, 57594.928221, 57605.0770128, 57573.9791662, 57573.9791662, 57573.9791662, 57572.9282668, 57572.9282668, 57572.9282668], "magerr": [0.0034000000450760126, 0.0034000000450760126, 0.0035000001080334187, 0.003599999938160181, 0.004699999932199717, 0.004600000102072954, 0.014000000432133675, 0.00839999970048666, 0.0007999999797903001, 0.0008999999845400453, 0.00930000003427267, 0.0008999999845400453, 0.0008999999845400453], "alert_name": null, "observatory": ["T100,Hasan Esenoglu", "T100,Hasan Esenoglu", "T100,Hasan Esenoglu", "T100,Hasan Esenoglu", "T100,Hasan Esenoglu", "T100,Hasan Esenoglu", "K.Wiersema-Leicester", "Mercator Geneva Grou", "Mercator Geneva Grou", "Mercator Geneva Grou", "Euler Geneva Group", "Euler Geneva Group", "Euler Geneva Group"], "caliberr": [0.10206484794616699, 0.10044588893651962, 0.19742020964622498, 0.173216313123703, 0.20414391160011292, 0.2167283594608307, 0.042668238282203674, 0.3874167203903198, 0.13349303603172302, 0.08698126673698425, 0.32687631249427795, 0.08082728087902069, 0.010000006295740604], "mag": [14.85032844543457, 14.848489761352539, 14.612730979919434, 14.63991928100586, 14.532722473144531, 14.51500129699707, 15.932425498962402, 16.874591827392578, 15.053900718688965, 14.544265747070312, 16.70345687866211, 15.050703048706055, 14.49506950378418], "catalog": ["APASS", "APASS", "APASS", "APASS", "APASS", "APASS", "SDSS", "SDSS", "SDSS", "SDSS", "SDSS", "SDSS", "SDSS"], "filter": ["g", "g", "r", "r", "i", "i", "V", "u", "g", "r", "u", "g", "r"], "id": [42032, 42033, 42034, 42035, 42036, 42037, 41420, 39207, 39205, 39206, 39144, 39142, 39143]}