{"mjd": [59241.158859, 59248.108491, 59248.103198], "magerr": [0.033776093274354935, 0.038818925619125366, 0.05473847687244415], "alert_name": null, "observatory": ["Liam Hardy pt5m", "Liam Hardy pt5m", "Liam Hardy pt5m"], "caliberr": [0.25695934891700745, 0.21280820667743683, 0.010000004433095455], "mag": [16.32175064086914, 16.51955795288086, 17.16230583190918], "catalog": ["SDSS", "SDSS", "APASS"], "filter": ["R", "R", "B"], "id": [212038, 212398, 212397]}