{"mjd": [58270.913082, 58251.016633, 58255.952332, 58270.920448, 58255.941415, 58255.947802, 58251.012104], "magerr": [-1.0, 0.06665120273828506, 0.14761200547218323, 0.14938199520111084, -1.0, -1.0, 0.0829349011182785], "alert_name": null, "observatory": ["Liam Hardy pt5m", "Liam Hardy pt5m", "Liam Hardy pt5m", "Liam Hardy pt5m", "Liam Hardy pt5m", "Liam Hardy pt5m", "Liam Hardy pt5m"], "caliberr": [0.13346800208091736, 0.10555200278759003, 0.07428009808063507, 0.1014999970793724, 0.010000200010836124, 0.009999999776482582, 0.1783670037984848], "mag": [19.37649917602539, 18.669200897216797, 19.424299240112305, 19.547000885009766, 18.98390007019043, 19.662599563598633, 18.571300506591797], "catalog": ["SDSS", "SDSS", "SDSS", "SDSS", "APASS", "APASS", "PS1"], "filter": ["V", "R", "R", "R", "B", "V", "r"], "id": [106008, 104976, 105246, 106009, 105244, 105245, 104975]}