{"mjd": [59321.187192, 59327.212022, 59338.21702, 59342.135226, 59321.191889, 59327.21716, 59342.13982, 59321.197205, 59342.144448], "magerr": [-1.0, -1.0, -1.0, -1.0, -1.0, -1.0, -1.0, -1.0, -1.0], "alert_name": null, "observatory": ["Liam Hardy pt5m", "Liam Hardy pt5m", "Liam Hardy pt5m", "Liam Hardy pt5m", "Liam Hardy pt5m", "Liam Hardy pt5m", "Liam Hardy pt5m", "Liam Hardy pt5m", "Liam Hardy pt5m"], "caliberr": [0.11316252499818802, 0.44050395488739014, 0.11965052783489227, 0.1242440715432167, 0.05370931327342987, 0.056083690375089645, 0.03921167925000191, 0.05245771259069443, 0.04995661973953247], "mag": [19.07025718688965, 17.9383544921875, 19.174564361572266, 20.047168731689453, 18.780332565307617, 17.557193756103516, 19.09684944152832, 19.424718856811523, 19.682979583740234], "catalog": ["APASS", "APASS", "APASS", "APASS", "APASS", "APASS", "APASS", "APASS", "APASS"], "filter": ["B", "B", "B", "B", "V", "V", "V", "r", "r"], "id": [217735, 217989, 219729, 220490, 217736, 217990, 220491, 217737, 220492]}