{"mjd": [58431.033035, 58438.038737, 58431.051017, 58438.043298, 58431.055578, 58438.047852], "magerr": [-1.0, -1.0, 0.11897599697113037, 0.11300099641084671, 0.03676310181617737, 0.038153599947690964], "alert_name": null, "observatory": ["Liam Hardy pt5m", "Liam Hardy pt5m", "Liam Hardy pt5m", "Liam Hardy pt5m", "Liam Hardy pt5m", "Liam Hardy pt5m"], "caliberr": [0.06496790051460266, 0.04676070064306259, 0.049723800271749496, 0.049192801117897034, 0.09311159700155258, 0.05253849923610687], "mag": [19.068700790405273, 19.090299606323242, 18.166000366210938, 17.967300415039062, 16.99720001220703, 16.633499145507812], "catalog": ["APASS", "APASS", "APASS", "APASS", "APASS", "APASS"], "filter": ["B", "B", "V", "V", "r", "r"], "id": [126075, 126470, 126076, 126471, 126077, 126472]}