{"mjd": [59335.89388065, 59341.88249288, 59335.88682045, 59335.91169729, 59341.87544341, 59335.90098735, 59335.91886622, 59341.88960116], "magerr": [0.04749999940395355, 0.029400000348687172, 0.06859999895095825, 0.024399999529123306, 0.02280000038444996, 0.02850000001490116, 0.02199999988079071, 0.02280000038444996], "alert_name": null, "observatory": ["Moletai0.35-Erika Pa", "Moletai0.35-Erika Pa", "Moletai0.35-Erika Pa", "Moletai0.35-Erika Pa", "Moletai0.35-Erika Pa", "Moletai0.35-Erika Pa", "Moletai0.35-Erika Pa", "Moletai0.35-Erika Pa"], "caliberr": [0.07723494619131088, 0.07759688049554825, 0.08571737259626389, 0.08000881969928741, 0.08456007391214371, 0.15005791187286377, 0.1388530135154724, 0.15034925937652588], "mag": [16.765092849731445, 16.798921585083008, 16.387317657470703, 16.240861892700195, 16.20662498474121, 15.353031158447266, 15.34261417388916, 15.533498764038086], "catalog": ["APASS", "APASS", "APASS", "APASS", "APASS", "APASS", "APASS", "APASS"], "filter": ["V", "V", "r", "r", "r", "i", "i", "i"], "id": [220519, 220725, 220517, 220518, 220724, 220515, 220516, 220723]}