{"mjd": [57688.813739001, 57688.835421002, 57688.851469001, 57688.809725001, 57688.831396001, 57688.847469002, 57688.805856002, 57688.827528001, 57688.843608001, 57688.817614001, 57688.839292001, 57688.855330002], "magerr": [0.027300000190734863, 0.02500000037252903, 0.029200000688433647, 0.0210999995470047, 0.020400000736117363, 0.02280000038444996, 0.024800000712275505, 0.027499999850988388, 0.029999999329447746, 0.04490000009536743, 0.04490000009536743, 0.04360000044107437], "alert_name": null, "observatory": ["GiuseppeAltavillaLoi", "GiuseppeAltavillaLoi", "GiuseppeAltavillaLoi", "GiuseppeAltavillaLoi", "GiuseppeAltavillaLoi", "GiuseppeAltavillaLoi", "GiuseppeAltavillaLoi", "GiuseppeAltavillaLoi", "GiuseppeAltavillaLoi", "GiuseppeAltavillaLoi", "GiuseppeAltavillaLoi", "GiuseppeAltavillaLoi"], "caliberr": [0.10616900026798248, 0.10419099777936935, 0.1024940013885498, 0.09048070013523102, 0.09321130067110062, 0.06526560336351395, 0.1281069964170456, 0.106625996530056, 0.11601199954748154, 0.14026500284671783, 0.15139299631118774, 0.13994300365447998], "mag": [18.915199279785156, 18.84630012512207, 18.94969940185547, 18.773799896240234, 18.65329933166504, 18.726900100708008, 18.57029914855957, 18.529300689697266, 18.4424991607666, 18.16819953918457, 18.0669002532959, 18.040300369262695], "catalog": ["APASS", "APASS", "APASS", "APASS", "APASS", "APASS", "APASS", "APASS", "APASS", "APASS", "APASS", "APASS"], "filter": ["B", "B", "B", "g", "g", "g", "r", "r", "r", "i", "i", "i"], "id": [51924, 51925, 51926, 51945, 51946, 51947, 51941, 51942, 51943, 51935, 51936, 51938]}