{"mjd": [57782.70316, 57782.70942, 57782.69839, 57782.70465, 57782.71091, 57782.69986, 57782.70612, 57782.71238, 57782.70133, 57782.70759, 57782.71385, 57812.816642, 57818.721661, 57819.727263, 58690.983659, 58693.934653, 58759.069722, 58772.083299, 58789.792106, 58790.871759, 58791.902037, 58793.435243, 58793.973403, 58797.779711, 58800.760417, 58804.967569, 58806.90419, 58809.84228, 58810.801667, 58811.8575, 58819.876551, 58822.680775, 58823.712315, 58824.652072, 58825.661505, 58826.6539, 58827.671678, 57812.817322, 57818.722186, 57819.728103, 58690.985805, 58693.936706, 58759.070961, 58772.084537, 58789.792778, 58790.872488, 58791.902685, 58793.435891, 58793.974074, 58794.867315, 58797.78044, 58800.761053, 58804.968218, 58806.904838, 58809.842975, 58810.802326, 58811.858148, 58819.877164, 58822.681389, 58823.712951, 58824.652685, 58825.662118, 58826.654525, 58827.672292, 57812.815932, 57817.803399, 57818.721097, 57819.726386, 58690.985115, 58693.936015, 58759.072199, 58772.085775, 58789.793438, 58790.873125, 58791.903345, 58793.436528, 58793.974792, 58794.867928, 58797.781169, 58800.76169, 58804.968854, 58806.905475, 58809.843646, 58810.803021, 58811.858148, 58819.877778, 58822.682014, 58823.713576, 58824.653299, 58825.662731, 58826.655139, 58827.672905, 57812.817947, 57817.805743, 57818.722762, 57819.72788, 58759.073437, 58772.087025, 58789.794109, 58790.873762, 58793.437176, 58793.975463, 58794.868542, 58797.78184, 58800.762326, 58804.969491, 58806.906123, 58809.844294, 58810.803715, 58811.859421, 58819.878391, 58822.682627, 58823.714201, 58824.653912, 58825.663345, 58826.655752, 58827.673519], "magerr": [0.013000000268220901, 0.010700000450015068, 0.009700000286102295, 0.008200000040233135, 0.006899999920278788, 0.007400000002235174, 0.005499999970197678, 0.0052999998442828655, 0.008500000461935997, 0.00800000037997961, 0.0052999998442828655, 0.05779999867081642, 0.038600001484155655, 0.024700000882148743, 0.029100000858306885, 0.02250000089406967, 0.026599999517202377, 0.042899999767541885, 0.05849999934434891, 0.0502999983727932, 0.03310000151395798, 0.039400000125169754, 0.04259999841451645, 0.03280000016093254, 0.027699999511241913, 0.0421999990940094, 0.054099999368190765, 0.04520000144839287, 0.0340999998152256, 0.052400000393390656, 0.05209999904036522, 0.05380000174045563, 0.0502999983727932, 0.040699999779462814, 0.042899999767541885, 0.05050000175833702, 0.042399998754262924, 0.04610000178217888, 0.021199999377131462, 0.01360000018030405, 0.015799999237060547, 0.014100000262260437, 0.014800000004470348, 0.025800000876188278, 0.045899998396635056, 0.035599999129772186, 0.020400000736117363, 0.020400000736117363, 0.024800000712275505, 0.010999999940395355, 0.0203000009059906, 0.01640000008046627, 0.021800000220537186, 0.025299999862909317, 0.03849999979138374, 0.01810000091791153, 0.032600000500679016, 0.04270000010728836, 0.03610000014305115, 0.029899999499320984, 0.023000000044703484, 0.025800000876188278, 0.03319999948143959, 0.026399999856948853, 0.02539999969303608, 0.03819999843835831, 0.01489999983459711, 0.00800000037997961, 0.01080000028014183, 0.009200000204145908, 0.008200000040233135, 0.01720000058412552, 0.03849999979138374, 0.023900000378489494, 0.014700000174343586, 0.012299999594688416, 0.014600000344216824, 0.007799999788403511, 0.011699999682605267, 0.011800000444054604, 0.016200000420212746, 0.01730000041425228, 0.014800000004470348, 0.013199999928474426, 0.02160000056028366, 0.02930000051856041, 0.024399999529123306, 0.0203000009059906, 0.01640000008046627, 0.01720000058412552, 0.023900000378489494, 0.017400000244379044, 0.0215000007301569, 0.01679999940097332, 0.014499999582767487, 0.00930000003427267, 0.012199999764561653, 0.01860000006854534, 0.03240000084042549, 0.026000000536441803, 0.01360000018030405, 0.01510000042617321, 0.01209999993443489, 0.013399999588727951, 0.010499999858438969, 0.01640000008046627, 0.018799999728798866, 0.014700000174343586, 0.013500000350177288, 0.023600000888109207, 0.02879999950528145, 0.026000000536441803, 0.022199999541044235, 0.017100000753998756, 0.01860000006854534, 0.023600000888109207, 0.01889999955892563], "alert_name": null, "observatory": ["Bialkow, Z.Kolaczkow", "Bialkow, Z.Kolaczkow", "Bialkow, Z.Kolaczkow", "Bialkow, Z.Kolaczkow", "Bialkow, Z.Kolaczkow", "Bialkow, Z.Kolaczkow", "Bialkow, Z.Kolaczkow", "Bialkow, Z.Kolaczkow", "Bialkow, Z.Kolaczkow", "Bialkow, Z.Kolaczkow", "Bialkow, Z.Kolaczkow", "Terskol-2,Vira Godun", "Terskol-2,Vira Godun", "Terskol-2,Vira Godun", "Terskol-2,Vira Godun", "Terskol-2,Vira Godun", "Terskol-2,Vira Godun", "Terskol-2,Vira Godun", "Terskol-2,Vira Godun", "Terskol-2,Vira Godun", "Terskol-2,Vira Godun", "Terskol-2,Vira Godun", "Terskol-2,Vira Godun", "Terskol-2,Vira Godun", "Terskol-2,Vira Godun", "Terskol-2,Vira Godun", "Terskol-2,Vira Godun", "Terskol-2,Vira Godun", "Terskol-2,Vira Godun", "Terskol-2,Vira Godun", "Terskol-2,Vira Godun", "Terskol-2,Vira Godun", "Terskol-2,Vira Godun", "Terskol-2,Vira Godun", "Terskol-2,Vira Godun", "Terskol-2,Vira Godun", "Terskol-2,Vira Godun", "Terskol-2,Vira Godun", "Terskol-2,Vira Godun", "Terskol-2,Vira Godun", "Terskol-2,Vira Godun", "Terskol-2,Vira Godun", "Terskol-2,Vira Godun", "Terskol-2,Vira Godun", "Terskol-2,Vira Godun", "Terskol-2,Vira Godun", "Terskol-2,Vira Godun", "Terskol-2,Vira Godun", "Terskol-2,Vira Godun", "Terskol-2,Vira Godun", "Terskol-2,Vira Godun", "Terskol-2,Vira Godun", "Terskol-2,Vira Godun", "Terskol-2,Vira Godun", "Terskol-2,Vira Godun", "Terskol-2,Vira Godun", "Terskol-2,Vira Godun", "Terskol-2,Vira Godun", "Terskol-2,Vira Godun", "Terskol-2,Vira Godun", "Terskol-2,Vira Godun", "Terskol-2,Vira Godun", "Terskol-2,Vira Godun", "Terskol-2,Vira Godun", "Terskol-2,Vira Godun", "Terskol-2,Vira Godun", "Terskol-2,Vira Godun", "Terskol-2,Vira Godun", "Terskol-2,Vira Godun", "Terskol-2,Vira Godun", "Terskol-2,Vira Godun", "Terskol-2,Vira Godun", "Terskol-2,Vira Godun", "Terskol-2,Vira Godun", "Terskol-2,Vira Godun", "Terskol-2,Vira Godun", "Terskol-2,Vira Godun", "Terskol-2,Vira Godun", "Terskol-2,Vira Godun", "Terskol-2,Vira Godun", "Terskol-2,Vira Godun", "Terskol-2,Vira Godun", "Terskol-2,Vira Godun", "Terskol-2,Vira Godun", "Terskol-2,Vira Godun", "Terskol-2,Vira Godun", "Terskol-2,Vira Godun", "Terskol-2,Vira Godun", "Terskol-2,Vira Godun", "Terskol-2,Vira Godun", "Terskol-2,Vira Godun", "Terskol-2,Vira Godun", "Terskol-2,Vira Godun", "Terskol-2,Vira Godun", "Terskol-2,Vira Godun", "Terskol-2,Vira Godun", "Terskol-2,Vira Godun", "Terskol-2,Vira Godun", "Terskol-2,Vira Godun", "Terskol-2,Vira Godun", "Terskol-2,Vira Godun", "Terskol-2,Vira Godun", "Terskol-2,Vira Godun", "Terskol-2,Vira Godun", "Terskol-2,Vira Godun", "Terskol-2,Vira Godun", "Terskol-2,Vira Godun", "Terskol-2,Vira Godun", "Terskol-2,Vira Godun", "Terskol-2,Vira Godun", "Terskol-2,Vira Godun", "Terskol-2,Vira Godun", "Terskol-2,Vira Godun", "Terskol-2,Vira Godun", "Terskol-2,Vira Godun", "Terskol-2,Vira Godun", "Terskol-2,Vira Godun"],