{"mjd": [58612.040618, 58612.031489, 58612.036071], "magerr": [0.004209490027278662, 0.006302750203758478, 0.005411210004240274], "alert_name": null, "observatory": ["Liam Hardy pt5m", "Liam Hardy pt5m", "Liam Hardy pt5m"], "caliberr": [0.06311120092868805, 0.022691499441862106, 0.03983519971370697], "mag": [14.513099670410156, 14.586099624633789, 14.689200401306152], "catalog": ["SDSS", "APASS", "APASS"], "filter": ["R", "B", "V"], "id": [151996, 151994, 151995]}