{"mjd": [58770.958192, 58774.039765, 58770.962756, 58774.044406, 58770.967324, 58774.049005], "magerr": [-1.0, -1.0, 0.12568534910678864, -1.0, 0.09011929482221603, 0.11046154797077179], "alert_name": null, "observatory": ["Liam Hardy pt5m", "Liam Hardy pt5m", "Liam Hardy pt5m", "Liam Hardy pt5m", "Liam Hardy pt5m", "Liam Hardy pt5m"], "caliberr": [0.1455231010913849, 0.09447986632585526, 0.13464497029781342, 0.10192498564720154, 0.05940310284495354, 0.0880775973200798], "mag": [18.960861206054688, 19.26082420349121, 18.487518310546875, 20.121871948242188, 18.299819946289062, 18.643871307373047], "catalog": ["APASS", "APASS", "APASS", "APASS", "APASS", "APASS"], "filter": ["B", "B", "V", "V", "r", "r"], "id": [168045, 168329, 168046, 168330, 168047, 168331]}