{"mjd": [58527.238514, 58537.211016, 58527.242311, 58537.21559, 58527.246857, 58537.220138], "magerr": [-1.0, -1.0, -1.0, -1.0, 0.11441799998283386, -1.0], "alert_name": null, "observatory": ["Liam Hardy pt5m", "Liam Hardy pt5m", "Liam Hardy pt5m", "Liam Hardy pt5m", "Liam Hardy pt5m", "Liam Hardy pt5m"], "caliberr": [0.05895809829235077, 0.10944899916648865, 0.09382189810276031, 0.047849901020526886, 0.0570886991918087, 0.051286499947309494], "mag": [18.976200103759766, 18.555599212646484, 19.38629913330078, 18.85650062561035, 18.847000122070312, 19.464099884033203], "catalog": ["APASS", "APASS", "APASS", "APASS", "APASS", "APASS"], "filter": ["B", "B", "V", "V", "r", "r"], "id": [131019, 131355, 131020, 131356, 131021, 131357]}