{"mjd": [58795.844699, 58796.815972, 58797.732917, 58800.825417, 58801.885718, 58795.845694, 58796.816956, 58797.732002, 58798.832581, 58800.8264, 58801.886701, 58795.846505, 58796.817766, 58797.73463, 58798.833762, 58800.827211, 58801.887512, 58795.847315, 58796.818576, 58797.735498, 58798.834942, 58800.828032, 58801.888322], "magerr": [0.06369999796152115, 0.06669999659061432, 0.0885000005364418, 0.0640999972820282, 0.07750000059604645, 0.06939999759197235, 0.06759999692440033, 0.08259999752044678, 0.07689999788999557, 0.06369999796152115, 0.07580000162124634, 0.05260000005364418, 0.04670000076293945, 0.0729999989271164, 0.0877000018954277, 0.0617000013589859, 0.06939999759197235, 0.07249999791383743, 0.060600001364946365, 0.08259999752044678, 0.08060000091791153, 0.08619999885559082, 0.07810000330209732], "alert_name": null, "observatory": ["Terskol-2,Vira Godun", "Terskol-2,Vira Godun", "Terskol-2,Vira Godun", "Terskol-2,Vira Godun", "Terskol-2,Vira Godun", "Terskol-2,Vira Godun", "Terskol-2,Vira Godun", "Terskol-2,Vira Godun", "Terskol-2,Vira Godun", "Terskol-2,Vira Godun", "Terskol-2,Vira Godun", "Terskol-2,Vira Godun", "Terskol-2,Vira Godun", "Terskol-2,Vira Godun", "Terskol-2,Vira Godun", "Terskol-2,Vira Godun", "Terskol-2,Vira Godun", "Terskol-2,Vira Godun", "Terskol-2,Vira Godun", "Terskol-2,Vira Godun", "Terskol-2,Vira Godun", "Terskol-2,Vira Godun", "Terskol-2,Vira Godun"], "caliberr": [0.11439095437526703, 0.126207172870636, 0.13221608102321625, 0.15530283749103546, 0.1402662843465805, 0.08227899670600891, 0.04392368346452713, 0.08062195032835007, 0.10471130162477493, 0.010381017811596394, 0.07429506629705429, 0.08371642976999283, 0.0654735192656517, 0.08935663104057312, 0.10298020392656326, 0.07819555699825287, 0.09158849716186523, 0.14728641510009766, 0.09252776950597763, 0.0981578677892685, 0.10130160301923752, 0.10653197020292282, 0.11537381261587143], "mag": [17.656951904296875, 17.701679229736328, 17.947311401367188, 17.33301544189453, 17.58689308166504, 17.094942092895508, 17.249723434448242, 16.979705810546875, 16.9540958404541, 16.7165584564209, 16.948843002319336, 17.111360549926758, 17.164682388305664, 17.280149459838867, 17.22649383544922, 16.860692977905273, 17.019155502319336, 17.097185134887695, 17.18507957458496, 17.333026885986328, 16.847660064697266, 16.81447410583496, 17.02623748779297], "catalog": ["APASS", "APASS", "APASS", "APASS", "APASS", "APASS", "APASS", "APASS", "APASS", "APASS", "APASS", "APASS", "APASS", "APASS", "APASS", "APASS", "APASS", "APASS", "APASS", "APASS", "APASS", "APASS", "APASS"], "filter": ["B", "B", "B", "B", "B", "V", "V", "V", "V", "V", "V", "r", "r", "r", "r", "r", "r", "i", "i", "i", "i", "i", "i"], "id": [171665, 171669, 171510, 171673, 171651, 171666, 171670, 171509, 171513, 171674, 171652, 171667, 171671, 171511, 171514, 171675, 171653, 171668, 171672, 171512, 171515, 171676, 171654]}