{"mjd": [59244.143758, 59264.046979, 59264.037822, 59264.04237], "magerr": [0.05311869829893112, 0.04929029941558838, 0.11502499878406525, 0.0509256012737751], "alert_name": null, "observatory": ["Liam Hardy pt5m", "Liam Hardy pt5m", "Liam Hardy pt5m", "Liam Hardy pt5m"], "caliberr": [0.42588698863983154, 0.1393440067768097, 0.10455899685621262, 0.04999480023980141], "mag": [15.600199699401855, 16.40880012512207, 17.608200073242188, 16.598100662231445], "catalog": ["SDSS", "SDSS", "APASS", "APASS"], "filter": ["R", "R", "B", "V"], "id": [212300, 213077, 213075, 213076]}