{"mjd": [59094.967541, 59094.972099, 59094.976657], "magerr": [-1.0, -1.0, -1.0], "alert_name": null, "observatory": ["Liam Hardy pt5m", "Liam Hardy pt5m", "Liam Hardy pt5m"], "caliberr": [0.1503559947013855, 0.05999410152435303, 0.08575399965047836], "mag": [18.432600021362305, 19.180999755859375, 19.486499786376953], "catalog": ["APASS", "APASS", "APASS"], "filter": ["B", "V", "r"], "id": [198103, 198106, 198110]}