{"mjd": [58371.052221, 58371.04237, 58371.046914, 58367.049349, 58367.053758, 58367.051558, 58367.053758, 58367.055958, 58369.87793028, 58370.95423094, 58369.87458325, 58370.95073414, 58369.87178549, 58369.88218237, 58370.94834039, 58370.95873471, 58372.91892842, 58373.8648437], "magerr": [0.06394799798727036, -1.0, 0.12000299990177155, -1.0, -1.0, -1.0, -1.0, -1.0, 0.0843999981880188, 0.16329999268054962, 0.059300001710653305, 0.16419999301433563, 0.05550000071525574, 0.09950000047683716, 0.05939999967813492, 0.11410000175237656, 0.05429999902844429, 0.0478999987244606], "alert_name": null, "observatory": ["Liam Hardy pt5m", "Liam Hardy pt5m", "Liam Hardy pt5m", "Liam Hardy pt5m", "Liam Hardy pt5m", "Liam Hardy pt5m", "Liam Hardy pt5m", "Liam Hardy pt5m", "OndrejovD50, Martin ", "OndrejovD50, Martin ", "OndrejovD50, Martin ", "OndrejovD50, Martin ", "OndrejovD50, Martin ", "OndrejovD50, Martin ", "OndrejovD50, Martin ", "OndrejovD50, Martin ", "OndrejovD50, Martin ", "OndrejovD50, Martin "], "caliberr": [0.2747650146484375, 0.08126939833164215, 0.09962169826030731, 0.4589099884033203, 0.32345500588417053, 0.36362800002098083, 0.34345000982284546, 0.3204199969768524, 0.0911312997341156, 0.07585400342941284, 0.055356599390506744, 0.0703577995300293, 0.06342879682779312, 0.302717000246048, 0.061844900250434875, 0.349837988615036, 0.06325399875640869, 0.08129730075597763], "mag": [17.87350082397461, 18.99690055847168, 18.533899307250977, 17.472900390625, 17.90530014038086, 17.48270034790039, 17.617900848388672, 16.718599319458008, 18.220800399780273, 18.31329917907715, 17.800500869750977, 17.957300186157227, 17.624900817871094, 17.938400268554688, 17.59910011291504, 17.67530059814453, 17.66189956665039, 17.38479995727539], "catalog": ["SDSS", "APASS", "APASS", "APASS", "APASS", "APASS", "APASS", "APASS", "APASS", "APASS", "APASS", "APASS", "APASS", "APASS", "APASS", "APASS", "APASS", "APASS"], "filter": ["R", "B", "V", "r", "r", "i", "i", "i", "B", "B", "V", "V", "r", "r", "r", "r", "r", "r"], "id": [119145, 119143, 119144, 117352, 117565, 117353, 117879, 117706, 119348, 119327, 119351, 119330, 119350, 119349, 119329, 119328, 119655, 119681]}