{"mjd": [57991.992614, 57991.99717, 57992.001726], "magerr": [-1.0, 0.07061190158128738, 0.055932894349098206], "alert_name": null, "observatory": ["Liam Hardy pt5m", "Liam Hardy pt5m", "Liam Hardy pt5m"], "caliberr": [0.03321566805243492, 0.05611749738454819, 0.06100250408053398], "mag": [19.197574615478516, 17.361583709716797, 17.185232162475586], "catalog": ["APASS", "APASS", "APASS"], "filter": ["B", "V", "r"], "id": [82367, 82368, 82369]}