{"mjd": [57623.06238, 57623.08066, 57623.06414, 57623.06561, 57623.0671, 57623.07005, 57623.07152, 57623.073, 57623.07447, 57623.0761, 57623.07758, 57623.07918], "magerr": [0.02630000002682209, 0.02979999966919422, 0.026900000870227814, 0.027699999511241913, 0.029400000348687172, 0.03280000016093254, 0.032099999487400055, 0.029600000008940697, 0.02879999950528145, 0.029999999329447746, 0.030300000682473183, 0.028200000524520874], "alert_name": null, "observatory": ["Ostrowik 0.6m. Micha", "Ostrowik 0.6m,K.Rybi", "Ostrowik 0.6m,K.Rybi", "Ostrowik 0.6m,K.Rybi", "Ostrowik 0.6m,K.Rybi", "Ostrowik 0.6m,K.Rybi", "Ostrowik 0.6m,K.Rybi", "Ostrowik 0.6m,K.Rybi", "Ostrowik 0.6m,K.Rybi", "Ostrowik 0.6m,K.Rybi", "Ostrowik 0.6m,K.Rybi", "Ostrowik 0.6m,K.Rybi"], "caliberr": [0.03392510116100311, 0.05243999883532524, 0.04037979990243912, 0.05378960072994232, 0.03906530141830444, 0.039165399968624115, 0.05556749925017357, 0.0604592002928257, 0.06891240179538727, 0.05872809886932373, 0.05542470142245293, 0.05852710083127022], "mag": [15.294300079345703, 15.237899780273438, 15.25790023803711, 15.315799713134766, 15.352299690246582, 15.504899978637695, 15.425999641418457, 15.378199577331543, 15.260899543762207, 15.405699729919434, 15.406599998474121, 15.238200187683105], "catalog": ["APASS", "SDSS", "APASS", "APASS", "APASS", "APASS", "APASS", "APASS", "APASS", "APASS", "APASS", "APASS"], "filter": ["r", "i", "r", "r", "r", "r", "r", "r", "r", "r", "r", "r"]}