{"mjd": [57594.867010002, 57596.850159002, 57594.857752001, 57594.862050002, 57596.846284002, 57596.854117001, 57599.81904, 57599.8033400001, 57599.8069799999, 57599.8151400001, 57599.8234600001, 57599.8273800001, 57777.070274, 57702.248302, 57822.420211, 57836.407141, 57837.236035, 57703.234656, 57728.162198, 57791.022883, 57793.021438, 57793.925262, 57812.895698, 57590.906059, 57590.910535, 57608.899901, 57610.893163, 57610.895415, 57701.210681, 57702.240816, 57703.240008, 57728.169986, 57729.188281, 57730.174902, 57732.199424, 57737.153586, 57756.256461, 57757.095866, 57763.189815, 57767.082765, 57770.053459, 57772.051053, 57777.075881, 57778.018261, 57779.031254, 57779.985447, 57781.013826, 57782.017269, 57782.020574, 57783.015526, 57786.259184, 57786.770472, 57787.062651, 57787.089891, 57788.098493, 57790.029526, 57791.028424, 57793.025904, 57798.019107, 57801.021352, 57807.995681, 57809.040983, 57811.909491, 57812.944154, 57813.95292, 57814.944815, 57817.186607, 57822.152001, 57833.40912, 57836.888628, 57837.88884, 57839.889262, 57851.011168, 57852.047774, 57852.979554, 57703.245358, 57728.176656, 57729.197685, 57730.182114, 57732.206196, 57737.160412, 57756.262011, 57757.102539, 57763.196599, 57767.088309, 57770.060337, 57777.080392, 57778.05033, 57779.039665, 57781.051144, 57782.02965, 57783.021171, 57786.263655, 57787.03181, 57787.069483, 57787.096694, 57788.106469, 57790.036266, 57791.032857, 57793.030346, 57798.025791, 57801.028215, 57808.005002, 57809.050148, 57811.95104, 57812.950825, 57813.959878, 57814.951488, 57820.142934, 57822.154209, 57833.896468, 57836.898185, 57837.89671, 57839.895931, 57851.017916, 57852.987663, 57763.17636, 57787.049223, 57787.076564, 57788.08608, 57801.007854, 57808.722978, 57816.307219, 57732.192543, 57763.183072, 57763.729463, 57785.698895, 57787.055893, 57787.083222, 57788.091742, 57801.012259, 57807.749171, 57809.036554, 57809.695642, 57814.890296, 57839.563978, 57849.016482, 57851.005539], "magerr": [0.03009999915957451, 0.04320000112056732, 0.01940000057220459, 0.017999999225139618, 0.0210999995470047, 0.039900001138448715, 0.009700000286102295, 0.020999999716877937, 0.019500000402331352, 0.009600000455975533, 0.01720000058412552, 0.01810000091791153, 0.07955200225114822, 0.06737049669027328, 0.1448729932308197, 0.08728549629449844, 0.1062299981713295, 0.10042800009250641, 0.07319489866495132, 0.08638930320739746, 0.14922299981117249, -1.0, 0.08978469669818878, 0.11758899688720703, 0.12453000247478485, 0.09521850198507309, 0.12003300338983536, 0.11649300158023834, 0.05257219821214676, 0.040473099797964096, 0.035569798201322556, 0.03573539853096008, 0.04470039904117584, 0.04077890142798424, 0.03926900029182434, 0.05110219866037369, 0.05386849865317345, 0.04820119962096214, 0.04358759894967079, 0.08666449785232544, 0.037513598799705505, 0.03912629932165146, 0.03998349979519844, 0.04397689923644066, 0.04408099874854088, 0.05873649939894676, 0.04100760072469711, 0.066594697535038, 0.05176109820604324, 0.04174569994211197, 0.034146301448345184, 0.03687470033764839, 0.030462300404906273, 0.028941499069333076, 0.04041140154004097, 0.03950069844722748, 0.04021139815449715, 0.04871939867734909, 0.04756059870123863, 0.03698870167136192, 0.045747701078653336, 0.053943000733852386, 0.03730019927024841, 0.04159170016646385, 0.03795890137553215, 0.036786701530218124, 0.05999990180134773, -1.0, 0.11402399837970734, 0.04565329849720001, 0.04572819918394089, 0.04407360032200813, 0.047426700592041016, 0.09289360046386719, 0.0601750984787941, 0.047105301171541214, 0.04591260105371475, 0.08727540075778961, 0.07036200165748596, 0.0496922992169857, 0.04940979927778244, 0.06870059669017792, 0.05149159952998161, 0.04281440004706383, 0.057520899921655655, 0.060654401779174805, 0.07105779647827148, 0.047488901764154434, 0.07703600078821182, 0.050158098340034485, 0.05134020000696182, 0.05680070072412491, 0.07980410009622574, 0.04712260141968727, 0.04568779841065407, 0.04098689928650856, 0.04680829867720604, 0.045999299734830856, 0.08150850236415863, 0.09367349743843079, 0.060517698526382446, 0.04790160059928894, 0.08143270015716553, 0.041630201041698456, 0.06128399819135666, 0.0574445016682148, 0.05220720171928406, 0.049734801054000854, 0.1307380050420761, -1.0, 0.06178560107946396, 0.07066269963979721, 0.046958498656749725, 0.06629010289907455, 0.06077580153942108, 0.056540898978710175, -1.0, -1.0, -1.0, -1.0, -1.0, -1.0, -1.0, 0.069302998483181, 0.10881900042295456, -1.0, 0.08472149819135666, 0.05838510021567345, 0.054546598345041275, 0.06942009925842285, 0.09726420044898987, 0.09300670027732849, 0.07383289933204651, 0.08195439726114273, 0.08140379935503006, 0.09767089784145355, -1.0, 0.08866120129823685], "alert_name": null, "observatory": ["GiuseppeAltavillaLoi", "GiuseppeAltavillaLoi", "GiuseppeAltavillaLoi", "GiuseppeAltavillaLoi", "GiuseppeAltavillaLoi", "GiuseppeAltavillaLoi", "BAS NAO 2m Rozhen", "BAS NAO 2m Rozhen", "BAS NAO 2m Rozhen", "BAS NAO 2m Rozhen", "BAS NAO 2m Rozhen", "BAS NAO 2m Rozhen", "Liam Hardy pt5m", "Liam Hardy pt5m", "Liam Hardy pt5m", "Liam Hardy pt5m", "Liam Hardy pt5m", "Liam Hardy pt5m", "Liam Hardy pt5m", "Liam Hardy pt5m", "Liam Hardy pt5m", "Liam Hardy pt5m", "Liam Hardy pt5m", "Liam Hardy pt5m", "Liam Hardy pt5m", "Liam Hardy pt5m", "Liam Hardy pt5m", "Liam Hardy pt5m", "Liam Hardy pt5m", "Liam Hardy pt5m", "Liam Hardy pt5m", "Liam Hardy pt5m", "Liam Hardy pt5m", "Liam Hardy pt5m", "Liam Hardy pt5m", "Liam Hardy pt5m", "Liam Hardy pt5m", "Liam Hardy pt5m", "Liam Hardy pt5m", "Liam Hardy pt5m", "Liam Hardy pt5m", "Liam Hardy pt5m", "Liam Hardy pt5m", "Liam Hardy pt5m", "Liam Hardy pt5m", "Liam Hardy pt5m", "Liam Hardy pt5m", "Liam Hardy pt5m", "Liam Hardy pt5m", "Liam Hardy pt5m", "Liam Hardy pt5m", "Liam Hardy pt5m", "Liam Hardy pt5m", "Liam Hardy pt5m", "Liam Hardy pt5m", "Liam Hardy pt5m", "Liam Hardy pt5m", "Liam Hardy pt5m", "Liam Hardy pt5m", "Liam Hardy pt5m", "Liam Hardy pt5m", "Liam Hardy pt5m", "Liam Hardy pt5m", "Liam Hardy pt5m", "Liam Hardy pt5m", "Liam Hardy pt5m", "Liam Hardy pt5m", "Liam Hardy pt5m", "Liam Hardy pt5m", "Liam Hardy pt5m", "Liam Hardy pt5m", "Liam Hardy pt5m", "Liam Hardy pt5m", "Liam Hardy pt5m", "Liam Hardy pt5m", "Liam Hardy pt5m", "Liam Hardy pt5m", "Liam Hardy pt5m", "Liam Hardy pt5m", "Liam Hardy pt5m", "Liam Hardy pt5m", "Liam Hardy pt5m", "Liam Hardy pt5m", "Liam Hardy pt5m", "Liam Hardy pt5m", "Liam Hardy pt5m", "Liam Hardy pt5m", "Liam Hardy pt5m", "Liam Hardy pt5m", "Liam Hardy pt5m", "Liam Hardy pt5m", "Liam Hardy pt5m", "Liam Hardy pt5m", "Liam Hardy pt5m", "Liam Hardy pt5m", "Liam Hardy pt5m", "Liam Hardy pt5m", "Liam Hardy pt5m", "Liam Hardy pt5m", "Liam Hardy pt5m", "Liam Hardy pt5m", "Liam Hardy pt5m", "Liam Hardy pt5m", "Liam Hardy pt5m", "Liam Hardy pt5m", "Liam Hardy pt5m", "Liam Hardy pt5m", "Liam Hardy pt5m", "Liam Hardy pt5m", "Liam Hardy pt5m", "Liam Hardy pt5m", "Liam Hardy pt5m", "Liam Hardy pt5m", "Liam Hardy pt5m", "Liam Hardy pt5m", "Liam Hardy pt5m", "Liam Hardy pt5m", "Liam Hardy pt5m", "Liam Hardy pt5m", "Liam Hardy pt5m", "Liam Hardy pt5m", "Liam Hardy pt5m", "Liam Hardy pt5m", "Liam Hardy pt5m", "Liam Hardy pt5m", "Liam Hardy pt5m", "Liam Hardy pt5m", "Liam Hardy pt5m", "Liam Hardy pt5m", "Liam Hardy pt5m", "Liam Hardy pt5m", "Liam Hardy pt5m", "Liam Hardy pt5m", "Liam Hardy pt5m", "Liam Hardy pt5m", "Liam Hardy pt5m", "Liam Hardy pt5m", "Liam Hardy pt5m"],