{"mjd": [59264.07559, 59264.071046], "magerr": [0.02117932215332985, 0.03396134078502655], "alert_name": null, "observatory": ["Liam Hardy pt5m", "Liam Hardy pt5m"], "caliberr": [0.12910312414169312, 0.021014858037233353], "mag": [15.977421760559082, 15.889784812927246], "catalog": ["SDSS", "APASS"], "filter": ["R", "i"], "id": [213082, 213081]}