{"mjd": [57465.16216, 57465.16363, 57465.1651], "magerr": [0.01720000058412552, 0.011500000022351742, 0.014399999752640724], "alert_name": null, "observatory": ["Bialkow, Z.Kolaczkow", "Bialkow, Z.Kolaczkow", "Bialkow, Z.Kolaczkow"], "caliberr": [0.03840536251664162, 0.09366190433502197, 0.10736765712499619], "mag": [16.074920654296875, 15.928476333618164, 15.711440086364746], "catalog": ["APASS", "APASS", "APASS"], "filter": ["V", "r", "i"], "id": [27808, 27809, 27810]}