{"mjd": [58312.209352, 58325.217122, 58332.13955], "magerr": [0.09211979806423187, -1.0, -1.0], "alert_name": null, "observatory": ["Liam Hardy pt5m", "Liam Hardy pt5m", "Liam Hardy pt5m"], "caliberr": [0.009999999776482582, 0.1308159977197647, 0.12015599757432938], "mag": [17.815799713134766, 18.890300750732422, 17.07200050354004], "catalog": ["APASS", "APASS", "APASS"], "filter": ["B", "B", "B"], "id": [108743, 115854, 116236]}