{"mjd": [58123.234466, 58130.274611, 58111.277938, 58130.265327, 58111.281742, 58123.229891, 58130.269147], "magerr": [0.1260640025138855, 0.1442440003156662, -1.0, -1.0, 0.1159449964761734, -1.0, -1.0], "alert_name": null, "observatory": ["Liam Hardy pt5m", "Liam Hardy pt5m", "Liam Hardy pt5m", "Liam Hardy pt5m", "Liam Hardy pt5m", "Liam Hardy pt5m", "Liam Hardy pt5m"], "caliberr": [0.10204199701547623, 0.14459699392318726, 0.171207994222641, 0.177729994058609, 0.10383299738168716, 0.07668829709291458, 0.09533649682998657], "mag": [18.73240089416504, 19.473400115966797, 19.257400512695312, 19.350799560546875, 19.392099380493164, 19.563400268554688, 19.924299240112305], "catalog": ["SDSS", "SDSS", "APASS", "APASS", "APASS", "APASS", "APASS"], "filter": ["R", "R", "B", "B", "V", "V", "V"], "id": [97718, 98043, 96527, 98041, 96528, 97717, 98042]}