{"mjd": [59445.18629, 59456.006532, 59459.058739, 59445.190843, 59456.011084, 59459.063293], "magerr": [-1.0, -1.0, 0.1273050606250763, -1.0, 0.172424778342247, 0.2122572511434555], "alert_name": null, "observatory": ["Liam Hardy pt5m", "Liam Hardy pt5m", "Liam Hardy pt5m", "Liam Hardy pt5m", "Liam Hardy pt5m", "Liam Hardy pt5m"], "caliberr": [0.24085552990436554, 0.30084386467933655, 0.28907325863838196, 0.2563406229019165, 0.3966574966907501, 0.22897325456142426], "mag": [18.5026912689209, 17.939361572265625, 17.039325714111328, 18.794570922851562, 18.03132438659668, 17.938846588134766], "catalog": ["APASS", "APASS", "APASS", "APASS", "APASS", "APASS"], "filter": ["B", "B", "B", "V", "V", "V"], "id": [231562, 232120, 232247, 231563, 232121, 232248]}