{"mjd": [57610.967969, 57610.970258, 57610.972479, 57625.988623, 57641.888964, 57610.974707, 57625.995599, 57641.883362, 57626.002517], "magerr": [-1.0, -1.0, -1.0, -1.0, -1.0, -1.0, -1.0, -1.0, -1.0], "alert_name": null, "observatory": ["Liam Hardy pt5m", "Liam Hardy pt5m", "Liam Hardy pt5m", "Liam Hardy pt5m", "Liam Hardy pt5m", "Liam Hardy pt5m", "Liam Hardy pt5m", "Liam Hardy pt5m", "Liam Hardy pt5m"], "caliberr": [0.06758543103933334, 0.08743786066770554, 0.19107095897197723, 0.12407001107931137, 0.14637413620948792, 0.08639156818389893, 0.1731201559305191, 0.08418799191713333, 0.17526978254318237], "mag": [18.338693618774414, 18.36128807067871, 18.291521072387695, 20.704071044921875, 18.769054412841797, 19.062110900878906, 22.967199325561523, 17.617464065551758, 18.880903244018555], "catalog": ["SDSS", "SDSS", "SDSS", "SDSS", "SDSS", "SDSS", "SDSS", "SDSS", "SDSS"], "filter": ["r", "r", "r", "r", "i", "R", "R", "R", "I"], "id": [40288, 40289, 40290, 42833, 45577, 40291, 42834, 45576, 42835]}