{"mjd": [58486.985948, 58480.986327, 58486.989747], "magerr": [-1.0, 0.13224725425243378, -1.0], "alert_name": null, "observatory": ["Liam Hardy pt5m", "Liam Hardy pt5m", "Liam Hardy pt5m"], "caliberr": [0.07607821375131607, 0.45770570635795593, 0.2938987910747528], "mag": [18.879722595214844, 18.62921142578125, 18.68852424621582], "catalog": ["SDSS", "SDSS", "SDSS"], "filter": ["r", "R", "R"], "id": [129468, 129139, 129469]}