{"mjd": [58477.89659, 58477.887482, 58477.892037], "magerr": [0.02073517069220543, 0.09738730639219284, 0.030587656423449516], "alert_name": null, "observatory": ["Liam Hardy pt5m", "Liam Hardy pt5m", "Liam Hardy pt5m"], "caliberr": [0.18932579457759857, 0.010000000707805157, 0.010000002570450306], "mag": [16.28186798095703, 17.564804077148438, 16.39719009399414], "catalog": ["SDSS", "APASS", "APASS"], "filter": ["R", "B", "V"], "id": [128933, 128931, 128932]}