{"mjd": [59248.094826], "magerr": [-1.0], "alert_name": null, "observatory": ["Liam Hardy pt5m"], "caliberr": [0.07415810227394104], "mag": [18.47279930114746], "catalog": ["SDSS"], "filter": ["R"], "id": [212396]}