{"mjd": [59321.187192, 59321.191889, 59321.197205], "magerr": [-1.0, -1.0, -1.0], "alert_name": null, "observatory": ["Liam Hardy pt5m", "Liam Hardy pt5m", "Liam Hardy pt5m"], "caliberr": [0.11316252499818802, 0.05370931327342987, 0.05245771259069443], "mag": [19.07025718688965, 18.780332565307617, 19.424718856811523], "catalog": ["APASS", "APASS", "APASS"], "filter": ["B", "V", "r"], "id": [217735, 217736, 217737]}