{"mjd": [58865.99317, 58865.984074, 58865.988624], "magerr": [0.05082400143146515, -1.0, 0.060107700526714325], "alert_name": null, "observatory": ["Liam Hardy pt5m", "Liam Hardy pt5m", "Liam Hardy pt5m"], "caliberr": [0.1802539974451065, 0.0679389014840126, 0.027296999469399452], "mag": [17.356399536132812, 19.371999740600586, 17.47450065612793], "catalog": ["SDSS", "APASS", "APASS"], "filter": ["R", "B", "V"], "id": [175666, 175664, 175665]}