{"mjd": [58815.152654, 58815.105069], "magerr": [0.03520192205905914, 0.07099635899066925], "alert_name": null, "observatory": ["Liam Hardy pt5m", "Liam Hardy pt5m"], "caliberr": [0.07811379432678223, 0.07812279462814331], "mag": [17.245872497558594, 17.679351806640625], "catalog": ["SDSS", "APASS"], "filter": ["R", "V"], "id": [173454, 173453]}