{"mjd": [58773.968569, 58773.973127, 58773.977681], "magerr": [0.06780269742012024, 0.06121121346950531, 0.04622389003634453], "alert_name": null, "observatory": ["Liam Hardy pt5m", "Liam Hardy pt5m", "Liam Hardy pt5m"], "caliberr": [0.07549463212490082, 0.08099240064620972, 0.07013831287622452], "mag": [17.781612396240234, 17.652389526367188, 17.69334602355957], "catalog": ["APASS", "APASS", "APASS"], "filter": ["B", "V", "r"], "id": [168314, 168315, 168316]}