{"mjd": [58467.122179, 58467.113065, 58467.117623], "magerr": [0.07375220209360123, -1.0, 0.09171830117702484], "alert_name": null, "observatory": ["Liam Hardy pt5m", "Liam Hardy pt5m", "Liam Hardy pt5m"], "caliberr": [0.1590469926595688, 0.10053600370883942, 0.03238759934902191], "mag": [18.089599609375, 19.362300872802734, 18.17460060119629], "catalog": ["SDSS", "APASS", "APASS"], "filter": ["R", "B", "V"], "id": [128277, 128275, 128276]}