{"mjd": [58044.233721, 58047.19468, 58052.174792, 58044.224603, 58047.18556, 58052.150568, 58044.229162, 58047.19012, 58052.170234], "magerr": [0.0270409993827343, 0.04703959822654724, 0.04756839945912361, 0.06627920269966125, -1.0, -1.0, 0.037453800439834595, 0.06958640366792679, 0.07943990081548691], "alert_name": null, "observatory": ["Liam Hardy pt5m", "Liam Hardy pt5m", "Liam Hardy pt5m", "Liam Hardy pt5m", "Liam Hardy pt5m", "Liam Hardy pt5m", "Liam Hardy pt5m", "Liam Hardy pt5m", "Liam Hardy pt5m"], "caliberr": [0.11862300336360931, 0.15591999888420105, 0.15908999741077423, 0.10401999950408936, 0.09926039725542068, 0.12678299844264984, 0.09478770196437836, 0.1075339987874031, 0.0922887995839119], "mag": [17.601600646972656, 17.762300491333008, 17.94499969482422, 18.2731990814209, 20.483600616455078, 19.216100692749023, 17.798500061035156, 18.065799713134766, 18.150699615478516], "catalog": ["SDSS", "SDSS", "SDSS", "APASS", "APASS", "APASS", "APASS", "APASS", "APASS"], "filter": ["R", "R", "R", "B", "B", "B", "V", "V", "V"], "id": [85721, 86163, 86487, 85719, 86161, 86485, 85720, 86162, 86486]}