{"mjd": [56917.916329, 56917.92152, 56917.936115, 56926.927331, 56926.940464, 56926.953603, 56927.856647, 56927.869784, 56927.882926, 56917.925944, 56926.931984, 56926.945123, 56926.958267, 56927.861303, 56927.874446, 56927.887582, 56917.930288, 56926.935856, 56926.948991, 56926.962134, 56927.865167, 56927.878311, 56927.891439], "magerr": [-1.0, 0.04699999839067459, 0.039000000804662704, 0.032999999821186066, 0.03799999877810478, 0.03500000014901161, 0.03099999949336052, 0.03099999949336052, 0.029999999329447746, 0.01899999938905239, 0.01600000075995922, 0.017999999225139618, 0.017999999225139618, 0.01600000075995922, 0.01600000075995922, 0.017000000923871994, 0.017999999225139618, 0.017999999225139618, 0.02199999988079071, 0.017999999225139618, 0.014999999664723873, 0.014999999664723873, 0.014999999664723873], "alert_name": null, "observatory": ["Loiano,K.Ulaczyk", "Loiano,K.Ulaczyk", "Loiano,K.Ulaczyk", "Loiano,K.Ulaczyk", "Loiano,K.Ulaczyk", "Loiano,K.Ulaczyk", "Loiano,K.Ulaczyk", "Loiano,K.Ulaczyk", "Loiano,K.Ulaczyk", "Loiano,K.Ulaczyk", "Loiano,K.Ulaczyk", "Loiano,K.Ulaczyk", "Loiano,K.Ulaczyk", "Loiano,K.Ulaczyk", "Loiano,K.Ulaczyk", "Loiano,K.Ulaczyk", "Loiano,K.Ulaczyk", "Loiano,K.Ulaczyk", "Loiano,K.Ulaczyk", "Loiano,K.Ulaczyk", "Loiano,K.Ulaczyk", "Loiano,K.Ulaczyk", "Loiano,K.Ulaczyk"], "caliberr": [0.030876055359840393, 0.09864063560962677, 0.03631574288010597, 0.0559399276971817, 0.06136229634284973, 0.048709429800510406, 0.053196195513010025, 0.0770605280995369, 0.07430148869752884, 0.07855892181396484, 0.05705404654145241, 0.07563842833042145, 0.06930738687515259, 0.05415948107838631, 0.08065898716449738, 0.07529330998659134, 0.1690991222858429, 0.13003894686698914, 0.15041403472423553, 0.12639929354190826, 0.124766506254673, 0.15628047287464142, 0.15468457341194153], "mag": [22.454389572143555, 20.867658615112305, 20.786340713500977, 20.725034713745117, 20.78003692626953, 20.699447631835938, 20.795257568359375, 20.757720947265625, 20.738855361938477, 19.197265625, 19.228227615356445, 19.166336059570312, 19.192176818847656, 19.200885772705078, 19.2386417388916, 19.235586166381836, 18.188182830810547, 18.16416358947754, 18.15275001525879, 18.09869384765625, 18.193950653076172, 18.189401626586914, 18.199539184570312], "catalog": ["APASS", "APASS", "APASS", "APASS", "APASS", "APASS", "APASS", "APASS", "APASS", "APASS", "APASS", "APASS", "APASS", "APASS", "APASS", "APASS", "APASS", "APASS", "APASS", "APASS", "APASS", "APASS", "APASS"], "filter": ["g", "g", "g", "g", "g", "g", "g", "g", "g", "r", "r", "r", "r", "r", "r", "r", "i", "i", "i", "i", "i", "i", "i"], "id": [8855, 8856, 8859, 8860, 8863, 8866, 8869, 8872, 8875, 8857, 8861, 8864, 8867, 8870, 8873, 8876, 8858, 8862, 8865, 8868, 8871, 8874, 8877]}