{"mjd": [58713.944223], "magerr": [-1.0], "alert_name": null, "observatory": ["Liam Hardy pt5m"], "caliberr": [0.18845026195049286], "mag": [19.420852661132812], "catalog": ["PS1"], "filter": ["r"], "id": [162518]}