{"mjd": [58711.175001, 58725.176666, 58711.178029, 58711.182574], "magerr": [-1.0, 0.08730246871709824, 0.13043415546417236, 0.11124158650636673], "alert_name": null, "observatory": ["Liam Hardy pt5m", "Liam Hardy pt5m", "Liam Hardy pt5m", "Liam Hardy pt5m"], "caliberr": [0.08818624913692474, 0.11219323426485062, 0.023769695311784744, 0.06481169164180756], "mag": [18.31915283203125, 18.237648010253906, 18.37360954284668, 18.596769332885742], "catalog": ["APASS", "APASS", "APASS", "APASS"], "filter": ["B", "B", "V", "r"], "id": [162480, 163519, 162481, 162482]}