{"mjd": [58661.972026, 58661.964419, 58661.96899], "magerr": [0.012499299831688404, 0.03969629853963852, 0.014605499804019928], "alert_name": null, "observatory": ["Liam Hardy pt5m", "Liam Hardy pt5m", "Liam Hardy pt5m"], "caliberr": [0.1251620054244995, 0.009999999776482582, 0.009999999776482582], "mag": [15.284199714660645, 16.682899475097656, 15.723199844360352], "catalog": ["SDSS", "APASS", "APASS"], "filter": ["R", "B", "V"], "id": [156957, 156955, 156956]}