{"mjd": [58403.194762, 58421.166638, 58424.070964, 58403.20719, 58421.171193, 58424.075529, 58403.213289, 58421.175744, 58424.080079], "magerr": [-1.0, -1.0, -1.0, -1.0, -1.0, -1.0, 0.07256309688091278, 0.09780880063772202, 0.11621399968862534], "alert_name": null, "observatory": ["Liam Hardy pt5m", "Liam Hardy pt5m", "Liam Hardy pt5m", "Liam Hardy pt5m", "Liam Hardy pt5m", "Liam Hardy pt5m", "Liam Hardy pt5m", "Liam Hardy pt5m", "Liam Hardy pt5m"], "caliberr": [0.061434000730514526, 0.0565669983625412, 0.15669000148773193, 0.12138999998569489, 0.12399499863386154, 0.07731349766254425, 0.29366499185562134, 0.13771599531173706, 0.04734639823436737], "mag": [19.478200912475586, 18.814199447631836, 18.793699264526367, 18.816600799560547, 18.901100158691406, 19.400800704956055, 18.11389923095703, 17.603599548339844, 18.622499465942383], "catalog": ["APASS", "APASS", "APASS", "APASS", "APASS", "APASS", "APASS", "APASS", "APASS"], "filter": ["B", "B", "B", "V", "V", "V", "r", "r", "r"], "id": [122305, 124130, 125106, 122306, 124131, 125107, 122307, 124132, 125108]}