{"mjd": [57899.05474, 57901.95414, 57899.05738, 57901.95083, 57901.95676, 57899.05141], "magerr": [0.08479800075292587, 0.11064299941062927, 0.0864109992980957, 0.10035999864339828, 0.09564000368118286, 0.04774700105190277], "alert_name": null, "observatory": ["PIRATE, OU students", "PIRATE, OU students", "PIRATE, OU students", "PIRATE, OU students", "PIRATE, OU students", "PIRATE, OU students"], "caliberr": [0.36847901344299316, 0.34612300992012024, 0.45456600189208984, 0.2688489854335785, 0.36600300669670105, 0.4196940064430237], "mag": [19.737699508666992, 20.005399703979492, 18.488399505615234, 19.37190055847168, 18.672100067138672, 18.620800018310547], "catalog": ["SDSS", "SDSS", "SDSS", "SDSS", "SDSS", "APASS"], "filter": ["g", "g", "r", "B", "R", "B"], "id": [75114, 75123, 75113, 75122, 75124, 75115]}