{"mjd": [58556.16297, 58563.138768, 58556.153868, 58563.12964, 58556.158424, 58563.13422], "magerr": [-1.0, -1.0, -1.0, -1.0, -1.0, -1.0], "alert_name": null, "observatory": ["Liam Hardy pt5m", "Liam Hardy pt5m", "Liam Hardy pt5m", "Liam Hardy pt5m", "Liam Hardy pt5m", "Liam Hardy pt5m"], "caliberr": [0.14864900708198547, 0.2507370114326477, 0.09971190243959427, 0.07303009927272797, 0.055867999792099, 0.10525800287723541], "mag": [19.606199264526367, 18.64189910888672, 19.056400299072266, 19.250699996948242, 18.8656005859375, 19.78619956970215], "catalog": ["SDSS", "SDSS", "APASS", "APASS", "APASS", "APASS"], "filter": ["R", "R", "B", "B", "V", "V"], "id": [147474, 147730, 147472, 147728, 147473, 147729]}