{"mjd": [59098.219951, 59113.179059, 59094.215186, 59098.193564, 59113.169955, 59094.23688, 59098.215351, 59113.174509], "magerr": [-1.0, -1.0, -1.0, -1.0, -1.0, 0.1519239991903305, 0.13940399885177612, 0.12066499888896942], "alert_name": null, "observatory": ["Liam Hardy pt5m", "Liam Hardy pt5m", "Liam Hardy pt5m", "Liam Hardy pt5m", "Liam Hardy pt5m", "Liam Hardy pt5m", "Liam Hardy pt5m", "Liam Hardy pt5m"], "caliberr": [0.19119499623775482, 0.1726139932870865, 0.03988970071077347, 0.07003259658813477, 0.0208250992000103, 0.05346649885177612, 0.0720662996172905, 0.0667894035577774], "mag": [19.52039909362793, 19.14229965209961, 18.928699493408203, 18.7460994720459, 18.60770034790039, 17.581499099731445, 17.799100875854492, 17.379600524902344], "catalog": ["SDSS", "SDSS", "APASS", "APASS", "APASS", "APASS", "APASS", "APASS"], "filter": ["R", "R", "B", "B", "B", "V", "V", "V"], "id": [198447, 199675, 197974, 198445, 199673, 197975, 198446, 199674]}