{"mjd": [58558.951125, 58558.955681, 58558.960229], "magerr": [-1.0, -1.0, -1.0], "alert_name": null, "observatory": ["Liam Hardy pt5m", "Liam Hardy pt5m", "Liam Hardy pt5m"], "caliberr": [0.1736849993467331, 0.1702210009098053, 0.21269400417804718], "mag": [18.77739906311035, 20.01580047607422, 17.71929931640625], "catalog": ["APASS", "APASS", "APASS"], "filter": ["B", "V", "r"], "id": [147563, 147564, 147565]}