{"mjd": [58452.130734, 58458.118242, 58452.106178, 58458.093567, 58452.126186, 58458.112206], "magerr": [-1.0, -1.0, -1.0, -1.0, -1.0, -1.0], "alert_name": null, "observatory": ["Liam Hardy pt5m", "Liam Hardy pt5m", "Liam Hardy pt5m", "Liam Hardy pt5m", "Liam Hardy pt5m", "Liam Hardy pt5m"], "caliberr": [0.23405900597572327, 0.1728930026292801, 0.026352200657129288, 0.13043099641799927, 0.017309200018644333, 0.15179599821567535], "mag": [19.54400062561035, 18.442100524902344, 19.168100357055664, 18.640399932861328, 19.530899047851562, 17.18829917907715], "catalog": ["SDSS", "SDSS", "APASS", "APASS", "APASS", "APASS"], "filter": ["R", "R", "B", "B", "V", "V"], "id": [126852, 127248, 126850, 127246, 126851, 127247]}