{"mjd": [58556.191881, 58563.151693, 58556.182751, 58556.187333, 58563.147146], "magerr": [0.06849589943885803, -1.0, -1.0, 0.11941999942064285, -1.0], "alert_name": null, "observatory": ["Liam Hardy pt5m", "Liam Hardy pt5m", "Liam Hardy pt5m", "Liam Hardy pt5m", "Liam Hardy pt5m"], "caliberr": [0.09749879688024521, 0.24979600310325623, 0.05920090153813362, 0.02299569919705391, 0.04756090044975281], "mag": [17.78569984436035, 18.672399520874023, 19.04599952697754, 18.44659996032715, 18.15530014038086], "catalog": ["SDSS", "SDSS", "APASS", "APASS", "APASS"], "filter": ["R", "R", "B", "V", "V"], "id": [147479, 147732, 147477, 147478, 147731]}