{"mjd": [58052.222183, 58059.2071, 58047.246459, 58052.215111, 58047.251037, 58052.218253, 58059.20331], "magerr": [-1.0, -1.0, -1.0, -1.0, -1.0, -1.0, -1.0], "alert_name": null, "observatory": ["Liam Hardy pt5m", "Liam Hardy pt5m", "Liam Hardy pt5m", "Liam Hardy pt5m", "Liam Hardy pt5m", "Liam Hardy pt5m", "Liam Hardy pt5m"], "caliberr": [0.0915573388338089, 0.06100298464298248, 0.0853508859872818, 0.010000004433095455, 0.009999999776482582, 0.03671329841017723, 0.026178518310189247], "mag": [19.751813888549805, 19.021039962768555, 19.869075775146484, 18.3089542388916, 19.913667678833008, 19.76407814025879, 19.27570152282715], "catalog": ["SDSS", "SDSS", "APASS", "APASS", "APASS", "APASS", "APASS"], "filter": ["R", "R", "B", "B", "V", "V", "V"], "id": [86496, 86815, 86173, 86494, 86174, 86495, 86814]}