{"mjd": [59081.051488, 59081.042388, 59081.046943], "magerr": [-1.0, -1.0, -1.0], "alert_name": null, "observatory": ["Liam Hardy pt5m", "Liam Hardy pt5m", "Liam Hardy pt5m"], "caliberr": [0.09355150908231735, 0.010000011883676052, 0.054025765508413315], "mag": [19.828706741333008, 18.890100479125977, 19.471784591674805], "catalog": ["SDSS", "APASS", "APASS"], "filter": ["R", "B", "V"], "id": [196613, 196611, 196612]}