{"mjd": [58130.26024, 58139.28309, 58115.283561, 58130.251058, 58130.255655, 58139.27503], "magerr": [0.06133769825100899, -1.0, 0.12463600188493729, -1.0, 0.08738970011472702, -1.0], "alert_name": null, "observatory": ["Liam Hardy pt5m", "Liam Hardy pt5m", "Liam Hardy pt5m", "Liam Hardy pt5m", "Liam Hardy pt5m", "Liam Hardy pt5m"], "caliberr": [0.24715900421142578, 0.10930799692869186, 0.07015640288591385, 0.009999999776482582, 0.08070089668035507, 0.11961600184440613], "mag": [18.096599578857422, 18.92300033569336, 18.26810073852539, 19.690799713134766, 18.348800659179688, 19.14550018310547], "catalog": ["SDSS", "SDSS", "APASS", "APASS", "APASS", "APASS"], "filter": ["R", "R", "B", "B", "V", "V"], "id": [98040, 98654, 97298, 98038, 98039, 98653]}