{"mjd": [58424.161144, 58424.16571, 58424.170267], "magerr": [-1.0, 0.07080879807472229, 0.03257070109248161], "alert_name": null, "observatory": ["Liam Hardy pt5m", "Liam Hardy pt5m", "Liam Hardy pt5m"], "caliberr": [0.06575290113687515, 0.09627790004014969, 0.1035889983177185], "mag": [19.004199981689453, 17.64739990234375, 17.07390022277832], "catalog": ["APASS", "APASS", "APASS"], "filter": ["B", "V", "r"], "id": [125129, 125130, 125131]}