{"mjd": [57926.034607], "magerr": [-1.0], "alert_name": null, "observatory": ["OmicronC2PU JPRivet"], "caliberr": [0.20427457988262177], "mag": [24.16967010498047], "catalog": ["PS1"], "filter": ["r"], "id": [77288]}