{"mjd": [58800.68059, 58800.681424], "magerr": [0.04899999871850014, 0.0640999972820282], "alert_name": null, "observatory": ["Terskol-2,Vira Godun", "Terskol-2,Vira Godun"], "caliberr": [0.380154013633728, 0.3747580051422119], "mag": [15.843899726867676, 15.712599754333496], "catalog": ["USNO", "USNO"], "filter": ["R2pg", "Ipg"], "id": [171568, 171569]}