{"mjd": [58886.37315752, 58886.37346933, 58887.38316397, 58890.3746177, 58890.3758547, 58891.11654, 58891.1177919, 58891.3731326, 58890.3725336, 58890.3735366, 58891.1144417, 58891.1154503, 58891.3697996, 58891.3708146], "magerr": [0.029200000688433647, 0.02319999970495701, 0.022600000724196434, 0.06210000067949295, 0.07039999961853027, 0.06960000097751617, 0.06650000065565109, 0.05810000002384186, 0.004699999932199717, 0.0052999998442828655, 0.006800000090152025, 0.00930000003427267, 0.005499999970197678, 0.00570000009611249], "alert_name": null, "observatory": ["PROMPT5-0.4, Staszek", "PROMPT5-0.4, Staszek", "PROMPT5-0.4, Staszek", "LCOGT1m, N.Ihanec", "LCOGT1m, N.Ihanec", "LCOGT1m, N.Ihanec", "LCOGT1m, N.Ihanec", "LCOGT1m, N.Ihanec", "LCOGT1m, N.Ihanec", "LCOGT1m, N.Ihanec", "LCOGT1m, N.Ihanec", "LCOGT1m, N.Ihanec", "LCOGT1m, N.Ihanec", "LCOGT1m, N.Ihanec"], "caliberr": [0.3755820095539093, 0.38751399517059326, 0.3542949855327606, 0.03403620049357414, 0.03820129856467247, 0.03628870099782944, 0.05611250177025795, 0.04182159900665283, 0.11710699647665024, 0.11690899729728699, 0.1476300060749054, 0.11975199729204178, 0.11933299899101257, 0.11738800257444382], "mag": [15.057900428771973, 15.086899757385254, 14.874699592590332, 18.319799423217773, 18.399700164794922, 18.31369972229004, 18.322900772094727, 18.253400802612305, 14.686599731445312, 14.674099922180176, 14.646699905395508, 14.673500061035156, 14.66189956665039, 14.65779972076416], "catalog": ["PS1", "PS1", "PS1", "APASS", "APASS", "APASS", "APASS", "APASS", "APASS", "APASS", "APASS", "APASS", "APASS", "APASS"], "filter": ["i", "i", "i", "V", "V", "V", "V", "V", "i", "i", "i", "i", "i", "i"], "id": [177145, 177146, 177172, 177497, 177498, 178594, 178595, 178598, 177495, 177496, 178592, 178593, 178596, 178597]}