{"mjd": [58615.8310998, 58615.935828, 58615.8316561, 58615.9363959, 58615.832224, 58615.9369639, 58651.4781168, 58639.3813685, 58645.4695909, 58646.4426111, 58649.3702727, 58651.4806009, 58652.3706945, 58653.3709275, 58654.3706213, 58655.3709768, 58657.3801836, 58658.3730467, 58659.4886555, 58660.3717144, 58661.3764453, 58663.3928119], "magerr": [0.10501199960708618, 0.02540620043873787, 0.06039959937334061, 0.01656920090317726, 0.0817171037197113, 0.020583299919962883, 0.04360000044107437, 0.013100000098347664, 0.015699999406933784, 0.047600001096725464, 0.018699999898672104, 0.018699999898672104, 0.01720000058412552, 0.013000000268220901, 0.015300000086426735, 0.012600000016391277, 0.011500000022351742, 0.010999999940395355, 0.012000000104308128, 0.010599999688565731, 0.03220000118017197, 0.013700000010430813], "alert_name": null, "observatory": ["F.Lewis LCOGT04", "F.Lewis LCOGT04", "F.Lewis LCOGT04", "F.Lewis LCOGT04", "F.Lewis LCOGT04", "F.Lewis LCOGT04", "TRT-SBO0.7 Supachai ", "TRT-SBO0.7 Supachai ", "TRT-SBO0.7 Supachai ", "TRT-SBO0.7 Supachai ", "TRT-SBO0.7 Supachai ", "TRT-SBO0.7 Supachai ", "TRT-SBO0.7 Supachai ", "TRT-SBO0.7 Supachai ", "TRT-SBO0.7 Supachai ", "TRT-SBO0.7 Supachai ", "TRT-SBO0.7 Supachai ", "TRT-SBO0.7 Supachai ", "TRT-SBO0.7 Supachai ", "TRT-SBO0.7 Supachai ", "TRT-SBO0.7 Supachai ", "TRT-SBO0.7 Supachai "], "caliberr": [0.11295399814844131, 0.10665000230073929, 0.06352700293064117, 0.05292529985308647, 0.08016669750213623, 0.06358490139245987, 0.4883590042591095, 0.10988999903202057, 0.1132889986038208, 0.10361400246620178, 0.10335399955511093, 0.11804399639368057, 0.10571900010108948, 0.11267399787902832, 0.10140600055456161, 0.12448100000619888, 0.11586999893188477, 0.12136200070381165, 0.11196199804544449, 0.12389100342988968, 0.22097599506378174, 0.11142999678850174], "mag": [15.811599731445312, 15.782500267028809, 15.147000312805176, 15.384099960327148, 14.82289981842041, 14.943400382995605, 15.488499641418457, 14.488499641418457, 14.541199684143066, 14.659000396728516, 14.48639965057373, 14.608499526977539, 14.505000114440918, 14.532999992370605, 14.509400367736816, 14.586000442504883, 14.588800430297852, 14.620100021362305, 14.601499557495117, 14.609600067138672, 15.040300369262695, 14.569199562072754], "catalog": ["APASS", "APASS", "APASS", "APASS", "APASS", "APASS", "APASS", "APASS", "APASS", "APASS", "APASS", "APASS", "APASS", "APASS", "APASS", "APASS", "APASS", "APASS", "APASS", "APASS", "APASS", "APASS"], "filter": ["V", "V", "r", "r", "i", "i", "V", "i", "i", "i", "i", "i", "i", "i", "i", "i", "i", "i", "i", "i", "i", "i"], "id": [152454, 152458, 152456, 152459, 152457, 152460, 206231, 206216, 206217, 206218, 206219, 206220, 206221, 206222, 206223, 206224, 206225, 206226, 206227, 206228, 206229, 206230]}