{"mjd": [58772.974308, 58772.960559, 58772.96975], "magerr": [0.021367060020565987, -1.0, 0.052442558109760284], "alert_name": null, "observatory": ["Liam Hardy pt5m", "Liam Hardy pt5m", "Liam Hardy pt5m"], "caliberr": [0.13897500932216644, 0.3800378143787384, 0.08961381763219833], "mag": [15.795305252075195, 21.072967529296875, 16.439085006713867], "catalog": ["SDSS", "APASS", "APASS"], "filter": ["R", "B", "V"], "id": [168257, 168255, 168256]}