{"mjd": [58617.182649, 58617.187202, 58617.191743], "magerr": [-1.0, 0.044071346521377563, 0.0265745148062706], "alert_name": null, "observatory": ["Liam Hardy pt5m", "Liam Hardy pt5m", "Liam Hardy pt5m"], "caliberr": [0.0616813562810421, 0.04905952885746956, 0.027490148320794106], "mag": [19.47496223449707, 16.186927795410156, 15.463990211486816], "catalog": ["APASS", "APASS", "APASS"], "filter": ["B", "V", "r"], "id": [152482, 152483, 152484]}