{"mjd": [59110.185198, 59121.152042, 59123.192052, 59110.189754, 59121.156595, 59123.196602, 59110.194431, 59121.161162, 59123.201153], "magerr": [0.02322104014456272, 0.025725850835442543, 0.046738795936107635, 0.008391830138862133, 0.013800808228552341, 0.018418628722429276, 0.0037375229876488447, 0.004994846880435944, 0.00734028359875083], "alert_name": null, "observatory": ["Liam Hardy pt5m", "Liam Hardy pt5m", "Liam Hardy pt5m", "Liam Hardy pt5m", "Liam Hardy pt5m", "Liam Hardy pt5m", "Liam Hardy pt5m", "Liam Hardy pt5m", "Liam Hardy pt5m"], "caliberr": [0.04218295216560364, 0.043203871697187424, 0.05658390745520592, 0.033540546894073486, 0.07547922432422638, 0.036155395209789276, 0.02838432602584362, 0.014357668347656727, 0.033302851021289825], "mag": [15.423455238342285, 16.279354095458984, 16.6446590423584, 14.619013786315918, 15.51363754272461, 15.864069938659668, 13.869375228881836, 14.547607421875, 14.957868576049805], "catalog": ["APASS", "APASS", "APASS", "APASS", "APASS", "APASS", "APASS", "APASS", "APASS"], "filter": ["B", "B", "B", "V", "V", "V", "r", "r", "r"], "id": [199196, 201540, 201696, 199197, 201541, 201697, 199198, 201542, 201698]}