{"mjd": [57598.839782001, 57598.880693002, 57598.889846001, 57598.837302002, 57598.878213001, 57598.887353002, 57598.842341002, 57598.883249002, 57598.892402002, 57598.8825725485, 57598.876987834, 57598.8919537826], "magerr": [0.00559999980032444, 0.00419999985024333, 0.00419999985024333, 0.0044999998062849045, 0.003800000064074993, 0.004000000189989805, 0.007799999788403511, 0.008100000210106373, 0.007499999832361937, 0.0052999998442828655, 0.012000000104308128, 0.004699999932199717], "alert_name": null, "observatory": ["GiuseppeAltavillaLoi", "GiuseppeAltavillaLoi", "GiuseppeAltavillaLoi", "GiuseppeAltavillaLoi", "GiuseppeAltavillaLoi", "GiuseppeAltavillaLoi", "GiuseppeAltavillaLoi", "GiuseppeAltavillaLoi", "GiuseppeAltavillaLoi", "OHP_MPawlak", "OHP_MPawlak", "OHP_MPawlak"], "caliberr": [0.04317024350166321, 0.041571423411369324, 0.05034675821661949, 0.04278816282749176, 0.042466819286346436, 0.03969454765319824, 0.12853789329528809, 0.1029370054602623, 0.07171597331762314, 0.11314451694488525, 0.044402290135622025, 0.0656275600194931], "mag": [16.26232147216797, 16.240400314331055, 16.245527267456055, 16.07913589477539, 16.042112350463867, 16.0400333404541, 16.053119659423828, 16.083786010742188, 16.124082565307617, 16.46137237548828, 16.009586334228516, 15.984118461608887], "catalog": ["APASS", "APASS", "APASS", "APASS", "APASS", "APASS", "APASS", "APASS", "APASS", "APASS", "APASS", "APASS"], "filter": ["g", "g", "g", "r", "r", "r", "i", "i", "i", "B", "r", "r"], "id": [39735, 39741, 39738, 39734, 39742, 39737, 39736, 39740, 39739, 48859, 48879, 48880]}