{"mjd": [59321.160599, 59321.165193], "magerr": [-1.0, -1.0], "alert_name": null, "observatory": ["Liam Hardy pt5m", "Liam Hardy pt5m"], "caliberr": [0.13708160817623138, 0.09848733246326447], "mag": [18.707149505615234, 25.124534606933594], "catalog": ["APASS", "APASS"], "filter": ["B", "V"], "id": [217731, 217732]}