{"mjd": [58614.99052, 58614.99296, 58614.9956, 58614.99714, 58614.99131, 58614.99375, 58614.99891, 58614.99214, 58614.99458, 58615.00054], "magerr": [-1.0, -1.0, -1.0, -1.0, -1.0, -1.0, -1.0, 0.009600000455975533, 0.009700000286102295, 0.007400000002235174], "alert_name": null, "observatory": ["Kotryna Siskauskaite", "Kotryna Siskauskaite", "Kotryna Siskauskaite", "Kotryna Siskauskaite", "Kotryna Siskauskaite", "Kotryna Siskauskaite", "Kotryna Siskauskaite", "Kotryna Siskauskaite", "Kotryna Siskauskaite", "Kotryna Siskauskaite"], "caliberr": [0.07498479634523392, 0.07383579760789871, 0.07467210292816162, 0.07058530300855637, 0.061605799943208694, 0.06682229787111282, 0.06605959683656693, 0.1088469997048378, 0.10416200011968613, 0.10683199763298035], "mag": [18.397600173950195, 18.264999389648438, 18.67930030822754, 18.725799560546875, 18.26420021057129, 18.289100646972656, 18.774200439453125, 13.466400146484375, 13.490599632263184, 13.450599670410156], "catalog": ["APASS", "APASS", "APASS", "APASS", "APASS", "APASS", "APASS", "APASS", "APASS", "APASS"], "filter": ["V", "V", "V", "V", "r", "r", "r", "i", "i", "i"], "id": [152489, 152492, 152495, 152496, 152490, 152493, 152497, 152491, 152494, 152498]}