{"mjd": [58604.13742, 58608.179007, 58604.163461, 58608.183568, 58604.168037, 58608.188135], "magerr": [-1.0, -1.0, -1.0, -1.0, -1.0, -1.0], "alert_name": null, "observatory": ["Liam Hardy pt5m", "Liam Hardy pt5m", "Liam Hardy pt5m", "Liam Hardy pt5m", "Liam Hardy pt5m", "Liam Hardy pt5m"], "caliberr": [0.07176996022462845, 0.09529804438352585, 0.04884929955005646, 0.05654078349471092, 0.055623609572649, 0.06478356570005417], "mag": [19.60211944580078, 19.6389217376709, 19.56585693359375, 19.929201126098633, 19.890674591064453, 20.290977478027344], "catalog": ["APASS", "APASS", "APASS", "APASS", "APASS", "APASS"], "filter": ["B", "B", "V", "V", "r", "r"], "id": [151430, 151665, 151431, 151666, 151432, 151667]}