{"mjd": [58561.200038], "magerr": [-1.0], "alert_name": null, "observatory": ["Liam Hardy pt5m"], "caliberr": [0.2784419655799866], "mag": [19.84908676147461], "catalog": ["PS1"], "filter": ["r"], "id": [147638]}