{"mjd": [58613.213214, 58632.205092, 58636.202686], "magerr": [-1.0, -1.0, -1.0], "alert_name": null, "observatory": ["Liam Hardy pt5m", "Liam Hardy pt5m", "Liam Hardy pt5m"], "caliberr": [0.0931520015001297, 0.057420600205659866, 0.10556799918413162], "mag": [19.404600143432617, 19.674999237060547, 19.433399200439453], "catalog": ["APASS", "APASS", "APASS"], "filter": ["B", "B", "B"], "id": [152146, 153597, 154009]}