{"mjd": [58687.036653, 58689.039426, 58687.041223, 58687.045795], "magerr": [-1.0, -1.0, -1.0, 0.10913600027561188], "alert_name": null, "observatory": ["Liam Hardy pt5m", "Liam Hardy pt5m", "Liam Hardy pt5m", "Liam Hardy pt5m"], "caliberr": [0.12582899630069733, 0.14997200667858124, 0.051505301147699356, 0.1326570063829422], "mag": [19.9375, 19.865699768066406, 19.573299407958984, 18.741600036621094], "catalog": ["APASS", "APASS", "APASS", "APASS"], "filter": ["B", "B", "V", "r"], "id": [159865, 160041, 159866, 159867]}