{"mjd": [58459.180067], "magerr": [0.04790529981255531], "alert_name": null, "observatory": ["Liam Hardy pt5m"], "caliberr": [0.1156420037150383], "mag": [15.090299606323242], "catalog": ["SDSS"], "filter": ["R"], "id": [127287]}