{"mjd": [58428.6231311, 58427.6261449, 58428.6224194, 58427.6268623], "magerr": [0.017876600846648216, 0.020652899518609047, 0.022547200322151184, 0.01809599995613098], "alert_name": null, "observatory": ["LCO2m Cardiff Univer", "LCO2m Cardiff Univer", "LCO2m Cardiff Univer", "LCO2m Cardiff Univer"], "caliberr": [0.06077419966459274, 0.009999999776482582, 0.009999999776482582, 0.04048660025000572], "mag": [18.373699188232422, 18.698200225830078, 18.71150016784668, 18.531999588012695], "catalog": ["SDSS", "APASS", "APASS", "APASS"], "filter": ["V", "B", "B", "V"], "id": [125758, 125755, 125757, 125756]}