{"mjd": [57957.9775462961, 57957.9864351852, 57957.9953124998, 57957.9804976853, 57957.983449074, 57957.9893865739, 57957.998263889, 57958.0012152777, 57952.0555324, 57952.0615741, 57952.0676157, 57954.051331, 57954.0574653, 57954.0635995, 57956.0958275, 57956.1018692, 57956.1079167, 57958.1492419, 57958.1553935, 57958.1615509, 57952.0535243, 57952.0595602, 57952.0656019, 57954.0492708, 57954.0554109, 57954.0615451, 57956.0937963, 57956.099838, 57956.1058796, 57958.1471817, 57958.1533333, 57958.159485, 57952.051522, 57952.0575579, 57952.0636053, 57954.0472685, 57954.0534144, 57954.0595486, 57956.0918229, 57956.0978646, 57956.1039062, 57958.1451794, 57958.151331, 57958.1574826], "magerr": [-1.0, -1.0, -1.0, -1.0, -1.0, -1.0, 0.17430000007152557, -1.0, 0.10509999841451645, 0.11050000041723251, 0.09920000284910202, 0.08160000294446945, 0.08609999716281891, 0.0851999968290329, -1.0, -1.0, -1.0, -1.0, -1.0, -1.0, 0.10980000346899033, 0.08370000123977661, 0.0892999991774559, 0.10159999877214432, 0.09730000048875809, 0.07850000262260437, -1.0, -1.0, 0.3190999925136566, -1.0, -1.0, -1.0, 0.15039999783039093, 0.18299999833106995, 0.16619999706745148, 0.21080000698566437, 0.1386999934911728, 0.1421000063419342, -1.0, -1.0, -1.0, -1.0, -1.0, -1.0], "alert_name": null, "observatory": ["Goran Damljanovic, A", "Goran Damljanovic, A", "Goran Damljanovic, A", "Goran Damljanovic, A", "Goran Damljanovic, A", "Goran Damljanovic, A", "Goran Damljanovic, A", "Goran Damljanovic, A", "PIRATE Meredith Morr", "PIRATE Meredith Morr", "PIRATE Meredith Morr", "PIRATE Meredith Morr", "PIRATE Meredith Morr", "PIRATE Meredith Morr", "PIRATE Meredith Morr", "PIRATE Meredith Morr", "PIRATE Meredith Morr", "PIRATE Meredith Morr", "PIRATE Meredith Morr", "PIRATE Meredith Morr", "PIRATE Meredith Morr", "PIRATE Meredith Morr", "PIRATE Meredith Morr", "PIRATE Meredith Morr", "PIRATE Meredith Morr", "PIRATE Meredith Morr", "PIRATE Meredith Morr", "PIRATE Meredith Morr", "PIRATE Meredith Morr", "PIRATE Meredith Morr", "PIRATE Meredith Morr", "PIRATE Meredith Morr", "PIRATE Meredith Morr", "PIRATE Meredith Morr", "PIRATE Meredith Morr", "PIRATE Meredith Morr", "PIRATE Meredith Morr", "PIRATE Meredith Morr", "PIRATE Meredith Morr", "PIRATE Meredith Morr", "PIRATE Meredith Morr", "PIRATE Meredith Morr", "PIRATE Meredith Morr", "PIRATE Meredith Morr"], "caliberr": [0.05158213898539543, 0.08429181575775146, 0.08631718903779984, 0.0673995167016983, 0.49321991205215454, 0.062431700527668, 0.06415383517742157, 0.4718511998653412, 0.057804808020591736, 0.05963324382901192, 0.054659027606248856, 0.056950297206640244, 0.0560617558658123, 0.05614670738577843, 0.056436892598867416, 0.05490546301007271, 0.054220590740442276, 0.05492481589317322, 0.057391561567783356, 0.05773809179663658, 0.06316016614437103, 0.06006265804171562, 0.056212473660707474, 0.05286532640457153, 0.05237065255641937, 0.055410366505384445, 0.05056705325841904, 0.052239757031202316, 0.0513865202665329, 0.05660694092512131, 0.05866341292858124, 0.058100149035453796, 0.047315239906311035, 0.04787598177790642, 0.044252146035432816, 0.0405828058719635, 0.045601606369018555, 0.04287857934832573, 0.04226383939385414, 0.04273682460188866, 0.042058806866407394, 0.04999028518795967, 0.046477340161800385, 0.049488700926303864], "mag": [22.822309494018555, 22.552223205566406, 22.642728805541992, 22.42462921142578, 21.701311111450195, 22.392196655273438, 20.782737731933594, 20.710596084594727, 17.710575103759766, 17.669328689575195, 17.693836212158203, 18.089555740356445, 18.083797454833984, 18.01087760925293, 20.38949203491211, 20.597824096679688, 20.547801971435547, 20.660415649414062, 20.712581634521484, 20.344934463500977, 17.49286651611328, 17.4840145111084, 17.476842880249023, 17.889118194580078, 17.81163215637207, 17.661439895629883, 20.395784378051758, 20.420089721679688, 19.96190643310547, 20.309249877929688, 20.065631866455078, 20.277854919433594, 17.99860191345215, 17.87962532043457, 17.931072235107422, 18.59524154663086, 18.159072875976562, 18.32208824157715, 20.48348617553711, 20.129776000976562, 20.12474822998047, 20.481435775756836, 20.447893142700195, 20.48512077331543], "catalog": ["APASS", "APASS", "APASS", "APASS", "APASS", "APASS", "APASS", "APASS", "APASS", "APASS", "APASS", "APASS", "APASS", "APASS", "APASS", "APASS", "APASS", "APASS", "APASS", "APASS", "APASS", "APASS", "APASS", "APASS", "APASS", "APASS", "APASS", "APASS", "APASS", "APASS", "APASS", "APASS", "APASS", "APASS", "APASS", "APASS", "APASS", "APASS", "APASS", "APASS", "APASS", "APASS", "APASS", "APASS"], "filter": ["V", "V", "V", "r", "r", "r", "r", "i", "V", "V", "V", "V", "V", "V", "V", "V", "V", "V", "V", "V", "g", "g", "g", "g", "g", "g", "g", "g", "g", "g", "g", "g", "r", "r", "r", "r", "r", "r", "r", "r", "r", "r", "r", "r"], "id": [79512, 79511, 79513, 79508, 79506, 79509, 79510, 79507, 134214, 134215, 134243, 134414, 134386, 134391, 134588, 134577, 134593, 134700, 134691, 134687, 134287, 134209, 134235, 134419, 134365, 134411, 134562, 134567, 134545, 134657, 134658, 134699, 134274, 134205, 134281, 134428, 134398, 134433, 134539, 134536, 134533, 134706, 134677, 134669]}