{"mjd": [59469.951722, 59469.955528, 59469.960083], "magerr": [-1.0, -1.0, -1.0], "alert_name": null, "observatory": ["Liam Hardy pt5m", "Liam Hardy pt5m", "Liam Hardy pt5m"], "caliberr": [0.17198024690151215, 0.12693139910697937, 0.1611011028289795], "mag": [18.143430709838867, 18.753559112548828, 20.518354415893555], "catalog": ["APASS", "APASS", "APASS"], "filter": ["B", "V", "r"], "id": [233862, 233863, 233864]}