{"mjd": [59288.988114, 59298.93927, 59289.004416, 59298.943824, 59289.008972, 59283.858819], "magerr": [0.017933683469891548, -1.0, 0.014559542760252953, -1.0, 0.011822434142231941, 0.013232648372650146], "alert_name": null, "observatory": ["Liam Hardy pt5m", "Liam Hardy pt5m", "Liam Hardy pt5m", "Liam Hardy pt5m", "Liam Hardy pt5m", "Liam Hardy pt5m"], "caliberr": [0.07422913610935211, 0.10576313734054565, 0.013535036705434322, 0.09861946105957031, 0.05890319496393204, 0.3342209756374359], "mag": [15.595345497131348, 18.18654441833496, 15.625753402709961, 18.08690071105957, 15.788544654846191, 14.799581527709961], "catalog": ["APASS", "APASS", "APASS", "APASS", "APASS", "APASS"], "filter": ["B", "B", "V", "V", "r", "i"], "id": [213976, 215870, 213977, 215871, 213978, 213754]}