{"mjd": [59459.999074, 59447.052322, 59453.017597, 59460.000591, 59460.0021, 59460.002101, 59460.003614], "magerr": [-1.0, -1.0, -1.0, -1.0, -1.0, -1.0, -1.0], "alert_name": null, "observatory": ["Liam Hardy pt5m", "Liam Hardy pt5m", "Liam Hardy pt5m", "Liam Hardy pt5m", "Liam Hardy pt5m", "Liam Hardy pt5m", "Liam Hardy pt5m"], "caliberr": [0.1373833864927292, 0.02301430143415928, 0.010000002570450306, 0.05182778462767601, 0.03841790929436684, 0.009999999776482582, 0.045835644006729126], "mag": [17.431570053100586, 17.80011749267578, 18.74767303466797, 18.033056259155273, 17.709579467773438, 18.917491912841797, 17.784523010253906], "catalog": ["APASS", "APASS", "APASS", "APASS", "APASS", "APASS", "APASS"], "filter": ["B", "V", "V", "V", "V", "V", "V"], "id": [232399, 231769, 231977, 232401, 232402, 232340, 232403]}