{"mjd": [58435.0969953, 58435.1303281, 58442.0975195, 58437.1057923, 58432.0949146, 58433.125942, 58434.0889433, 58434.0926561, 58434.0963018, 58436.0909802, 58437.0909784, 58437.0946839, 58442.1011613, 58447.1010038, 58447.1046346, 58454.1013944, 58432.1208394, 58432.124545, 58432.1282581, 58433.1444515, 58434.1222391, 58435.1229335, 58435.1266238, 58436.1280161, 58437.113197, 58437.1243132, 58437.1280118, 58442.1307899, 58447.1342622, 58447.1379684, 58454.1125136, 58432.0912087, 58432.0986242, 58434.1000075, 58434.1074253, 58434.1111139, 58434.1185211, 58434.1296376, 58436.1243121, 58442.1085698, 58447.1231556, 58432.1023208, 58432.117136, 58434.1037087, 58435.1044017, 58435.1081207, 58435.1118131, 58435.1192169, 58437.1020982, 58442.1196825, 58442.123387, 58447.1083387, 58447.1120395, 58447.1157555, 58447.1194482, 58447.126855, 58454.1088034], "magerr": [0.07800000160932541, -1.0, -1.0, 0.06620000302791595, -1.0, 0.05000000074505806, -1.0, 0.029600000008940697, 0.0340999998152256, -1.0, -1.0, 0.03009999915957451, 0.04540000110864639, -1.0, -1.0, -1.0, -1.0, -1.0, -1.0, 0.013000000268220901, -1.0, -1.0, 0.03290000185370445, 0.027300000190734863, -1.0, -1.0, -1.0, -1.0, -1.0, -1.0, -1.0, 0.0357000008225441, -1.0, -1.0, 0.05209999904036522, 0.02070000022649765, -1.0, 0.016200000420212746, -1.0, 0.08780000358819962, -1.0, 0.024800000712275505, -1.0, 0.037300001829862595, -1.0, -1.0, -1.0, -1.0, -1.0, -1.0, -1.0, -1.0, -1.0, -1.0, 0.015300000086426735, -1.0, -1.0], "alert_name": null, "observatory": ["T60-Umut Burgaz", "T60-Umut Burgaz", "T60-Umut Burgaz", "T60-Umut Burgaz", "T60-Umut Burgaz", "T60-Umut Burgaz", "T60-Umut Burgaz", "T60-Umut Burgaz", "T60-Umut Burgaz", "T60-Umut Burgaz", "T60-Umut Burgaz", "T60-Umut Burgaz", "T60-Umut Burgaz", "T60-Umut Burgaz", "T60-Umut Burgaz", "T60-Umut Burgaz", "T60-Umut Burgaz", "T60-Umut Burgaz", "T60-Umut Burgaz", "T60-Umut Burgaz", "T60-Umut Burgaz", "T60-Umut Burgaz", "T60-Umut Burgaz", "T60-Umut Burgaz", "T60-Umut Burgaz", "T60-Umut Burgaz", "T60-Umut Burgaz", "T60-Umut Burgaz", "T60-Umut Burgaz", "T60-Umut Burgaz", "T60-Umut Burgaz", "T60-Umut Burgaz", "T60-Umut Burgaz", "T60-Umut Burgaz", "T60-Umut Burgaz", "T60-Umut Burgaz", "T60-Umut Burgaz", "T60-Umut Burgaz", "T60-Umut Burgaz", "T60-Umut Burgaz", "T60-Umut Burgaz", "T60-Umut Burgaz", "T60-Umut Burgaz", "T60-Umut Burgaz", "T60-Umut Burgaz", "T60-Umut Burgaz", "T60-Umut Burgaz", "T60-Umut Burgaz", "T60-Umut Burgaz", "T60-Umut Burgaz", "T60-Umut Burgaz", "T60-Umut Burgaz", "T60-Umut Burgaz", "T60-Umut Burgaz", "T60-Umut Burgaz", "T60-Umut Burgaz", "T60-Umut Burgaz"], "caliberr": [0.36189764738082886, 0.30219897627830505, 0.28863945603370667, 0.3580436408519745, 0.1473875194787979, 0.27662959694862366, 0.06554469466209412, 0.17056772112846375, 0.16874997317790985, 0.11144284904003143, 0.1401951014995575, 0.32632455229759216, 0.2046545445919037, 0.06959475576877594, 0.17526531219482422, 0.24064421653747559, 0.059886254370212555, 0.09184874594211578, 0.09749244898557663, 0.06707842648029327, 0.05322495847940445, 0.11814840883016586, 0.16357749700546265, 0.13323239982128143, 0.05607997998595238, 0.07583264261484146, 0.05611156299710274, 0.23179927468299866, 0.08143632858991623, 0.0528070330619812, 0.06579023599624634, 0.17595170438289642, 0.10472004860639572, 0.11544853448867798, 0.2535525858402252, 0.31622299551963806, 0.05079852044582367, 0.31715860962867737, 0.07693073898553848, 0.29646173119544983, 0.18133415281772614, 0.1254327893257141, 0.06993415206670761, 0.3218827247619629, 0.14032553136348724, 0.19020619988441467, 0.09815085679292679, 0.11718452721834183, 0.11529321223497391, 0.0791642814874649, 0.07520180940628052, 0.04371437057852745, 0.09775220602750778, 0.11465112119913101, 0.09583722054958344, 0.06914405524730682, 0.12688980996608734], "mag": [14.793506622314453, 19.995941162109375, 18.447248458862305, 16.192899703979492, 21.025056838989258, 16.766942977905273, 21.274385452270508, 16.341413497924805, 16.488248825073242, 23.396408081054688, 21.68621253967285, 16.31444549560547, 16.49725341796875, 20.927766799926758, 20.216291427612305, 20.102588653564453, 20.95907974243164, 20.74970817565918, 19.89430809020996, 16.22516441345215, 21.561281204223633, 19.827693939208984, 16.244544982910156, 16.969505310058594, 22.100305557250977, 21.165475845336914, 21.213525772094727, 19.011859893798828, 20.927814483642578, 21.611101150512695, 20.5281925201416, 15.977752685546875, 20.649633407592773, 19.946224212646484, 17.085739135742188, 16.563581466674805, 22.010204315185547, 15.520689964294434, 21.208744049072266, 16.61911964416504, 21.61285972595215, 16.179927825927734, 20.97426414489746, 16.348373413085938, 20.439451217651367, 20.124494552612305, 19.549922943115234, 21.171693801879883, 20.095611572265625, 19.64226722717285, 20.549013137817383, 20.711105346679688, 20.802928924560547, 20.982572555541992, 15.924698829650879, 23.78141975402832, 20.3988094329834], "catalog": ["SDSS", "SDSS", "USNO", "USNO", "APASS", "APASS", "APASS", "APASS", "APASS", "APASS", "APASS", "APASS", "APASS", "APASS", "APASS", "APASS", "APASS", "APASS", "APASS", "APASS", "APASS", "APASS", "APASS", "APASS", "APASS", "APASS", "APASS", "APASS", "APASS", "APASS", "APASS", "APASS", "APASS", "APASS", "APASS", "APASS", "APASS", "APASS", "APASS", "APASS", "APASS", "APASS", "APASS", "APASS", "APASS", "APASS", "APASS", "APASS", "APASS", "APASS", "APASS", "APASS", "APASS", "APASS", "APASS", "APASS", "APASS"], "filter": ["z", "V", "R2pg", "Ipg", "B", "B", "B", "B", "B", "B", "B", "B", "B", "B", "B", "B", "V", "V", "V", "V", "V", "V", "V", "V", "V", "V", "V", "V", "V", "V", "V", "g", "r", "r", "r", "r", "r", "r", "r", "r", "r", "i", "i", "i", "i", "i", "i", "i", "i", "i", "i", "i", "i", "i", "i", "i", "i"], "id": [128829, 128836, 128847, 128843, 126171, 128817, 128819, 128820, 128821, 128837, 128840, 128841, 128848, 128853, 128854, 128863, 126175, 126176, 126177, 128818, 128827, 128834, 128835, 128839, 128844, 128845, 128846, 128852, 128861, 128862, 128865, 126170, 126172, 128822, 128824, 128825, 128826, 128828, 128838, 128849, 128859, 126173, 126174, 128823, 128830, 128831, 128832, 128833, 128842, 128850, 128851, 128855, 128856, 128857, 128858, 128860, 128864]}