{"mjd": [59110.105718, 59110.110305, 59110.11485, 59118.063221], "magerr": [0.041813600808382034, 0.0329710990190506, 0.02077930048108101, -1.0], "alert_name": null, "observatory": ["Liam Hardy pt5m", "Liam Hardy pt5m", "Liam Hardy pt5m", "Liam Hardy pt5m"], "caliberr": [0.03184890002012253, 0.07061109691858292, 0.01935419999063015, 0.0927513986825943], "mag": [16.484899520874023, 16.4596004486084, 16.42009925842285, 15.679100036621094], "catalog": ["APASS", "APASS", "APASS", "APASS"], "filter": ["B", "V", "r", "r"], "id": [199185, 199186, 199187, 200983]}