{"mjd": [58249.03949, 58257.022956, 58270.951309, 58249.030415, 58257.013129, 58270.942237, 58249.03496, 58257.018428, 58270.946779, 58257.93799, 58257.94132, 58257.94387], "magerr": [0.055779699236154556, 0.061686500906944275, 0.0794781967997551, -1.0, -1.0, -1.0, 0.0944427028298378, 0.09835749864578247, 0.12130700051784515, 0.0139979999512434, 0.012318000197410583, 0.013299000449478626], "alert_name": null, "observatory": ["Liam Hardy pt5m", "Liam Hardy pt5m", "Liam Hardy pt5m", "Liam Hardy pt5m", "Liam Hardy pt5m", "Liam Hardy pt5m", "Liam Hardy pt5m", "Liam Hardy pt5m", "Liam Hardy pt5m", "PIRATE, OU students", "PIRATE, OU students", "PIRATE, OU students"], "caliberr": [0.14926500618457794, 0.15303799510002136, 0.12594300508499146, 0.07360470294952393, 0.009999999776482582, 0.0778094008564949, 0.009999999776482582, 0.009999999776482582, 0.009999999776482582, 0.009999999776482582, 0.09757860004901886, 0.1456419974565506], "mag": [18.084299087524414, 18.357500076293945, 18.581600189208984, 19.586200714111328, 19.258499145507812, 19.64419937133789, 18.3439998626709, 18.929100036621094, 18.798999786376953, 18.00469970703125, 16.667400360107422, 16.421499252319336], "catalog": ["SDSS", "SDSS", "SDSS", "APASS", "APASS", "APASS", "APASS", "APASS", "APASS", "APASS", "APASS", "APASS"], "filter": ["R", "R", "R", "B", "B", "B", "V", "V", "V", "B", "r", "i"], "id": [104931, 105334, 106016, 104929, 105332, 106014, 104930, 105333, 106015, 105713, 105714, 105711]}