{"mjd": [59241.278813, 59244.23353, 59241.269711, 59244.222883, 59241.274267, 59244.228992], "magerr": [0.08681820333003998, 0.10340200364589691, -1.0, -1.0, 0.12806899845600128, 0.11982599645853043], "alert_name": null, "observatory": ["Liam Hardy pt5m", "Liam Hardy pt5m", "Liam Hardy pt5m", "Liam Hardy pt5m", "Liam Hardy pt5m", "Liam Hardy pt5m"], "caliberr": [0.16889500617980957, 0.1483590006828308, 0.04162539914250374, 0.009999999776482582, 0.11705899983644485, 0.05053040012717247], "mag": [18.208599090576172, 18.159900665283203, 18.831300735473633, 18.274200439453125, 18.593599319458008, 18.06290054321289], "catalog": ["SDSS", "SDSS", "APASS", "APASS", "APASS", "APASS"], "filter": ["R", "R", "B", "B", "V", "V"], "id": [212052, 212309, 212050, 212307, 212051, 212308]}