{"mjd": [57616.5045692, 57620.4969765, 57627.5389, 57628.4917674, 57625.5388098, 57614.4928415, 57616.5052591, 57620.4977018, 57625.539582, 57627.5396248, 57628.4924548, 57614.4935394, 57627.5403237, 57628.4931711, 57616.5059567, 57620.4983993, 57625.5402743], "magerr": [-1.0, -1.0, -1.0, -1.0, -1.0, -1.0, 0.09929999709129333, 0.11339999735355377, -1.0, 0.06610000133514404, -1.0, -1.0, 0.0340999998152256, -1.0, 0.03590000048279762, 0.04010000079870224, 0.03150000050663948], "alert_name": null, "observatory": ["LCOGT2m, F.Lewis", "LCOGT2m, F.Lewis", "LCOGT2m, F.Lewis", "LCOGT2m, F.Lewis", "LCOGT2m, F.Lewis", "LCOGT2m, F.Lewis", "LCOGT2m, F.Lewis", "LCOGT2m, F.Lewis", "LCOGT2m, F.Lewis", "LCOGT2m, F.Lewis", "LCOGT2m, F.Lewis", "LCOGT2m, F.Lewis", "LCOGT2m, F.Lewis", "LCOGT2m, F.Lewis", "LCOGT2m, F.Lewis", "LCOGT2m, F.Lewis", "LCOGT2m, F.Lewis"], "caliberr": [0.06332194805145264, 0.0737486481666565, 0.0774189904332161, 0.07023632526397705, 0.08451958745718002, 0.04837711155414581, 0.04710574075579643, 0.044343043118715286, 0.042203497141599655, 0.04185962677001953, 0.04971306398510933, 0.06581930816173553, 0.0724489688873291, 0.0732942670583725, 0.13293951749801636, 0.13359637558460236, 0.13602955639362335], "mag": [19.862834930419922, 20.717880249023438, 20.226930618286133, 19.64067840576172, 20.1004695892334, 19.455081939697266, 18.718120574951172, 18.561960220336914, 20.380643844604492, 18.64972496032715, 19.211423873901367, 18.627012252807617, 17.41274642944336, 18.448951721191406, 17.997482299804688, 17.927814483642578, 18.01274871826172], "catalog": ["APASS", "APASS", "APASS", "APASS", "APASS", "APASS", "APASS", "APASS", "APASS", "APASS", "APASS", "APASS", "APASS", "APASS", "GAIA", "GAIA", "GAIA"], "filter": ["B", "B", "B", "B", "g", "r", "r", "r", "r", "r", "r", "i", "i", "i", "G", "G", "G"], "id": [65064, 65067, 65073, 65076, 65070, 65062, 65065, 65068, 65071, 65074, 65077, 65063, 65075, 65078, 65066, 65069, 65072]}