{"mjd": [59308.034721], "magerr": [-1.0], "alert_name": null, "observatory": ["Liam Hardy pt5m"], "caliberr": [0.020452091470360756], "mag": [17.63127899169922], "catalog": ["APASS"], "filter": ["V"], "id": [216963]}