{"mjd": [58916.246609, 58916.237499, 58916.242052], "magerr": [-1.0, -1.0, -1.0], "alert_name": null, "observatory": ["Liam Hardy pt5m", "Liam Hardy pt5m", "Liam Hardy pt5m"], "caliberr": [0.36468830704689026, 0.082025907933712, 0.12936948239803314], "mag": [19.811582565307617, 20.174072265625, 19.3100643157959], "catalog": ["SDSS", "APASS", "APASS"], "filter": ["R", "B", "V"], "id": [184463, 184461, 184462]}