{"mjd": [59045.983878, 59046.002752, 59046.897218, 59047.948558, 59049.945767, 59051.983538, 59052.995301, 59056.008822, 59056.939906, 59064.000283, 59068.033394, 59068.992895, 59073.020229, 59074.030413, 59076.996939, 59077.991316, 59095.959445, 59107.879846, 59108.827945, 59113.836623, 59114.768177, 59117.829311, 59118.862445, 59121.765361, 59126.788982, 59147.770961, 59162.751715, 59173.735265, 59189.64481, 59190.665099, 59193.648727, 59045.980311, 59045.999187, 59046.893653, 59047.944993, 59049.942202, 59051.979973, 59052.991736, 59056.005257, 59056.936342, 59063.996718, 59068.029828, 59068.989329, 59073.016664, 59074.026846, 59076.993374, 59077.987751, 59095.955856, 59105.912962, 59108.82438, 59113.833058, 59114.764611, 59117.825746, 59118.858879, 59121.772006, 59126.785418, 59147.767396, 59162.758358, 59173.7317, 59189.641245, 59190.661534, 59193.645162, 59045.9875, 59046.900841, 59047.952181, 59049.949357, 59051.98716, 59052.998925, 59056.012447, 59056.943529, 59064.003905, 59068.037017, 59068.996518, 59073.023853, 59074.034035, 59077.000563, 59077.994938, 59095.963079, 59108.831568, 59113.840246, 59114.771801, 59117.832934, 59118.866068, 59121.768985, 59126.792605, 59147.774583, 59162.755338, 59173.738888, 59189.648435, 59190.668721, 59193.65235, 59147.68487268, 59148.75777777, 59149.67016203, 59150.76645833, 59151.67527777, 59147.69289351, 59148.76659722, 59149.67817129, 59150.77450231, 59151.66726851, 59147.70092592, 59148.77381944, 59149.68619212, 59150.78252314, 59151.67527777, 59046.9042163, 59046.9048815, 59047.9013745, 59047.9020258, 59048.9051858, 59048.9058997, 59049.9348875, 59049.9355274, 59050.8993829, 59050.9000321, 59051.9365876, 59051.9372738, 59052.8877857, 59053.8913537, 59053.8920377, 59054.9167692, 59054.9174184, 59046.9069767, 59046.9076187, 59047.9041534, 59047.9047975, 59048.9079897, 59048.9086358, 59049.9376402, 59049.9383087, 59050.9021221, 59050.902765, 59051.9393621, 59051.9400147, 59052.8907205, 59052.8913734, 59053.8941243, 59053.8947735, 59054.9195054, 59054.9201546, 59047.9027782, 59047.90343, 59049.9362533, 59049.9369005, 59046.905597, 59046.9062472, 59048.9066229, 59048.9072722, 59050.900752, 59050.9014023, 59051.9379917, 59051.9386399, 59052.8893345, 59052.8899866, 59053.8927564, 59053.8934056, 59054.9181492, 59054.9187983], "magerr": [0.00419999985024333, 0.007199999876320362, 0.004999999888241291, 0.002899999963119626, 0.002300000051036477, 0.003100000089034438, 0.003800000064074993, 0.004699999932199717, 0.002400000113993883, 0.006300000008195639, 0.007899999618530273, 0.00430000014603138, 0.0031999999191612005, 0.003700000001117587, 0.002400000113993883, 0.002400000113993883, 0.007400000002235174, 0.005799999926239252, 0.0027000000700354576, 0.004000000189989805, 0.0020000000949949026, 0.00430000014603138, 0.006200000178068876, 0.004399999976158142, 0.004399999976158142, 0.005499999970197678, 0.002300000051036477, 0.003100000089034438, 0.003100000089034438, 0.002899999963119626, 0.003700000001117587, 0.003100000089034438, 0.004900000058114529, 0.00430000014603138, 0.002400000113993883, 0.002199999988079071, 0.002400000113993883, 0.002899999963119626, 0.0031999999191612005, 0.002099999925121665, 0.005100000184029341, 0.005499999970197678, 0.0034000000450760126, 0.003100000089034438, 0.0032999999821186066, 0.002099999925121665, 0.002099999925121665, 0.005499999970197678, 0.004900000058114529, 0.0024999999441206455, 0.004399999976158142, 0.0020000000949949026, 0.003700000001117587, 0.005100000184029341, 0.0034000000450760126, 0.003599999938160181, 0.00430000014603138, 0.002300000051036477, 0.0026000000070780516, 0.003000000026077032, 0.002899999963119626, 0.004100000020116568, 0.004399999976158142, 0.004900000058114529, 0.003100000089034438, 0.002400000113993883, 0.003100000089034438, 0.003599999938160181, 0.004600000102072954, 0.003100000089034438, 0.004800000227987766, 0.006200000178068876, 0.003800000064074993, 0.0035000001080334187, 0.004100000020116568, 0.0034000000450760126, 0.0031999999191612005, 0.0044999998062849045, 0.0031999999191612005, 0.0038999998942017555, 0.0024999999441206455, 0.003599999938160181, 0.004800000227987766, 0.0031999999191612005, 0.0031999999191612005, 0.0038999998942017555, 0.0031999999191612005, 0.0038999998942017555, 0.003800000064074993, 0.005400000140070915, 0.004699999932199717, 0.0031999999191612005, 0.0034000000450760126, 0.002099999925121665, 0.003599999938160181, 0.002199999988079071, 0.002400000113993883, 0.002300000051036477, 0.001500000013038516, 0.002899999963119626, 0.0015999999595806003, 0.004800000227987766, 0.004699999932199717, 0.0031999999191612005, 0.006200000178068876, 0.003800000064074993, 0.004999999888241291, 0.0038999998942017555, 0.003599999938160181, 0.003800000064074993, 0.0032999999821186066, 0.003700000001117587, 0.003800000064074993, 0.0032999999821186066, 0.0034000000450760126, 0.0031999999191612005, 0.0032999999821186066, 0.0035000001080334187, 0.005200000014156103, 0.0035000001080334187, 0.0034000000450760126, 0.004000000189989805, 0.0035000001080334187, 0.0035000001080334187, 0.0031999999191612005, 0.002300000051036477, 0.0026000000070780516, 0.002400000113993883, 0.0027000000700354576, 0.002400000113993883, 0.0026000000070780516, 0.0024999999441206455, 0.00279999990016222, 0.0026000000070780516, 0.00279999990016222, 0.0032999999821186066, 0.002899999963119626, 0.0027000000700354576, 0.003000000026077032, 0.00279999990016222, 0.0027000000700354576, 0.0027000000700354576, 0.002400000113993883, 0.00279999990016222, 0.0026000000070780516, 0.0024999999441206455, 0.00430000014603138, 0.002899999963119626, 0.00279999990016222, 0.002400000113993883, 0.002300000051036477, 0.003000000026077032, 0.00279999990016222, 0.00279999990016222, 0.00430000014603138, 0.0026000000070780516, 0.00279999990016222, 0.0026000000070780516, 0.0034000000450760126], "alert_name": null,