{"mjd": [58368.9040536, 58368.9075892, 58413.7798516, 58413.78339, 58368.911238, 58368.9147771, 58413.7870562, 58413.7906063, 58368.9184091, 58368.921948, 58413.7945708, 58413.7981093, 58369.82981835, 58369.82632163, 58369.82371429, 58372.88477041, 58373.81633839, 58376.79219623, 58377.79195673, 58378.78150698, 58379.82022672, 58380.80287043, 58381.78447576, 58388.77360979, 58390.79015482, 58391.80483336, 58399.75734087, 58401.74558092, 58403.76991778, 58404.76763393, 58405.76027954, 58407.75615975, 58408.7548002, 58409.74048967, 58422.73719494, 58429.69426601, 58430.69331661, 58437.68745093, 58438.68671206, 58439.6859731, 58441.68463209, 58537.18457932, 58538.17833696, 58541.1696524, 58542.16941755, 58577.07959064, 58592.0332198, 58593.03511144, 58595.03306633, 58604.00852219, 58614.00007943, 58620.97777404, 58627.05519721, 58628.94636549, 58629.94497398, 58633.99362656, 58636.02932341, 58636.98516936, 58638.97734165, 58639.99165911, 58641.98869939, 58369.83386122, 58396.80454934], "magerr": [-1.0, -1.0, -1.0, -1.0, 0.05339999869465828, 0.057500001043081284, -1.0, -1.0, 0.02070000022649765, 0.01899999938905239, 0.06700000166893005, 0.08389999717473984, -1.0, -1.0, -1.0, -1.0, -1.0, -1.0, -1.0, -1.0, -1.0, -1.0, -1.0, -1.0, -1.0, -1.0, -1.0, -1.0, -1.0, -1.0, -1.0, -1.0, -1.0, -1.0, -1.0, -1.0, -1.0, -1.0, -1.0, -1.0, -1.0, -1.0, -1.0, -1.0, -1.0, -1.0, -1.0, -1.0, -1.0, -1.0, -1.0, -1.0, -1.0, -1.0, -1.0, -1.0, -1.0, -1.0, -1.0, -1.0, -1.0, -1.0, -1.0], "alert_name": null, "observatory": ["ObsMontsec-Umut Burg", "ObsMontsec-Umut Burg", "ObsMontsec-Umut Burg", "ObsMontsec-Umut Burg", "ObsMontsec-Umut Burg", "ObsMontsec-Umut Burg", "ObsMontsec-Umut Burg", "ObsMontsec-Umut Burg", "ObsMontsec-Umut Burg", "ObsMontsec-Umut Burg", "ObsMontsec-Umut Burg", "ObsMontsec-Umut Burg", "OndrejovD50, Martin ", "OndrejovD50, Martin ", "OndrejovD50, Martin ", "OndrejovD50, Martin ", "OndrejovD50, Martin ", "OndrejovD50, Martin ", "OndrejovD50, Martin ", "OndrejovD50, Martin ", "OndrejovD50, Martin ", "OndrejovD50, Martin ", "OndrejovD50, Martin ", "OndrejovD50, Martin ", "OndrejovD50, Martin ", "OndrejovD50, Martin ", "OndrejovD50, Martin ", "OndrejovD50, Martin ", "OndrejovD50, Martin ", "OndrejovD50, Martin ", "OndrejovD50, Martin ", "OndrejovD50, Martin ", "OndrejovD50, Martin ", "OndrejovD50, Martin ", "OndrejovD50, Martin ", "OndrejovD50, Martin ", "OndrejovD50, Martin ", "OndrejovD50, Martin ", "OndrejovD50, Martin ", "OndrejovD50, Martin ", "OndrejovD50, Martin ", "OndrejovD50, Martin ", "OndrejovD50, Martin ", "OndrejovD50, Martin ", "OndrejovD50, Martin ", "OndrejovD50, Martin ", "OndrejovD50, Martin ", "OndrejovD50, Martin ", "OndrejovD50, Martin ", "OndrejovD50, Martin ", "OndrejovD50, Martin ", "OndrejovD50, Martin ", "OndrejovD50, Martin ", "OndrejovD50, Martin ", "OndrejovD50, Martin ", "OndrejovD50, Martin ", "OndrejovD50, Martin ", "OndrejovD50, Martin ", "OndrejovD50, Martin ", "OndrejovD50, Martin ", "OndrejovD50, Martin ", "OndrejovD50, Martin ", "OndrejovD50, Martin "], "caliberr": [0.05570239946246147, 0.0694499984383583, 0.06753669679164886, 0.07416509836912155, 0.10280799865722656, 0.11314599961042404, 0.10522100329399109, 0.10607600212097168, 0.13648299872875214, 0.14592799544334412, 0.1519310027360916, 0.27067500352859497, 0.08669369667768478, 0.07024739682674408, 0.11575499922037125, 0.1549759954214096, 0.1490429937839508, 0.13552099466323853, 0.11620599776506424, 0.1281210035085678, 0.13202700018882751, 0.1207370012998581, 0.12393400073051453, 0.11766300350427628, 0.1349020004272461, 0.11502499878406525, 0.11755699664354324, 0.12023500353097916, 0.1301099956035614, 0.1307239979505539, 0.12566299736499786, 0.11737699806690216, 0.12490499764680862, 0.13949300348758698, 0.11545500159263611, 0.11974000185728073, 0.11665599793195724, 0.11714000254869461, 0.120558001101017, 0.1286199986934662, 0.12194400280714035, 0.16408999264240265, 0.12158499658107758, 0.14281800389289856, 0.20468899607658386, 0.19624599814414978, 0.11762399971485138, 0.16075299680233002, 0.1307770013809204, 0.14212200045585632, 0.13284200429916382, 0.12152399867773056, 0.12233900278806686, 0.1396549940109253, 0.18139900267124176, 0.13647300004959106, 0.1198510006070137, 0.14417000114917755, 0.13115200400352478, 0.1425279974937439, 0.14465999603271484, 0.1597220003604889, 0.11026100069284439], "mag": [21.6072998046875, 22.259599685668945, 21.164499282836914, 21.138099670410156, 19.872499465942383, 19.6968994140625, 21.625, 21.465599060058594, 17.958900451660156, 17.875699996948242, 19.07360076904297, 18.926000595092773, 20.3927001953125, 20.369300842285156, 20.095300674438477, 20.619800567626953, 20.67609977722168, 20.601600646972656, 19.597000122070312, 20.104400634765625, 20.131399154663086, 20.075300216674805, 20.156600952148438, 20.76219940185547, 20.79129981994629, 20.868999481201172, 20.69879913330078, 20.783100128173828, 20.628000259399414, 20.719900131225586, 20.59469985961914, 20.420400619506836, 20.032699584960938, 19.247100830078125, 19.537099838256836, 20.46419906616211, 21.381399154663086, 20.56439971923828, 20.370399475097656, 20.56679916381836, 19.76409912109375, 20.17639923095703, 20.502500534057617, 20.234399795532227, 20.26799964904785, 20.519800186157227, 20.229299545288086, 20.278200149536133, 20.75200080871582, 20.67650032043457, 20.569499969482422, 20.253599166870117, 20.618499755859375, 20.422000885009766, 18.023500442504883, 17.930099487304688, 20.69969940185547, 21.01129913330078, 20.8976993560791, 20.79199981689453, 20.92060089111328, 19.500200271606445, 19.882999420166016], "catalog": ["APASS", "APASS", "APASS", "APASS", "APASS", "APASS", "APASS", "APASS", "APASS", "APASS", "APASS", "APASS", "APASS", "APASS", "APASS", "APASS", "APASS", "APASS", "APASS", "APASS", "APASS", "APASS", "APASS", "APASS", "APASS", "APASS", "APASS", "APASS", "APASS", "APASS", "APASS", "APASS", "APASS", "APASS", "APASS", "APASS", "APASS", "APASS", "APASS", "APASS", "APASS", "APASS", "APASS", "APASS", "APASS", "APASS", "APASS", "APASS", "APASS", "APASS", "APASS", "APASS", "APASS", "APASS", "APASS", "APASS", "APASS", "APASS", "APASS", "APASS", "APASS", "APASS", "APASS"], "filter": ["V", "V", "V", "V", "r", "r", "r", "r", "i", "i", "i", "i", "B", "V", "r", "r", "r", "r", "r", "r", "r", "r", "r", "r", "r", "r", "r", "r", "r", "r", "r", "r", "r", "r", "r", "r", "r", "r", "r", "r", "r", "r", "r", "r", "r", "r", "r", "r", "r", "r", "r", "r", "r", "r", "r", "r", "r", "r", "r", "r", "r", "i", "i"], "id": [119096, 119097, 124803, 124804, 119098, 119099, 124805, 124806, 119100, 119101, 124807, 124808, 119361, 119364, 119363, 119654, 119680, 120064, 120308, 120356, 120420, 120582, 120828, 121444, 121619, 121693, 122138, 122232, 122392, 122442, 122529, 122714, 122772, 122784, 124903, 125940, 126122, 126502, 126534, 126551, 126626, 131388, 131416, 131547, 131615, 148982, 150762, 150778, 150842, 151447, 152319, 152863, 153246, 153339, 153427, 153763, 154017, 154148, 154305, 154573, 154795, 119362, 122048]}