{"mjd": [58879.283235], "magerr": [0.11690200120210648], "alert_name": null, "observatory": ["Liam Hardy pt5m"], "caliberr": [0.16023282706737518], "mag": [18.22411346435547], "catalog": ["SDSS"], "filter": ["B"], "id": [176350]}