{"mjd": [58728.984278, 58728.975929, 58728.980487], "magerr": [0.045997254550457, 0.1223725751042366, -1.0], "alert_name": null, "observatory": ["Liam Hardy pt5m", "Liam Hardy pt5m", "Liam Hardy pt5m"], "caliberr": [0.22672757506370544, 0.05979744344949722, 0.028839999809861183], "mag": [18.573301315307617, 18.943161010742188, 19.710933685302734], "catalog": ["SDSS", "APASS", "APASS"], "filter": ["R", "B", "V"], "id": [163848, 163846, 163847]}