{"mjd": [58613.955207, 58606.00307, 58606.006862, 58613.961265, 58604.900172, 58604.90374, 58609.886279, 58609.893415, 58609.8969, 58613.866683, 58613.87025, 58613.873818, 58613.877385, 58604.893036, 58604.896604, 58601.8507015, 58595.855792, 58596.8532431, 58601.8544012, 58601.8432929, 58603.8340367, 58596.8421365, 58603.8266277, 58585.84886, 58590.8583803, 58600.8571804, 58601.8469978, 58590.8546327, 58590.8423692, 58590.8509654, 58595.8520959, 58603.8303307, 58603.8414399, 58596.860653, 58596.8643594], "magerr": [0.03651001676917076, 0.02827952615916729, 0.019409121945500374, 0.025106752291321754, 0.005200000014156103, -1.0, 0.005900000222027302, -1.0, 0.00570000009611249, 0.006000000052154064, 0.006000000052154064, 0.006000000052154064, 0.006500000134110451, 0.004600000102072954, 0.004900000058114529, -1.0, -1.0, -1.0, -1.0, -1.0, -1.0, -1.0, -1.0, -1.0, -1.0, -1.0, -1.0, -1.0, -1.0, -1.0, 0.12690000236034393, -1.0, -1.0, -1.0, -1.0], "alert_name": null, "observatory": ["Liam Hardy pt5m", "Liam Hardy pt5m", "Liam Hardy pt5m", "Liam Hardy pt5m", "OmicronC2PU JPRivet", "OmicronC2PU JPRivet", "OmicronC2PU JPRivet", "OmicronC2PU JPRivet", "OmicronC2PU JPRivet", "OmicronC2PU JPRivet", "OmicronC2PU JPRivet", "OmicronC2PU JPRivet", "OmicronC2PU JPRivet", "OmicronC2PU JPRivet", "OmicronC2PU JPRivet", "T60-Umut Burgaz", "T60-Umut Burgaz", "T60-Umut Burgaz", "T60-Umut Burgaz", "T60-Umut Burgaz", "T60-Umut Burgaz", "T60-Umut Burgaz", "T60-Umut Burgaz", "T60-Umut Burgaz", "T60-Umut Burgaz", "T60-Umut Burgaz", "T60-Umut Burgaz", "T60-Umut Burgaz", "T60-Umut Burgaz", "T60-Umut Burgaz", "T60-Umut Burgaz", "T60-Umut Burgaz", "T60-Umut Burgaz", "T60-Umut Burgaz", "T60-Umut Burgaz"], "caliberr": [0.03376929834485054, 0.18960356712341309, 0.34305110573768616, 0.18432454764842987, 0.062196843326091766, 0.08319688588380814, 0.009999999776482582, 0.0739259198307991, 0.07501175999641418, 0.009999999776482582, 0.009999999776482582, 0.009999999776482582, 0.009999999776482582, 0.07401934266090393, 0.0690762922167778, 0.22703740000724792, 0.11100625991821289, 0.2700358033180237, 0.21333035826683044, 0.34671714901924133, 0.3031066656112671, 0.15731894969940186, 0.18875984847545624, 0.16425350308418274, 0.21555393934249878, 0.010000000707805157, 0.26111382246017456, 0.32372644543647766, 0.17706646025180817, 0.20305176079273224, 0.21112561225891113, 0.24867261946201324, 0.46497610211372375, 0.1286267787218094, 0.009999999776482582], "mag": [16.30577278137207, 16.287193298339844, 16.46027183532715, 15.718339920043945, 16.10141944885254, 21.549545288085938, 16.34724235534668, 21.603748321533203, 16.2490234375, 16.45040512084961, 16.464218139648438, 16.413320541381836, 16.307050704956055, 16.05539894104004, 16.040748596191406, 15.983824729919434, 16.404985427856445, 16.841550827026367, 16.85962677001953, 15.47635555267334, 16.8452205657959, 14.208399772644043, 15.239351272583008, 18.48444366455078, 22.447145462036133, 17.580589294433594, 16.682329177856445, 24.477140426635742, 23.183794021606445, 25.31046485900879, 16.72574234008789, 16.504228591918945, 17.100385665893555, 14.251496315002441, 14.075218200683594], "catalog": ["SDSS", "SDSS", "SDSS", "SDSS", "SDSS", "SDSS", "APASS", "APASS", "APASS", "APASS", "APASS", "APASS", "APASS", "GAIA", "GAIA", "USNO", "USNO", "USNO", "USNO", "USNO", "USNO", "USNO", "USNO", "APASS", "APASS", "APASS", "APASS", "APASS", "APASS", "APASS", "APASS", "APASS", "APASS", "PS1", "PS1"], "filter": ["r", "V", "R", "R", "r", "r", "r", "r", "r", "r", "r", "r", "r", "G", "G", "B1pg", "B2pg", "B2pg", "B2pg", "R1pg", "R1pg", "R2pg", "R2pg", "B", "V", "V", "V", "g", "r", "r", "r", "r", "r", "r", "r"], "id": [152273, 151506, 151507, 152274, 169553, 169554, 169655, 169656, 169657, 169682, 169683, 169684, 169685, 169551, 169552, 155105, 155097, 155099, 155106, 155103, 155109, 155098, 155107, 155091, 155095, 155102, 155104, 155094, 155092, 155093, 155096, 155108, 155110, 155100, 155101]}