{"mjd": [58699.046898, 58699.051473, 58699.0561], "magerr": [0.10784299671649933, 0.056146398186683655, 0.03946809843182564], "alert_name": null, "observatory": ["Liam Hardy pt5m", "Liam Hardy pt5m", "Liam Hardy pt5m"], "caliberr": [0.09646610170602798, 0.0814846009016037, 0.1000709980726242], "mag": [18.29439926147461, 18.06570053100586, 17.925600051879883], "catalog": ["APASS", "APASS", "APASS"], "filter": ["B", "V", "r"], "id": [161348, 161349, 161350]}