{"mjd": [59445.220589], "magerr": [0.06426256150007248], "alert_name": null, "observatory": ["Liam Hardy pt5m"], "caliberr": [0.05597379058599472], "mag": [15.8154296875], "catalog": ["APASS"], "filter": ["B"], "id": [231567]}