{"mjd": [57987.019489, 57987.009623, 57987.014932], "magerr": [-1.0, -1.0, -1.0], "alert_name": null, "observatory": ["Liam Hardy pt5m", "Liam Hardy pt5m", "Liam Hardy pt5m"], "caliberr": [0.13239699602127075, 0.10333699733018875, 0.014748499728739262], "mag": [18.612699508666992, 17.800100326538086, 18.491100311279297], "catalog": ["SDSS", "APASS", "APASS"], "filter": ["R", "B", "V"], "id": [82079, 82077, 82078]}