{"mjd": [58314.097161, 58314.088085, 58314.092627], "magerr": [0.06495627760887146, -1.0, -1.0], "alert_name": null, "observatory": ["Liam Hardy pt5m", "Liam Hardy pt5m", "Liam Hardy pt5m"], "caliberr": [0.2627982795238495, 0.0411251075565815, 0.02858985774219036], "mag": [17.815298080444336, 19.85960578918457, 19.752147674560547], "catalog": ["SDSS", "APASS", "APASS"], "filter": ["R", "B", "V"], "id": [114091, 114089, 114090]}