{"mjd": [58780.144698, 58780.135397, 58780.13999], "magerr": [0.0828976035118103, -1.0, 0.22382000088691711], "alert_name": null, "observatory": ["Liam Hardy pt5m", "Liam Hardy pt5m", "Liam Hardy pt5m"], "caliberr": [0.18041299283504486, 0.029395200312137604, 0.022049399092793465], "mag": [17.63409996032715, 19.341999053955078, 18.89069938659668], "catalog": ["SDSS", "APASS", "APASS"], "filter": ["R", "B", "V"], "id": [169938, 169917, 169937]}