{"mjd": [58612.040618, 58633.968091, 58612.031489, 58633.958996, 58612.036071, 58633.963553, 58627.8372711, 58628.8344945, 58629.8206063, 58639.7969964, 58641.7952927, 58643.7949406, 58657.805273, 58657.8199129, 58658.8023222, 58658.8171357, 58659.8032491, 58659.8180599, 58660.8042923, 58660.8226381, 58661.8023225, 58661.8698668, 58662.8025531, 58664.8023208, 58665.802087, 58665.8626398, 58666.8062068, 58666.867137, 58667.8036571, 58668.8481191, 58668.862738, 58669.8017357, 58670.86366, 58671.8618103, 58672.8618103, 58673.8592635, 58627.8409786, 58628.8233931, 58629.8317181, 58629.8354196, 58632.8199114, 58632.8273209, 58634.8115768, 58639.7932932, 58639.8118144, 58641.7988598, 58643.798618, 58648.8175987, 58657.8088347, 58657.8236144, 58658.806025, 58658.8208418, 58659.8069482, 58660.8078735, 58661.8060247, 58661.8734352, 58662.8062555, 58662.8706544, 58664.8117532, 58665.808975, 58666.856208, 58666.8708401, 58667.8534863, 58667.8680612, 58668.8516853, 58668.866439, 58671.8655177, 58672.8506977, 58672.8655139, 58673.8481528, 58673.862969, 58676.8118123, 58677.8034771, 58678.8000056, 58627.8152468, 58628.8124726, 58628.8270871, 58629.8243084, 58629.8280166, 58632.8125124, 58634.7968615, 58634.8041691, 58641.8025491, 58648.8064842, 58657.7932948, 58657.8125061, 58658.8097299, 58659.8106523, 58660.7969372, 58660.8115813, 58661.8097256, 58662.8099573, 58664.7949115, 58666.8598482, 58668.7981098, 58668.8553283, 58670.7953259, 58670.8562579, 58671.8397859, 58672.8397879, 58672.8544041, 58673.837222, 58674.8345003, 58674.8490784, 58675.8316688, 58675.8463029, 58676.7791407, 58678.7890147, 58627.8189948, 58627.8335678, 58632.8162182, 58632.8236157, 58634.8078825, 58634.815283, 58641.8062686, 58648.8102071, 58657.8162396, 58658.8134422, 58659.8143694, 58660.8006549, 58660.8152929, 58662.7988615, 58662.8173162, 58664.7986308, 58665.7983923, 58668.8018235, 58669.7981032, 58670.8453959, 58670.859971, 58671.843498, 58671.8581203, 58672.8435009, 58672.8581145, 58673.8409338, 58673.8555743, 58675.8354355, 58675.8500161, 58676.7828539, 58677.8261144, 58679.7925407, 58679.8203325], "magerr": [0.004209490027278662, 0.0045822998508811, 0.006302750203758478, 0.011849899776279926, 0.005411210004240274, 0.005542759783565998, 0.0027000000700354576, 0.0017999999690800905, 0.002300000051036477, 0.004900000058114529, 0.002300000051036477, 0.0066999997943639755, 0.004999999888241291, 0.004399999976158142, 0.005200000014156103, 0.004399999976158142, 0.004999999888241291, 0.004999999888241291, 0.004100000020116568, 0.005100000184029341, 0.005400000140070915, 0.0038999998942017555, 0.006099999882280827, 0.005100000184029341, 0.006300000008195639, 0.006200000178068876, 0.011099999770522118, 0.009499999694526196, 0.008299999870359898, 0.007400000002235174, 0.006500000134110451, 0.006200000178068876, 0.006200000178068876, 0.013899999670684338, 0.017100000753998756, 0.014299999922513962, 0.007199999876320362, 0.0044999998062849045, 0.004999999888241291, 0.00419999985024333, 0.007199999876320362, 0.005100000184029341, 0.005400000140070915, 0.005400000140070915, 0.00860000029206276, 0.003800000064074993, 0.00839999970048666, 0.012000000104308128, 0.00860000029206276, 0.00930000003427267, 0.009600000455975533, 0.01510000042617321, 0.015200000256299973, 0.018300000578165054, 0.019600000232458115, 0.013000000268220901, 0.015799999237060547, 0.0142000000923872, 0.013100000098347664, 0.018300000578165054, 0.011800000444054604, 0.013000000268220901, 0.012799999676644802, 0.023000000044703484, 0.01489999983459711, 0.015300000086426735, 0.030300000682473183, 0.17309999465942383, 0.06719999760389328, 0.08370000123977661, 0.030500000342726707, 0.07029999792575836, 0.08320000022649765, 0.049800001084804535, 0.00559999980032444, -1.0, 0.003800000064074993, 0.0038999998942017555, 0.0031999999191612005, -1.0, 0.006399999838322401, 0.016899999231100082, 0.013000000268220901, 0.041999999433755875, -1.0, 0.023900000378489494, 0.023399999365210533, 0.025100000202655792, 0.02500000037252903, 0.02590000070631504, 0.030400000512599945, 0.03060000017285347, -1.0, 0.038100000470876694, -1.0, 0.03229999914765358, 0.061799999326467514, 0.04670000076293945, 0.0934000015258789, -1.0, -1.0, -1.0, -1.0, -1.0, -1.0, 0.05380000174045563, 0.14990000426769257, -1.0, 0.001500000013038516, 0.0017000000225380063, 0.00419999985024333, 0.0020000000949949026, 0.0026000000070780516, 0.0031999999191612005, 0.00419999985024333, 0.011500000022351742, 0.006300000008195639, 0.007899999618530273, 0.006000000052154064, 0.006599999964237213, 0.0066999997943639755, 0.01080000028014183, 0.009499999694526196, 0.011900000274181366, 0.014399999752640724, 0.007400000002235174, 0.011099999770522118, 0.0071000000461936, 0.008500000461935997, 0.014600000344216824, 0.014800000004470348, 0.05950000137090683, 0.023399999365210533, 0.023000000044703484, 0.018400000408291817, 0.024800000712275505, 0.023800000548362732, 0.021199999377131462, 0.02889999933540821, 0.031300000846385956, 0.02250000089406967], "alert_name": null, "observatory": ["Liam Hardy pt5m", "Liam Hardy pt5m", "Liam Hardy pt5m", "Liam Hardy pt5m", "Liam Hardy pt5m", "Liam Hardy pt5m", "T60-Umut Burgaz", "T60-Umut Burgaz", "T60-Umut Burgaz", "T60-Umut Burgaz", "T60-Umut Burgaz", "T60-Umut Burgaz", "T60-Umut Burgaz", "T60-Umut Burgaz", "T60-Umut Burgaz", "T60-Umut Burgaz", "T60-Umut Burgaz", "T60-Umut Burgaz", "T60-Umut Burgaz", "T60-Umut Burgaz", "T60-Umut Burgaz", "T60-Umut Burgaz", "T60-Umut Burgaz", "T60-Umut Burgaz", "T60-Umut Burgaz", "T60-Umut Burgaz", "T60-Umut Burgaz", "T60-Umut Burgaz", "T60-Umut Burgaz", "T60-Umut Burgaz", "T60-Umut Burgaz", "T60-Umut Burgaz", "T60-Umut Burgaz", "T60-Umut Burgaz", "T60-Umut Burgaz", "T60-Umut Burgaz", "T60-Umut Burgaz", "T60-Umut Burgaz", "T60-Umut Burgaz", "T60-Umut Burgaz", "T60-Umut Burgaz", "T60-Umut Burgaz", "T60-Umut Burgaz", "T60-Umut Burgaz", "T60-Umut Burgaz", "T60-Umut Burgaz", "T60-Umut Burgaz", "T60-Umut Burgaz", "T60-Umut Burgaz", "T60-Umut Burgaz", "T60-Umut Burgaz", "T60-Umut Burgaz", "T60-Umut Burgaz", "T60-Umut Burgaz", "T60-Umut Burgaz", "T60-Umut Burgaz", "T60-Umut Burgaz", "T60-Umut Burgaz", "T60-Umut Burgaz", "T60-Umut Burgaz", "T60-Umut Burgaz", "T60-Umut Burgaz", "T60-Umut Burgaz", "T60-Umut Burgaz", "T60-Umut Burgaz", "T60-Umut Burgaz", "T60-Umut Burgaz", "T60-Umut Burgaz", "T60-Umut Burgaz", "T60-Umut Burgaz", "T60-Umut Burgaz", "T60-Umut Burgaz", "T60-Umut Burgaz", "T60-Umut Burgaz", "T60-Umut Burgaz", "T60-Umut Burgaz", "T60-Umut Burgaz", "T60-Umut Burgaz", "T60-Umut Burgaz", "T60-Umut Burgaz", "T60-Umut Burgaz", "T60-Umut Burgaz", "T60-Umut Burgaz", "T60-Umut Burgaz", "T60-Umut Burgaz", "T60-Umut Burgaz", "T60-Umut Burgaz", "T60-Umut Burgaz", "T60-Umut Burgaz", "T60-Umut Burgaz", "T60-Umut Burgaz", "T60-Umut Burgaz", "T60-Umut Burgaz", "T60-Umut Burgaz", "T60-Umut Burgaz", "T60-Umut Burgaz", "T60-Umut Burgaz", "T60-Umut Burgaz", "T60-Umut Burgaz", "T60-Umut Burgaz", "T60-Umut Burgaz", "T60-Umut Burgaz", "T60-Umut Burgaz", "T60-Umut Burgaz", "T60-Umut Burgaz", "T60-Umut Burgaz", "T60-Umut Burgaz", "T60-Umut Burgaz", "T60-Umut Burgaz", "T60-Umut Burgaz", "T60-Umut Burgaz", "T60-Umut Burgaz", "T60-Umut Burgaz", "T60-Umut Burgaz", "T60-Umut Burgaz", "T60-Umut Burgaz", "T60-Umut Burgaz", "T60-Umut Burgaz", "T60-Umut Burgaz", "T60-Umut Burgaz", "T60-Umut Burgaz", "T60-Umut Burgaz", "T60-Umut Burgaz", "T60-Umut Burgaz", "T60-Umut Burgaz", "T60-Umut Burgaz", "T60-Umut Burgaz", "T60-Umut Burgaz", "T60-Umut Burgaz", "T60-Umut Burgaz", "T60-Umut Burgaz", "T60-Umut Burgaz", "T60-Umut Burgaz", "T60-Umut Burgaz", "T60-Umut Burgaz", "T60-Umut Burgaz", "T60-Umut Burgaz", "T60-Umut Burgaz", "T60-Umut Burgaz", "T60-Umut Burgaz", "T60-Umut Burgaz"],