{"mjd": [58383.179199, 58392.174233, 58383.170079, 58392.165108, 58383.174639, 58392.169672], "magerr": [-1.0, -1.0, -1.0, -1.0, -1.0, -1.0], "alert_name": null, "observatory": ["Liam Hardy pt5m", "Liam Hardy pt5m", "Liam Hardy pt5m", "Liam Hardy pt5m", "Liam Hardy pt5m", "Liam Hardy pt5m"], "caliberr": [0.21260599792003632, 0.2626529932022095, 0.16193899512290955, 0.10392799973487854, 0.09027919918298721, 0.09548089653253555], "mag": [19.6299991607666, 19.800600051879883, 20.391399383544922, 18.76420021057129, 19.2367000579834, 18.791000366210938], "catalog": ["SDSS", "SDSS", "APASS", "APASS", "APASS", "APASS"], "filter": ["R", "R", "B", "B", "V", "V"], "id": [120937, 121679, 120935, 121677, 120936, 121678]}