{"mjd": [58627.188728, 58638.056024, 58643.121898, 58627.192532, 58638.062148, 58643.126477, 58627.197878, 58638.066737, 58643.131072, 58632.0788724, 58632.0803507, 58632.0818297, 58633.0696049, 58633.0710809, 58633.0725584, 58633.0740344, 58634.0255005, 58634.0269796, 58634.0284569, 58634.0299466, 58634.9569129, 58634.9583882, 58634.9598631, 58636.0423822, 58636.0438635, 58636.0453397, 58632.0838638, 58632.0853421, 58632.0868181, 58633.0756429, 58633.0771175, 58633.0785922, 58634.03156, 58634.0330457, 58634.961466, 58634.9629437, 58634.9644315, 58636.0480906, 58636.049574, 58636.0510551, 58637.9497651, 58637.9512452, 58637.9527213, 58637.9543195, 58637.9557956, 58637.9572719, 58632.0884289, 58632.089907, 58632.0913855, 58633.0802072, 58633.0816872, 58633.0831665, 58634.0360972, 58634.0375728, 58634.0390511, 58634.9660222, 58634.9674972, 58634.9689715, 58636.0526821, 58636.0541736, 58636.0556537, 58638.0831576, 58638.0846459, 58638.086122, 58632.093017, 58632.0944977, 58632.0959729, 58633.084761, 58633.0862406, 58633.0877163, 58634.0406899, 58634.0421678, 58634.9717452, 58634.9732208, 58636.0572464, 58636.0587244, 58636.0602063, 58637.9981447, 58637.9996297, 58638.0011064, 58638.0025834, 58638.0040599, 58627.96551, 58627.97214, 58632.07494, 58632.98572, 58633.98307, 58633.99179, 58627.96769, 58627.97501, 58632.97781, 58632.98859, 58633.01264, 58633.01367, 58633.98594, 58633.99736, 58627.96991, 58627.97793, 58632.98073, 58632.9915, 58633.98886, 58634.00011], "magerr": [0.022748099640011787, 0.02850160002708435, 0.017818400636315346, 0.007973830215632915, 0.007751489989459515, 0.006712289992719889, 0.004863230045884848, 0.004659709986299276, 0.004073159769177437, 0.008899999782443047, 0.00839999970048666, 0.008299999870359898, 0.0066999997943639755, 0.006500000134110451, 0.007300000172108412, 0.007000000216066837, 0.006300000008195639, 0.006399999838322401, 0.006399999838322401, 0.006399999838322401, 0.007699999958276749, 0.007799999788403511, 0.007499999832361937, 0.006599999964237213, 0.006500000134110451, 0.006399999838322401, 0.00559999980032444, 0.00559999980032444, 0.005200000014156103, 0.003800000064074993, 0.003700000001117587, 0.003700000001117587, 0.003599999938160181, 0.0035000001080334187, 0.0038999998942017555, 0.003800000064074993, 0.003800000064074993, 0.0035000001080334187, 0.0035000001080334187, 0.0035000001080334187, 0.005499999970197678, 0.005200000014156103, 0.004999999888241291, 0.010499999858438969, 0.010200000368058681, 0.010200000368058681, 0.003599999938160181, 0.003700000001117587, 0.003700000001117587, 0.002400000113993883, 0.002400000113993883, 0.002400000113993883, 0.002300000051036477, 0.002300000051036477, 0.002300000051036477, 0.002400000113993883, 0.002400000113993883, 0.002400000113993883, 0.002300000051036477, 0.002300000051036477, 0.002300000051036477, 0.005799999926239252, 0.004100000020116568, 0.004699999932199717, 0.003100000089034438, 0.0034000000450760126, 0.0035000001080334187, 0.002199999988079071, 0.002199999988079071, 0.002199999988079071, 0.002300000051036477, 0.002300000051036477, 0.002300000051036477, 0.002199999988079071, 0.002099999925121665, 0.002099999925121665, 0.002099999925121665, 0.002400000113993883, 0.002300000051036477, 0.002400000113993883, 0.002300000051036477, 0.002400000113993883, 0.03060000017285347, 0.02979999966919422, 0.024900000542402267, 0.030400000512599945, -1.0, -1.0, 0.020600000396370888, 0.05719999969005585, 0.022700000554323196, 0.027400000020861626, 0.07649999856948853, 0.054099999368190765, 0.021199999377131462, 0.024000000208616257, 0.01759999990463257, 0.14350000023841858, 0.01940000057220459, 0.021400000900030136, 0.018400000408291817, 0.025599999353289604], "alert_name": null, "observatory": ["Liam Hardy pt5m", "Liam Hardy pt5m", "Liam Hardy pt5m", "Liam Hardy pt5m", "Liam Hardy pt5m", "Liam Hardy pt5m", "Liam Hardy pt5m", "Liam Hardy pt5m", "Liam Hardy pt5m", "ObsMontsec-Umut Burg", "ObsMontsec-Umut Burg", "ObsMontsec-Umut Burg", "ObsMontsec-Umut Burg", "ObsMontsec-Umut Burg", "ObsMontsec-Umut Burg", "ObsMontsec-Umut Burg", "ObsMontsec-Umut Burg", "ObsMontsec-Umut Burg", "ObsMontsec-Umut Burg", "ObsMontsec-Umut Burg", "ObsMontsec-Umut Burg", "ObsMontsec-Umut Burg", "ObsMontsec-Umut Burg", "ObsMontsec-Umut Burg", "ObsMontsec-Umut Burg", "ObsMontsec-Umut Burg", "ObsMontsec-Umut Burg", "ObsMontsec-Umut Burg", "ObsMontsec-Umut Burg", "ObsMontsec-Umut Burg", "ObsMontsec-Umut Burg", "ObsMontsec-Umut Burg", "ObsMontsec-Umut Burg", "ObsMontsec-Umut Burg", "ObsMontsec-Umut Burg", "ObsMontsec-Umut Burg", "ObsMontsec-Umut Burg", "ObsMontsec-Umut Burg", "ObsMontsec-Umut Burg", "ObsMontsec-Umut Burg", "ObsMontsec-Umut Burg", "ObsMontsec-Umut Burg", "ObsMontsec-Umut Burg", "ObsMontsec-Umut Burg", "ObsMontsec-Umut Burg", "ObsMontsec-Umut Burg", "ObsMontsec-Umut Burg", "ObsMontsec-Umut Burg", "ObsMontsec-Umut Burg", "ObsMontsec-Umut Burg", "ObsMontsec-Umut Burg", "ObsMontsec-Umut Burg", "ObsMontsec-Umut Burg", "ObsMontsec-Umut Burg", "ObsMontsec-Umut Burg", "ObsMontsec-Umut Burg", "ObsMontsec-Umut Burg", "ObsMontsec-Umut Burg", "ObsMontsec-Umut Burg", "ObsMontsec-Umut Burg", "ObsMontsec-Umut Burg", "ObsMontsec-Umut Burg", "ObsMontsec-Umut Burg", "ObsMontsec-Umut Burg", "ObsMontsec-Umut Burg", "ObsMontsec-Umut Burg", "ObsMontsec-Umut Burg", "ObsMontsec-Umut Burg", "ObsMontsec-Umut Burg", "ObsMontsec-Umut Burg", "ObsMontsec-Umut Burg", "ObsMontsec-Umut Burg", "ObsMontsec-Umut Burg", "ObsMontsec-Umut Burg", "ObsMontsec-Umut Burg", "ObsMontsec-Umut Burg", "ObsMontsec-Umut Burg", "ObsMontsec-Umut Burg", "ObsMontsec-Umut Burg", "ObsMontsec-Umut Burg", "ObsMontsec-Umut Burg", "ObsMontsec-Umut Burg", "Moletai0.35-Erika Pa", "Moletai0.35-Erika Pa", "Moletai0.35-Erika Pa", "Moletai0.35-Erika Pa", "Moletai0.35-Erika Pa", "Moletai0.35-Erika Pa", "Moletai0.35-Erika Pa", "Moletai0.35-Erika Pa", "Moletai0.35-Erika Pa", "Moletai0.35-Erika Pa", "Moletai0.35-Erika Pa", "Moletai0.35-Erika Pa", "Moletai0.35-Erika Pa", "Moletai0.35-Erika Pa", "Moletai0.35-Erika Pa", "Moletai0.35-Erika Pa", "Moletai0.35-Erika Pa", "Moletai0.35-Erika Pa", "Moletai0.35-Erika Pa", "Moletai0.35-Erika Pa"],