{"mjd": [57085.2677159, 57085.2677159], "magerr": [0.07400000095367432, 0.04010000079870224], "alert_name": null, "observatory": ["Heather Campbell", "Heather Campbell"], "caliberr": [0.009999999776482582, 0.015274411998689175], "mag": [19.710786819458008, 19.081623077392578], "catalog": ["APASS", "APASS"], "filter": ["g", "r"], "id": [16429, 16430]}