{"mjd": [58670.169192, 58670.160083, 58670.164644], "magerr": [0.037445299327373505, 0.1065400019288063, 0.05782819911837578], "alert_name": null, "observatory": ["Liam Hardy pt5m", "Liam Hardy pt5m", "Liam Hardy pt5m"], "caliberr": [0.11564599722623825, 0.0617544986307621, 0.09145259857177734], "mag": [17.68790054321289, 18.09469985961914, 17.71739959716797], "catalog": ["SDSS", "APASS", "APASS"], "filter": ["R", "B", "V"], "id": [157760, 157758, 157759]}