{"mjd": [59459.036527], "magerr": [0.09281537681818008], "alert_name": null, "observatory": ["Liam Hardy pt5m"], "caliberr": [0.05568256601691246], "mag": [16.747533798217773], "catalog": ["APASS"], "filter": ["V"], "id": [232243]}