{"mjd": [57901.1665054, 57901.1735991, 57901.1806948, 57901.1641223, 57901.1712147, 57901.1783085, 57901.1617943, 57901.1688902, 57901.1759821], "magerr": [0.051600001752376556, 0.05090000107884407, 0.047600001096725464, 0.08229999989271164, 0.08160000294446945, 0.07270000129938126, 0.04780000075697899, 0.04879999905824661, 0.04520000144839287], "alert_name": null, "observatory": ["PIRATE Meredith Morr", "PIRATE Meredith Morr", "PIRATE Meredith Morr", "PIRATE Meredith Morr", "PIRATE Meredith Morr", "PIRATE Meredith Morr", "PIRATE Meredith Morr", "PIRATE Meredith Morr", "PIRATE Meredith Morr"], "caliberr": [0.05424809828400612, 0.05555899813771248, 0.04761090129613876, 0.06069989874958992, 0.06934010237455368, 0.06207120046019554, 0.04710150137543678, 0.04779199883341789, 0.05812060087919235], "mag": [16.809799194335938, 16.846900939941406, 16.695899963378906, 17.335899353027344, 17.43269920349121, 17.364299774169922, 16.577899932861328, 16.71660041809082, 16.677000045776367], "catalog": ["APASS", "APASS", "APASS", "APASS", "APASS", "APASS", "APASS", "APASS", "APASS"], "filter": ["V", "V", "V", "g", "g", "g", "r", "r", "r"], "id": [122971, 122985, 122988, 123014, 122991, 123008, 123011, 123029, 122990]}