{"mjd": [58637.992947, 58637.997504, 58638.001298], "magerr": [-1.0, 0.11148600280284882, -1.0], "alert_name": null, "observatory": ["Liam Hardy pt5m", "Liam Hardy pt5m", "Liam Hardy pt5m"], "caliberr": [0.009999999776482582, 0.09791749715805054, 0.08396779745817184], "mag": [18.7544002532959, 18.35770034790039, 19.586299896240234], "catalog": ["APASS", "APASS", "APASS"], "filter": ["B", "V", "r"], "id": [154173, 154174, 154175]}