{"mjd": [59092.984777, 59098.951807, 59092.988583, 59098.956366, 59092.994075, 59098.96096], "magerr": [-1.0, -1.0, -1.0, -1.0, -1.0, -1.0], "alert_name": null, "observatory": ["Liam Hardy pt5m", "Liam Hardy pt5m", "Liam Hardy pt5m", "Liam Hardy pt5m", "Liam Hardy pt5m", "Liam Hardy pt5m"], "caliberr": [0.08278819918632507, 0.055738601833581924, 0.10015399754047394, 0.07475090026855469, 0.11467199772596359, 0.10167299956083298], "mag": [18.43950080871582, 18.888599395751953, 20.895299911499023, 19.109699249267578, 18.913299560546875, 19.10099983215332], "catalog": ["APASS", "APASS", "APASS", "APASS", "APASS", "APASS"], "filter": ["B", "B", "V", "V", "r", "r"], "id": [197901, 198504, 197902, 198505, 197903, 198506]}