{"mjd": [57985.183726, 57989.173519, 57985.188285, 57989.178076, 57985.192856, 57989.182639], "magerr": [-1.0, -1.0, 0.12430551648139954, 0.09216050058603287, 0.05037590116262436, 0.04055711627006531], "alert_name": null, "observatory": ["Liam Hardy pt5m", "Liam Hardy pt5m", "Liam Hardy pt5m", "Liam Hardy pt5m", "Liam Hardy pt5m", "Liam Hardy pt5m"], "caliberr": [0.04434199631214142, 0.12225163727998734, 0.05455368384718895, 0.05587378516793251, 0.05894681438803673, 0.06395257264375687], "mag": [19.067411422729492, 18.96613121032715, 18.668075561523438, 18.354265213012695, 17.691511154174805, 17.529220581054688], "catalog": ["APASS", "APASS", "APASS", "APASS", "APASS", "APASS"], "filter": ["B", "B", "V", "V", "r", "r"], "id": [81805, 82262, 81806, 82263, 81807, 82264]}