{"mjd": [58893.6525077, 58893.6530441, 58894.5995034, 58894.6000405, 58897.6857571, 58897.6863032, 58905.7661903, 58905.7667263, 58906.6642886, 58906.6648326, 58907.7419733, 58907.742507, 58908.7861508, 58908.7866935, 58909.7878032, 58909.788337, 58910.829422, 58910.8299561, 58893.6548083, 58893.6553452, 58894.6018018, 58894.6023708, 58897.688064, 58897.6886028, 58905.7684905, 58905.7690267, 58906.6666082, 58906.6671564, 58907.7442707, 58907.7448045, 58908.7884828, 58908.7890333, 58909.7901237, 58909.7906691, 58910.8317052, 58910.8322379, 58893.6536534, 58893.6541905, 58894.6006467, 58894.601208, 58897.6869218, 58897.6874526, 58905.7673427, 58905.767881, 58906.6654455, 58906.6659875, 58907.743122, 58907.7436557, 58908.7873181, 58908.787875, 58909.7889636, 58909.7895089, 58910.8305642, 58910.8310977, 59248.5410995502], "magerr": [0.004000000189989805, 0.004000000189989805, 0.00430000014603138, 0.004399999976158142, 0.005499999970197678, 0.004999999888241291, 0.004600000102072954, 0.004399999976158142, 0.0034000000450760126, 0.0032999999821186066, 0.0035000001080334187, 0.0035000001080334187, 0.0032999999821186066, 0.003599999938160181, 0.003599999938160181, 0.003800000064074993, 0.004100000020116568, 0.004100000020116568, 0.0035000001080334187, 0.0035000001080334187, 0.003800000064074993, 0.004699999932199717, 0.00419999985024333, 0.0044999998062849045, 0.004100000020116568, 0.0038999998942017555, 0.00279999990016222, 0.00279999990016222, 0.003100000089034438, 0.00279999990016222, 0.003700000001117587, 0.0034000000450760126, 0.003000000026077032, 0.003000000026077032, 0.0034000000450760126, 0.0035000001080334187, 0.004800000227987766, 0.005400000140070915, 0.004999999888241291, 0.006200000178068876, 0.004699999932199717, 0.004699999932199717, 0.004900000058114529, 0.004399999976158142, 0.0031999999191612005, 0.003000000026077032, 0.0031999999191612005, 0.003000000026077032, 0.0031999999191612005, 0.0038999998942017555, 0.0031999999191612005, 0.0034000000450760126, 0.0038999998942017555, 0.0034000000450760126, 0.003800000064074993], "alert_name": null, "observatory": ["LCOGT1m, N.Ihanec", "LCOGT1m, N.Ihanec", "LCOGT1m, N.Ihanec", "LCOGT1m, N.Ihanec", "LCOGT1m, N.Ihanec", "LCOGT1m, N.Ihanec", "LCOGT1m, N.Ihanec", "LCOGT1m, N.Ihanec", "LCOGT1m, N.Ihanec", "LCOGT1m, N.Ihanec", "LCOGT1m, N.Ihanec", "LCOGT1m, N.Ihanec", "LCOGT1m, N.Ihanec", "LCOGT1m, N.Ihanec", "LCOGT1m, N.Ihanec", "LCOGT1m, N.Ihanec", "LCOGT1m, N.Ihanec", "LCOGT1m, N.Ihanec", "LCOGT1m, N.Ihanec", "LCOGT1m, N.Ihanec", "LCOGT1m, N.Ihanec", "LCOGT1m, N.Ihanec", "LCOGT1m, N.Ihanec", "LCOGT1m, N.Ihanec", "LCOGT1m, N.Ihanec", "LCOGT1m, N.Ihanec", "LCOGT1m, N.Ihanec", "LCOGT1m, N.Ihanec", "LCOGT1m, N.Ihanec", "LCOGT1m, N.Ihanec", "LCOGT1m, N.Ihanec", "LCOGT1m, N.Ihanec", "LCOGT1m, N.Ihanec", "LCOGT1m, N.Ihanec", "LCOGT1m, N.Ihanec", "LCOGT1m, N.Ihanec", "LCOGT1m, N.Ihanec", "LCOGT1m, N.Ihanec", "LCOGT1m, N.Ihanec", "LCOGT1m, N.Ihanec", "LCOGT1m, N.Ihanec", "LCOGT1m, N.Ihanec", "LCOGT1m, N.Ihanec", "LCOGT1m, N.Ihanec", "LCOGT1m, N.Ihanec", "LCOGT1m, N.Ihanec", "LCOGT1m, N.Ihanec", "LCOGT1m, N.Ihanec", "LCOGT1m, N.Ihanec", "LCOGT1m, N.Ihanec", "LCOGT1m, N.Ihanec", "LCOGT1m, N.Ihanec", "LCOGT1m, N.Ihanec", "LCOGT1m, N.Ihanec", "Warrumbungle0.51_SBI"], "caliberr": [0.04811109974980354, 0.047665998339653015, 0.046516500413417816, 0.04650460183620453, 0.05312670022249222, 0.051224999129772186, 0.045835498720407486, 0.045770999044179916, 0.044595200568437576, 0.041495099663734436, 0.04273030161857605, 0.04272979870438576, 0.04694829881191254, 0.04539249837398529, 0.05043470114469528, 0.04322519898414612, 0.043435100466012955, 0.04796399921178818, 0.05676870048046112, 0.05727589875459671, 0.05820389837026596, 0.0586852990090847, 0.06190919876098633, 0.06295140087604523, 0.05958680063486099, 0.05931200087070465, 0.0604822002351284, 0.06201479956507683, 0.066211998462677, 0.060134999454021454, 0.05950180068612099, 0.057960398495197296, 0.05854490026831627, 0.059441499412059784, 0.059637401252985, 0.06056949868798256, 0.08937639743089676, 0.08989699929952621, 0.09251510351896286, 0.08777870237827301, 0.09252739697694778, 0.08600649982690811, 0.08903440088033676, 0.08858489990234375, 0.08567570149898529, 0.09010609984397888, 0.08949880301952362, 0.08725789934396744, 0.09069409966468811, 0.0897459015250206, 0.08919049799442291, 0.09244640171527863, 0.08988849818706512, 0.09245429933071136, 0.1193149983882904], "mag": [14.24839973449707, 14.256600379943848, 14.242199897766113, 14.247099876403809, 14.23390007019043, 14.235099792480469, 14.238699913024902, 14.230299949645996, 14.2391996383667, 14.242799758911133, 14.236700057983398, 14.233699798583984, 14.23390007019043, 14.2322998046875, 14.233699798583984, 14.236599922180176, 14.226200103759766, 14.22249984741211, 13.526800155639648, 13.5246000289917, 13.510700225830078, 13.512800216674805, 13.50220012664795, 13.51039981842041, 13.5024995803833, 13.499699592590332, 13.515399932861328, 13.51039981842041, 13.498700141906738, 13.508399963378906, 13.501799583435059, 13.50409984588623, 13.506099700927734, 13.504300117492676, 13.496199607849121, 13.502799987792969, 13.077300071716309, 13.08489990234375, 13.079299926757812, 13.075200080871582, 13.063699722290039, 13.076000213623047, 13.066699981689453, 13.061200141906738, 13.075400352478027, 13.069000244140625, 13.058799743652344, 13.065500259399414, 13.058099746704102, 13.054699897766113, 13.063799858093262, 13.052499771118164, 13.0556001663208, 13.04010009765625, 13.433300018310547], "catalog": ["APASS", "APASS", "APASS", "APASS", "APASS", "APASS", "APASS", "APASS", "APASS", "APASS", "APASS", "APASS", "APASS", "APASS", "APASS", "APASS", "APASS", "APASS", "APASS", "APASS", "APASS", "APASS", "APASS", "APASS", "APASS", "APASS", "APASS", "APASS", "APASS", "APASS", "APASS", "APASS", "APASS", "APASS", "APASS", "APASS", "APASS", "APASS", "APASS", "APASS", "APASS", "APASS", "APASS", "APASS", "APASS", "APASS", "APASS", "APASS", "APASS", "APASS", "APASS", "APASS", "APASS", "APASS", "APASS"], "filter": ["g", "g", "g", "g", "g", "g", "g", "g", "g", "g", "g", "g", "g", "g", "g", "g", "g", "g", "r", "r", "r", "r", "r", "r", "r", "r", "r", "r", "r", "r", "r", "r", "r", "r", "r", "r", "i", "i", "i", "i", "i", "i", "i", "i", "i", "i", "i", "i", "i", "i", "i", "i", "i", "i", "r"], "id": [185551, 185552, 185557, 185558, 185563, 185564, 185569, 185570, 185575, 185576, 185581, 185582, 185587, 185588, 185593, 185594, 185599, 185600, 185555, 185556, 185561, 185562, 185567, 185568, 185573, 185574, 185579, 185580, 185585, 185586, 185591, 185592, 185597, 185598, 185603, 185604, 185553, 185554, 185559, 185560, 185565, 185566, 185571, 185572, 185577, 185578, 185583, 185584, 185589, 185590, 185595, 185596, 185601, 185602, 212878]}