{"mjd": [58687.116978, 58698.074452, 58687.107863, 58692.08391, 58698.065338, 58687.112424, 58692.088458, 58698.069898, 58692.093001], "magerr": [0.000871922995429486, 0.0008769099949859083, 0.003918140195310116, 0.009148250333964825, 0.004207809921354055, 0.0015590899856761098, -1.0, 0.0016382799949496984, 0.0010742399608716369], "alert_name": null, "observatory": ["Liam Hardy pt5m", "Liam Hardy pt5m", "Liam Hardy pt5m", "Liam Hardy pt5m", "Liam Hardy pt5m", "Liam Hardy pt5m", "Liam Hardy pt5m", "Liam Hardy pt5m", "Liam Hardy pt5m"], "caliberr": [0.23353800177574158, 0.16673800349235535, 0.049747198820114136, 0.46233099699020386, 0.044040799140930176, 0.045422300696372986, 0.3845919966697693, 0.03640430048108101, 0.3747909963130951], "mag": [11.464500427246094, 11.415300369262695, 14.011899948120117, 13.837599754333496, 13.980600357055664, 12.289400100708008, 18.686100006103516, 12.243399620056152, 10.98069953918457], "catalog": ["SDSS", "SDSS", "APASS", "APASS", "APASS", "APASS", "APASS", "APASS", "APASS"], "filter": ["R", "R", "B", "B", "B", "V", "V", "V", "r"], "id": [159890, 161208, 159888, 160350, 161206, 159889, 160351, 161207, 160352]}