{"mjd": [57122.4106882, 57125.3962578, 57126.4000477, 57131.4263913, 57132.3797192, 57133.3781242, 57154.4346467, 57156.3182376, 57159.3860155], "magerr": [0.013000000268220901, 0.01510000042617321, 0.011699999682605267, 0.03400000184774399, 0.03519999980926514, 0.016599999740719795, 0.06129999831318855, 0.03669999912381172, 0.03440000116825104], "alert_name": null, "observatory": ["Euler Geneva Group", "Euler Geneva Group", "Euler Geneva Group", "Euler Geneva Group", "Euler Geneva Group", "Euler Geneva Group", "Euler Geneva Group", "Euler Geneva Group", "Euler Geneva Group"], "caliberr": [0.21352015435695648, 0.19102182984352112, 0.22491899132728577, 0.1953638195991516, 0.09881081432104111, 0.1734398603439331, 0.19851432740688324, 0.1834915280342102, 0.16739071905612946], "mag": [18.916963577270508, 19.172353744506836, 19.179912567138672, 19.490501403808594, 19.571836471557617, 19.531021118164062, 20.35489273071289, 20.25198745727539, 20.487770080566406], "catalog": ["APASS", "APASS", "APASS", "APASS", "APASS", "APASS", "APASS", "APASS", "APASS"], "filter": ["r", "r", "r", "r", "r", "r", "r", "r", "r"], "id": [19013, 19161, 19255, 19502, 19565, 19599, 22612, 22679, 22698]}