{"mjd": [58687.073805, 58687.065444, 58687.070005], "magerr": [0.024928899481892586, -1.0, 0.041499800980091095], "alert_name": null, "observatory": ["Liam Hardy pt5m", "Liam Hardy pt5m", "Liam Hardy pt5m"], "caliberr": [0.25269201397895813, 0.03735629841685295, 0.09692949801683426], "mag": [16.505399703979492, 19.715200424194336, 17.38170051574707], "catalog": ["SDSS", "APASS", "APASS"], "filter": ["R", "B", "V"], "id": [159873, 159871, 159872]}