{"mjd": [59347.074559, 59347.079117], "magerr": [-1.0, 0.09849593043327332], "alert_name": null, "observatory": ["Liam Hardy pt5m", "Liam Hardy pt5m"], "caliberr": [0.06705806404352188, 0.11362909525632858], "mag": [18.274391174316406, 17.847164154052734], "catalog": ["APASS", "APASS"], "filter": ["B", "V"], "id": [220917, 220918]}