{"mjd": [58315.032939, 58315.023863, 58315.028406], "magerr": [-1.0, -1.0, -1.0], "alert_name": null, "observatory": ["Liam Hardy pt5m", "Liam Hardy pt5m", "Liam Hardy pt5m"], "caliberr": [0.12126299738883972, 0.12213300168514252, 0.07186780124902725], "mag": [19.824100494384766, 19.559900283813477, 19.844900131225586], "catalog": ["SDSS", "APASS", "APASS"], "filter": ["R", "B", "V"], "id": [114398, 114383, 114390]}