{"mjd": [59046.9466342, 59046.9483265, 59047.931605, 59047.9333056, 59049.9467203, 59049.9491715, 59049.9508675, 59050.8917091, 59050.8934421, 59051.8978846, 59051.8995802, 59052.8825844, 59052.8842768, 59053.8797722, 59053.8814634, 59054.8996225, 59054.901315, 59055.9343268, 59055.9360205, 59046.9537283, 59046.9554206, 59047.9385754, 59047.9402683, 59049.9561013, 59049.9577962, 59050.8988001, 59050.9005306, 59051.904821, 59051.9065149, 59052.8895044, 59052.8911967, 59053.8868061, 59053.8884981, 59054.9065446, 59054.908226, 59055.9412976, 59055.942989, 59046.9501928, 59046.9519084, 59047.9350776, 59047.9367698, 59049.9526417, 59049.9543356, 59050.8953261, 59050.8970409, 59051.9013584, 59051.9030537, 59052.8860502, 59052.8877425, 59053.8833453, 59053.885041, 59054.9030777, 59054.9047817, 59055.937842, 59055.9395342], "magerr": [0.005100000184029341, 0.005499999970197678, 0.005900000222027302, 0.006399999838322401, 0.006399999838322401, 0.006300000008195639, 0.006200000178068876, 0.005799999926239252, 0.00559999980032444, 0.006099999882280827, 0.006200000178068876, 0.005499999970197678, 0.006000000052154064, 0.005200000014156103, 0.005200000014156103, 0.006399999838322401, 0.006000000052154064, 0.00570000009611249, 0.005900000222027302, 0.0034000000450760126, 0.0034000000450760126, 0.0034000000450760126, 0.002899999963119626, 0.0032999999821186066, 0.003100000089034438, 0.003000000026077032, 0.0031999999191612005, 0.003599999938160181, 0.0038999998942017555, 0.0032999999821186066, 0.0034000000450760126, 0.0032999999821186066, 0.003599999938160181, 0.003800000064074993, 0.0034000000450760126, 0.0034000000450760126, 0.0035000001080334187, 0.003000000026077032, 0.003100000089034438, 0.0024999999441206455, 0.0027000000700354576, 0.0027000000700354576, 0.002899999963119626, 0.00279999990016222, 0.003100000089034438, 0.003100000089034438, 0.0031999999191612005, 0.0034000000450760126, 0.0031999999191612005, 0.0034000000450760126, 0.0031999999191612005, 0.003000000026077032, 0.002899999963119626, 0.0031999999191612005, 0.00279999990016222], "alert_name": null, "observatory": ["LCOGT1m, N.Ihanec", "LCOGT1m, N.Ihanec", "LCOGT1m, N.Ihanec", "LCOGT1m, N.Ihanec", "LCOGT1m, N.Ihanec", "LCOGT1m, N.Ihanec", "LCOGT1m, N.Ihanec", "LCOGT1m, N.Ihanec", "LCOGT1m, N.Ihanec", "LCOGT1m, N.Ihanec", "LCOGT1m, N.Ihanec", "LCOGT1m, N.Ihanec", "LCOGT1m, N.Ihanec", "LCOGT1m, N.Ihanec", "LCOGT1m, N.Ihanec", "LCOGT1m, N.Ihanec", "LCOGT1m, N.Ihanec", "LCOGT1m, N.Ihanec", "LCOGT1m, N.Ihanec", "LCOGT1m, N.Ihanec", "LCOGT1m, N.Ihanec", "LCOGT1m, N.Ihanec", "LCOGT1m, N.Ihanec", "LCOGT1m, N.Ihanec", "LCOGT1m, N.Ihanec", "LCOGT1m, N.Ihanec", "LCOGT1m, N.Ihanec", "LCOGT1m, N.Ihanec", "LCOGT1m, N.Ihanec", "LCOGT1m, N.Ihanec", "LCOGT1m, N.Ihanec", "LCOGT1m, N.Ihanec", "LCOGT1m, N.Ihanec", "LCOGT1m, N.Ihanec", "LCOGT1m, N.Ihanec", "LCOGT1m, N.Ihanec", "LCOGT1m, N.Ihanec", "LCOGT1m, N.Ihanec", "LCOGT1m, N.Ihanec", "LCOGT1m, N.Ihanec", "LCOGT1m, N.Ihanec", "LCOGT1m, N.Ihanec", "LCOGT1m, N.Ihanec", "LCOGT1m, N.Ihanec", "LCOGT1m, N.Ihanec", "LCOGT1m, N.Ihanec", "LCOGT1m, N.Ihanec", "LCOGT1m, N.Ihanec", "LCOGT1m, N.Ihanec", "LCOGT1m, N.Ihanec", "LCOGT1m, N.Ihanec", "LCOGT1m, N.Ihanec", "LCOGT1m, N.Ihanec", "LCOGT1m, N.Ihanec", "LCOGT1m, N.Ihanec"], "caliberr": [0.09691561758518219, 0.09410452097654343, 0.09232505410909653, 0.0919247642159462, 0.09614813327789307, 0.0903698205947876, 0.10089641809463501, 0.09468720853328705, 0.08777940273284912, 0.09466026723384857, 0.0897364467382431, 0.09515663981437683, 0.09379342943429947, 0.08911310136318207, 0.0920611321926117, 0.0945046916604042, 0.09149771183729172, 0.0877964049577713, 0.0974293202161789, 0.060144953429698944, 0.061135563999414444, 0.06217341125011444, 0.062316522002220154, 0.06186420097947121, 0.062115512788295746, 0.06467343866825104, 0.062494587153196335, 0.06363404542207718, 0.06374312192201614, 0.06304244697093964, 0.06440971791744232, 0.06328341364860535, 0.0646120011806488, 0.06384981423616409, 0.06439856439828873, 0.06286150962114334, 0.063256174325943, 0.07351313531398773, 0.0738336592912674, 0.07305693626403809, 0.0744793564081192, 0.07413848489522934, 0.07492426782846451, 0.07362893223762512, 0.07221536338329315, 0.07281666994094849, 0.07349517196416855, 0.07403170317411423, 0.07409093528985977, 0.07416684925556183, 0.07472928613424301, 0.0747024267911911, 0.07416684925556183, 0.0746103972196579, 0.07464981079101562], "mag": [16.788719177246094, 16.793668746948242, 16.797945022583008, 16.770797729492188, 16.797950744628906, 16.773868560791016, 16.77851676940918, 16.781726837158203, 16.79058074951172, 16.799543380737305, 16.784372329711914, 16.788063049316406, 16.785640716552734, 16.780529022216797, 16.78199577331543, 16.777170181274414, 16.77785301208496, 16.808040618896484, 16.815608978271484, 15.410294532775879, 15.406842231750488, 15.40766716003418, 15.412626266479492, 15.405677795410156, 15.408319473266602, 15.410746574401855, 15.403471946716309, 15.39773941040039, 15.401556968688965, 15.404772758483887, 15.40056324005127, 15.397041320800781, 15.394433975219727, 15.404335021972656, 15.401344299316406, 15.42166519165039, 15.419495582580566, 14.67870044708252, 14.675158500671387, 14.67626953125, 14.670482635498047, 14.667943954467773, 14.66730785369873, 14.666688919067383, 14.672706604003906, 14.674728393554688, 14.668909072875977, 14.666707038879395, 14.66462230682373, 14.662867546081543, 14.655896186828613, 14.663301467895508, 14.663716316223145, 14.67680549621582, 14.674172401428223], "catalog": ["APASS", "APASS", "APASS", "APASS", "APASS", "APASS", "APASS", "APASS", "APASS", "APASS", "APASS", "APASS", "APASS", "APASS", "APASS", "APASS", "APASS", "APASS", "APASS", "APASS", "APASS", "APASS", "APASS", "APASS", "APASS", "APASS", "APASS", "APASS", "APASS", "APASS", "APASS", "APASS", "APASS", "APASS", "APASS", "APASS", "APASS", "APASS", "APASS", "APASS", "APASS", "APASS", "APASS", "APASS", "APASS", "APASS", "APASS", "APASS", "APASS", "APASS", "APASS", "APASS", "APASS", "APASS", "APASS"], "filter": ["g", "g", "g", "g", "g", "g", "g", "g", "g", "g", "g", "g", "g", "g", "g", "g", "g", "g", "g", "r", "r", "r", "r", "r", "r", "r", "r", "r", "r", "r", "r", "r", "r", "r", "r", "r", "r", "i", "i", "i", "i", "i", "i", "i", "i", "i", "i", "i", "i", "i", "i", "i", "i", "i", "i"], "id": [193871, 193872, 193877, 193878, 193941, 193942, 193943, 194206, 194207, 194182, 194183, 194188, 194189, 194194, 194195, 194200, 194201, 194212, 194213, 193875, 193876, 193881, 193882, 193946, 193947, 194210, 194211, 194186, 194187, 194192, 194193, 194198, 194199, 194204, 194205, 194216, 194217, 193873, 193874, 193879, 193880, 193944, 193945, 194208, 194209, 194184, 194185, 194190, 194191, 194196, 194197, 194202, 194203, 194214, 194215]}