{"mjd": [57985.226616, 57989.215827, 57985.229649, 57989.220382, 57989.22494], "magerr": [-1.0, -1.0, -1.0, -1.0, -1.0], "alert_name": null, "observatory": ["Liam Hardy pt5m", "Liam Hardy pt5m", "Liam Hardy pt5m", "Liam Hardy pt5m", "Liam Hardy pt5m"], "caliberr": [0.16357100009918213, 0.0601842999458313, 0.05846019834280014, 0.0501164011657238, 0.04444810003042221], "mag": [19.466800689697266, 19.266000747680664, 18.717599868774414, 19.382699966430664, 19.809200286865234], "catalog": ["APASS", "APASS", "APASS", "APASS", "APASS"], "filter": ["B", "B", "V", "V", "r"], "id": [81814, 82271, 81815, 82272, 82273]}