{"mjd": [57677.8733974], "magerr": [0.008899999782443047], "alert_name": null, "observatory": ["K.Wiersema-Leicester"], "caliberr": [0.009999999776482582], "mag": [15.358200073242188], "catalog": ["APASS"], "filter": ["V"], "id": [51694]}