{"mjd": [57633.000861, 57634.110817002, 57633.006139, 57634.116091001, 57633.011503], "magerr": [0.017899999395012856, 0.01640000008046627, 0.03970000147819519, 0.03009999915957451, 0.035599999129772186], "alert_name": null, "observatory": ["GiuseppeAltavillaLoi", "GiuseppeAltavillaLoi", "GiuseppeAltavillaLoi", "GiuseppeAltavillaLoi", "GiuseppeAltavillaLoi"], "caliberr": [0.04988746717572212, 0.046715911477804184, 0.04305535927414894, 0.08170132339000702, 0.09156619757413864], "mag": [18.635663986206055, 18.698822021484375, 19.68899154663086, 19.718711853027344, 19.158987045288086], "catalog": ["SDSS", "SDSS", "APASS", "APASS", "APASS"], "filter": ["R", "R", "g", "g", "i"], "id": [43249, 43327, 43250, 43328, 43251]}