{"mjd": [59110.185198, 59121.152042, 59123.192052, 59110.189754, 59121.156595, 59123.196602, 59110.194431, 59121.161162, 59123.201153], "magerr": [0.023220999166369438, 0.025725899264216423, 0.046738799661397934, 0.008391830138862133, 0.01380079984664917, 0.018418600782752037, 0.0037375199608504772, 0.004994850140064955, 0.007340279873460531], "alert_name": null, "observatory": ["Liam Hardy pt5m", "Liam Hardy pt5m", "Liam Hardy pt5m", "Liam Hardy pt5m", "Liam Hardy pt5m", "Liam Hardy pt5m", "Liam Hardy pt5m", "Liam Hardy pt5m", "Liam Hardy pt5m"], "caliberr": [0.04218300059437752, 0.04320390149950981, 0.05658390000462532, 0.033540498465299606, 0.07547920197248459, 0.036155398935079575, 0.02838429994881153, 0.014357700012624264, 0.033302899450063705], "mag": [15.423500061035156, 16.279399871826172, 16.644699096679688, 14.619000434875488, 15.51360034942627, 15.864100456237793, 13.869400024414062, 14.547599792480469, 14.957900047302246], "catalog": ["APASS", "APASS", "APASS", "APASS", "APASS", "APASS", "APASS", "APASS", "APASS"], "filter": ["B", "B", "B", "V", "V", "V", "r", "r", "r"], "id": [199196, 201540, 201696, 199197, 201541, 201697, 199198, 201542, 201698]}