{"mjd": [58479.92315, 58485.971183, 58479.928512, 58485.975755, 58479.93306, 58485.980306], "magerr": [-1.0, -1.0, -1.0, 0.10986199975013733, 0.06871359795331955, 0.05191370099782944], "alert_name": null, "observatory": ["Liam Hardy pt5m", "Liam Hardy pt5m", "Liam Hardy pt5m", "Liam Hardy pt5m", "Liam Hardy pt5m", "Liam Hardy pt5m"], "caliberr": [0.07188300043344498, 0.16053199768066406, 0.06566719710826874, 0.06597580015659332, 0.07019569724798203, 0.05435600131750107], "mag": [18.788299560546875, 18.832199096679688, 19.31209945678711, 18.227100372314453, 18.699199676513672, 17.728099822998047], "catalog": ["APASS", "APASS", "APASS", "APASS", "APASS", "APASS"], "filter": ["B", "B", "V", "V", "r", "r"], "id": [129094, 129348, 129095, 129349, 129096, 129350]}