{"mjd": [57868.00849, 57868.022697, 57868.029849, 57875.091101, 57875.098202, 57850.034353, 57850.04145, 57850.048551, 57877.976969, 57877.991167], "magerr": [-1.0, -1.0, -1.0, -1.0, -1.0, 0.006899999920278788, 0.006899999920278788, 0.0066999997943639755, -1.0, -1.0], "alert_name": null, "observatory": ["OmicronC2PU JPRivet", "OmicronC2PU JPRivet", "OmicronC2PU JPRivet", "OmicronC2PU JPRivet", "OmicronC2PU JPRivet", "OmicronC2PU JPRivet", "OmicronC2PU JPRivet", "OmicronC2PU JPRivet", "OmicronC2PU JPRivet", "OmicronC2PU JPRivet"], "caliberr": [0.274149626493454, 0.2699282765388489, 0.12626279890537262, 0.10958641767501831, 0.13193950057029724, 0.22939063608646393, 0.2177668660879135, 0.25304633378982544, 0.2556722164154053, 0.26515820622444153], "mag": [22.486047744750977, 22.625431060791016, 22.574403762817383, 23.108396530151367, 25.43368148803711, 15.590350151062012, 15.632387161254883, 15.477062225341797, 22.432722091674805, 22.948524475097656], "catalog": ["USNO", "USNO", "APASS", "APASS", "APASS", "PS1", "PS1", "PS1", "PS1", "PS1"], "filter": ["R2pg", "R2pg", "r", "r", "r", "r", "r", "r", "r", "r"], "id": [72652, 72653, 72654, 73034, 73035, 70766, 70767, 70768, 73101, 73102]}