{"mjd": [58891.271723, 58891.27628], "magerr": [-1.0, -1.0], "alert_name": null, "observatory": ["Liam Hardy pt5m", "Liam Hardy pt5m"], "caliberr": [0.1598310023546219, 0.08223909884691238], "mag": [18.98259925842285, 18.710899353027344], "catalog": ["APASS", "APASS"], "filter": ["B", "V"], "id": [178590, 178591]}