{"mjd": [59175.165563, 59191.240819, 59175.170112, 59191.245421, 59175.1739, 59191.250044], "magerr": [-1.0, -1.0, -1.0, -1.0, -1.0, 0.13876542448997498], "alert_name": null, "observatory": ["Liam Hardy pt5m", "Liam Hardy pt5m", "Liam Hardy pt5m", "Liam Hardy pt5m", "Liam Hardy pt5m", "Liam Hardy pt5m"], "caliberr": [0.1267087459564209, 0.11159159243106842, 0.04299815371632576, 0.1007264032959938, 0.051423050463199615, 0.046831369400024414], "mag": [19.005517959594727, 18.82691192626953, 19.35723304748535, 19.37214469909668, 19.544967651367188, 18.804306030273438], "catalog": ["APASS", "APASS", "APASS", "APASS", "APASS", "APASS"], "filter": ["B", "B", "V", "V", "r", "r"], "id": [206404, 207967, 206405, 207968, 206406, 207969]}