{"mjd": [58811.952279, 58811.956868, 58811.961418], "magerr": [-1.0, 0.09907539933919907, 0.08051519840955734], "alert_name": null, "observatory": ["Liam Hardy pt5m", "Liam Hardy pt5m", "Liam Hardy pt5m"], "caliberr": [0.17082199454307556, 0.20541000366210938, 0.09362989664077759], "mag": [16.46179962158203, 16.8218994140625, 16.933300018310547], "catalog": ["APASS", "APASS", "APASS"], "filter": ["B", "V", "r"], "id": [173239, 173240, 173241]}