{"mjd": [58485.939374, 58493.036316, 58485.943936, 58493.040872, 58485.948494, 58493.045428, 58491.0316796, 58491.0338523, 58491.0418107, 58491.0439853, 58491.0461561, 58491.027133, 58491.0293083, 58491.0373298, 58491.0394997, 58490.7900112, 58490.7921885], "magerr": [-1.0, -1.0, 0.10396570712327957, -1.0, 0.06856954842805862, -1.0, -1.0, -1.0, -1.0, -1.0, -1.0, -1.0, -1.0, -1.0, -1.0, -1.0, -1.0], "alert_name": null, "observatory": ["Liam Hardy pt5m", "Liam Hardy pt5m", "Liam Hardy pt5m", "Liam Hardy pt5m", "Liam Hardy pt5m", "Liam Hardy pt5m", "ObsMontsec-Umut Burg", "ObsMontsec-Umut Burg", "ObsMontsec-Umut Burg", "ObsMontsec-Umut Burg", "ObsMontsec-Umut Burg", "ObsMontsec-Umut Burg", "ObsMontsec-Umut Burg", "ObsMontsec-Umut Burg", "ObsMontsec-Umut Burg", "ObsMontsec-Umut Burg", "ObsMontsec-Umut Burg"], "caliberr": [0.05322933942079544, 0.052452851086854935, 0.08065232634544373, 0.04798978567123413, 0.010000000707805157, 0.009999999776482582, 0.11491580307483673, 0.11486296355724335, 0.0860741138458252, 0.05245061591267586, 0.0692303329706192, 0.08153599500656128, 0.06540276855230331, 0.0616888627409935, 0.0816737487912178, 0.10714725404977798, 0.10936308652162552], "mag": [18.90187644958496, 19.431194305419922, 18.738948822021484, 19.422937393188477, 18.756065368652344, 19.68623924255371, 27.692398071289062, 26.34966468811035, 27.04664421081543, 24.171619415283203, 28.02356719970703, 26.736616134643555, 27.906938552856445, 26.06842041015625, 25.47873306274414, 27.980789184570312, 26.140851974487305], "catalog": ["APASS", "APASS", "APASS", "APASS", "APASS", "APASS", "APASS", "APASS", "APASS", "APASS", "APASS", "APASS", "APASS", "APASS", "APASS", "APASS", "APASS"], "filter": ["B", "B", "V", "V", "r", "r", "V", "V", "V", "V", "V", "r", "r", "r", "r", "i", "i"], "id": [129340, 129730, 129341, 129731, 129342, 129732, 130943, 130944, 130947, 130948, 130949, 130941, 130942, 130945, 130946, 130939, 130940]}