{"mjd": [58730.974163, 58747.038841, 58730.978725, 58747.042715, 58724.023605, 58730.982522, 58741.028005, 58747.047343], "magerr": [-1.0, -1.0, 0.05509363114833832, 0.16199147701263428, 0.03317997604608536, 0.023137003183364868, 0.11316097527742386, 0.05041223019361496], "alert_name": null, "observatory": ["Liam Hardy pt5m", "Liam Hardy pt5m", "Liam Hardy pt5m", "Liam Hardy pt5m", "Liam Hardy pt5m", "Liam Hardy pt5m", "Liam Hardy pt5m", "Liam Hardy pt5m"], "caliberr": [0.2396649420261383, 0.02497583068907261, 0.058316927403211594, 0.06100105866789818, 0.06229164078831673, 0.010918465442955494, 0.010000060312449932, 0.01897316239774227], "mag": [19.358388900756836, 19.86760711669922, 17.990066528320312, 18.714651107788086, 17.552370071411133, 16.910306930541992, 17.623031616210938, 17.822738647460938], "catalog": ["APASS", "APASS", "APASS", "APASS", "APASS", "APASS", "APASS", "APASS"], "filter": ["B", "B", "V", "V", "r", "r", "r", "r"], "id": [164130, 165134, 164131, 165135, 163395, 164132, 164445, 165136]}