{"mjd": [59285.162042, 59285.152035, 59298.219787, 59285.156591, 59298.224344], "magerr": [0.06491028517484665, -1.0, -1.0, 0.12174104154109955, -1.0], "alert_name": null, "observatory": ["Liam Hardy pt5m", "Liam Hardy pt5m", "Liam Hardy pt5m", "Liam Hardy pt5m", "Liam Hardy pt5m"], "caliberr": [0.17398075759410858, 0.06885530054569244, 0.010966254398226738, 0.07883156090974808, 0.03770925849676132], "mag": [16.969528198242188, 18.13682746887207, 18.940521240234375, 17.4910945892334, 18.833324432373047], "catalog": ["SDSS", "APASS", "APASS", "APASS", "APASS"], "filter": ["R", "B", "B", "V", "V"], "id": [213856, 213854, 215731, 213855, 215732]}