{"mjd": [58003.966997, 58003.968532, 58010.986677, 58003.973084, 58010.99125, 58003.976904, 58010.995837], "magerr": [-1.0, -1.0, -1.0, -1.0, -1.0, -1.0, -1.0], "alert_name": null, "observatory": ["Liam Hardy pt5m", "Liam Hardy pt5m", "Liam Hardy pt5m", "Liam Hardy pt5m", "Liam Hardy pt5m", "Liam Hardy pt5m", "Liam Hardy pt5m"], "caliberr": [0.37152987718582153, 0.44023415446281433, 0.06513901799917221, 0.06634076684713364, 0.07065761089324951, 0.08545087277889252, 0.0747654139995575], "mag": [17.068851470947266, 16.855575561523438, 19.231115341186523, 19.236454010009766, 19.366592407226562, 19.416221618652344, 19.787111282348633], "catalog": ["APASS", "APASS", "APASS", "APASS", "APASS", "APASS", "APASS"], "filter": ["B", "B", "B", "V", "V", "r", "r"], "id": [82830, 82831, 83477, 82832, 83478, 82833, 83479]}