{"mjd": [59285.185998], "magerr": [-1.0], "alert_name": null, "observatory": ["Liam Hardy pt5m"], "caliberr": [0.1847285032272339], "mag": [18.86683464050293], "catalog": ["PS1"], "filter": ["r"], "id": [213861]}