{"mjd": [57633.836382002, 57633.847573001, 57633.857736001, 57634.820303001, 57634.837547001, 57633.833892001, 57633.838958001, 57633.841496001, 57633.845066002, 57633.850146002, 57633.852712002, 57633.855257001, 57633.860309002, 57633.862847001, 57634.816650001, 57634.822873001, 57634.835061002, 57634.840113001], "magerr": [0.008700000122189522, 0.008999999612569809, 0.00930000003427267, 0.012199999764561653, 0.015599999576807022, 0.007799999788403511, 0.011599999852478504, 0.01679999940097332, 0.009200000204145908, 0.011300000362098217, 0.01979999989271164, 0.008299999870359898, 0.012199999764561653, 0.024399999529123306, 0.014399999752640724, 0.015399999916553497, 0.01679999940097332, 0.023000000044703484], "alert_name": null, "observatory": ["GiuseppeAltavillaLoi", "GiuseppeAltavillaLoi", "GiuseppeAltavillaLoi", "GiuseppeAltavillaLoi", "GiuseppeAltavillaLoi", "GiuseppeAltavillaLoi", "GiuseppeAltavillaLoi", "GiuseppeAltavillaLoi", "GiuseppeAltavillaLoi", "GiuseppeAltavillaLoi", "GiuseppeAltavillaLoi", "GiuseppeAltavillaLoi", "GiuseppeAltavillaLoi", "GiuseppeAltavillaLoi", "GiuseppeAltavillaLoi", "GiuseppeAltavillaLoi", "GiuseppeAltavillaLoi", "GiuseppeAltavillaLoi"], "caliberr": [0.44150200486183167, 0.45381900668144226, 0.35029199719429016, 0.458979994058609, 0.4354349970817566, 0.31180399656295776, 0.21751299500465393, 0.19360700249671936, 0.3138220012187958, 0.21652600169181824, 0.20208899676799774, 0.31922900676727295, 0.2202260047197342, 0.20290400087833405, 0.29962700605392456, 0.20317499339580536, 0.3049350082874298, 0.20656900107860565], "mag": [18.01449966430664, 18.003299713134766, 18.05590057373047, 18.465999603271484, 18.470500946044922, 15.437800407409668, 15.768899917602539, 15.854900360107422, 15.397899627685547, 15.758099555969238, 15.821800231933594, 15.419599533081055, 15.737700462341309, 15.817500114440918, 15.88659954071045, 16.076900482177734, 15.86460018157959, 16.09869956970215], "catalog": ["USNO", "USNO", "USNO", "USNO", "USNO", "2MASS", "2MASS", "2MASS", "2MASS", "2MASS", "2MASS", "2MASS", "2MASS", "2MASS", "2MASS", "2MASS", "2MASS", "2MASS"], "filter": ["B1pg", "B1pg", "B1pg", "B1pg", "B1pg", "J", "J", "J", "J", "J", "J", "J", "J", "J", "J", "J", "J", "J"], "id": [43270, 43271, 43272, 43341, 43344, 43267, 43278, 43281, 43268, 43279, 43282, 43269, 43280, 43283, 43340, 43342, 43343, 43345]}