{"mjd": [57661.076491, 57666.021459, 57666.028552, 57666.0356, 57661.083589, 57661.090687, 57647.205798, 57649.2126196, 57648.2137627, 57649.2126196], "magerr": [0.01119999960064888, 0.013500000350177288, 0.014100000262260437, 0.012900000438094139, 0.012000000104308128, 0.011800000444054604, 0.007600000128149986, 0.006800000090152025, 0.007300000172108412, 0.0066999997943639755], "alert_name": null, "observatory": ["OmicronC2PU JPRivet", "OmicronC2PU JPRivet", "OmicronC2PU JPRivet", "OmicronC2PU JPRivet", "OmicronC2PU JPRivet", "OmicronC2PU JPRivet", "Mercator Geneva Grou", "Mercator Geneva Grou", "Mercator Geneva Grou", "Mercator Geneva Grou"], "caliberr": [0.14651399850845337, 0.16235800087451935, 0.16017599403858185, 0.1618099957704544, 0.13819900155067444, 0.12062100321054459, 0.08511020243167877, 0.13661499321460724, 0.1355379968881607, 0.11068800091743469], "mag": [17.58169937133789, 17.849300384521484, 17.792600631713867, 17.792699813842773, 17.545900344848633, 17.556299209594727, 16.972999572753906, 16.951200485229492, 17.087099075317383, 17.067399978637695], "catalog": ["SDSS", "SDSS", "SDSS", "SDSS", "APASS", "APASS", "SDSS", "SDSS", "SDSS", "SDSS"], "filter": ["r", "r", "r", "r", "r", "r", "g", "g", "r", "r"], "id": [59083, 59086, 59087, 59088, 59084, 59085, 44653, 44668, 44660, 44669]}