{"mjd": [58610.196804, 58615.201903, 58610.187692, 58615.192805, 58610.192248, 58615.197357], "magerr": [0.08621220290660858, -1.0, -1.0, -1.0, -1.0, -1.0], "alert_name": null, "observatory": ["Liam Hardy pt5m", "Liam Hardy pt5m", "Liam Hardy pt5m", "Liam Hardy pt5m", "Liam Hardy pt5m", "Liam Hardy pt5m"], "caliberr": [0.17426300048828125, 0.1452759951353073, 0.060946300625801086, 0.10555999726057053, 0.07816550135612488, 0.06937869638204575], "mag": [19.003000259399414, 19.247900009155273, 19.584199905395508, 18.64550018310547, 19.82659912109375, 19.668899536132812], "catalog": ["SDSS", "SDSS", "APASS", "APASS", "APASS", "APASS"], "filter": ["R", "R", "B", "B", "V", "V"], "id": [151856, 152375, 151854, 152373, 151855, 152374]}