{"mjd": [58123.268577, 58123.26464, 58130.283762], "magerr": [0.08990540355443954, -1.0, -1.0], "alert_name": null, "observatory": ["Liam Hardy pt5m", "Liam Hardy pt5m", "Liam Hardy pt5m"], "caliberr": [0.12995600700378418, 0.1665250062942505, 0.009999999776482582], "mag": [18.529600143432617, 19.548900604248047, 19.273000717163086], "catalog": ["SDSS", "APASS", "APASS"], "filter": ["R", "V", "V"], "id": [97725, 97724, 98044]}