{"mjd": [57954.1956829, 57954.2059838, 57954.2162847, 57954.1922222, 57954.2025405, 57954.2128356, 57954.188831, 57954.1991493, 57954.2094502], "magerr": [-1.0, -1.0, -1.0, -1.0, -1.0, -1.0, -1.0, -1.0, -1.0], "alert_name": null, "observatory": ["PIRATE Meredith Morr", "PIRATE Meredith Morr", "PIRATE Meredith Morr", "PIRATE Meredith Morr", "PIRATE Meredith Morr", "PIRATE Meredith Morr", "PIRATE Meredith Morr", "PIRATE Meredith Morr", "PIRATE Meredith Morr"], "caliberr": [0.04028616473078728, 0.04140201583504677, 0.043368395417928696, 0.05052788183093071, 0.06627698987722397, 0.05533759668469429, 0.06071297824382782, 0.04472247511148453, 0.046801451593637466], "mag": [21.185039520263672, 21.20564842224121, 21.41067886352539, 21.073997497558594, 21.030664443969727, 21.12030792236328, 20.856586456298828, 20.854894638061523, 21.167951583862305], "catalog": ["APASS", "APASS", "APASS", "APASS", "APASS", "APASS", "APASS", "APASS", "APASS"], "filter": ["V", "V", "V", "g", "g", "g", "r", "r", "r"], "id": [134374, 134434, 134429, 134396, 134376, 134389, 134377, 134409, 134381]}