{"mjd": [58431.033035, 58438.038737, 58451.936003, 58431.051017, 58438.043298, 58451.940557, 58431.055578, 58438.047852, 58451.945108], "magerr": [-1.0, -1.0, -1.0, 0.11897599697113037, 0.11300099641084671, 0.1599310040473938, 0.03676310181617737, 0.038153599947690964, 0.076904296875], "alert_name": null, "observatory": ["Liam Hardy pt5m", "Liam Hardy pt5m", "Liam Hardy pt5m", "Liam Hardy pt5m", "Liam Hardy pt5m", "Liam Hardy pt5m", "Liam Hardy pt5m", "Liam Hardy pt5m", "Liam Hardy pt5m"], "caliberr": [0.06496790051460266, 0.04676070064306259, 0.07866240292787552, 0.049723800271749496, 0.049192801117897034, 0.04871330037713051, 0.09311159700155258, 0.05253849923610687, 0.09546759724617004], "mag": [19.068700790405273, 19.090299606323242, 19.229700088500977, 18.166000366210938, 17.967300415039062, 18.556499481201172, 16.99720001220703, 16.633499145507812, 17.322399139404297], "catalog": ["APASS", "APASS", "APASS", "APASS", "APASS", "APASS", "APASS", "APASS", "APASS"], "filter": ["B", "B", "B", "V", "V", "V", "r", "r", "r"], "id": [126075, 126470, 126816, 126076, 126471, 126817, 126077, 126472, 126818]}