{"mjd": [58191.05042, 58191.054988], "magerr": [-1.0, -1.0], "alert_name": null, "observatory": ["Liam Hardy pt5m", "Liam Hardy pt5m"], "caliberr": [0.03756367787718773, 0.04744003340601921], "mag": [19.431608200073242, 20.062118530273438], "catalog": ["APASS", "APASS"], "filter": ["B", "V"], "id": [100153, 100154]}