{"mjd": [58752.070282, 58752.074972, 58778.224995, 58752.07952], "magerr": [0.0555313341319561, 0.03206853196024895, 0.07646580785512924, 0.015754159539937973], "alert_name": null, "observatory": ["Liam Hardy pt5m", "Liam Hardy pt5m", "Liam Hardy pt5m", "Liam Hardy pt5m"], "caliberr": [0.02956818975508213, 0.10482235252857208, 0.01000000350177288, 0.041882891207933426], "mag": [17.23068618774414, 16.381221771240234, 16.637840270996094, 16.036434173583984], "catalog": ["APASS", "APASS", "APASS", "APASS"], "filter": ["B", "V", "V", "r"], "id": [165702, 165703, 169352, 165704]}