{"mjd": [58452.272595, 58467.064612, 58467.069169, 58458.977233, 58467.07372], "magerr": [0.07360450178384781, -1.0, 0.06785380095243454, 0.06332679837942123, 0.04995080083608627], "alert_name": null, "observatory": ["Liam Hardy pt5m", "Liam Hardy pt5m", "Liam Hardy pt5m", "Liam Hardy pt5m", "Liam Hardy pt5m"], "caliberr": [0.10856799781322479, 0.17690299451351166, 0.052608199417591095, 0.021422600373625755, 0.02697109989821911], "mag": [17.321300506591797, 19.559200286865234, 17.429000854492188, 17.221500396728516, 17.312299728393555], "catalog": ["APASS", "APASS", "APASS", "APASS", "APASS"], "filter": ["B", "B", "V", "r", "r"], "id": [126877, 128265, 128266, 127266, 128267]}