{"mjd": [58382.929872, 58394.016781, 58377.025922, 58382.934446, 58394.021357, 58382.938274, 58394.025936], "magerr": [-1.0, -1.0, 0.03514210134744644, -1.0, -1.0, -1.0, -1.0], "alert_name": null, "observatory": ["Liam Hardy pt5m", "Liam Hardy pt5m", "Liam Hardy pt5m", "Liam Hardy pt5m", "Liam Hardy pt5m", "Liam Hardy pt5m", "Liam Hardy pt5m"], "caliberr": [0.12966899573802948, 0.14979299902915955, 0.06506480276584625, 0.06992729753255844, 0.06251230090856552, 0.12918999791145325, 0.12246300280094147], "mag": [18.63050079345703, 20.124300003051758, 16.8341007232666, 19.10070037841797, 19.26689910888672, 20.49410057067871, 20.80190086364746], "catalog": ["APASS", "APASS", "APASS", "APASS", "APASS", "APASS", "APASS"], "filter": ["B", "B", "V", "V", "V", "r", "r"], "id": [120880, 121782, 120078, 120881, 121783, 120882, 121784]}