{"mjd": [57850.2188542], "magerr": [0.024399999529123306], "alert_name": null, "observatory": ["PIRATE Meredith Morr"], "caliberr": [0.06716509908437729], "mag": [16.516399383544922], "catalog": ["APASS"], "filter": ["r"], "id": [71254]}