{"mjd": [58893.671084, 58893.6727878, 58894.5476478, 58897.8885209, 58900.8909987, 58880.7661967, 58888.91122, 58869.2372991, 58869.2383077, 58875.5946515, 58875.5956609, 58876.5936317, 58876.5946412, 58878.6158692, 58878.6168833, 58879.7205955, 58879.7216038, 58880.7610382, 58880.7620474, 58888.9122981, 58888.9132949, 58889.9101694, 58889.9118656, 58890.9644311, 58890.9661243, 58891.9160543, 58891.9177536, 58892.9155688, 58892.9172762, 58894.5493485, 58895.9731964, 58895.9748899, 58897.8902132, 58899.9131614, 58899.9148654, 58900.8926909, 58869.2414721, 58869.2424807, 58875.5988286, 58875.5998268, 58876.597819, 58876.598828, 58878.6210421, 58879.7257903, 58880.7651955, 58888.9102115, 58889.9076374, 58889.9088665, 58890.9619027, 58890.9631327, 58891.9147541, 58892.9130403, 58892.9142682, 58894.5450873, 58895.9706711, 58895.9718942, 58897.8859744, 58897.8872133, 58900.8896843, 58869.2393857, 58869.2403942, 58875.5967284, 58875.5977495, 58876.5957364, 58879.7226813, 58879.7236874, 58880.7631149, 58888.908125, 58888.9091335, 58889.9065707, 58890.9598348, 58892.9109543, 58892.9119609, 58895.9685942, 58897.8838969, 58897.8849062, 58899.9085597, 58899.9095565, 58900.8873821, 58876.598828, 58878.6179568, 58878.6189627, 58878.6200294, 58879.7247805, 58880.7641222, 58889.9055697, 58890.960823, 58891.9114489, 58891.9124477, 58891.9135196, 58893.6664375, 58893.6674594, 58893.6685322, 58893.6697721, 58894.5430122, 58894.5440159, 58894.5463147, 58895.9695964, 58899.910623, 58899.9118632, 58900.8863797, 58900.8884569], "magerr": [0.042399998754262924, 0.04740000143647194, 0.03759999945759773, 0.055799998342990875, 0.04019999876618385, 0.013199999928474426, 0.022700000554323196, 0.02800000086426735, 0.028300000354647636, 0.052000001072883606, 0.041099999099969864, 0.04809999838471413, 0.0625, 0.03530000150203705, 0.03790000081062317, 0.0617000013589859, 0.045099999755620956, 0.05649999901652336, 0.0502999983727932, 0.2556999921798706, 0.1468999981880188, 0.14249999821186066, 0.12449999898672104, 0.08529999852180481, 0.06650000065565109, 0.09790000319480896, 0.09239999949932098, 0.07180000096559525, 0.06459999829530716, 0.041099999099969864, 0.04280000180006027, 0.04820000007748604, 0.056699998676776886, 0.04259999841451645, 0.051600001752376556, 0.03880000114440918, 0.008100000210106373, 0.008700000122189522, 0.009600000455975533, 0.010499999858438969, 0.046799998730421066, 0.013799999840557575, 0.009399999864399433, 0.012600000016391277, 0.012400000356137753, 0.024800000712275505, 0.018400000408291817, 0.0142000000923872, 0.013399999588727951, 0.013000000268220901, 0.014800000004470348, 0.013399999588727951, 0.014000000432133675, 0.012000000104308128, 0.013100000098347664, 0.010300000198185444, 0.012400000356137753, 0.014700000174343586, 0.010499999858438969, 0.007499999832361937, 0.006599999964237213, 0.005900000222027302, 0.007199999876320362, 0.09910000115633011, 0.0066999997943639755, 0.006599999964237213, 0.007400000002235174, 0.011099999770522118, 0.008899999782443047, 0.010700000450015068, 0.009499999694526196, 0.008999999612569809, 0.007499999832361937, 0.008200000040233135, 0.01080000028014183, 0.013000000268220901, 0.009600000455975533, 0.009200000204145908, 0.007899999618530273, 0.013799999840557575, 0.006599999964237213, 0.00570000009611249, 0.010499999858438969, 0.00930000003427267, 0.007300000172108412, 0.010599999688565731, 0.008200000040233135, 0.00860000029206276, 0.00839999970048666, 0.01489999983459711, 0.01080000028014183, 0.009399999864399433, 0.01080000028014183, 0.013899999670684338, 0.009499999694526196, 0.010999999940395355, 0.011800000444054604, 0.008700000122189522, 0.013899999670684338, 0.012400000356137753, 0.009999999776482582, 0.011300000362098217], "alert_name": null, "observatory": ["LCOGT1m, N.Ihanec", "LCOGT1m, N.Ihanec", "LCOGT1m, N.Ihanec", "LCOGT1m, N.Ihanec", "LCOGT1m, N.Ihanec", "LCOGT1m, N.Ihanec", "LCOGT1m, N.Ihanec", "LCOGT1m, N.Ihanec", "LCOGT1m, N.Ihanec", "LCOGT1m, N.Ihanec", "LCOGT1m, N.Ihanec", "LCOGT1m, N.Ihanec", "LCOGT1m, N.Ihanec", "LCOGT1m, N.Ihanec", "LCOGT1m, N.Ihanec", "LCOGT1m, N.Ihanec", "LCOGT1m, N.Ihanec", "LCOGT1m, N.Ihanec", "LCOGT1m, N.Ihanec", "LCOGT1m, N.Ihanec", "LCOGT1m, N.Ihanec", "LCOGT1m, N.Ihanec", "LCOGT1m, N.Ihanec", "LCOGT1m, N.Ihanec", "LCOGT1m, N.Ihanec", "LCOGT1m, N.Ihanec", "LCOGT1m, N.Ihanec", "LCOGT1m, N.Ihanec", "LCOGT1m, N.Ihanec", "LCOGT1m, N.Ihanec", "LCOGT1m, N.Ihanec", "LCOGT1m, N.Ihanec", "LCOGT1m, N.Ihanec", "LCOGT1m, N.Ihanec", "LCOGT1m, N.Ihanec", "LCOGT1m, N.Ihanec", "LCOGT1m, N.Ihanec", "LCOGT1m, N.Ihanec", "LCOGT1m, N.Ihanec", "LCOGT1m, N.Ihanec", "LCOGT1m, N.Ihanec", "LCOGT1m, N.Ihanec", "LCOGT1m, N.Ihanec", "LCOGT1m, N.Ihanec", "LCOGT1m, N.Ihanec", "LCOGT1m, N.Ihanec", "LCOGT1m, N.Ihanec", "LCOGT1m, N.Ihanec", "LCOGT1m, N.Ihanec", "LCOGT1m, N.Ihanec", "LCOGT1m, N.Ihanec", "LCOGT1m, N.Ihanec", "LCOGT1m, N.Ihanec", "LCOGT1m, N.Ihanec", "LCOGT1m, N.Ihanec", "LCOGT1m, N.Ihanec", "LCOGT1m, N.Ihanec", "LCOGT1m, N.Ihanec", "LCOGT1m, N.Ihanec", "LCOGT1m, N.Ihanec", "LCOGT1m, N.Ihanec", "LCOGT1m, N.Ihanec", "LCOGT1m, N.Ihanec", "LCOGT1m, N.Ihanec", "LCOGT1m, N.Ihanec", "LCOGT1m, N.Ihanec", "LCOGT1m, N.Ihanec", "LCOGT1m, N.Ihanec", "LCOGT1m, N.Ihanec", "LCOGT1m, N.Ihanec", "LCOGT1m, N.Ihanec", "LCOGT1m, N.Ihanec", "LCOGT1m, N.Ihanec", "LCOGT1m, N.Ihanec", "LCOGT1m, N.Ihanec", "LCOGT1m, N.Ihanec", "LCOGT1m, N.Ihanec", "LCOGT1m, N.Ihanec", "LCOGT1m, N.Ihanec", "LCOGT1m, N.Ihanec", "LCOGT1m, N.Ihanec", "LCOGT1m, N.Ihanec", "LCOGT1m, N.Ihanec", "LCOGT1m, N.Ihanec", "LCOGT1m, N.Ihanec", "LCOGT1m, N.Ihanec", "LCOGT1m, N.Ihanec", "LCOGT1m, N.Ihanec", "LCOGT1m, N.Ihanec", "LCOGT1m, N.Ihanec", "LCOGT1m, N.Ihanec", "LCOGT1m, N.Ihanec", "LCOGT1m, N.Ihanec", "LCOGT1m, N.Ihanec", "LCOGT1m, N.Ihanec", "LCOGT1m, N.Ihanec", "LCOGT1m, N.Ihanec", "LCOGT1m, N.Ihanec", "LCOGT1m, N.Ihanec", "LCOGT1m, N.Ihanec", "LCOGT1m, N.Ihanec", "LCOGT1m, N.Ihanec"],