{"mjd": [58123.234466, 58130.274611, 58111.277938, 58130.265327, 58111.281742, 58123.229891, 58130.269147], "magerr": [0.12606430053710938, 0.1442440301179886, -1.0, -1.0, 0.1159450113773346, -1.0, -1.0], "alert_name": null, "observatory": ["Liam Hardy pt5m", "Liam Hardy pt5m", "Liam Hardy pt5m", "Liam Hardy pt5m", "Liam Hardy pt5m", "Liam Hardy pt5m", "Liam Hardy pt5m"], "caliberr": [0.1020415648818016, 0.14459672570228577, 0.17120829224586487, 0.17772996425628662, 0.10383258014917374, 0.07668828964233398, 0.09533654898405075], "mag": [18.73242950439453, 19.473379135131836, 19.257369995117188, 19.350830078125, 19.392126083374023, 19.563434600830078, 19.924314498901367], "catalog": ["SDSS", "SDSS", "APASS", "APASS", "APASS", "APASS", "APASS"], "filter": ["R", "R", "B", "B", "V", "V", "V"], "id": [97718, 98043, 96527, 98041, 96528, 97717, 98042]}