{"mjd": [58656.933089, 58656.923988, 58656.928545], "magerr": [0.09486159682273865, 0.12041399627923965, 0.07963020354509354], "alert_name": null, "observatory": ["Liam Hardy pt5m", "Liam Hardy pt5m", "Liam Hardy pt5m"], "caliberr": [0.1343819946050644, 0.029108399525284767, 0.009999999776482582], "mag": [18.148000717163086, 18.459299087524414, 18.346900939941406], "catalog": ["SDSS", "APASS", "APASS"], "filter": ["R", "B", "V"], "id": [156450, 156448, 156449]}