{"mjd": [59134.059005, 59128.08393, 59134.063565, 59128.089976, 59134.068126], "magerr": [-1.0, -1.0, -1.0, -1.0, -1.0], "alert_name": null, "observatory": ["Liam Hardy pt5m", "Liam Hardy pt5m", "Liam Hardy pt5m", "Liam Hardy pt5m", "Liam Hardy pt5m"], "caliberr": [0.18613199889659882, 0.08761809766292572, 0.21194599568843842, 0.11153099685907364, 0.06453479826450348], "mag": [18.5177001953125, 12.964599609375, 18.36910057067871, 14.269200325012207, 19.8971004486084], "catalog": ["APASS", "APASS", "APASS", "APASS", "APASS"], "filter": ["B", "V", "V", "r", "r"], "id": [202115, 201828, 202116, 201829, 202117]}