{"mjd": [58079.7099537039, 58079.7384143518, 58079.7135069445, 58079.7277314817, 58079.7419560184, 58079.7241898146, 58079.717060185, 58079.7455092594, 58079.7206134261, 58079.7312847222, 58079.7348379628, 58079.7490625], "magerr": [-1.0, -1.0, -1.0, -1.0, -1.0, -1.0, -1.0, -1.0, -1.0, -1.0, -1.0, -1.0], "alert_name": null, "observatory": ["Goran Damljanovic, A", "Goran Damljanovic, A", "Goran Damljanovic, A", "Goran Damljanovic, A", "Goran Damljanovic, A", "Goran Damljanovic, A", "Goran Damljanovic, A", "Goran Damljanovic, A", "Goran Damljanovic, A", "Goran Damljanovic, A", "Goran Damljanovic, A", "Goran Damljanovic, A"], "caliberr": [0.081277996301651, 0.19850699603557587, 0.059689298272132874, 0.04734709858894348, 0.07943619787693024, 0.12462399899959564, 0.1683640033006668, 0.16846099495887756, 0.13765600323677063, 0.23665499687194824, 0.1890210062265396, 0.14547300338745117], "mag": [20.126300811767578, 20.41160011291504, 20.882099151611328, 21.00189971923828, 20.955900192260742, 20.072599411010742, 21.028400421142578, 20.76919937133789, 20.2406005859375, 20.61039924621582, 20.37310028076172, 20.395000457763672], "catalog": ["APASS", "APASS", "APASS", "APASS", "APASS", "APASS", "APASS", "APASS", "APASS", "APASS", "APASS", "APASS"], "filter": ["B", "B", "V", "V", "V", "g", "r", "r", "i", "i", "i", "i"], "id": [89963, 89954, 89961, 89959, 89955, 89956, 89965, 89960, 89957, 89962, 89964, 89958]}