{"mjd": [58638.126449, 58644.120861, 58638.118837, 58644.11174, 58638.1234, 58644.116298], "magerr": [0.035756904631853104, 0.023344796150922775, 0.12862682342529297, 0.08663272857666016, 0.04410303011536598, 0.037308014929294586], "alert_name": null, "observatory": ["Liam Hardy pt5m", "Liam Hardy pt5m", "Liam Hardy pt5m", "Liam Hardy pt5m", "Liam Hardy pt5m", "Liam Hardy pt5m"], "caliberr": [0.16618981957435608, 0.1944708675146103, 0.08737542480230331, 0.10022208839654922, 0.09854071587324142, 0.09060288965702057], "mag": [16.222192764282227, 16.24745750427246, 18.496471405029297, 17.70258331298828, 16.650550842285156, 16.478286743164062], "catalog": ["SDSS", "SDSS", "APASS", "APASS", "APASS", "APASS"], "filter": ["R", "R", "B", "B", "V", "V"], "id": [154196, 154920, 154194, 154918, 154195, 154919]}