{"mjd": [59444.06466, 59444.069212], "magerr": [-1.0, 0.10984986275434494], "alert_name": null, "observatory": ["Liam Hardy pt5m", "Liam Hardy pt5m"], "caliberr": [0.07773822546005249, 0.06783376634120941], "mag": [18.31024742126465, 17.585439682006836], "catalog": ["APASS", "APASS"], "filter": ["B", "V"], "id": [231476, 231477]}