{"mjd": [58717.231412, 58717.223819, 58724.045195, 58717.228374, 58724.048996], "magerr": [0.039246801286935806, 0.050019800662994385, 0.05335399881005287, 0.04092260077595711, 0.04695960134267807], "alert_name": null, "observatory": ["Liam Hardy pt5m", "Liam Hardy pt5m", "Liam Hardy pt5m", "Liam Hardy pt5m", "Liam Hardy pt5m"], "caliberr": [0.173552006483078, 0.12195099890232086, 0.10055100172758102, 0.13883699476718903, 0.12960900366306305], "mag": [17.131500244140625, 17.516000747680664, 17.264400482177734, 17.382099151611328, 17.3439998626709], "catalog": ["SDSS", "APASS", "APASS", "APASS", "APASS"], "filter": ["R", "B", "B", "V", "V"], "id": [162887, 162885, 163400, 162886, 163401]}