{"mjd": [59093.232772, 59097.227432, 59102.199022, 59097.232849, 59102.203582, 59097.236781, 59102.208125], "magerr": [-1.0, -1.0, -1.0, -1.0, -1.0, -1.0, 0.1465809941291809], "alert_name": null, "observatory": ["Liam Hardy pt5m", "Liam Hardy pt5m", "Liam Hardy pt5m", "Liam Hardy pt5m", "Liam Hardy pt5m", "Liam Hardy pt5m", "Liam Hardy pt5m"], "caliberr": [0.27834799885749817, 0.10366199910640717, 0.15509499609470367, 0.029965300112962723, 0.009999999776482582, 0.054654501378536224, 0.041959598660469055], "mag": [18.52429962158203, 18.125099182128906, 18.164899826049805, 18.87779998779297, 18.52039909362793, 18.869800567626953, 18.592599868774414], "catalog": ["APASS", "APASS", "APASS", "APASS", "APASS", "APASS", "APASS"], "filter": ["B", "B", "B", "V", "V", "r", "r"], "id": [197913, 198330, 198798, 198331, 198799, 198332, 198800]}