{"mjd": [59444.929106, 59435.93594367, 59439.83547315, 59441.84053333, 59444.0092862, 59444.03008774, 59450.01543049, 59451.02852014, 59459.8134795, 59461.0354441, 59462.04039038, 59466.06658487, 59467.07593602, 59468.88216368, 59471.99132182, 59483.8414439, 59490.97475786, 59435.92889488, 59439.0177592, 59439.82842451, 59441.8333088, 59441.83348242, 59444.00223574, 59444.02373359, 59450.00838118, 59450.02987704, 59459.80643081, 59461.0283936, 59462.03334101, 59467.86720626, 59468.87511426, 59471.89723809, 59472.8401374, 59483.83439463, 59490.96770929, 59435.94302743, 59439.84255707, 59441.84761664, 59444.01636956, 59444.03647661, 59450.02251586, 59451.03560424, 59459.82056352, 59461.04252745, 59466.07367044, 59467.08301997, 59467.89324083, 59468.88924687, 59470.88924039, 59471.99840709, 59472.85427005, 59483.84852725], "magerr": [-1.0, 0.022600000724196434, 0.024299999698996544, 0.023099999874830246, 0.027499999850988388, 0.02810000069439411, 0.07850000262260437, 0.06279999762773514, 0.02410000003874302, 0.029400000348687172, 0.037300001829862595, 0.0430000014603138, 0.043699998408555984, 0.026499999687075615, 0.023900000378489494, 0.03180000185966492, 0.037300001829862595, 0.015200000256299973, 0.017799999564886093, 0.01720000058412552, 0.23109999299049377, 0.017500000074505806, 0.01979999989271164, 0.019300000742077827, 0.03869999945163727, 0.045099999755620956, 0.017000000923871994, 0.018300000578165054, 0.023499999195337296, 0.019700000062584877, 0.020099999383091927, 0.01600000075995922, 0.0203000009059906, 0.019999999552965164, 0.030400000512599945, 0.011500000022351742, 0.012600000016391277, 0.01209999993443489, 0.014399999752640724, 0.013899999670684338, 0.021299999207258224, 0.01489999983459711, 0.015399999916553497, 0.016499999910593033, 0.02590000070631504, 0.02160000056028366, 0.013899999670684338, 0.014600000344216824, 0.014800000004470348, 0.012299999594688416, 0.012400000356137753, 0.012500000186264515], "alert_name": null, "observatory": ["Liam Hardy pt5m", "Moletai0.35-Erika Pa", "Moletai0.35-Erika Pa", "Moletai0.35-Erika Pa", "Moletai0.35-Erika Pa", "Moletai0.35-Erika Pa", "Moletai0.35-Erika Pa", "Moletai0.35-Erika Pa", "Moletai0.35-Erika Pa", "Moletai0.35-Erika Pa", "Moletai0.35-Erika Pa", "Moletai0.35-Erika Pa", "Moletai0.35-Erika Pa", "Moletai0.35-Erika Pa", "Moletai0.35-Erika Pa", "Moletai0.35-Erika Pa", "Moletai0.35-Erika Pa", "Moletai0.35-Erika Pa", "Moletai0.35-Erika Pa", "Moletai0.35-Erika Pa", "Moletai0.35-Erika Pa", "Moletai0.35-Erika Pa", "Moletai0.35-Erika Pa", "Moletai0.35-Erika Pa", "Moletai0.35-Erika Pa", "Moletai0.35-Erika Pa", "Moletai0.35-Erika Pa", "Moletai0.35-Erika Pa", "Moletai0.35-Erika Pa", "Moletai0.35-Erika Pa", "Moletai0.35-Erika Pa", "Moletai0.35-Erika Pa", "Moletai0.35-Erika Pa", "Moletai0.35-Erika Pa", "Moletai0.35-Erika Pa", "Moletai0.35-Erika Pa", "Moletai0.35-Erika Pa", "Moletai0.35-Erika Pa", "Moletai0.35-Erika Pa", "Moletai0.35-Erika Pa", "Moletai0.35-Erika Pa", "Moletai0.35-Erika Pa", "Moletai0.35-Erika Pa", "Moletai0.35-Erika Pa", "Moletai0.35-Erika Pa", "Moletai0.35-Erika Pa", "Moletai0.35-Erika Pa", "Moletai0.35-Erika Pa", "Moletai0.35-Erika Pa", "Moletai0.35-Erika Pa", "Moletai0.35-Erika Pa", "Moletai0.35-Erika Pa"], "caliberr": [0.07660672813653946, 0.1362595409154892, 0.12968334555625916, 0.13172981142997742, 0.12805302441120148, 0.12240979820489883, 0.1355467140674591, 0.1252039670944214, 0.13730883598327637, 0.12907014787197113, 0.14523892104625702, 0.170179083943367, 0.11914067715406418, 0.11665269732475281, 0.13965734839439392, 0.13686898350715637, 0.13461078703403473, 0.13058185577392578, 0.13293121755123138, 0.13751277327537537, 0.10289367288351059, 0.13522933423519135, 0.12622515857219696, 0.12663599848747253, 0.12934277951717377, 0.11860858649015427, 0.12941168248653412, 0.1342017650604248, 0.13349498808383942, 0.13517512381076813, 0.12815646827220917, 0.14098425209522247, 0.14373470842838287, 0.14594660699367523, 0.11040293425321579, 0.17968113720417023, 0.18253658711910248, 0.17851059138774872, 0.1766660511493683, 0.16772514581680298, 0.19102992117404938, 0.1786036342382431, 0.16780653595924377, 0.17355430126190186, 0.2169092893600464, 0.1742492914199829, 0.17965862154960632, 0.17230522632598877, 0.1776745468378067, 0.17931438982486725, 0.18272706866264343, 0.1835705190896988], "mag": [18.13517189025879, 16.72452163696289, 16.72420310974121, 16.729679107666016, 16.7585506439209, 16.7246036529541, 16.889690399169922, 16.692089080810547, 16.714481353759766, 16.716049194335938, 16.675657272338867, 16.724807739257812, 16.7238826751709, 16.637035369873047, 16.68768310546875, 16.594404220581055, 16.64295768737793, 15.872888565063477, 15.868473052978516, 15.888484001159668, 16.313030242919922, 15.873985290527344, 15.79444694519043, 15.87401008605957, 15.909810066223145, 15.876910209655762, 15.84128475189209, 15.860541343688965, 15.800414085388184, 15.736794471740723, 15.811843872070312, 15.796807289123535, 15.718637466430664, 15.718299865722656, 15.79666519165039, 14.7758207321167, 14.774336814880371, 14.760204315185547, 14.669053077697754, 14.664407730102539, 14.64675521850586, 14.639998435974121, 14.750663757324219, 14.649869918823242, 14.833207130432129, 14.470110893249512, 14.604621887207031, 14.591902732849121, 14.602826118469238, 14.70705795288086, 14.556090354919434, 14.519303321838379], "catalog": ["APASS", "APASS", "APASS", "APASS", "APASS", "APASS", "APASS", "APASS", "APASS", "APASS", "APASS", "APASS", "APASS", "APASS", "APASS", "APASS", "APASS", "APASS", "APASS", "APASS", "APASS", "APASS", "APASS", "APASS", "APASS", "APASS", "APASS", "APASS", "APASS", "APASS", "APASS", "APASS", "APASS", "APASS", "APASS", "APASS", "APASS", "APASS", "APASS", "APASS", "APASS", "APASS", "APASS", "APASS", "APASS", "APASS", "APASS", "APASS", "APASS", "APASS", "APASS", "APASS"], "filter": ["B", "V", "V", "V", "V", "V", "V", "V", "V", "V", "V", "V", "V", "V", "V", "V", "V", "r", "r", "r", "r", "r", "r", "r", "r", "r", "r", "r", "r", "r", "r", "r", "r", "r", "r", "i", "i", "i", "i", "i", "i", "i", "i", "i", "i", "i", "i", "i", "i", "i", "i", "i"], "id": [231510, 234809, 234793, 231849, 232518, 232519, 232517, 232143, 232560, 232610, 234619, 234148, 234207, 234456, 234267, 234667, 235062, 234808, 234821, 234792, 231847, 231848, 232515, 232516, 232513, 232514, 232559, 232609, 234618, 234229, 234455, 234266, 234246, 234666, 235061, 234807, 234791, 231846, 232511, 232512, 232510, 232141, 232558, 232608, 234146, 234205, 234228, 234454, 234359, 234265, 234245, 234665]}