{"mjd": [59297.890246], "magerr": [-1.0], "alert_name": null, "observatory": ["Liam Hardy pt5m"], "caliberr": [0.10652704536914825], "mag": [17.664949417114258], "catalog": ["APASS"], "filter": ["B"], "id": [215715]}