{"mjd": [58861.271035, 58864.287054, 58861.261909, 58864.278713, 58861.266489, 58864.283265], "magerr": [-1.0, 0.13806700706481934, -1.0, -1.0, -1.0, -1.0], "alert_name": null, "observatory": ["Liam Hardy pt5m", "Liam Hardy pt5m", "Liam Hardy pt5m", "Liam Hardy pt5m", "Liam Hardy pt5m", "Liam Hardy pt5m"], "caliberr": [0.15142099559307098, 0.129613995552063, 0.06282150000333786, 0.07637830078601837, 0.08534590154886246, 0.0788177028298378], "mag": [20.445499420166016, 18.649499893188477, 19.49720001220703, 19.990299224853516, 19.52989959716797, 19.631399154663086], "catalog": ["SDSS", "SDSS", "APASS", "APASS", "APASS", "APASS"], "filter": ["R", "R", "B", "B", "V", "V"], "id": [175302, 175500, 175300, 175498, 175301, 175499]}