{"mjd": [57814.136229, 57814.142904, 57814.129558, 57772.240801], "magerr": [-1.0, -1.0, -1.0, -1.0], "alert_name": null, "observatory": ["Liam Hardy pt5m", "Liam Hardy pt5m", "Liam Hardy pt5m", "Liam Hardy pt5m"], "caliberr": [0.16408999264240265, 0.123928003013134, 0.3217940032482147, 0.2399580031633377], "mag": [20.313899993896484, 18.826000213623047, 20.229400634765625, 18.858200073242188], "catalog": ["SDSS", "SDSS", "APASS", "APASS"], "filter": ["R", "I", "V", "r"], "id": [67135, 67136, 67134, 63451]}