{"mjd": [59112.95544, 59118.933774, 59112.959994, 59118.938328, 59112.964546, 59118.942885], "magerr": [-1.0, -1.0, -1.0, -1.0, -1.0, -1.0], "alert_name": null, "observatory": ["Liam Hardy pt5m", "Liam Hardy pt5m", "Liam Hardy pt5m", "Liam Hardy pt5m", "Liam Hardy pt5m", "Liam Hardy pt5m"], "caliberr": [0.11411938071250916, 0.10237137973308563, 0.05456744134426117, 0.05933663621544838, 0.044093914330005646, 0.04181984066963196], "mag": [19.71135139465332, 20.98542022705078, 19.452713012695312, 19.484407424926758, 19.4265079498291, 19.50448989868164], "catalog": ["APASS", "APASS", "APASS", "APASS", "APASS", "APASS"], "filter": ["B", "B", "V", "V", "r", "r"], "id": [199622, 201418, 199623, 201419, 199624, 201420]}