{"mjd": [57897.929124, 57901.102738, 57895.946, 57897.9258, 57896.212395, 57896.928788, 57901.096813, 57902.909295, 57895.949, 57896.21571, 57896.932107, 57901.096813, 57901.100121, 57902.912603, 57895.952, 57896.218326, 57896.934731, 57897.931736, 57902.91522, 57895.9498107, 57896.2157098, 57896.9321071, 57897.2134657, 57897.9291238, 57895.9464987, 57896.2123946, 57897.2101454, 57897.9257999, 57895.9524298, 57896.218326, 57897.9317358], "magerr": [0.0422654002904892, 0.0674929991364479, 0.03866700083017349, 0.0422654002904892, 0.03375620022416115, 0.03375620022416115, 0.058747000992298126, 0.07229100167751312, 0.026977000758051872, 0.03851950168609619, 0.026601899415254593, 0.058747000992298126, 0.05920099839568138, 0.058122001588344574, 0.03198099881410599, 0.05234450101852417, 0.033666498959064484, 0.039916399866342545, 0.06674200296401978, 0.06340000033378601, 0.07829999923706055, 0.0771000012755394, 0.11100000143051147, 0.07670000195503235, 0.10119999945163727, 0.12409999966621399, 0.1331000030040741, 0.11240000277757645, 0.057500001043081284, 0.09300000220537186, 0.06279999762773514], "alert_name": null, "observatory": ["PIRATE, OU students", "PIRATE, OU students", "PIRATE, OU students", "PIRATE, OU students", "PIRATE, OU students", "PIRATE, OU students", "PIRATE, OU students", "PIRATE, OU students", "PIRATE, OU students", "PIRATE, OU students", "PIRATE, OU students", "PIRATE, OU students", "PIRATE, OU students", "PIRATE, OU students", "PIRATE, OU students", "PIRATE, OU students", "PIRATE, OU students", "PIRATE, OU students", "PIRATE, OU students", "PIRATE Meredith Morr", "PIRATE Meredith Morr", "PIRATE Meredith Morr", "PIRATE Meredith Morr", "PIRATE Meredith Morr", "PIRATE Meredith Morr", "PIRATE Meredith Morr", "PIRATE Meredith Morr", "PIRATE Meredith Morr", "PIRATE Meredith Morr", "PIRATE Meredith Morr", "PIRATE Meredith Morr"], "caliberr": [0.03626599907875061, 0.05655929818749428, 0.07720589637756348, 0.06599099934101105, 0.10500600188970566, 0.10500600188970566, 0.12143900245428085, 0.11424999684095383, 0.06809169799089432, 0.11081399768590927, 0.12450899928808212, 0.033958401530981064, 0.06715340167284012, 0.09165439754724503, 0.009999999776482582, 0.05443210154771805, 0.07838799804449081, 0.04770540073513985, 0.02116600051522255, 0.05834290012717247, 0.055163901299238205, 0.05802439898252487, 0.052946899086236954, 0.05506569892168045, 0.04567459970712662, 0.03860269859433174, 0.0390687994658947, 0.04586780071258545, 0.03271529823541641, 0.03258480131626129, 0.032684698700904846], "mag": [18.407899856567383, 17.56130027770996, 18.937000274658203, 18.813600540161133, 18.654300689697266, 18.654300689697266, 18.649200439453125, 18.73270034790039, 18.072900772094727, 18.013999938964844, 17.905099868774414, 18.310800552368164, 18.020200729370117, 18.180599212646484, 17.440399169921875, 17.538799285888672, 17.555500030517578, 17.509199142456055, 17.703100204467773, 17.438899993896484, 17.246200561523438, 17.47949981689453, 17.0669002532959, 17.18939971923828, 18.276199340820312, 17.769399642944336, 17.45330047607422, 17.78969955444336, 17.171899795532227, 17.215099334716797, 17.34819984436035], "catalog": ["SDSS", "SDSS", "SDSS", "SDSS", "APASS", "APASS", "APASS", "APASS", "APASS", "APASS", "APASS", "APASS", "APASS", "APASS", "APASS", "APASS", "APASS", "APASS", "APASS", "APASS", "APASS", "APASS", "APASS", "APASS", "APASS", "APASS", "APASS", "APASS", "APASS", "APASS", "APASS"], "filter": ["g", "r", "B", "B", "B", "B", "B", "B", "g", "g", "g", "g", "g", "g", "r", "r", "r", "r", "r", "V", "V", "V", "V", "V", "g", "g", "g", "g", "r", "r", "r"], "id": [74925, 76039, 75909, 74924, 74919, 74918, 76025, 76031, 75912, 74920, 74921, 75745, 76038, 76032, 75911, 74922, 74923, 74926, 76033, 122061, 122073, 122121, 122118, 122798, 122095, 122111, 122133, 122799, 122074, 122091, 122800]}