{"mjd": [58199.157772, 58214.051918, 58199.148525, 58214.042434, 58199.153211, 58214.047197], "magerr": [0.03356614708900452, 0.037968751043081284, 0.07623126357793808, -1.0, 0.0487680621445179, 0.0646449625492096], "alert_name": null, "observatory": ["Liam Hardy pt5m", "Liam Hardy pt5m", "Liam Hardy pt5m", "Liam Hardy pt5m", "Liam Hardy pt5m", "Liam Hardy pt5m"], "caliberr": [0.1373267024755478, 0.16939853131771088, 0.010000004433095455, 0.24326230585575104, 0.028678594157099724, 0.031408026814460754], "mag": [16.629838943481445, 16.63894271850586, 17.873947143554688, 19.652143478393555, 16.95536994934082, 17.10936164855957], "catalog": ["SDSS", "SDSS", "APASS", "APASS", "APASS", "APASS"], "filter": ["R", "R", "B", "B", "V", "V"], "id": [100200, 101473, 100198, 101471, 100199, 101472]}