{"mjd": [59085.229245, 59085.232316], "magerr": [0.12383631616830826, 0.12005200982093811], "alert_name": null, "observatory": ["Liam Hardy pt5m", "Liam Hardy pt5m"], "caliberr": [0.07209434360265732, 0.09167038649320602], "mag": [18.115325927734375, 18.09964942932129], "catalog": ["APASS", "APASS"], "filter": ["B", "V"], "id": [197404, 197405]}