{"mjd": [59112.24229, 59122.15087, 59127.185614, 59122.155428, 59127.190173, 59122.159979, 59127.195487], "magerr": [-1.0, -1.0, -1.0, -1.0, -1.0, -1.0, -1.0], "alert_name": null, "observatory": ["Liam Hardy pt5m", "Liam Hardy pt5m", "Liam Hardy pt5m", "Liam Hardy pt5m", "Liam Hardy pt5m", "Liam Hardy pt5m", "Liam Hardy pt5m"], "caliberr": [0.06776700168848038, 0.08260709792375565, 0.08791109919548035, 0.06958600133657455, 0.08372019976377487, 0.0698435977101326, 0.08944209665060043], "mag": [18.45989990234375, 19.15559959411621, 18.507400512695312, 19.14240074157715, 19.22570037841797, 19.506900787353516, 19.91710090637207], "catalog": ["APASS", "APASS", "APASS", "APASS", "APASS", "APASS", "APASS"], "filter": ["B", "B", "B", "V", "V", "r", "r"], "id": [199508, 201628, 201779, 201629, 201780, 201630, 201781]}