{"mjd": [58914.12778, 58914.123991], "magerr": [0.04797189310193062, 0.07141153514385223], "alert_name": null, "observatory": ["Liam Hardy pt5m", "Liam Hardy pt5m"], "caliberr": [0.1024455577135086, 0.15294121205806732], "mag": [17.02676010131836, 17.00583267211914], "catalog": ["SDSS", "PS1"], "filter": ["R", "r"], "id": [183831, 183830]}