{"mjd": [58914.171273, 58920.071719], "magerr": [0.11688300222158432, -1.0], "alert_name": null, "observatory": ["Liam Hardy pt5m", "Liam Hardy pt5m"], "caliberr": [0.31580299139022827, 0.38650599122047424], "mag": [18.793500900268555, 18.861900329589844], "catalog": ["SDSS", "SDSS"], "filter": ["R", "R"], "id": [184186, 184769]}