{"mjd": [58313.05326], "magerr": [-1.0], "alert_name": null, "observatory": ["Liam Hardy pt5m"], "caliberr": [0.23424629867076874], "mag": [20.496015548706055], "catalog": ["PS1"], "filter": ["r"], "id": [114040]}