{"mjd": [58707.878138, 58707.881211, 58707.884259, 58707.88883, 58714.016416, 58727.04066, 58727.045289], "magerr": [0.1015859991312027, 0.09708639979362488, 0.09509120136499405, 0.12574799358844757, -1.0, -1.0, 0.27477699518203735], "alert_name": null, "observatory": ["Liam Hardy pt5m", "Liam Hardy pt5m", "Liam Hardy pt5m", "Liam Hardy pt5m", "Liam Hardy pt5m", "Liam Hardy pt5m", "Liam Hardy pt5m"], "caliberr": [0.2077450007200241, 0.18574799597263336, 0.16927599906921387, 0.18604600429534912, 0.22020700573921204, 0.20077000558376312, 0.24612200260162354], "mag": [17.021499633789062, 17.090299606323242, 17.06049919128418, 17.52680015563965, 19.347700119018555, 19.118499755859375, 19.57270050048828], "catalog": ["PS1", "PS1", "PS1", "PS1", "PS1", "PS1", "PS1"], "filter": ["r", "r", "r", "r", "r", "r", "r"], "id": [162240, 162242, 162243, 162246, 162533, 163735, 163736]}