{"mjd": [59092.942478, 59096.936627, 59092.947038, 59096.941192, 59092.951597, 59096.945762], "magerr": [-1.0, -1.0, 0.10634545981884003, -1.0, -1.0, -1.0], "alert_name": null, "observatory": ["Liam Hardy pt5m", "Liam Hardy pt5m", "Liam Hardy pt5m", "Liam Hardy pt5m", "Liam Hardy pt5m", "Liam Hardy pt5m"], "caliberr": [0.14238007366657257, 0.09753581136465073, 0.06214327737689018, 0.06519879400730133, 0.10677129775285721, 0.27042481303215027], "mag": [18.75817108154297, 18.77228546142578, 16.99752426147461, 19.328174591064453, 19.070138931274414, 20.076372146606445], "catalog": ["APASS", "APASS", "APASS", "APASS", "APASS", "APASS"], "filter": ["B", "B", "V", "V", "r", "r"], "id": [197892, 198216, 197893, 198217, 197894, 198218]}