{"mjd": [58804.99056, 58804.993609, 58800.073152], "magerr": [0.002748219994828105, 0.0016577000496909022, 0.006664100103080273], "alert_name": null, "observatory": ["Liam Hardy pt5m", "Liam Hardy pt5m", "Liam Hardy pt5m"], "caliberr": [0.1811400055885315, 0.029194200411438942, 0.21818499267101288], "mag": [12.656200408935547, 11.95199966430664, 11.653800010681152], "catalog": ["SDSS", "APASS", "APASS"], "filter": ["B", "V", "r"], "id": [171710, 171711, 171524]}