{"mjd": [57989.109774, 58004.160052, 57989.114329, 58004.16461, 57989.118885, 58004.169168], "magerr": [-1.0, -1.0, -1.0, 0.14349529147148132, 0.07439745217561722, 0.11629128456115723], "alert_name": null, "observatory": ["Liam Hardy pt5m", "Liam Hardy pt5m", "Liam Hardy pt5m", "Liam Hardy pt5m", "Liam Hardy pt5m", "Liam Hardy pt5m"], "caliberr": [0.15992839634418488, 0.039825551211833954, 0.07540415227413177, 0.03525116667151451, 0.009999999776482582, 0.009999999776482582], "mag": [17.443716049194336, 18.28951072692871, 17.995628356933594, 18.263214111328125, 17.44220733642578, 18.110187530517578], "catalog": ["APASS", "APASS", "APASS", "APASS", "APASS", "APASS"], "filter": ["B", "B", "V", "V", "r", "r"], "id": [82254, 82867, 82255, 82868, 82256, 82869]}