{"mjd": [58612.040618, 58633.968091, 58612.031489, 58633.958996, 58612.036071, 58633.963553, 58643.7913038, 58629.8317181, 58632.8162182, 58643.7875908, 58628.8161846721, 58629.8354196, 58632.8236157, 58641.7988598, 58643.7949406, 58627.8152468102, 58628.8270870862, 58629.8096904, 58629.8132256, 58634.793238, 58634.7968615, 58641.7916207, 58627.818994849, 58627.8335678051, 58632.8273209, 58634.815283, 58634.8189859, 58643.8023178, 58627.837271146, 58628.83449452, 58629.8243084, 58629.8280166, 58639.8007154, 58641.8025491, 58641.8062686, 58627.8409785582, 58628.8233931032, 58629.8169226, 58629.8206063, 58632.8199114, 58634.8004834, 58639.7932932, 58639.7969964, 58641.7952927], "magerr": [0.004209490027278662, 0.0045822998508811, 0.006302750203758478, 0.011849899776279926, 0.005411210004240274, 0.005542759783565998, 0.03460000082850456, 0.00139999995008111, 0.007199999876320362, -1.0, 0.002400000113993883, 0.0031999999191612005, 0.00419999985024333, 0.0044999998062849045, 0.00839999970048666, 0.00559999980032444, 0.003800000064074993, 0.0038999998942017555, 0.0031999999191612005, 0.006399999838322401, 0.016899999231100082, 0.013000000268220901, 0.001500000013038516, 0.0017000000225380063, 0.0020000000949949026, 0.0026000000070780516, 0.0031999999191612005, 0.0066999997943639755, 0.0027000000700354576, 0.0017999999690800905, 0.005100000184029341, 0.002300000051036477, 0.004900000058114529, 0.002300000051036477, 0.003100000089034438, 0.007199999876320362, 0.0044999998062849045, 0.004999999888241291, 0.00419999985024333, 0.005100000184029341, 0.005400000140070915, 0.005400000140070915, 0.00860000029206276, 0.003800000064074993], "alert_name": null, "observatory": ["Liam Hardy pt5m", "Liam Hardy pt5m", "Liam Hardy pt5m", "Liam Hardy pt5m", "Liam Hardy pt5m", "Liam Hardy pt5m", "T60-Umut Burgaz", "T60-Umut Burgaz", "T60-Umut Burgaz", "T60-Umut Burgaz", "T60-Umut Burgaz", "T60-Umut Burgaz", "T60-Umut Burgaz", "T60-Umut Burgaz", "T60-Umut Burgaz", "T60-Umut Burgaz", "T60-Umut Burgaz", "T60-Umut Burgaz", "T60-Umut Burgaz", "T60-Umut Burgaz", "T60-Umut Burgaz", "T60-Umut Burgaz", "T60-Umut Burgaz", "T60-Umut Burgaz", "T60-Umut Burgaz", "T60-Umut Burgaz", "T60-Umut Burgaz", "T60-Umut Burgaz", "T60-Umut Burgaz", "T60-Umut Burgaz", "T60-Umut Burgaz", "T60-Umut Burgaz", "T60-Umut Burgaz", "T60-Umut Burgaz", "T60-Umut Burgaz", "T60-Umut Burgaz", "T60-Umut Burgaz", "T60-Umut Burgaz", "T60-Umut Burgaz", "T60-Umut Burgaz", "T60-Umut Burgaz", "T60-Umut Burgaz", "T60-Umut Burgaz", "T60-Umut Burgaz"], "caliberr": [0.06311120092868805, 0.09307289868593216, 0.022691499441862106, 0.07198990136384964, 0.03983519971370697, 0.04226979985833168, 0.22352999448776245, 0.35594800114631653, 0.22126899659633636, 0.44799599051475525, 0.24437400698661804, 0.30016300082206726, 0.14558599889278412, 0.4264029860496521, 0.46761199831962585, 0.16390100121498108, 0.05223130062222481, 0.07243230193853378, 0.08196769654750824, 0.02637599967420101, 0.3940669894218445, 0.032461799681186676, 0.05544880032539368, 0.05782080069184303, 0.047808099538087845, 0.06990790367126465, 0.06846930086612701, 0.1531659960746765, 0.07745300233364105, 0.04529060050845146, 0.4729729890823364, 0.10392899811267853, 0.06457920372486115, 0.051845598965883255, 0.03755420073866844, 0.06976550072431564, 0.052455801516771317, 0.0967106968164444, 0.08822079747915268, 0.06326810270547867, 0.07539179921150208, 0.04728639870882034, 0.10757999867200851, 0.05403289943933487], "mag": [14.513099670410156, 14.643799781799316, 14.586099624633789, 15.521599769592285, 14.689200401306152, 14.727800369262695, 16.52630043029785, 13.95300006866455, 15.388799667358398, 19.348600387573242, 14.489500045776367, 14.706199645996094, 14.879599571228027, 14.370499610900879, 14.677399635314941, 14.750900268554688, 14.937700271606445, 15.119099617004395, 15.04800033569336, 15.718600273132324, 15.84570026397705, 16.52630043029785, 14.502900123596191, 14.527899742126465, 14.813300132751465, 14.88659954071045, 14.926400184631348, 15.496700286865234, 14.702400207519531, 14.670900344848633, 15.183600425720215, 14.906000137329102, 15.139300346374512, 15.031800270080566, 15.102700233459473, 15.476400375366211, 15.42590045928955, 15.562899589538574, 15.496199607849121, 15.493800163269043, 15.441699981689453, 15.192399978637695, 15.350299835205078, 15.281999588012695], "catalog": ["SDSS", "SDSS", "APASS", "APASS", "APASS", "APASS", "SDSS", "SDSS", "SDSS", "SDSS", "SDSS", "SDSS", "SDSS", "SDSS", "SDSS", "APASS", "APASS", "APASS", "APASS", "APASS", "APASS", "APASS", "APASS", "APASS", "APASS", "APASS", "APASS", "APASS", "APASS", "APASS", "APASS", "APASS", "APASS", "APASS", "APASS", "APASS", "APASS", "APASS", "APASS", "APASS", "APASS", "APASS", "APASS", "APASS"], "filter": ["R", "R", "B", "B", "V", "V", "g", "r", "i", "B", "V", "V", "V", "I", "I", "B", "B", "B", "B", "B", "B", "B", "V", "V", "V", "V", "V", "V", "r", "r", "r", "r", "r", "r", "r", "i", "i", "i", "i", "i", "i", "i", "i", "i"], "id": [151996, 153624, 151994, 153622, 151995, 153623, 155205, 154616, 154619, 155204, 153410, 154617, 154621, 155201, 155206, 153385, 153402, 154610, 154611, 154623, 154624, 155199, 153398, 153399, 154622, 154627, 154628, 155207, 153396, 153406, 154614, 154615, 154631, 155202, 155203, 153395, 153403, 154612, 154613, 154620, 154625, 154629, 154630, 155200]}