{"mjd": [58757.246634], "magerr": [0.13325755298137665], "alert_name": null, "observatory": ["Liam Hardy pt5m"], "caliberr": [0.09714412689208984], "mag": [18.35757064819336], "catalog": ["APASS"], "filter": ["B"], "id": [166388]}