{"mjd": [57990.0994907408, 57990.1104745371, 57990.1031481479, 57990.1141319443, 57990.1251157406, 57990.1067939815, 57990.1177777778, 57990.1287615742, 57974.129497, 57980.104503, 57985.135888, 57986.106571, 57989.131279, 57990.084634, 57991.082922, 57992.073908, 57993.063459, 57994.074917, 57995.072086, 57999.095396, 57999.097625, 57999.099832, 58000.067729, 58004.091187, 58005.081412, 58006.077499, 57974.172557, 57980.156263, 57985.142532, 57986.139875, 57989.137922, 57990.128801, 57991.126111, 57992.123445, 57993.12069, 57994.11803, 57995.115212, 57997.158356, 57999.102044, 57999.104272, 57999.106492, 58000.101654, 58004.097831, 58005.088055, 58006.084142, 57973.18565, 57974.179206, 57980.162923, 57985.149184, 57986.146521, 57989.144575, 57990.135446, 57991.13276, 57992.1301, 57993.127341, 57994.124686, 57995.121867, 57997.164998, 57999.108732, 57999.111215, 57999.113445, 58000.107196, 58004.104477, 58005.094701, 58006.090788, 57973.188962, 57974.185863, 57980.169582, 57985.155837, 57986.153171, 57989.151233, 57990.142095, 57991.13941, 57992.136761, 57993.133995, 57994.131345, 57995.12852, 57999.115673, 57999.118158, 57999.120388, 58000.113852, 58004.111126, 58005.101456, 58006.097439], "magerr": [0.07569999992847443, 0.09309999644756317, 0.03539999946951866, 0.04470000043511391, 0.15539999306201935, 0.026100000366568565, 0.041999999433755875, 0.10320000350475311, -1.0, -1.0, -1.0, -1.0, -1.0, -1.0, -1.0, -1.0, -1.0, -1.0, -1.0, -1.0, -1.0, -1.0, -1.0, -1.0, -1.0, -1.0, -1.0, -1.0, -1.0, -1.0, -1.0, -1.0, -1.0, -1.0, -1.0, -1.0, -1.0, -1.0, -1.0, -1.0, -1.0, -1.0, -1.0, -1.0, -1.0, -1.0, -1.0, 0.06882420182228088, 0.1002340018749237, 0.13603900372982025, 0.10763300210237503, 0.1166049987077713, -1.0, 0.10511799901723862, 0.10690700262784958, 0.11417599767446518, 0.08674819767475128, -1.0, -1.0, -1.0, -1.0, 0.1405790001153946, -1.0, -1.0, -1.0, -1.0, 0.09732410311698914, 0.06102690100669861, 0.07267740368843079, 0.11831899732351303, 0.08740899711847305, -1.0, 0.07977189868688583, 0.07906629890203476, 0.06702040135860443, 0.06824100017547607, 0.07277309894561768, -1.0, 0.16175299882888794, -1.0, 0.1073789969086647, 0.11042000353336334, 0.11397799849510193, -1.0], "alert_name": null, "observatory": ["Goran Damljanovic, A", "Goran Damljanovic, A", "Goran Damljanovic, A", "Goran Damljanovic, A", "Goran Damljanovic, A", "Goran Damljanovic, A", "Goran Damljanovic, A", "Goran Damljanovic, A", "Liam Hardy pt5m", "Liam Hardy pt5m", "Liam Hardy pt5m", "Liam Hardy pt5m", "Liam Hardy pt5m", "Liam Hardy pt5m", "Liam Hardy pt5m", "Liam Hardy pt5m", "Liam Hardy pt5m", "Liam Hardy pt5m", "Liam Hardy pt5m", "Liam Hardy pt5m", "Liam Hardy pt5m", "Liam Hardy pt5m", "Liam Hardy pt5m", "Liam Hardy pt5m", "Liam Hardy pt5m", "Liam Hardy pt5m", "Liam Hardy pt5m", "Liam Hardy pt5m", "Liam Hardy pt5m", "Liam Hardy pt5m", "Liam Hardy pt5m", "Liam Hardy pt5m", "Liam Hardy pt5m", "Liam Hardy pt5m", "Liam Hardy pt5m", "Liam Hardy pt5m", "Liam Hardy pt5m", "Liam Hardy pt5m", "Liam Hardy pt5m", "Liam Hardy pt5m", "Liam Hardy pt5m", "Liam Hardy pt5m", "Liam Hardy pt5m", "Liam Hardy pt5m", "Liam Hardy pt5m", "Liam Hardy pt5m", "Liam Hardy pt5m", "Liam Hardy pt5m", "Liam Hardy pt5m", "Liam Hardy pt5m", "Liam Hardy pt5m", "Liam Hardy pt5m", "Liam Hardy pt5m", "Liam Hardy pt5m", "Liam Hardy pt5m", "Liam Hardy pt5m", "Liam Hardy pt5m", "Liam Hardy pt5m", "Liam Hardy pt5m", "Liam Hardy pt5m", "Liam Hardy pt5m", "Liam Hardy pt5m", "Liam Hardy pt5m", "Liam Hardy pt5m", "Liam Hardy pt5m", "Liam Hardy pt5m", "Liam Hardy pt5m", "Liam Hardy pt5m", "Liam Hardy pt5m", "Liam Hardy pt5m", "Liam Hardy pt5m", "Liam Hardy pt5m", "Liam Hardy pt5m", "Liam Hardy pt5m", "Liam Hardy pt5m", "Liam Hardy pt5m", "Liam Hardy pt5m", "Liam Hardy pt5m", "Liam Hardy pt5m", "Liam Hardy pt5m", "Liam Hardy pt5m", "Liam Hardy pt5m", "Liam Hardy pt5m", "Liam Hardy pt5m"], "caliberr": [0.11706399917602539, 0.08879280090332031, 0.0883449986577034, 0.06735540181398392, 0.06807170063257217, 0.13276800513267517, 0.19682200253009796, 0.11753100156784058, 0.12344100326299667, 0.10069400072097778, 0.07319380342960358, 0.15752099454402924, 0.16063599288463593, 0.20514799654483795, 0.15313799679279327, 0.1084659993648529, 0.14977000653743744, 0.10878399759531021, 0.14073799550533295, 0.13139499723911285, 0.11828500032424927, 0.06571239978075027, 0.13738499581813812, 0.11777099967002869, 0.17264500260353088, 0.14520500600337982, 0.08580130338668823, 0.08422029763460159, 0.08559499680995941, 0.08633460104465485, 0.07966800034046173, 0.16248999536037445, 0.0921638011932373, 0.13071300089359283, 0.07465419918298721, 0.07893670350313187, 0.07365710288286209, 0.1551699936389923, 0.08617919683456421, 0.08477260172367096, 0.0910205990076065, 0.08403220027685165, 0.09807880222797394, 0.07739769667387009, 0.109313003718853, 0.15589700639247894, 0.04739369824528694, 0.05405290052294731, 0.03962500020861626, 0.04053429886698723, 0.050328899174928665, 0.03947940096259117, 0.018731700256466866, 0.05098479986190796, 0.034835800528526306, 0.040191199630498886, 0.01721769943833351, 0.062332600355148315, 0.04676689952611923, 0.009999999776482582, 0.04305759817361832, 0.04927460104227066, 0.03310979902744293, 0.061463501304388046, 0.10852199792861938, 0.08362650126218796, 0.09129820019006729, 0.0819069966673851, 0.07804229855537415, 0.03902890160679817, 0.06337600201368332, 0.09670309722423553, 0.04311389848589897, 0.034936901181936264, 0.036726001650094986, 0.08217520266771317, 0.08104529976844788, 0.03558620065450668, 0.03906720131635666, 0.036793798208236694, 0.039113301783800125, 0.03563069924712181, 0.040236398577690125, 0.014117700047791004], "mag": [19.52630043029785, 19.454299926757812, 18.49250030517578, 18.503999710083008, 18.979400634765625, 17.47719955444336, 17.417200088500977, 17.466899871826172, 18.66320037841797, 19.062299728393555, 19.900800704956055, 19.100400924682617, 18.55299949645996, 17.22100067138672, 18.595600128173828, 18.551300048828125, 19.03219985961914, 19.496000289916992, 19.391399383544922, 18.1200008392334, 17.916400909423828, 17.985599517822266, 18.809499740600586, 19.08690071105957, 18.72319984436035, 18.770200729370117, 18.739900588989258, 23.576400756835938, 19.746400833129883, 18.856199264526367, 19.202299118041992, 18.744800567626953, 19.49209976196289, 18.924299240112305, 19.66790008544922, 19.576099395751953, 19.621000289916992, 17.39109992980957, 18.522600173950195, 18.43829917907715, 18.33329963684082, 19.483400344848633, 19.05150032043457, 19.015100479125977, 18.78730010986328, 17.279699325561523, 19.09819984436035, 17.88759994506836, 18.54599952697754, 18.246599197387695, 18.30229949951172, 18.49220085144043, 19.666799545288086, 18.408700942993164, 18.991600036621094, 18.94770050048828, 18.578699111938477, 18.408700942993164, 18.8164005279541, 18.828800201416016, 18.805700302124023, 19.04290008544922, 19.69540023803711, 19.36039924621582, 19.134599685668945, 16.612699508666992, 17.050199508666992, 17.101699829101562, 17.5039005279541, 17.477800369262695, 17.473899841308594, 17.569400787353516, 18.052200317382812, 17.21940040588379, 17.87619972229004, 17.72410011291504, 17.56559944152832, 17.919700622558594, 18.10219955444336, 20.978300094604492, 17.78499984741211, 17.784799575805664, 17.90999984741211, 18.52989959716797],