{"mjd": [58227.899355], "magerr": [-1.0], "alert_name": null, "observatory": ["K.Wiersema-Leicester"], "caliberr": [0.03542010113596916], "mag": [19.09760093688965], "catalog": ["APASS"], "filter": ["r"], "id": [103925]}