{"mjd": [58236.213509], "magerr": [-1.0], "alert_name": null, "observatory": ["Liam Hardy pt5m"], "caliberr": [0.11495999246835709], "mag": [18.92919158935547], "catalog": ["APASS"], "filter": ["B"], "id": [104199]}