{"mjd": [59014.951718, 59014.95596, 59014.96021, 59014.964468, 59018.013913, 59018.01746, 59018.021025, 59018.024581], "magerr": [-1.0, -1.0, -1.0, -1.0, -1.0, -1.0, -1.0, -1.0], "alert_name": null, "observatory": ["OmicronC2PU JPRivet", "OmicronC2PU JPRivet", "OmicronC2PU JPRivet", "OmicronC2PU JPRivet", "OmicronC2PU JPRivet", "OmicronC2PU JPRivet", "OmicronC2PU JPRivet", "OmicronC2PU JPRivet"], "caliberr": [0.192221999168396, 0.17982199788093567, 0.1927099972963333, 0.189069002866745, 0.14612999558448792, 0.146697998046875, 0.13958799839019775, 0.14452899992465973], "mag": [20.406099319458008, 20.744199752807617, 20.42300033569336, 20.318199157714844, 20.03580093383789, 20.045499801635742, 20.0231990814209, 20.102699279785156], "catalog": ["APASS", "APASS", "APASS", "APASS", "APASS", "APASS", "APASS", "APASS"], "filter": ["r", "r", "r", "r", "r", "r", "r", "r"], "id": [193319, 193320, 193321, 193322, 193349, 193350, 193351, 193352]}