{"mjd": [58730.974163, 58730.978725, 58724.023605, 58730.982522, 58741.028005], "magerr": [-1.0, 0.05509360134601593, 0.03317999839782715, 0.02313699945807457, 0.11316099762916565], "alert_name": null, "observatory": ["Liam Hardy pt5m", "Liam Hardy pt5m", "Liam Hardy pt5m", "Liam Hardy pt5m", "Liam Hardy pt5m"], "caliberr": [0.23966500163078308, 0.058316901326179504, 0.062291599810123444, 0.010918499901890755, 0.01000010035932064], "mag": [19.358400344848633, 17.990100860595703, 17.552400588989258, 16.91029930114746, 17.62299919128418], "catalog": ["APASS", "APASS", "APASS", "APASS", "APASS"], "filter": ["B", "V", "r", "r", "r"], "id": [164130, 164131, 163395, 164132, 164445]}