{"mjd": [59110.091549, 59123.059001, 59130.070328, 59110.095347, 59123.063558, 59130.074965, 59110.099891, 59123.068121, 59130.079551], "magerr": [0.10659900307655334, 0.15875500440597534, 0.07945200055837631, 0.08018949627876282, 0.051348499953746796, 0.06104870140552521, 0.05655530095100403, 0.05704319849610329, 0.042772699147462845], "alert_name": null, "observatory": ["Liam Hardy pt5m", "Liam Hardy pt5m", "Liam Hardy pt5m", "Liam Hardy pt5m", "Liam Hardy pt5m", "Liam Hardy pt5m", "Liam Hardy pt5m", "Liam Hardy pt5m", "Liam Hardy pt5m"], "caliberr": [0.09077700227499008, 0.1299079954624176, 0.03924199938774109, 0.08264549821615219, 0.089267298579216, 0.061214201152324677, 0.030989399179816246, 0.10630200058221817, 0.027858799323439598], "mag": [17.447599411010742, 17.69930076599121, 17.73430061340332, 17.457500457763672, 16.16230010986328, 17.493799209594727, 17.373699188232422, 16.20789909362793, 17.26420021057129], "catalog": ["APASS", "APASS", "APASS", "APASS", "APASS", "APASS", "APASS", "APASS", "APASS"], "filter": ["B", "B", "B", "V", "V", "V", "r", "r", "r"], "id": [199182, 201670, 201867, 199183, 201671, 201868, 199184, 201672, 201869]}