{"mjd": [58917.042576, 58917.047136], "magerr": [-1.0, -1.0], "alert_name": null, "observatory": ["Liam Hardy pt5m", "Liam Hardy pt5m"], "caliberr": [0.2651083469390869, 0.12841370701789856], "mag": [18.043861389160156, 18.610851287841797], "catalog": ["APASS", "APASS"], "filter": ["B", "V"], "id": [184498, 184499]}