{"mjd": [58671.950842, 58671.933092, 58671.946295], "magerr": [0.04427269846200943, 0.08563730120658875, 0.05864040181040764], "alert_name": null, "observatory": ["Liam Hardy pt5m", "Liam Hardy pt5m", "Liam Hardy pt5m"], "caliberr": [0.13386499881744385, 0.09262699633836746, 0.06733369827270508], "mag": [17.851600646972656, 18.301300048828125, 18.0492000579834], "catalog": ["SDSS", "APASS", "APASS"], "filter": ["R", "B", "V"], "id": [157980, 157958, 157979]}