{"mjd": [58997.022303, 58997.02309], "magerr": [0.08129999786615372, 0.05460000038146973], "alert_name": null, "observatory": ["Terskol-2,Vira Godun", "Terskol-2,Vira Godun"], "caliberr": [0.15842436254024506, 0.21221734583377838], "mag": [16.185514450073242, 14.858017921447754], "catalog": ["APASS", "APASS"], "filter": ["r", "i"], "id": [193515, 193512]}