{"mjd": [58605.135453, 58614.017879, 58605.125585, 58614.008777, 58605.130901, 58614.013332], "magerr": [0.021869700402021408, 0.028442399576306343, 0.061617299914360046, 0.07842359691858292, 0.02762640081346035, 0.04401469975709915], "alert_name": null, "observatory": ["Liam Hardy pt5m", "Liam Hardy pt5m", "Liam Hardy pt5m", "Liam Hardy pt5m", "Liam Hardy pt5m", "Liam Hardy pt5m"], "caliberr": [0.16632699966430664, 0.1401820033788681, 0.017328200861811638, 0.041919201612472534, 0.07499419897794724, 0.06020500138401985], "mag": [16.855600357055664, 17.026100158691406, 17.732900619506836, 18.09630012512207, 16.812599182128906, 17.16309928894043], "catalog": ["SDSS", "SDSS", "APASS", "APASS", "APASS", "APASS"], "filter": ["R", "R", "B", "B", "V", "V"], "id": [151481, 152285, 151479, 152283, 151480, 152284]}