{"mjd": [58764.222454, 58764.238398, 58764.242954], "magerr": [0.1251640021800995, 0.084360770881176, 0.06684459000825882], "alert_name": null, "observatory": ["Liam Hardy pt5m", "Liam Hardy pt5m", "Liam Hardy pt5m"], "caliberr": [0.056432150304317474, 0.05198441445827484, 0.04087163135409355], "mag": [18.486202239990234, 18.06052017211914, 18.0640869140625], "catalog": ["APASS", "APASS", "APASS"], "filter": ["B", "V", "r"], "id": [167074, 167075, 167076]}