{"mjd": [57616.5045692, 57620.4969765, 57627.5389, 57628.4917674, 57625.5388098, 57614.4928415, 57616.5052591, 57620.4977018, 57625.539582, 57627.5396248, 57628.4924548, 57614.4935394, 57627.5403237, 57628.4931711, 57616.5059567, 57620.4983993, 57625.5402743], "magerr": [-1.0, -1.0, -1.0, -1.0, -1.0, -1.0, 0.09929999709129333, 0.11339999735355377, -1.0, 0.06610000133514404, -1.0, -1.0, 0.0340999998152256, -1.0, 0.03590000048279762, 0.04010000079870224, 0.03150000050663948], "alert_name": null, "observatory": ["LCOGT2m, F.Lewis", "LCOGT2m, F.Lewis", "LCOGT2m, F.Lewis", "LCOGT2m, F.Lewis", "LCOGT2m, F.Lewis", "LCOGT2m, F.Lewis", "LCOGT2m, F.Lewis", "LCOGT2m, F.Lewis", "LCOGT2m, F.Lewis", "LCOGT2m, F.Lewis", "LCOGT2m, F.Lewis", "LCOGT2m, F.Lewis", "LCOGT2m, F.Lewis", "LCOGT2m, F.Lewis", "LCOGT2m, F.Lewis", "LCOGT2m, F.Lewis", "LCOGT2m, F.Lewis"], "caliberr": [0.06332190334796906, 0.07374860346317291, 0.07741899788379669, 0.07023630291223526, 0.08451960235834122, 0.04837710037827492, 0.04710569977760315, 0.044342998415231705, 0.042203500866889954, 0.04185960069298744, 0.049713101238012314, 0.06581930071115494, 0.07244899868965149, 0.07329429686069489, 0.13293999433517456, 0.1335960030555725, 0.13603000342845917], "mag": [19.86280059814453, 20.717899322509766, 20.226900100708008, 19.64069938659668, 20.100500106811523, 19.45509910583496, 18.71809959411621, 18.562000274658203, 20.380599975585938, 18.649700164794922, 19.21139907836914, 18.62700080871582, 17.412700653076172, 18.448999404907227, 17.997499465942383, 17.927799224853516, 18.012699127197266], "catalog": ["APASS", "APASS", "APASS", "APASS", "APASS", "APASS", "APASS", "APASS", "APASS", "APASS", "APASS", "APASS", "APASS", "APASS", "GAIA", "GAIA", "GAIA"], "filter": ["B", "B", "B", "B", "g", "r", "r", "r", "r", "r", "r", "i", "i", "i", "G", "G", "G"], "id": [65064, 65067, 65073, 65076, 65070, 65062, 65065, 65068, 65071, 65074, 65077, 65063, 65075, 65078, 65066, 65069, 65072]}