{"mjd": [58558.951125, 58558.955681, 58558.960229], "magerr": [-1.0, -1.0, -1.0], "alert_name": null, "observatory": ["Liam Hardy pt5m", "Liam Hardy pt5m", "Liam Hardy pt5m"], "caliberr": [0.17368511855602264, 0.17022112011909485, 0.21269357204437256], "mag": [18.77739715576172, 20.01577377319336, 17.719335556030273], "catalog": ["APASS", "APASS", "APASS"], "filter": ["B", "V", "r"], "id": [147563, 147564, 147565]}