{"mjd": [59110.105718, 59123.073196, 59130.084551, 59110.110305, 59123.077747, 59130.089104, 59110.11485, 59118.063221, 59123.08229, 59130.093648], "magerr": [0.041813626885414124, 0.04418627545237541, 0.03134077787399292, 0.032971061766147614, 0.03216913342475891, 0.0306660495698452, 0.020779268816113472, -1.0, 0.031130224466323853, 0.02156641148030758], "alert_name": null, "observatory": ["Liam Hardy pt5m", "Liam Hardy pt5m", "Liam Hardy pt5m", "Liam Hardy pt5m", "Liam Hardy pt5m", "Liam Hardy pt5m", "Liam Hardy pt5m", "Liam Hardy pt5m", "Liam Hardy pt5m", "Liam Hardy pt5m"], "caliberr": [0.03184894099831581, 0.08821209520101547, 0.04582206904888153, 0.07061109691858292, 0.1074390709400177, 0.08175207674503326, 0.01935422606766224, 0.0927514061331749, 0.13446711003780365, 0.039983976632356644], "mag": [16.48488426208496, 16.312734603881836, 16.607101440429688, 16.459577560424805, 16.553789138793945, 16.396686553955078, 16.420108795166016, 15.679079055786133, 15.993189811706543, 16.379898071289062], "catalog": ["APASS", "APASS", "APASS", "APASS", "APASS", "APASS", "APASS", "APASS", "APASS", "APASS"], "filter": ["B", "B", "B", "V", "V", "V", "r", "r", "r", "r"], "id": [199185, 201673, 201870, 199186, 201674, 201871, 199187, 200983, 201675, 201872]}