{"mjd": [58605.070797, 58613.062769, 58605.061686, 58613.052178, 58605.066244, 58613.055971], "magerr": [0.029735200107097626, 0.057067401707172394, 0.11374499648809433, -1.0, 0.0497003011405468, 0.0795338973402977], "alert_name": null, "observatory": ["Liam Hardy pt5m", "Liam Hardy pt5m", "Liam Hardy pt5m", "Liam Hardy pt5m", "Liam Hardy pt5m", "Liam Hardy pt5m"], "caliberr": [0.039006900042295456, 0.09670809656381607, 0.05623359978199005, 0.10550899803638458, 0.009999999776482582, 0.009999999776482582], "mag": [17.281200408935547, 17.48940086364746, 18.388399124145508, 19.683799743652344, 17.784400939941406, 17.972700119018555], "catalog": ["SDSS", "SDSS", "APASS", "APASS", "APASS", "APASS"], "filter": ["R", "R", "B", "B", "V", "V"], "id": [151468, 152070, 151466, 152068, 151467, 152069]}