{"mjd": [59110.154738, 59110.175799], "magerr": [-1.0, -1.0], "alert_name": null, "observatory": ["Liam Hardy pt5m", "Liam Hardy pt5m"], "caliberr": [0.09167460352182388, 0.050700899213552475], "mag": [18.771900177001953, 19.413999557495117], "catalog": ["APASS", "APASS"], "filter": ["B", "V"], "id": [199194, 199195]}