{"mjd": [57999.020694, 57999.011571, 57999.016129], "magerr": [0.00582509022206068, 0.01774270087480545, 0.010305400006473064], "alert_name": null, "observatory": ["Liam Hardy pt5m", "Liam Hardy pt5m", "Liam Hardy pt5m"], "caliberr": [0.11702899634838104, 0.07079319655895233, 0.060904499143362045], "mag": [14.315799713134766, 15.531700134277344, 14.86400032043457], "catalog": ["SDSS", "APASS", "APASS"], "filter": ["R", "B", "V"], "id": [82702, 82700, 82701]}