{"mjd": [58404.025809, 58404.030373, 58404.034932, 58384.3103328, 58384.5290685, 58385.3472248, 58386.404323, 58384.3114804, 58384.5302055, 58385.3483673, 58386.4054669, 58394.2071523, 58392.1548942, 58393.316255, 58394.2050888, 58392.1569691, 58393.3183183, 58394.2071523], "magerr": [0.09299963712692261, 0.04190690070390701, 0.032663583755493164, 0.00990170706063509, 0.03521042689681053, 0.005912148859351873, 0.006430089008063078, 0.013649063184857368, 0.0409025214612484, 0.006873749196529388, 0.007416822947561741, 0.012486015446484089, 0.006933758035302162, 0.008273666724562645, 0.006793926935642958, 0.013234642334282398, 0.01436451356858015, 0.012486015446484089], "alert_name": null, "observatory": ["Liam Hardy pt5m", "Liam Hardy pt5m", "Liam Hardy pt5m", "LCOGT2m, F.Lewis", "LCOGT2m, F.Lewis", "LCOGT2m, F.Lewis", "LCOGT2m, F.Lewis", "LCOGT2m, F.Lewis", "LCOGT2m, F.Lewis", "LCOGT2m, F.Lewis", "LCOGT2m, F.Lewis", "LCOGT2m, F.Lewis", "LCOGT1m, Fraser Lewi", "LCOGT1m, Fraser Lewi", "LCOGT1m, Fraser Lewi", "LCOGT1m, Fraser Lewi", "LCOGT1m, Fraser Lewi", "LCOGT1m, Fraser Lewi"], "caliberr": [0.0663977563381195, 0.04658295214176178, 0.020892160013318062, 0.0815829187631607, 0.0625569149851799, 0.06858865916728973, 0.06242292746901512, 0.009999999776482582, 0.04925055801868439, 0.010000002570450306, 0.009999999776482582, 0.0814102441072464, 0.05245417356491089, 0.010000001639127731, 0.009999999776482582, 0.01000000350177288, 0.009999999776482582, 0.0814102441072464], "mag": [17.54695701599121, 16.781282424926758, 16.88630485534668, 16.521541595458984, 16.510236740112305, 16.539915084838867, 16.52802085876465, 16.923593521118164, 16.825620651245117, 16.950504302978516, 16.98155975341797, 17.362260818481445, 16.714813232421875, 16.721012115478516, 16.744430541992188, 17.19475746154785, 17.357332229614258, 17.362260818481445], "catalog": ["APASS", "APASS", "APASS", "APASS", "APASS", "APASS", "APASS", "APASS", "APASS", "APASS", "APASS", "APASS", "APASS", "APASS", "APASS", "APASS", "APASS", "APASS"], "filter": ["B", "V", "r", "V", "V", "V", "V", "i", "i", "i", "i", "i", "V", "V", "V", "i", "i", "i"], "id": [122358, 122359, 122360, 120980, 120983, 121025, 121036, 120981, 120985, 121026, 121035, 121946, 121710, 121751, 121944, 121708, 121752, 121945]}