{"mjd": [59110.154738, 59121.122207, 59124.176164, 59110.175799, 59121.14265, 59124.179958, 59121.1472], "magerr": [-1.0, -1.0, -1.0, -1.0, -1.0, -1.0, -1.0], "alert_name": null, "observatory": ["Liam Hardy pt5m", "Liam Hardy pt5m", "Liam Hardy pt5m", "Liam Hardy pt5m", "Liam Hardy pt5m", "Liam Hardy pt5m", "Liam Hardy pt5m"], "caliberr": [0.09167460352182388, 0.21069000661373138, 0.19355900585651398, 0.050700899213552475, 0.05023549869656563, 0.05240200087428093, 0.04727720096707344], "mag": [18.771900177001953, 18.786399841308594, 18.77630043029785, 19.413999557495117, 19.329099655151367, 18.917999267578125, 19.666400909423828], "catalog": ["APASS", "APASS", "APASS", "APASS", "APASS", "APASS", "APASS"], "filter": ["B", "B", "B", "V", "V", "V", "r"], "id": [199194, 201537, 201733, 199195, 201538, 201734, 201539]}