{"mjd": [59152.258485, 59171.247599, 59171.23771, 59152.254705, 59171.243057], "magerr": [0.1280059516429901, -1.0, -1.0, -1.0, -1.0], "alert_name": null, "observatory": ["Liam Hardy pt5m", "Liam Hardy pt5m", "Liam Hardy pt5m", "Liam Hardy pt5m", "Liam Hardy pt5m"], "caliberr": [0.19721348583698273, 0.10343175381422043, 0.01000000350177288, 0.010000043548643589, 0.010000032372772694], "mag": [18.324989318847656, 19.740718841552734, 18.299564361572266, 19.029804229736328, 19.23980712890625], "catalog": ["SDSS", "SDSS", "APASS", "APASS", "APASS"], "filter": ["R", "R", "B", "V", "V"], "id": [204852, 206030, 206028, 204851, 206029]}