{"mjd": [57085.8565583, 57085.8565583, 57085.8565583, 57092.07861484954, 57092.08019829861, 57092.07940106482], "magerr": [-1.0, 0.040800001472234726, 0.030300000682473183, -1.0, -1.0, -1.0], "alert_name": null, "observatory": ["Heather Campbell", "Heather Campbell", "Heather Campbell", "Samantha Coffey", "Samantha Coffey", "Samantha Coffey"], "caliberr": [0.2699347734451294, 0.08811361342668533, 0.11325298994779587, 0.19152233004570007, 0.1880350112915039, 0.10927566885948181], "mag": [23.67845344543457, 18.24505043029785, 18.221738815307617, 19.108169555664062, 18.34847640991211, 18.39735221862793], "catalog": ["SDSS", "SDSS", "SDSS", "SDSS", "SDSS", "SDSS"], "filter": ["u", "g", "r", "g", "r", "i"], "id": [17080, 17081, 17079, 23170, 23172, 23171]}