{"mjd": [58612.021841, 58612.026389, 58633.982187, 58633.972334, 58633.976894], "magerr": [0.0813024565577507, 0.05232498422265053, 0.07461513578891754, -1.0, 0.127316415309906], "alert_name": null, "observatory": ["Liam Hardy pt5m", "Liam Hardy pt5m", "Liam Hardy pt5m", "Liam Hardy pt5m", "Liam Hardy pt5m"], "caliberr": [0.08809076994657516, 0.10839731246232986, 0.10952799767255783, 0.1223125010728836, 0.010000031441450119], "mag": [18.34679412841797, 18.1917781829834, 18.776042938232422, 19.38996124267578, 19.185758590698242], "catalog": ["SDSS", "SDSS", "SDSS", "APASS", "APASS"], "filter": ["V", "R", "R", "B", "V"], "id": [151992, 151993, 153627, 153625, 153626]}