{"mjd": [58493.021887, 58493.026802, 58493.031361, 58494.952718, 58494.9548962, 58495.7996676, 58495.8018389, 58495.8040163, 58495.8061908, 58495.8192489, 58495.8214239, 58498.954489, 58498.95667, 58501.0112083, 58501.0126538, 58501.0141052, 58501.0155569, 58501.0170049, 58501.0184534, 58501.0199044, 58501.021356, 58501.022804, 58501.9040817, 58501.9055301, 58501.9069786, 58501.9084389, 58501.9098842, 58494.9572039, 58495.9430389, 58495.9452183, 58497.8462447, 58497.8484246, 58497.8506029, 58498.959332, 58500.959297, 58500.9607451, 58500.9621906, 58504.0467778, 58504.0478759, 58495.9099359, 58495.9113811, 58495.9128366, 58495.9142904, 58495.9171878, 58495.9186403, 58495.9200865, 58495.9360651, 58495.9385641, 58495.9407429, 58497.8417194, 58497.8439144, 58498.9207329, 58498.9221817, 58498.9236337, 58498.9250856, 58498.926535, 58498.9279871, 58498.9294392, 58498.9308884, 58498.9323402, 58498.9337892, 58498.9352409, 58498.9366897, 58498.9381412, 58498.9395903, 58498.9410392, 58498.9424911, 58498.9439397, 58498.9453916, 58498.946844, 58498.9482941, 58498.9500205, 58498.9521896, 58499.9992607, 58500.0007066, 58500.0021549, 58501.0576821, 58501.0591334, 58502.0333004, 58502.0347663, 58502.0362118, 58493.8606127, 58494.8120701, 58495.2684637, 58496.2684287, 58497.2685747, 58498.2684499, 58499.2686121, 58500.2684347, 58501.1416539, 58494.8133566, 58495.2695997, 58496.2696792, 58497.2698176, 58498.2695742, 58499.2698811, 58500.2696776, 58501.1427898, 58493.8612502, 58494.8127308, 58495.2690317, 58496.2690504, 58497.2692033, 58498.2690063, 58499.2692543, 58500.26905, 58501.1422218, 58497.9388542, 58497.9553588, 58497.972037, 58497.9469097, 58497.9634838, 58497.962222, 58497.9701736, 58501.7382742, 58501.84683688, 58502.77289767, 58501.73617619, 58501.84473883, 58502.77079992, 58501.73520285, 58501.84353655, 58502.76959788, 58501.74142234, 58501.84999668, 58502.77605904, 58499.5013426, 58499.5025347, 58499.5037153, 58499.5048958, 58499.5060764, 58499.5072569, 58499.5084375, 58499.5096296, 58499.5108102, 58499.5119907, 58499.5131713, 58499.5143519, 58499.5155324, 58499.5167245, 58499.5179051, 58499.5190856, 58499.5202662, 58499.5214468, 58499.5226273, 58499.5238194, 58499.525, 58499.5261806, 58499.5273611, 58499.5285417, 58499.5297222, 58499.5309028], "magerr": [0.07150658965110779, 0.02533506043255329, 0.008215637877583504, 0.005799999926239252, 0.005200000014156103, 0.004999999888241291, 0.004800000227987766, 0.004800000227987766, 0.00559999980032444, 0.007699999958276749, 0.004600000102072954, 0.00570000009611249, 0.005799999926239252, 0.020899999886751175, 0.020800000056624413, 0.02160000056028366, 0.021700000390410423, 0.023900000378489494, 0.026799999177455902, 0.02879999950528145, 0.027300000190734863, 0.02500000037252903, -1.0, -1.0, -1.0, 0.047600001096725464, 0.02930000051856041, 0.003000000026077032, 0.003100000089034438, 0.003100000089034438, 0.0031999999191612005, 0.003100000089034438, 0.003000000026077032, 0.003100000089034438, 0.004800000227987766, 0.004800000227987766, 0.005100000184029341, 0.009100000374019146, 0.008299999870359898, 0.002899999963119626, 0.0031999999191612005, 0.0027000000700354576, 0.001500000013038516, 0.0885000005364418, 0.008200000040233135, 0.0013000000035390258, 0.0031999999191612005, 0.002400000113993883, 0.002400000113993883, 0.007499999832361937, 0.0035000001080334187, 0.0026000000070780516, 0.0026000000070780516, 0.0024999999441206455, 0.0026000000070780516, 0.0026000000070780516, 0.0026000000070780516, 0.0026000000070780516, 0.0026000000070780516, 0.0026000000070780516, 0.0026000000070780516, 0.0026000000070780516, 0.0024999999441206455, 0.0026000000070780516, 0.0026000000070780516, 0.0026000000070780516, 0.0026000000070780516, 0.0026000000070780516, 0.0026000000070780516, 0.0026000000070780516, 0.0026000000070780516, 0.002199999988079071, 0.002199999988079071, 0.003000000026077032, 0.003000000026077032, 0.003000000026077032, 0.01209999993443489, 0.017500000074505806, 0.0038999998942017555, 0.003599999938160181, 0.003599999938160181, 0.031054837629199028, -1.0, 0.06494710594415665, 0.022821888327598572, -1.0, 0.14975814521312714, 0.03837133198976517, 0.03126976266503334, 0.09090851247310638, 0.018037565052509308, 0.02534118853509426, 0.014483902603387833, 0.015131876803934574, 0.05273239314556122, 0.01732364110648632, 0.017634153366088867, 0.05080394446849823, 0.0203598253428936, 0.018716825172305107, 0.025839777663350105, 0.01570931263267994, 0.015131876803934574, -1.0, 0.017946461215615273, 0.019030310213565826, 0.04990275576710701, 0.0210999995470047, 0.020800000056624413, 0.02319999970495701, 0.012000000104308128, 0.012600000016391277, 0.017799999564886093, 0.016499999910593033, 0.06989999860525131, 0.08290000259876251, 0.06780000030994415, 0.021700000390410423, 0.02319999970495701, 0.023600000888109207, 0.01269999984651804, 0.012799999676644802, 0.01269999984651804, 0.00930000003427267, 0.009399999864399433, 0.009499999694526196, 0.0892999991774559, 0.09489999711513519, 0.09769999980926514, -1.0, -1.0, -1.0, 0.09200000017881393, -1.0, -1.0, -1.0, 0.06210000067949295, 0.05350000038743019, -1.0, -1.0, -1.0, -1.0, -1.0, 0.11259999871253967, -1.0, -1.0, -1.0, -1.0, -1.0, -1.0, -1.0, -1.0], "alert_name": null,