{"mjd": [58545.996541, 58559.997268, 58546.001103, 58560.001821, 58546.005661, 58560.004861], "magerr": [-1.0, -1.0, 0.13736799359321594, -1.0, -1.0, -1.0], "alert_name": null, "observatory": ["Liam Hardy pt5m", "Liam Hardy pt5m", "Liam Hardy pt5m", "Liam Hardy pt5m", "Liam Hardy pt5m", "Liam Hardy pt5m"], "caliberr": [0.055643100291490555, 0.10248800367116928, 0.04379360005259514, 0.23649899661540985, 0.058747999370098114, 0.17367899417877197], "mag": [18.626300811767578, 17.66390037536621, 18.229000091552734, 17.438400268554688, 19.47369956970215, 16.992900848388672], "catalog": ["APASS", "APASS", "APASS", "APASS", "APASS", "APASS"], "filter": ["B", "B", "V", "V", "r", "r"], "id": [142999, 147604, 143000, 147605, 143001, 147606]}