{"mjd": [58452.253469, 58452.245129, 58452.248918], "magerr": [0.03585980087518692, -1.0, 0.05844229832291603], "alert_name": null, "observatory": ["Liam Hardy pt5m", "Liam Hardy pt5m", "Liam Hardy pt5m"], "caliberr": [0.12113600224256516, 0.11904700100421906, 0.009999999776482582], "mag": [17.191299438476562, 18.99370002746582, 17.518999099731445], "catalog": ["SDSS", "APASS", "APASS"], "filter": ["R", "B", "V"], "id": [126873, 126871, 126872]}