{"mjd": [58189.133415, 58189.138019], "magerr": [0.03391430154442787, 0.012592349201440811], "alert_name": null, "observatory": ["Liam Hardy pt5m", "Liam Hardy pt5m"], "caliberr": [0.06828565895557404, 0.10990919917821884], "mag": [15.818699836730957, 15.483839988708496], "catalog": ["APASS", "APASS"], "filter": ["V", "r"], "id": [100110, 100111]}