{"mjd": [58726.230543, 58741.203441, 58726.234419, 58741.207996, 58741.212546], "magerr": [-1.0, -1.0, 0.15272699296474457, -1.0, 0.03682849928736687], "alert_name": null, "observatory": ["Liam Hardy pt5m", "Liam Hardy pt5m", "Liam Hardy pt5m", "Liam Hardy pt5m", "Liam Hardy pt5m"], "caliberr": [0.06885520368814468, 0.09440120309591293, 0.009999999776482582, 0.03680019825696945, 0.0426952987909317], "mag": [19.920400619506836, 19.45549964904785, 19.11039924621582, 19.05340003967285, 17.230300903320312], "catalog": ["APASS", "APASS", "APASS", "APASS", "APASS"], "filter": ["B", "B", "V", "V", "r"], "id": [163628, 164458, 163629, 164459, 164460]}