{"mjd": [58815.062063, 58815.052883, 58815.057513], "magerr": [0.06454239785671234, -1.0, 0.11306700110435486], "alert_name": null, "observatory": ["Liam Hardy pt5m", "Liam Hardy pt5m", "Liam Hardy pt5m"], "caliberr": [0.1597830057144165, 0.3515309989452362, 0.03951739892363548], "mag": [17.74209976196289, 18.79199981689453, 18.19540023803711], "catalog": ["SDSS", "APASS", "APASS"], "filter": ["R", "B", "V"], "id": [173452, 173450, 173451]}