{"mjd": [57696.9835668], "magerr": [-1.0], "alert_name": null, "observatory": ["K.Wiersema-Leicester"], "caliberr": [0.1666674017906189], "mag": [20.137392044067383], "catalog": ["APASS"], "filter": ["B"], "id": [53137]}