{"mjd": [58773.982747, 58773.987313, 58773.991883], "magerr": [-1.0, -1.0, -1.0], "alert_name": null, "observatory": ["Liam Hardy pt5m", "Liam Hardy pt5m", "Liam Hardy pt5m"], "caliberr": [0.09418819844722748, 0.08830100297927856, 0.13760200142860413], "mag": [19.798999786376953, 19.73419952392578, 19.252599716186523], "catalog": ["APASS", "APASS", "APASS"], "filter": ["B", "V", "r"], "id": [168317, 168318, 168319]}