{"mjd": [58143.273493, 58143.278059], "magerr": [-1.0, -1.0], "alert_name": null, "observatory": ["Liam Hardy pt5m", "Liam Hardy pt5m"], "caliberr": [0.09954319894313812, 0.08578559756278992], "mag": [19.618200302124023, 19.63330078125], "catalog": ["APASS", "APASS"], "filter": ["B", "V"], "id": [98939, 98940]}