{"mjd": [58603.194694, 58606.149108, 58603.199256, 58606.153669, 58603.203819, 58606.15823], "magerr": [-1.0, -1.0, -1.0, -1.0, -1.0, -1.0], "alert_name": null, "observatory": ["Liam Hardy pt5m", "Liam Hardy pt5m", "Liam Hardy pt5m", "Liam Hardy pt5m", "Liam Hardy pt5m", "Liam Hardy pt5m"], "caliberr": [0.12531499564647675, 0.11678700149059296, 0.033308401703834534, 0.02178340032696724, 0.04655269905924797, 0.046341098845005035], "mag": [18.999099731445312, 18.630399703979492, 20.05929946899414, 20.122100830078125, 21.955699920654297, 20.701400756835938], "catalog": ["APASS", "APASS", "APASS", "APASS", "APASS", "APASS"], "filter": ["B", "B", "V", "V", "r", "r"], "id": [151405, 151538, 151406, 151539, 151407, 151540]}