{"mjd": [58010.107373, 58017.120214, 58010.097427, 58017.103132, 58010.101984, 58017.115659], "magerr": [-1.0, -1.0, -1.0, -1.0, -1.0, -1.0], "alert_name": null, "observatory": ["Liam Hardy pt5m", "Liam Hardy pt5m", "Liam Hardy pt5m", "Liam Hardy pt5m", "Liam Hardy pt5m", "Liam Hardy pt5m"], "caliberr": [0.10317599773406982, 0.26849600672721863, 0.02617649920284748, 0.353532999753952, 0.09984520077705383, 0.09977269917726517], "mag": [19.829099655151367, 19.903900146484375, 19.212900161743164, 19.346500396728516, 19.57379913330078, 22.773399353027344], "catalog": ["SDSS", "SDSS", "APASS", "APASS", "APASS", "APASS"], "filter": ["R", "R", "B", "B", "V", "V"], "id": [83420, 84191, 83418, 84189, 83419, 84190]}