{"mjd": [58800.013847], "magerr": [0.044662799686193466], "alert_name": null, "observatory": ["Liam Hardy pt5m"], "caliberr": [0.26603201031684875], "mag": [14.719400405883789], "catalog": ["APASS"], "filter": ["r"], "id": [171522]}