{"mjd": [58692.212327, 58697.213019, 58692.203227, 58697.204465, 58703.213548, 58692.20778, 58697.209091], "magerr": [0.019235555082559586, 0.022358335554599762, 0.06348982453346252, 0.06727603822946548, 0.07994429022073746, 0.02945014089345932, 0.04540955647826195], "alert_name": null, "observatory": ["Liam Hardy pt5m", "Liam Hardy pt5m", "Liam Hardy pt5m", "Liam Hardy pt5m", "Liam Hardy pt5m", "Liam Hardy pt5m", "Liam Hardy pt5m"], "caliberr": [0.03934906795620918, 0.12560269236564636, 0.010000001639127731, 0.010000000707805157, 0.010000030510127544, 0.030176658183336258, 0.047850970178842545], "mag": [16.812734603881836, 16.684804916381836, 17.822757720947266, 17.96019172668457, 17.869043350219727, 17.14405059814453, 17.211339950561523], "catalog": ["SDSS", "SDSS", "APASS", "APASS", "APASS", "APASS", "APASS"], "filter": ["R", "R", "B", "B", "B", "V", "V"], "id": [160379, 161096, 160377, 161094, 161864, 160378, 161095]}