{"mjd": [58097.277176, 58097.269561, 58097.274123], "magerr": [-1.0, -1.0, 0.07203970104455948], "alert_name": null, "observatory": ["Liam Hardy pt5m", "Liam Hardy pt5m", "Liam Hardy pt5m"], "caliberr": [0.13030099868774414, 0.16127200424671173, 0.29808899760246277], "mag": [19.12779998779297, 19.694000244140625, 17.08880043029785], "catalog": ["SDSS", "APASS", "APASS"], "filter": ["R", "B", "V"], "id": [91208, 91206, 91207]}