{"mjd": [58678.039409, 58691.929666, 58697.941811, 58678.030299, 58691.921221, 58697.932687, 58678.034858, 58691.925789, 58697.937242], "magerr": [0.06371952593326569, 0.11729294806718826, -1.0, 0.09708740562200546, -1.0, -1.0, 0.07365160435438156, 0.12166591733694077, -1.0], "alert_name": null, "observatory": ["Liam Hardy pt5m", "Liam Hardy pt5m", "Liam Hardy pt5m", "Liam Hardy pt5m", "Liam Hardy pt5m", "Liam Hardy pt5m", "Liam Hardy pt5m", "Liam Hardy pt5m", "Liam Hardy pt5m"], "caliberr": [0.1397358626127243, 0.14979887008666992, 0.15320707857608795, 0.10846263915300369, 0.0890091136097908, 0.12790988385677338, 0.12406128644943237, 0.11043930053710938, 0.14401277899742126], "mag": [17.8150634765625, 18.76712417602539, 19.798845291137695, 17.977998733520508, 19.535327911376953, 19.743722915649414, 18.119056701660156, 18.986047744750977, 19.755815505981445], "catalog": ["SDSS", "SDSS", "SDSS", "APASS", "APASS", "APASS", "APASS", "APASS", "APASS"], "filter": ["R", "R", "R", "B", "B", "B", "V", "V", "V"], "id": [158506, 160305, 161168, 158504, 160303, 161166, 158505, 160304, 161167]}