{"mjd": [58769.011574, 58773.017059, 58769.002468, 58773.007778, 58769.007022, 58773.012507], "magerr": [0.005079519934952259, 0.014321699738502502, 0.006010869983583689, 0.012557899579405785, 0.005478870123624802, 0.014001499861478806], "alert_name": null, "observatory": ["Liam Hardy pt5m", "Liam Hardy pt5m", "Liam Hardy pt5m", "Liam Hardy pt5m", "Liam Hardy pt5m", "Liam Hardy pt5m"], "caliberr": [0.24202199280261993, 0.4470219910144806, 0.17230099439620972, 0.2296759933233261, 0.07753369957208633, 0.06418509781360626], "mag": [14.412699699401855, 15.419099807739258, 14.193900108337402, 15.22819995880127, 14.295900344848633, 15.187700271606445], "catalog": ["SDSS", "SDSS", "APASS", "APASS", "APASS", "APASS"], "filter": ["R", "R", "B", "B", "V", "V"], "id": [167969, 168266, 167967, 168264, 167968, 168265]}