{"mjd": [59286.061251, 59286.052911, 59286.05746], "magerr": [0.19175595045089722, -1.0, 0.1123470887541771], "alert_name": null, "observatory": ["Liam Hardy pt5m", "Liam Hardy pt5m", "Liam Hardy pt5m"], "caliberr": [0.11118422448635101, 0.08321428298950195, 0.149648517370224], "mag": [18.267671585083008, 18.379995346069336, 18.053773880004883], "catalog": ["SDSS", "APASS", "APASS"], "filter": ["R", "B", "V"], "id": [213891, 213889, 213890]}