{"mjd": [59127.131352, 59131.136115, 59127.134486, 59131.140667, 59131.145219], "magerr": [-1.0, -1.0, 0.1408229023218155, 0.07460499554872513, 0.03261173516511917], "alert_name": null, "observatory": ["Liam Hardy pt5m", "Liam Hardy pt5m", "Liam Hardy pt5m", "Liam Hardy pt5m", "Liam Hardy pt5m"], "caliberr": [0.03843628242611885, 0.05718414857983589, 0.026734407991170883, 0.03280258551239967, 0.07622861117124557], "mag": [18.75154685974121, 18.921024322509766, 17.71999740600586, 18.23917579650879, 17.239723205566406], "catalog": ["APASS", "APASS", "APASS", "APASS", "APASS"], "filter": ["B", "B", "V", "V", "r"], "id": [201766, 201938, 201767, 201939, 201940]}