{"mjd": [59198.183401, 59198.173524, 59198.178084], "magerr": [0.0053574638441205025, 0.03537875413894653, 0.010359156876802444], "alert_name": null, "observatory": ["Liam Hardy pt5m", "Liam Hardy pt5m", "Liam Hardy pt5m"], "caliberr": [0.18648667633533478, 0.0731583759188652, 0.08457808196544647], "mag": [14.503669738769531, 16.330989837646484, 15.094898223876953], "catalog": ["SDSS", "APASS", "APASS"], "filter": ["R", "B", "V"], "id": [208405, 208403, 208404]}