{"mjd": [58864.259604, 58864.255058], "magerr": [0.06329339742660522, 0.09727229923009872], "alert_name": null, "observatory": ["Liam Hardy pt5m", "Liam Hardy pt5m"], "caliberr": [0.2756800055503845, 0.019838200882077217], "mag": [17.79450035095215, 18.18779945373535], "catalog": ["SDSS", "APASS"], "filter": ["R", "V"], "id": [175494, 175493]}