{"mjd": [58311.186326, 58318.203297, 58326.112422, 58311.177252, 58318.194223, 58326.10335, 58311.181795], "magerr": [0.028926460072398186, 0.037348367273807526, -1.0, -1.0, -1.0, -1.0, 0.049643971025943756], "alert_name": null, "observatory": ["Liam Hardy pt5m", "Liam Hardy pt5m", "Liam Hardy pt5m", "Liam Hardy pt5m", "Liam Hardy pt5m", "Liam Hardy pt5m", "Liam Hardy pt5m"], "caliberr": [0.16297020018100739, 0.14367416501045227, 0.14456680417060852, 0.010000002570450306, 0.009999999776482582, 0.03495757654309273, 0.05248280242085457], "mag": [16.319631576538086, 16.530105590820312, 19.597692489624023, 19.598148345947266, 18.80108070373535, 18.947433471679688, 16.68478775024414], "catalog": ["SDSS", "SDSS", "SDSS", "APASS", "APASS", "APASS", "APASS"], "filter": ["R", "R", "R", "B", "B", "B", "r"], "id": [108506, 114910, 115873, 108504, 114908, 115871, 108505]}