{"mjd": [58302.0243352, 58305.0191852, 58308.0732538, 58308.0760997, 58302.0127011, 58305.0221516, 58305.0242991, 58308.0790653, 58308.0812126, 58302.0448038, 58302.0469509, 58305.0268959, 58305.0290464, 58308.0838065, 58308.085957, 58302.0198976, 58302.022045, 58305.0316438, 58305.0337944, 58308.0885507, 58308.0907008], "magerr": [-1.0, -1.0, -1.0, -1.0, -1.0, -1.0, -1.0, -1.0, -1.0, -1.0, -1.0, -1.0, -1.0, -1.0, -1.0, -1.0, -1.0, -1.0, -1.0, -1.0, -1.0], "alert_name": null, "observatory": ["ObsMontsec-Umut Burg", "ObsMontsec-Umut Burg", "ObsMontsec-Umut Burg", "ObsMontsec-Umut Burg", "ObsMontsec-Umut Burg", "ObsMontsec-Umut Burg", "ObsMontsec-Umut Burg", "ObsMontsec-Umut Burg", "ObsMontsec-Umut Burg", "ObsMontsec-Umut Burg", "ObsMontsec-Umut Burg", "ObsMontsec-Umut Burg", "ObsMontsec-Umut Burg", "ObsMontsec-Umut Burg", "ObsMontsec-Umut Burg", "ObsMontsec-Umut Burg", "ObsMontsec-Umut Burg", "ObsMontsec-Umut Burg", "ObsMontsec-Umut Burg", "ObsMontsec-Umut Burg", "ObsMontsec-Umut Burg"], "caliberr": [0.1659044772386551, 0.07909656316041946, 0.07825518399477005, 0.06577721238136292, 0.10492479801177979, 0.0740508958697319, 0.06738733500242233, 0.06251133978366852, 0.08305590599775314, 0.07113911956548691, 0.08467962592840195, 0.06453161686658859, 0.06894391030073166, 0.09312662482261658, 0.06670738756656647, 0.08192083984613419, 0.13611003756523132, 0.07375364750623703, 0.10287430137395859, 0.06564363837242126, 0.06937038898468018], "mag": [19.17961883544922, 21.421157836914062, 22.60856819152832, 22.666976928710938, 20.007627487182617, 21.54283332824707, 20.907760620117188, 22.384841918945312, 22.310035705566406, 20.04434585571289, 19.895795822143555, 21.79824447631836, 21.323984146118164, 21.901531219482422, 22.49791145324707, 20.274154663085938, 18.193161010742188, 20.21379280090332, 20.84231948852539, 20.051118850708008, 20.900012969970703], "catalog": ["APASS", "APASS", "APASS", "APASS", "APASS", "APASS", "APASS", "APASS", "APASS", "APASS", "APASS", "APASS", "APASS", "APASS", "APASS", "APASS", "APASS", "APASS", "APASS", "APASS", "APASS"], "filter": ["B", "B", "B", "B", "V", "V", "V", "V", "g", "r", "r", "r", "r", "r", "r", "i", "i", "i", "i", "i", "i"], "id": [108107, 108110, 108160, 108161, 108104, 108111, 108112, 108162, 108163, 108108, 108109, 108113, 108114, 108164, 108165, 108105, 108106, 108115, 108116, 108166, 108167]}