{"mjd": [59112.131043, 59122.095137, 59112.135594, 59122.099692, 59112.139467, 59122.104245], "magerr": [-1.0, -1.0, -1.0, 0.0728904977440834, 0.06975571811199188, 0.0360175259411335], "alert_name": null, "observatory": ["Liam Hardy pt5m", "Liam Hardy pt5m", "Liam Hardy pt5m", "Liam Hardy pt5m", "Liam Hardy pt5m", "Liam Hardy pt5m"], "caliberr": [0.12729525566101074, 0.07069172710180283, 0.1047496348619461, 0.09656810015439987, 0.1110301986336708, 0.08425597846508026], "mag": [18.7971248626709, 19.074954986572266, 19.081069946289062, 17.60871124267578, 17.738435745239258, 17.03014373779297], "catalog": ["APASS", "APASS", "APASS", "APASS", "APASS", "APASS"], "filter": ["B", "B", "V", "V", "r", "r"], "id": [199487, 201619, 199488, 201620, 199489, 201621]}