{"mjd": [58340.209302, 58340.213833, 58340.218349], "magerr": [-1.0, -1.0, 0.04014189913868904], "alert_name": null, "observatory": ["Liam Hardy pt5m", "Liam Hardy pt5m", "Liam Hardy pt5m"], "caliberr": [0.041688501834869385, 0.05595029890537262, 0.05071770027279854], "mag": [19.375600814819336, 19.045700073242188, 15.775899887084961], "catalog": ["APASS", "APASS", "APASS"], "filter": ["B", "V", "r"], "id": [117995, 117996, 117997]}