{"mjd": [57986.014879, 57986.019439, 57986.023997], "magerr": [0.12761299312114716, 0.07471240311861038, 0.06918860226869583], "alert_name": null, "observatory": ["Liam Hardy pt5m", "Liam Hardy pt5m", "Liam Hardy pt5m"], "caliberr": [0.09331949800252914, 0.06303810328245163, 0.0453914999961853], "mag": [17.986799240112305, 17.582000732421875, 17.893400192260742], "catalog": ["APASS", "APASS", "APASS"], "filter": ["B", "V", "r"], "id": [81987, 81988, 81989]}