{"mjd": [58717.231412, 58731.032527, 58717.223819, 58724.045195, 58731.022656, 58717.228374, 58724.048996, 58731.027219], "magerr": [0.039246801286935806, 0.025518199428915977, 0.050019800662994385, 0.05335399881005287, 0.04343689978122711, 0.04092260077595711, 0.04695960134267807, 0.0360184982419014], "alert_name": null, "observatory": ["Liam Hardy pt5m", "Liam Hardy pt5m", "Liam Hardy pt5m", "Liam Hardy pt5m", "Liam Hardy pt5m", "Liam Hardy pt5m", "Liam Hardy pt5m", "Liam Hardy pt5m"], "caliberr": [0.173552006483078, 0.18812300264835358, 0.12195099890232086, 0.10055100172758102, 0.05963959917426109, 0.13883699476718903, 0.12960900366306305, 0.12856200337409973], "mag": [17.131500244140625, 17.216899871826172, 17.516000747680664, 17.264400482177734, 17.568700790405273, 17.382099151611328, 17.3439998626709, 17.488500595092773], "catalog": ["SDSS", "SDSS", "APASS", "APASS", "APASS", "APASS", "APASS", "APASS"], "filter": ["R", "R", "B", "B", "B", "V", "V", "V"], "id": [162887, 164143, 162885, 163400, 164141, 162886, 163401, 164142]}