{"mjd": [58610.196804, 58610.187692, 58610.192248], "magerr": [0.08621220290660858, -1.0, -1.0], "alert_name": null, "observatory": ["Liam Hardy pt5m", "Liam Hardy pt5m", "Liam Hardy pt5m"], "caliberr": [0.17426300048828125, 0.060946300625801086, 0.07816550135612488], "mag": [19.003000259399414, 19.584199905395508, 19.82659912109375], "catalog": ["SDSS", "APASS", "APASS"], "filter": ["R", "B", "V"], "id": [151856, 151854, 151855]}