{"mjd": [59189.0853947, 59190.9424349, 59184.616889, 59185.3263172, 59185.5733289, 59185.8062972, 59187.0733664, 59187.3197708, 59188.3507178, 59188.900803, 59189.024503, 59190.8468411, 59192.0055147, 59207.8906746, 59207.892708, 59208.2723285, 59208.2743629, 59209.2321756, 59209.2342161, 59211.0556102, 59211.0576442, 59211.9243997, 59211.926434, 59212.2503427, 59212.2523803, 59213.2320973, 59213.2341347, 59214.9120445, 59214.9140779, 59217.045527, 59217.0475728, 59217.2320964, 59217.2341353, 59218.2321461, 59218.2341889, 59184.6190011, 59184.6204789, 59185.328427, 59185.3298875, 59185.5754538, 59185.5769224, 59185.8084124, 59185.8098822, 59187.0754762, 59187.0769369, 59187.3218902, 59187.3233487, 59188.3528236, 59188.3542937, 59188.9029206, 59188.9043901, 59189.0266265, 59189.0281018, 59190.8489484, 59190.8504128, 59191.2046451, 59192.0077619, 59192.0092342, 59207.8948866, 59207.8963517, 59208.2764841, 59208.2779476, 59209.2363259, 59209.2377864, 59211.0597572, 59211.0612204, 59211.9285411, 59211.9300069, 59212.2545019, 59212.2559656, 59213.2362605, 59213.2377198, 59214.9161972, 59214.9176529, 59217.0496847, 59217.0511354, 59217.2362538, 59217.2377125, 59218.2363033, 59218.2377671], "magerr": [0.029600000008940697, 0.014299999922513962, 0.017799999564886093, 0.009200000204145908, 0.01549999974668026, 0.007199999876320362, 0.010700000450015068, 0.007600000128149986, 0.01269999984651804, 0.006300000008195639, 0.00989999994635582, 0.006800000090152025, 0.006500000134110451, 0.006899999920278788, 0.006899999920278788, 0.005799999926239252, 0.004800000227987766, 0.006399999838322401, 0.006399999838322401, 0.007499999832361937, 0.007300000172108412, 0.008299999870359898, 0.008999999612569809, 0.008500000461935997, 0.008700000122189522, 0.01080000028014183, 0.011300000362098217, 0.007799999788403511, 0.008500000461935997, 0.005100000184029341, 0.0052999998442828655, 0.006500000134110451, 0.006899999920278788, 0.005400000140070915, 0.004900000058114529, 0.011500000022351742, 0.010700000450015068, 0.005799999926239252, 0.005799999926239252, 0.007400000002235174, 0.008700000122189522, 0.005499999970197678, 0.005799999926239252, 0.006399999838322401, 0.006399999838322401, 0.004800000227987766, 0.004999999888241291, 0.007400000002235174, 0.008899999782443047, 0.005200000014156103, 0.006099999882280827, 0.006300000008195639, 0.0071000000461936, 0.0052999998442828655, 0.005400000140070915, 0.006000000052154064, 0.005400000140070915, 0.005400000140070915, 0.006099999882280827, 0.005799999926239252, 0.004699999932199717, 0.004699999932199717, 0.005499999970197678, 0.005900000222027302, 0.004800000227987766, 0.004900000058114529, 0.006099999882280827, 0.005400000140070915, 0.005400000140070915, 0.005100000184029341, 0.005799999926239252, 0.005900000222027302, 0.005400000140070915, 0.005499999970197678, 0.0044999998062849045, 0.00419999985024333, 0.004699999932199717, 0.005200000014156103, 0.004399999976158142, 0.004699999932199717], "alert_name": null, "observatory": ["LCOGT1m, Kris Rybick", "LCOGT1m, Kris Rybick", "LCOGT1m, Kris Rybick", "LCOGT1m, Kris Rybick", "LCOGT1m, Kris Rybick", "LCOGT1m, Kris Rybick", "LCOGT1m, Kris Rybick", "LCOGT1m, Kris Rybick", "LCOGT1m, Kris Rybick", "LCOGT1m, Kris Rybick", "LCOGT1m, Kris Rybick", "LCOGT1m, Kris Rybick", "LCOGT1m, Kris Rybick", "LCOGT1m, Kris Rybick", "LCOGT1m, Kris Rybick", "LCOGT1m, Kris Rybick", "LCOGT1m, Kris Rybick", "LCOGT1m, Kris Rybick", "LCOGT1m, Kris Rybick", "LCOGT1m, Kris Rybick", "LCOGT1m, Kris Rybick", "LCOGT1m, Kris Rybick", "LCOGT1m, Kris Rybick", "LCOGT1m, Kris Rybick", "LCOGT1m, Kris Rybick", "LCOGT1m, Kris Rybick", "LCOGT1m, Kris Rybick", "LCOGT1m, Kris Rybick", "LCOGT1m, Kris Rybick", "LCOGT1m, Kris Rybick", "LCOGT1m, Kris Rybick", "LCOGT1m, Kris Rybick", "LCOGT1m, Kris Rybick", "LCOGT1m, Kris Rybick", "LCOGT1m, Kris Rybick", "LCOGT1m, Kris Rybick", "LCOGT1m, Kris Rybick", "LCOGT1m, Kris Rybick", "LCOGT1m, Kris Rybick", "LCOGT1m, Kris Rybick", "LCOGT1m, Kris Rybick", "LCOGT1m, Kris Rybick", "LCOGT1m, Kris Rybick", "LCOGT1m, Kris Rybick", "LCOGT1m, Kris Rybick", "LCOGT1m, Kris Rybick", "LCOGT1m, Kris Rybick", "LCOGT1m, Kris Rybick", "LCOGT1m, Kris Rybick", "LCOGT1m, Kris Rybick", "LCOGT1m, Kris Rybick", "LCOGT1m, Kris Rybick", "LCOGT1m, Kris Rybick", "LCOGT1m, Kris Rybick", "LCOGT1m, Kris Rybick", "LCOGT1m, Kris Rybick", "LCOGT1m, Kris Rybick", "LCOGT1m, Kris Rybick", "LCOGT1m, Kris Rybick", "LCOGT1m, Kris Rybick", "LCOGT1m, Kris Rybick", "LCOGT1m, Kris Rybick", "LCOGT1m, Kris Rybick", "LCOGT1m, Kris Rybick", "LCOGT1m, Kris Rybick", "LCOGT1m, Kris Rybick", "LCOGT1m, Kris Rybick", "LCOGT1m, Kris Rybick", "LCOGT1m, Kris Rybick", "LCOGT1m, Kris Rybick", "LCOGT1m, Kris Rybick", "LCOGT1m, Kris Rybick", "LCOGT1m, Kris Rybick", "LCOGT1m, Kris Rybick", "LCOGT1m, Kris Rybick", "LCOGT1m, Kris Rybick", "LCOGT1m, Kris Rybick", "LCOGT1m, Kris Rybick", "LCOGT1m, Kris Rybick", "LCOGT1m, Kris Rybick"], "caliberr": [0.18822699785232544, 0.1848289966583252, 0.06222920119762421, 0.0635794997215271, 0.06404870003461838, 0.06214730069041252, 0.05594079941511154, 0.045269399881362915, 0.05976070091128349, 0.05705580115318298, 0.05768140032887459, 0.032146599143743515, 0.06024479866027832, 0.024667300283908844, 0.024408800527453423, 0.043754298239946365, 0.0480475015938282, 0.04506859928369522, 0.043371301144361496, 0.04111279919743538, 0.04031990095973015, 0.029985500499606133, 0.028033200651407242, 0.054659098386764526, 0.05408719927072525, 0.05851159989833832, 0.05130999907851219, 0.04474880173802376, 0.0418040007352829, 0.06208930164575577, 0.06666669994592667, 0.049419499933719635, 0.05168280005455017, 0.03308330103754997, 0.03355349972844124, 0.08753780275583267, 0.08027520030736923, 0.07807900011539459, 0.07864490151405334, 0.08078040182590485, 0.08051779866218567, 0.07857970148324966, 0.07722239941358566, 0.07953149825334549, 0.07888620346784592, 0.08130110055208206, 0.0778035968542099, 0.07745639979839325, 0.07883679866790771, 0.07682880014181137, 0.03931570053100586, 0.07999580353498459, 0.08618289977312088, 0.07534830272197723, 0.07597489655017853, 0.07735809683799744, 0.0776870995759964, 0.07380790263414383, 0.07690469920635223, 0.07548180222511292, 0.07434909790754318, 0.07428529858589172, 0.07548370212316513, 0.07439610362052917, 0.0780446007847786, 0.077018603682518, 0.07766319811344147, 0.07602950185537338, 0.07635760307312012, 0.07557989656925201, 0.07765749841928482, 0.03724990040063858, 0.07952749729156494, 0.07797359675168991, 0.07620400190353394, 0.07555019855499268, 0.0750826969742775, 0.07605919986963272, 0.07600060105323792, 0.07752259820699692],