{"mjd": [58805.265062, 58812.237419, 58817.223904, 58805.260511, 58812.23287, 58817.219358], "magerr": [0.05225440114736557, 0.03223299980163574, 0.038126200437545776, 0.11481200158596039, 0.051719099283218384, 0.07353000342845917], "alert_name": null, "observatory": ["Liam Hardy pt5m", "Liam Hardy pt5m", "Liam Hardy pt5m", "Liam Hardy pt5m", "Liam Hardy pt5m", "Liam Hardy pt5m"], "caliberr": [0.12275400012731552, 0.05900749936699867, 0.08282220363616943, 0.009999999776482582, 0.015936000272631645, 0.012864500284194946], "mag": [17.15169906616211, 16.864999771118164, 17.00189971923828, 17.714399337768555, 17.266700744628906, 17.68269920349121], "catalog": ["SDSS", "SDSS", "SDSS", "APASS", "APASS", "APASS"], "filter": ["R", "R", "R", "V", "V", "V"], "id": [171732, 173267, 173576, 171731, 173266, 173575]}