{"mjd": [58914.205155, 58914.209718, 58920.128522, 58914.214264, 58920.133822], "magerr": [0.05809498578310013, 0.03912229835987091, 0.06899827718734741, 0.02587811090052128, 0.044625066220760345], "alert_name": null, "observatory": ["Liam Hardy pt5m", "Liam Hardy pt5m", "Liam Hardy pt5m", "Liam Hardy pt5m", "Liam Hardy pt5m"], "caliberr": [0.01000005379319191, 0.009999999776482582, 0.009999999776482582, 0.010000001639127731, 0.015488688834011555], "mag": [17.726856231689453, 17.48219108581543, 17.4118595123291, 17.369951248168945, 17.279264450073242], "catalog": ["APASS", "APASS", "APASS", "APASS", "APASS"], "filter": ["B", "V", "V", "r", "r"], "id": [184192, 184193, 184781, 184194, 184782]}