{"mjd": [59112.969716, 59112.97432, 59112.978878], "magerr": [-1.0, -1.0, -1.0], "alert_name": null, "observatory": ["Liam Hardy pt5m", "Liam Hardy pt5m", "Liam Hardy pt5m"], "caliberr": [0.14976511895656586, 0.04336104542016983, 0.02667083591222763], "mag": [19.025348663330078, 19.101028442382812, 21.783206939697266], "catalog": ["APASS", "APASS", "APASS"], "filter": ["B", "V", "r"], "id": [199625, 199626, 199627]}