{"mjd": [58004.048244, 58004.052802, 58004.057357], "magerr": [-1.0, -1.0, 0.10213299840688705], "alert_name": null, "observatory": ["Liam Hardy pt5m", "Liam Hardy pt5m", "Liam Hardy pt5m"], "caliberr": [0.09788289666175842, 0.03758959844708443, 0.06903699785470963], "mag": [18.593900680541992, 19.04680061340332, 17.499900817871094], "catalog": ["APASS", "APASS", "APASS"], "filter": ["B", "V", "r"], "id": [82845, 82846, 82847]}