{"mjd": [59081.183369, 59081.173504, 59081.178823], "magerr": [-1.0, -1.0, 0.07735617458820343], "alert_name": null, "observatory": ["Liam Hardy pt5m", "Liam Hardy pt5m", "Liam Hardy pt5m"], "caliberr": [0.1761796772480011, 0.08530103415250778, 0.07142610102891922], "mag": [20.121089935302734, 18.906278610229492, 18.084609985351562], "catalog": ["SDSS", "APASS", "APASS"], "filter": ["R", "B", "V"], "id": [196640, 196638, 196639]}