{"mjd": [57633.02891, 57633.036785, 57633.025021, 57633.876008, 57633.891681, 57633.907356, 57635.033407001, 57633.032869, 57633.879883, 57633.895556, 57633.911224, 57635.037292001, 57633.883841, 57633.887758, 57633.899504, 57633.903435, 57633.915186, 57633.919123, 57635.041251001], "magerr": [0.01119999960064888, 0.02319999970495701, 0.019500000402331352, 0.013199999928474426, 0.013799999840557575, 0.011099999770522118, 0.012799999676644802, 0.01510000042617321, 0.01600000075995922, 0.013000000268220901, 0.01209999993443489, 0.016499999910593033, 0.029999999329447746, 0.045899998396635056, 0.025499999523162842, 0.03420000150799751, 0.026000000536441803, 0.030500000342726707, 0.027300000190734863], "alert_name": null, "observatory": ["GiuseppeAltavillaLoi", "GiuseppeAltavillaLoi", "GiuseppeAltavillaLoi", "GiuseppeAltavillaLoi", "GiuseppeAltavillaLoi", "GiuseppeAltavillaLoi", "GiuseppeAltavillaLoi", "GiuseppeAltavillaLoi", "GiuseppeAltavillaLoi", "GiuseppeAltavillaLoi", "GiuseppeAltavillaLoi", "GiuseppeAltavillaLoi", "GiuseppeAltavillaLoi", "GiuseppeAltavillaLoi", "GiuseppeAltavillaLoi", "GiuseppeAltavillaLoi", "GiuseppeAltavillaLoi", "GiuseppeAltavillaLoi", "GiuseppeAltavillaLoi"], "caliberr": [0.04957086965441704, 0.06438028067350388, 0.05502156540751457, 0.11666322499513626, 0.12716516852378845, 0.11608707159757614, 0.051592543721199036, 0.06956078112125397, 0.05028623715043068, 0.07047572731971741, 0.0682939812541008, 0.04119114950299263, 0.14908504486083984, 0.14231090247631073, 0.1537705361843109, 0.14958912134170532, 0.0855196863412857, 0.16010718047618866, 0.04938260465860367], "mag": [17.850372314453125, 17.09715461730957, 17.344755172729492, 17.27764892578125, 17.287982940673828, 17.270410537719727, 17.294652938842773, 16.890140533447266, 17.832496643066406, 17.805343627929688, 17.80385398864746, 17.90706443786621, 16.89570426940918, 17.18308448791504, 16.783777236938477, 17.193992614746094, 16.824569702148438, 17.188936233520508, 17.382722854614258], "catalog": ["SDSS", "SDSS", "SDSS", "SDSS", "SDSS", "SDSS", "SDSS", "SDSS", "APASS", "APASS", "APASS", "APASS", "APASS", "APASS", "APASS", "APASS", "APASS", "APASS", "APASS"], "filter": ["g", "z", "R", "R", "R", "R", "R", "I", "g", "g", "g", "g", "i", "i", "i", "i", "i", "i", "i"], "id": [43253, 43256, 43252, 43291, 43290, 43297, 43346, 43254, 43287, 43292, 43298, 43347, 43288, 43289, 43293, 43295, 43299, 43300, 43348]}