{"mjd": [58727.02104, 58727.025823, 58727.030374], "magerr": [0.08148910105228424, 0.02026740089058876, 0.008132060058414936], "alert_name": null, "observatory": ["Liam Hardy pt5m", "Liam Hardy pt5m", "Liam Hardy pt5m"], "caliberr": [0.17700399458408356, 0.025671999901533127, 0.07736379653215408], "mag": [18.330299377441406, 16.529699325561523, 15.584600448608398], "catalog": ["APASS", "APASS", "APASS"], "filter": ["B", "V", "r"], "id": [163731, 163732, 163733]}