{"mjd": [57848.989182, 57849.00337, 57848.99628, 57850.953389, 57850.960487, 57850.96769], "magerr": [0.030899999663233757, 0.030899999663233757, 0.032999999821186066, 0.035100001841783524, 0.03689999878406525, 0.03680000081658363], "alert_name": null, "observatory": ["OmicronC2PU JPRivet", "OmicronC2PU JPRivet", "OmicronC2PU JPRivet", "OmicronC2PU JPRivet", "OmicronC2PU JPRivet", "OmicronC2PU JPRivet"], "caliberr": [0.1149040013551712, 0.09796970337629318, 0.0878015011548996, 0.141416996717453, 0.1316789984703064, 0.1361279934644699], "mag": [17.415300369262695, 17.325599670410156, 17.465900421142578, 17.4414005279541, 17.470199584960938, 17.473100662231445], "catalog": ["APASS", "APASS", "VSTATLAS", "VSTATLAS", "VSTATLAS", "VSTATLAS"], "filter": ["r", "r", "r", "r", "r", "r"], "id": [70742, 70744, 70743, 70793, 70794, 70795]}