{"mjd": [58815.042909, 58815.03456, 58815.039115], "magerr": [0.014178499579429626, 0.0338578000664711, 0.013894000090658665], "alert_name": null, "observatory": ["Liam Hardy pt5m", "Liam Hardy pt5m", "Liam Hardy pt5m"], "caliberr": [0.0971812978386879, 0.05512339994311333, 0.033110201358795166], "mag": [14.932100296020508, 16.109800338745117, 15.468500137329102], "catalog": ["SDSS", "APASS", "APASS"], "filter": ["R", "B", "V"], "id": [173447, 173445, 173446]}