{"mjd": [57842.3801228, 57845.210971, 57847.1698573], "magerr": [0.015799999237060547, 0.01679999940097332, 0.025499999523162842], "alert_name": null, "observatory": ["Euler Geneva Group", "Euler Geneva Group", "Euler Geneva Group"], "caliberr": [0.1932779997587204, 0.2798129916191101, 0.2779490053653717], "mag": [19.305200576782227, 19.525999069213867, 19.83690071105957], "catalog": ["APASS", "APASS", "APASS"], "filter": ["r", "r", "r"], "id": [69142, 69141, 69312]}