{"mjd": [57956.8817072, 57956.8908796, 57956.9000637, 57956.8786285, 57956.8878067, 57956.896985, 57956.8756019, 57956.8847859, 57956.8939641], "magerr": [-1.0, -1.0, -1.0, -1.0, -1.0, -1.0, -1.0, -1.0, -1.0], "alert_name": null, "observatory": ["PIRATE Meredith Morr", "PIRATE Meredith Morr", "PIRATE Meredith Morr", "PIRATE Meredith Morr", "PIRATE Meredith Morr", "PIRATE Meredith Morr", "PIRATE Meredith Morr", "PIRATE Meredith Morr", "PIRATE Meredith Morr"], "caliberr": [0.06374426931142807, 0.06970559805631638, 0.07376280426979065, 0.05160237476229668, 0.04560158774256706, 0.05974239483475685, 0.03699778392910957, 0.0671687051653862, 0.08475527912378311], "mag": [21.158226013183594, 20.92392921447754, 21.315704345703125, 20.275991439819336, 20.765993118286133, 20.796785354614258, 19.956302642822266, 20.352825164794922, 20.79145050048828], "catalog": ["APASS", "APASS", "APASS", "APASS", "APASS", "APASS", "APASS", "APASS", "APASS"], "filter": ["V", "V", "V", "g", "g", "g", "r", "r", "r"], "id": [134609, 134615, 134611, 134595, 134596, 134645, 134624, 134628, 134636]}