{"mjd": [58604.13742, 58604.163461, 58604.168037], "magerr": [-1.0, -1.0, -1.0], "alert_name": null, "observatory": ["Liam Hardy pt5m", "Liam Hardy pt5m", "Liam Hardy pt5m"], "caliberr": [0.07176999747753143, 0.04884929955005646, 0.05562359839677811], "mag": [19.602100372314453, 19.565900802612305, 19.89069938659668], "catalog": ["APASS", "APASS", "APASS"], "filter": ["B", "V", "r"], "id": [151430, 151431, 151432]}