{"mjd": [58236.185512, 58253.153153, 58236.190848, 58253.168515, 58236.195381, 58253.173055], "magerr": [-1.0, 0.04018529877066612, 0.07768329977989197, 0.03772670030593872, 0.056670598685741425, 0.028165200725197792], "alert_name": null, "observatory": ["Liam Hardy pt5m", "Liam Hardy pt5m", "Liam Hardy pt5m", "Liam Hardy pt5m", "Liam Hardy pt5m", "Liam Hardy pt5m"], "caliberr": [0.009999999776482582, 0.11997000128030777, 0.3136169910430908, 0.009999999776482582, 0.04894449934363365, 0.06119430065155029], "mag": [18.94659996032715, 17.420900344848633, 17.657699584960938, 17.619400024414062, 18.040800094604492, 17.443500518798828], "catalog": ["APASS", "APASS", "APASS", "APASS", "APASS", "APASS"], "filter": ["B", "B", "V", "V", "r", "r"], "id": [104193, 105171, 104194, 105172, 104195, 105173]}