{"mjd": [57647.2164308, 57648.2244022, 57649.2233316, 57647.2164308, 57648.2244022, 57649.2233316], "magerr": [0.0284000001847744, 0.02930000051856041, 0.027000000700354576, 0.019200000911951065, 0.019500000402331352, 0.017500000074505806], "alert_name": null, "observatory": ["Mercator Geneva Grou", "Mercator Geneva Grou", "Mercator Geneva Grou", "Mercator Geneva Grou", "Mercator Geneva Grou", "Mercator Geneva Grou"], "caliberr": [0.11122400313615799, 0.11337800323963165, 0.10439199954271317, 0.14434200525283813, 0.1094919964671135, 0.10366100072860718], "mag": [17.62019920349121, 17.850099563598633, 17.883899688720703, 17.205400466918945, 17.580799102783203, 17.704099655151367], "catalog": ["SDSS", "SDSS", "SDSS", "SDSS", "SDSS", "SDSS"], "filter": ["g", "g", "g", "r", "r", "r"], "id": [44651, 44658, 44666, 44652, 44659, 44667]}