{"mjd": [59268.239497, 59268.243355, 59268.247902, 59272.259011, 59272.262045], "magerr": [-1.0, -1.0, -1.0, -1.0, -1.0], "alert_name": null, "observatory": ["Liam Hardy pt5m", "Liam Hardy pt5m", "Liam Hardy pt5m", "Liam Hardy pt5m", "Liam Hardy pt5m"], "caliberr": [0.0948171466588974, 0.08095789700746536, 0.13678906857967377, 0.07815272361040115, 0.1480548232793808], "mag": [18.565628051757812, 19.081077575683594, 19.752399444580078, 18.822725296020508, 18.74159812927246], "catalog": ["APASS", "APASS", "APASS", "APASS", "APASS"], "filter": ["B", "V", "V", "V", "V"], "id": [213181, 213182, 213183, 213356, 213357]}