{"mjd": [58488.281227, 58488.271351, 58497.228336, 58488.27668, 58497.232905], "magerr": [0.12885184586048126, -1.0, -1.0, 0.11468439549207687, 0.09273386001586914], "alert_name": null, "observatory": ["Liam Hardy pt5m", "Liam Hardy pt5m", "Liam Hardy pt5m", "Liam Hardy pt5m", "Liam Hardy pt5m"], "caliberr": [0.2377675175666809, 0.20535220205783844, 0.1391129493713379, 0.04624073579907417, 0.03853980451822281], "mag": [17.479461669921875, 17.732866287231445, 18.702611923217773, 16.894424438476562, 17.629404067993164], "catalog": ["SDSS", "APASS", "APASS", "APASS", "APASS"], "filter": ["R", "B", "B", "V", "V"], "id": [129594, 129592, 129875, 129593, 129876]}