{"mjd": [58468.227607, 58473.214786, 58479.232692, 58486.178228, 58468.219215, 58473.205683, 58479.223594, 58486.16907, 58468.223051, 58473.210234, 58479.228144, 58486.173671, 58553.0294025, 58551.027856, 58551.0439849, 58551.0463025, 58534.076181, 58534.0784787, 58535.0645882, 58535.0692176, 58544.0423649, 58544.0446809, 58551.0347381, 58553.0409771, 58561.0000076, 58561.0046485, 58561.9997744, 58562.0044016, 58562.0136608, 58564.9915034, 58567.9949146, 58534.0738494, 58551.0417088, 58567.9833365, 58550.0305595, 58551.0393977, 58553.0317144, 58559.9981544, 58560.9907546, 58561.9951739, 58561.9974572, 58562.0020875, 58567.9856549, 58567.9879655, 58567.9972278, 58551.0211922, 58553.0248082, 58553.027101, 58560.0004679, 58560.9953762, 58567.9787074, 58567.9810224, 58553.0340294, 58567.9902791, 58551.0254678, 58535.0600643], "magerr": [0.031107250601053238, 0.042535003274679184, 0.072360560297966, 0.061223357915878296, -1.0, -1.0, -1.0, -1.0, 0.052791643887758255, 0.06957259774208069, 0.07662616670131683, 0.08101440966129303, -1.0, -1.0, -1.0, -1.0, -1.0, -1.0, -1.0, -1.0, -1.0, -1.0, -1.0, -1.0, -1.0, -1.0, -1.0, -1.0, -1.0, -1.0, -1.0, -1.0, -1.0, -1.0, -1.0, -1.0, -1.0, -1.0, -1.0, -1.0, -1.0, -1.0, -1.0, -1.0, -1.0, -1.0, -1.0, -1.0, -1.0, -1.0, -1.0, -1.0, -1.0, -1.0, -1.0, -1.0], "alert_name": null, "observatory": ["Liam Hardy pt5m", "Liam Hardy pt5m", "Liam Hardy pt5m", "Liam Hardy pt5m", "Liam Hardy pt5m", "Liam Hardy pt5m", "Liam Hardy pt5m", "Liam Hardy pt5m", "Liam Hardy pt5m", "Liam Hardy pt5m", "Liam Hardy pt5m", "Liam Hardy pt5m", "T60-Umut Burgaz", "T60-Umut Burgaz", "T60-Umut Burgaz", "T60-Umut Burgaz", "T60-Umut Burgaz", "T60-Umut Burgaz", "T60-Umut Burgaz", "T60-Umut Burgaz", "T60-Umut Burgaz", "T60-Umut Burgaz", "T60-Umut Burgaz", "T60-Umut Burgaz", "T60-Umut Burgaz", "T60-Umut Burgaz", "T60-Umut Burgaz", "T60-Umut Burgaz", "T60-Umut Burgaz", "T60-Umut Burgaz", "T60-Umut Burgaz", "T60-Umut Burgaz", "T60-Umut Burgaz", "T60-Umut Burgaz", "T60-Umut Burgaz", "T60-Umut Burgaz", "T60-Umut Burgaz", "T60-Umut Burgaz", "T60-Umut Burgaz", "T60-Umut Burgaz", "T60-Umut Burgaz", "T60-Umut Burgaz", "T60-Umut Burgaz", "T60-Umut Burgaz", "T60-Umut Burgaz", "T60-Umut Burgaz", "T60-Umut Burgaz", "T60-Umut Burgaz", "T60-Umut Burgaz", "T60-Umut Burgaz", "T60-Umut Burgaz", "T60-Umut Burgaz", "T60-Umut Burgaz", "T60-Umut Burgaz", "T60-Umut Burgaz", "T60-Umut Burgaz"], "caliberr": [0.2698485851287842, 0.29546698927879333, 0.32419177889823914, 0.25569289922714233, 0.06738002598285675, 0.07851659506559372, 0.088679239153862, 0.05272625759243965, 0.04705272614955902, 0.03181657940149307, 0.031013837084174156, 0.03485947847366333, 0.18499356508255005, 0.3512077033519745, 0.1789199560880661, 0.2556475102901459, 0.14713017642498016, 0.16883637011051178, 0.13653138279914856, 0.1315869688987732, 0.16876766085624695, 0.08356185257434845, 0.1289897859096527, 0.110495924949646, 0.13302122056484222, 0.14496870338916779, 0.1496625691652298, 0.14608880877494812, 0.23221001029014587, 0.20761583745479584, 0.13066071271896362, 0.3248874843120575, 0.2853269577026367, 0.2627231180667877, 0.1502983719110489, 0.12155186384916306, 0.09985170513391495, 0.11600864678621292, 0.09469320625066757, 0.06571052968502045, 0.21497660875320435, 0.06730230897665024, 0.21057695150375366, 0.16592811048030853, 0.14648990333080292, 0.3581918478012085, 0.13601383566856384, 0.2338460385799408, 0.15066072344779968, 0.311659038066864, 0.35299649834632874, 0.3216543197631836, 0.20143455266952515, 0.2861277759075165, 0.2426411211490631, 0.18092916905879974], "mag": [17.179214477539062, 17.15717887878418, 17.561237335205078, 17.619091033935547, 19.05702781677246, 18.80011749267578, 19.183059692382812, 19.052587509155273, 17.123687744140625, 17.14153289794922, 17.281307220458984, 17.56671714782715, 16.24761390686035, 16.732677459716797, 16.84933853149414, 16.916412353515625, 17.087196350097656, 16.839052200317383, 17.099227905273438, 16.90134620666504, 17.064592361450195, 16.348539352416992, 17.48780632019043, 17.17230224609375, 18.5783748626709, 22.387317657470703, 18.093557357788086, 18.233692169189453, 16.834556579589844, 17.21479606628418, 17.675514221191406, 17.11870574951172, 16.541610717773438, 18.97968864440918, 16.725563049316406, 17.176891326904297, 17.17557144165039, 21.49296760559082, 23.739042282104492, 18.393877029418945, 22.047882080078125, 18.528329849243164, 18.207042694091797, 17.709300994873047, 16.998764038085938, 15.72360897064209, 17.129220962524414, 17.397918701171875, 22.05535316467285, 26.326045989990234, 17.278400421142578, 17.001020431518555, 16.463987350463867, 17.709264755249023, 15.244840621948242, 17.863052368164062], "catalog": ["SDSS", "SDSS", "SDSS", "SDSS", "APASS", "APASS", "APASS", "APASS", "APASS", "APASS", "APASS", "APASS", "SDSS", "USNO", "APASS", "APASS", "APASS", "APASS", "APASS", "APASS", "APASS", "APASS", "APASS", "APASS", "APASS", "APASS", "APASS", "APASS", "APASS", "APASS", "APASS", "APASS", "APASS", "APASS", "APASS", "APASS", "APASS", "APASS", "APASS", "APASS", "APASS", "APASS", "APASS", "APASS", "APASS", "APASS", "APASS", "APASS", "APASS", "APASS", "APASS", "APASS", "PS1", "PS1", "PS1", "GAIA"], "filter": ["R", "R", "R", "R", "B", "B", "B", "B", "V", "V", "V", "V", "I", "B2pg", "B", "B", "V", "V", "V", "V", "V", "V", "V", "V", "V", "V", "V", "V", "V", "V", "V", "g", "g", "g", "r", "r", "r", "r", "r", "r", "r", "r", "r", "r", "r", "i", "i", "i", "i", "i", "i", "i", "g", "g", "z", "G"], "id": [128390, 128704, 129072, 129373, 128388, 128702, 129070, 129371, 128389, 128703, 129071, 129372, 155066, 155058, 155062, 155063, 155048, 155049, 155051, 155052, 155053, 155054, 155059, 155069, 155074, 155075, 155078, 155080, 155081, 155082, 155089, 155047, 155061, 155085, 155055, 155060, 155067, 155070, 155072, 155076, 155077, 155079, 155086, 155087, 155090, 155056, 155064, 155065, 155071, 155073, 155083, 155084, 155068, 155088, 155057, 155050]}