{"mjd": [58403.165251, 58422.165293, 58403.170572, 58422.169854, 58403.175128, 58422.174413], "magerr": [-1.0, -1.0, -1.0, -1.0, 0.059095825999975204, 0.10695908963680267], "alert_name": null, "observatory": ["Liam Hardy pt5m", "Liam Hardy pt5m", "Liam Hardy pt5m", "Liam Hardy pt5m", "Liam Hardy pt5m", "Liam Hardy pt5m"], "caliberr": [0.07607907801866531, 0.02873249351978302, 0.036379583179950714, 0.02512640692293644, 0.060179971158504486, 0.13078628480434418], "mag": [18.8824520111084, 19.107818603515625, 19.509471893310547, 19.671245574951172, 18.068641662597656, 19.524898529052734], "catalog": ["APASS", "APASS", "APASS", "APASS", "APASS", "APASS"], "filter": ["B", "B", "V", "V", "r", "r"], "id": [122300, 124146, 122301, 124147, 122302, 124148]}