{"mjd": [58747.171879, 58747.176434, 58747.180982], "magerr": [-1.0, -1.0, -1.0], "alert_name": null, "observatory": ["Liam Hardy pt5m", "Liam Hardy pt5m", "Liam Hardy pt5m"], "caliberr": [0.1990640014410019, 0.10057000070810318, 0.08413270115852356], "mag": [19.477399826049805, 19.241300582885742, 19.701200485229492], "catalog": ["APASS", "APASS", "APASS"], "filter": ["B", "V", "r"], "id": [165146, 165147, 165148]}