{"mjd": [58810.983475, 58810.973487, 58810.97969], "magerr": [-1.0, -1.0, -1.0], "alert_name": null, "observatory": ["Liam Hardy pt5m", "Liam Hardy pt5m", "Liam Hardy pt5m"], "caliberr": [0.15929576754570007, 0.08944462984800339, 0.010000001639127731], "mag": [19.7869873046875, 18.791744232177734, 20.334335327148438], "catalog": ["SDSS", "APASS", "APASS"], "filter": ["R", "B", "V"], "id": [173199, 173197, 173198]}