{"mjd": [59112.011891, 59112.016449, 59112.021001], "magerr": [-1.0, 0.14278699457645416, 0.09947779774665833], "alert_name": null, "observatory": ["Liam Hardy pt5m", "Liam Hardy pt5m", "Liam Hardy pt5m"], "caliberr": [0.07190799713134766, 0.04454459995031357, 0.06656990200281143], "mag": [19.008800506591797, 18.690500259399414, 18.333900451660156], "catalog": ["APASS", "APASS", "APASS"], "filter": ["B", "V", "r"], "id": [199462, 199463, 199464]}