{"mjd": [58468.279386, 58479.271542, 58473.267732, 58486.257431, 58473.271526, 58479.276094, 58486.261983], "magerr": [-1.0, -1.0, 0.17867499589920044, -1.0, 0.09752310067415237, 0.13593100011348724, 0.14545699954032898], "alert_name": null, "observatory": ["Liam Hardy pt5m", "Liam Hardy pt5m", "Liam Hardy pt5m", "Liam Hardy pt5m", "Liam Hardy pt5m", "Liam Hardy pt5m", "Liam Hardy pt5m"], "caliberr": [0.1760759949684143, 0.25493600964546204, 0.1784760057926178, 0.1458819955587387, 0.11916899681091309, 0.4225040078163147, 0.1732490062713623], "mag": [18.75550079345703, 18.92919921875, 18.99410057067871, 19.465599060058594, 18.288999557495117, 18.858299255371094, 18.909500122070312], "catalog": ["SDSS", "SDSS", "SDSS", "SDSS", "SDSS", "SDSS", "SDSS"], "filter": ["r", "r", "V", "V", "R", "R", "R"], "id": [128396, 129079, 128715, 129384, 128716, 129080, 129385]}