{"mjd": [58004.027217, 58010.001784, 58004.038534, 58010.006361, 58004.043115, 58010.010948], "magerr": [-1.0, -1.0, -1.0, -1.0, -1.0, -1.0], "alert_name": null, "observatory": ["Liam Hardy pt5m", "Liam Hardy pt5m", "Liam Hardy pt5m", "Liam Hardy pt5m", "Liam Hardy pt5m", "Liam Hardy pt5m"], "caliberr": [0.4475660026073456, 0.12654300034046173, 0.11064700037240982, 0.09543749690055847, 0.04602229967713356, 0.0917728990316391], "mag": [17.762500762939453, 19.266399383544922, 19.184999465942383, 19.957799911499023, 19.465200424194336, 20.91200065612793], "catalog": ["APASS", "APASS", "APASS", "APASS", "APASS", "APASS"], "filter": ["B", "B", "V", "V", "r", "r"], "id": [82842, 83402, 82843, 83403, 82844, 83404]}