{"mjd": [58049.033315, 58052.996474, 58049.051402, 58053.03705, 58049.055203, 58053.04161], "magerr": [-1.0, -1.0, -1.0, -1.0, 0.11589434742927551, -1.0], "alert_name": null, "observatory": ["Liam Hardy pt5m", "Liam Hardy pt5m", "Liam Hardy pt5m", "Liam Hardy pt5m", "Liam Hardy pt5m", "Liam Hardy pt5m"], "caliberr": [0.11620122939348221, 0.07178599387407303, 0.04041428118944168, 0.0703589916229248, 0.06913980096578598, 0.10517942160367966], "mag": [19.628202438354492, 19.476957321166992, 20.118459701538086, 20.018924713134766, 18.71553611755371, 20.167869567871094], "catalog": ["APASS", "APASS", "APASS", "APASS", "APASS", "APASS"], "filter": ["B", "B", "V", "V", "r", "r"], "id": [86253, 86529, 86254, 86530, 86255, 86531]}