{"mjd": [58364.204386, 58370.218384, 58364.20894, 58370.222927, 58364.212717, 58370.227472], "magerr": [-1.0, 0.04570024460554123, -1.0, 0.041769176721572876, 0.07453717291355133, 0.0280339103192091], "alert_name": null, "observatory": ["Liam Hardy pt5m", "Liam Hardy pt5m", "Liam Hardy pt5m", "Liam Hardy pt5m", "Liam Hardy pt5m", "Liam Hardy pt5m"], "caliberr": [0.0986834317445755, 0.07611293345689774, 0.38895466923713684, 0.05013234540820122, 0.30370110273361206, 0.06600426882505417], "mag": [18.869346618652344, 17.484445571899414, 18.487430572509766, 17.473604202270508, 16.50214385986328, 17.266746520996094], "catalog": ["APASS", "APASS", "APASS", "APASS", "APASS", "APASS"], "filter": ["B", "B", "V", "V", "r", "r"], "id": [115251, 119057, 115252, 119058, 115253, 119059]}