{"mjd": [59445.900724, 59445.905279, 59445.90983], "magerr": [-1.0, -1.0, 0.11762688308954239], "alert_name": null, "observatory": ["Liam Hardy pt5m", "Liam Hardy pt5m", "Liam Hardy pt5m"], "caliberr": [0.13493941724300385, 0.08693361282348633, 0.05821326747536659], "mag": [18.261035919189453, 20.8455810546875, 18.175525665283203], "catalog": ["APASS", "APASS", "APASS"], "filter": ["B", "V", "r"], "id": [231705, 231706, 231707]}