{"mjd": [59289.014148, 59289.018704, 59289.023255], "magerr": [0.11811687052249908, 0.060515109449625015, 0.05025865510106087], "alert_name": null, "observatory": ["Liam Hardy pt5m", "Liam Hardy pt5m", "Liam Hardy pt5m"], "caliberr": [0.13595956563949585, 0.0404198095202446, 0.051826994866132736], "mag": [17.743812561035156, 17.500362396240234, 17.486188888549805], "catalog": ["APASS", "APASS", "APASS"], "filter": ["B", "V", "r"], "id": [213979, 213980, 213981]}