{"mjd": [57850.083182, 57850.090285, 57850.097387], "magerr": [0.03449999913573265, 0.0357000008225441, 0.026799999177455902], "alert_name": null, "observatory": ["OmicronC2PU JPRivet", "OmicronC2PU JPRivet", "OmicronC2PU JPRivet"], "caliberr": [0.23075200617313385, 0.23680299520492554, 0.21604999899864197], "mag": [18.38330078125, 18.42329978942871, 18.43779945373535], "catalog": ["PS1", "PS1", "PS1"], "filter": ["r", "r", "r"], "id": [70784, 70785, 70786]}