{"mjd": [58512.175252, 58524.171304, 58515.117405, 58524.176603, 58515.112855], "magerr": [-1.0, -1.0, -1.0, -1.0, -1.0], "alert_name": null, "observatory": ["Liam Hardy pt5m", "Liam Hardy pt5m", "Liam Hardy pt5m", "Liam Hardy pt5m", "Liam Hardy pt5m"], "caliberr": [0.11748093366622925, 0.03219424560666084, 0.11864843219518661, 0.055751316249370575, 0.0611853189766407], "mag": [19.403167724609375, 18.751375198364258, 19.895803451538086, 19.687246322631836, 19.372297286987305], "catalog": ["SDSS", "SDSS", "SDSS", "SDSS", "APASS"], "filter": ["V", "V", "R", "R", "V"], "id": [130232, 130783, 130485, 130784, 130484]}