{"mjd": [56949.03567, 56949.04073, 56949.04718, 56949.05222, 56949.03692, 56949.04198, 56949.04843, 56949.05348, 56949.03815, 56949.04321, 56949.04965, 56949.05471, 56949.03938, 56949.04443, 56949.05088, 56949.05594, 56927.108166, 56928.092487, 56927.111423, 56928.094698, 56927.113906, 56928.096497], "magerr": [0.054999999701976776, 0.05550000071525574, 0.05139999836683273, 0.05689999833703041, 0.03269999846816063, 0.03959999978542328, 0.031300000846385956, 0.0340999998152256, 0.02329999953508377, 0.023399999365210533, 0.021199999377131462, 0.021400000900030136, 0.02290000021457672, 0.022600000724196434, 0.028699999675154686, 0.0215000007301569, 0.01899999938905239, 0.01600000075995922, 0.02199999988079071, 0.020999999716877937, 0.023000000044703484, 0.02199999988079071], "alert_name": null, "observatory": ["Zbigniew Kolaczkowsk", "Zbigniew Kolaczkowsk", "Zbigniew Kolaczkowsk", "Zbigniew Kolaczkowsk", "Zbigniew Kolaczkowsk", "Zbigniew Kolaczkowsk", "Zbigniew Kolaczkowsk", "Zbigniew Kolaczkowsk", "Zbigniew Kolaczkowsk", "Zbigniew Kolaczkowsk", "Zbigniew Kolaczkowsk", "Zbigniew Kolaczkowsk", "Zbigniew Kolaczkowsk", "Zbigniew Kolaczkowsk", "Zbigniew Kolaczkowsk", "Zbigniew Kolaczkowsk", "Loiano,K.Ulaczyk", "Loiano,K.Ulaczyk", "Loiano,K.Ulaczyk", "Loiano,K.Ulaczyk", "Loiano,K.Ulaczyk", "Loiano,K.Ulaczyk"], "caliberr": [0.14768154919147491, 0.12577411532402039, 0.14416497945785522, 0.20484685897827148, 0.05988021939992905, 0.054860420525074005, 0.06846359372138977, 0.053125254809856415, 0.018860027194023132, 0.02750445157289505, 0.024448387324810028, 0.022803159430623055, 0.09277594089508057, 0.06771229207515717, 0.06832993775606155, 0.06825297325849533, 0.08619823306798935, 0.05173525959253311, 0.13399168848991394, 0.038869306445121765, 0.1608131229877472, 0.11003470420837402], "mag": [17.324825286865234, 17.457908630371094, 17.220117568969727, 16.939218521118164, 16.26805305480957, 16.334625244140625, 16.263874053955078, 16.11958122253418, 15.810196876525879, 15.605484008789062, 15.784172058105469, 15.507641792297363, 15.131308555603027, 15.202132225036621, 15.6160888671875, 15.299079895019531, 16.676084518432617, 16.648681640625, 15.968411445617676, 15.840136528015137, 15.704212188720703, 15.630793571472168], "catalog": ["APASS", "APASS", "APASS", "APASS", "APASS", "APASS", "APASS", "APASS", "APASS", "APASS", "APASS", "APASS", "APASS", "APASS", "APASS", "APASS", "APASS", "APASS", "APASS", "APASS", "APASS", "APASS"], "filter": ["B", "B", "B", "B", "V", "V", "V", "V", "r", "r", "r", "r", "i", "i", "i", "i", "g", "g", "r", "r", "i", "i"], "id": [9104, 9108, 9112, 9116, 9105, 9109, 9113, 9117, 9106, 9110, 9114, 9118, 9107, 9111, 9115, 9119, 8998, 9001, 8999, 9002, 9000, 9003]}