{"mjd": [59083.212413, 59095.215869, 59083.216202, 59095.220425, 59095.225066], "magerr": [-1.0, -1.0, -1.0, -1.0, 0.10370078682899475], "alert_name": null, "observatory": ["Liam Hardy pt5m", "Liam Hardy pt5m", "Liam Hardy pt5m", "Liam Hardy pt5m", "Liam Hardy pt5m"], "caliberr": [0.08101809769868851, 0.10163681209087372, 0.0713629424571991, 0.08532870560884476, 0.07614846527576447], "mag": [18.143062591552734, 18.879146575927734, 18.8192081451416, 19.1781005859375, 18.664926528930664], "catalog": ["APASS", "APASS", "APASS", "APASS", "APASS"], "filter": ["B", "B", "V", "V", "r"], "id": [196885, 198166, 196886, 198167, 198168]}