{"mjd": [58271.063295, 58276.108977, 58271.054972, 58276.087614, 58271.059518, 58276.104442], "magerr": [0.07049814611673355, 0.06663081794977188, 0.080911785364151, 0.14000099897384644, 0.07115079462528229, 0.08260180056095123], "alert_name": null, "observatory": ["Liam Hardy pt5m", "Liam Hardy pt5m", "Liam Hardy pt5m", "Liam Hardy pt5m", "Liam Hardy pt5m", "Liam Hardy pt5m"], "caliberr": [0.14966271817684174, 0.11366622149944305, 0.09531063586473465, 0.11761992424726486, 0.055729422718286514, 0.0667826384305954], "mag": [17.957767486572266, 18.128549575805664, 17.889368057250977, 18.543102264404297, 18.002925872802734, 18.22545623779297], "catalog": ["SDSS", "SDSS", "APASS", "APASS", "APASS", "APASS"], "filter": ["R", "R", "B", "B", "V", "V"], "id": [106037, 106367, 106035, 106365, 106036, 106366]}