{"mjd": [58304.976774, 58314.03957, 58304.967701, 58314.030491, 58304.972244, 58314.035037], "magerr": [0.035197000950574875, 0.03630610182881355, 0.05736880004405975, 0.06027489900588989, 0.036463599652051926, 0.046200599521398544], "alert_name": null, "observatory": ["Liam Hardy pt5m", "Liam Hardy pt5m", "Liam Hardy pt5m", "Liam Hardy pt5m", "Liam Hardy pt5m", "Liam Hardy pt5m"], "caliberr": [0.18878699839115143, 0.17090700566768646, 0.059953998774290085, 0.04871099814772606, 0.06007720157504082, 0.043715700507164], "mag": [17.057899475097656, 17.557600021362305, 17.162599563598633, 17.781999588012695, 17.12929916381836, 17.6382999420166], "catalog": ["SDSS", "SDSS", "APASS", "APASS", "APASS", "APASS"], "filter": ["R", "R", "B", "B", "V", "V"], "id": [107925, 114078, 107923, 114076, 107924, 114077]}