{"mjd": [58053.992097], "magerr": [-1.0], "alert_name": null, "observatory": ["Liam Hardy pt5m"], "caliberr": [0.16915364563465118], "mag": [16.51871109008789], "catalog": ["SDSS"], "filter": ["R"], "id": [86584]}