{"mjd": [58773.982747, 58773.987313, 58773.991883], "magerr": [-1.0, -1.0, -1.0], "alert_name": null, "observatory": ["Liam Hardy pt5m", "Liam Hardy pt5m", "Liam Hardy pt5m"], "caliberr": [0.09418822824954987, 0.08830097317695618, 0.13760164380073547], "mag": [19.79903221130371, 19.734237670898438, 19.25257110595703], "catalog": ["APASS", "APASS", "APASS"], "filter": ["B", "V", "r"], "id": [168317, 168318, 168319]}