{"mjd": [57985.183726, 57985.188285, 57985.192856], "magerr": [-1.0, 0.12430600076913834, 0.05037590116262436], "alert_name": null, "observatory": ["Liam Hardy pt5m", "Liam Hardy pt5m", "Liam Hardy pt5m"], "caliberr": [0.04434200003743172, 0.05455369874835014, 0.058946799486875534], "mag": [19.067399978637695, 18.668100357055664, 17.691499710083008], "catalog": ["APASS", "APASS", "APASS"], "filter": ["B", "V", "r"], "id": [81805, 81806, 81807]}