{"mjd": [58123.249913, 58131.162238, 58123.241409, 58123.245269, 58131.156066], "magerr": [-1.0, -1.0, -1.0, -1.0, -1.0], "alert_name": null, "observatory": ["Liam Hardy pt5m", "Liam Hardy pt5m", "Liam Hardy pt5m", "Liam Hardy pt5m", "Liam Hardy pt5m"], "caliberr": [0.17077000439167023, 0.16773900389671326, 0.009999999776482582, 0.04095039889216423, 0.009999999776482582], "mag": [19.665300369262695, 20.30699920654297, 19.180299758911133, 19.328100204467773, 19.278900146484375], "catalog": ["SDSS", "SDSS", "APASS", "APASS", "APASS"], "filter": ["R", "R", "B", "V", "V"], "id": [97721, 98095, 97719, 97720, 98094]}