{"mjd": [58636.0278, 58643.027309, 58636.032359, 58643.031875, 58636.036914, 58643.036453], "magerr": [-1.0, -1.0, -1.0, -1.0, -1.0, -1.0], "alert_name": null, "observatory": ["Liam Hardy pt5m", "Liam Hardy pt5m", "Liam Hardy pt5m", "Liam Hardy pt5m", "Liam Hardy pt5m", "Liam Hardy pt5m"], "caliberr": [0.1690479964017868, 0.14158999919891357, 0.14476799964904785, 0.1597750037908554, 0.07644420117139816, 0.12101499736309052], "mag": [18.99220085144043, 19.71269989013672, 19.34980010986328, 22.393299102783203, 20.779499053955078, 20.284700393676758], "catalog": ["APASS", "APASS", "APASS", "APASS", "APASS", "APASS"], "filter": ["B", "B", "V", "V", "r", "r"], "id": [153859, 154826, 153860, 154827, 153861, 154828]}