{"mjd": [58527.238514, 58537.211016, 58545.257142, 58527.242311, 58537.21559, 58545.261704, 58527.246857, 58537.220138, 58545.26626], "magerr": [-1.0, -1.0, -1.0, -1.0, -1.0, 0.160482719540596, 0.11441757529973984, -1.0, 0.10658052563667297], "alert_name": null, "observatory": ["Liam Hardy pt5m", "Liam Hardy pt5m", "Liam Hardy pt5m", "Liam Hardy pt5m", "Liam Hardy pt5m", "Liam Hardy pt5m", "Liam Hardy pt5m", "Liam Hardy pt5m", "Liam Hardy pt5m"], "caliberr": [0.05895811691880226, 0.10944857448339462, 0.10899807512760162, 0.0938219353556633, 0.04784990847110748, 0.07991399616003036, 0.05708872899413109, 0.051286544650793076, 0.06743320822715759], "mag": [18.97620964050293, 18.555599212646484, 18.928804397583008, 19.386316299438477, 18.856464385986328, 18.835575103759766, 18.847003936767578, 19.46413230895996, 18.817045211791992], "catalog": ["APASS", "APASS", "APASS", "APASS", "APASS", "APASS", "APASS", "APASS", "APASS"], "filter": ["B", "B", "B", "V", "V", "V", "r", "r", "r"], "id": [131019, 131355, 142975, 131020, 131356, 142976, 131021, 131357, 142977]}