{"mjd": [58437.125229, 58452.044487, 58458.031717, 58437.116122, 58452.035374, 58458.022636, 58437.120677, 58452.039935, 58458.027178], "magerr": [0.08460730314254761, 0.05080759897828102, 0.08623120188713074, 0.11936900019645691, -1.0, -1.0, 0.05931359902024269, 0.07548020035028458, 0.10595499724149704], "alert_name": null, "observatory": ["Liam Hardy pt5m", "Liam Hardy pt5m", "Liam Hardy pt5m", "Liam Hardy pt5m", "Liam Hardy pt5m", "Liam Hardy pt5m", "Liam Hardy pt5m", "Liam Hardy pt5m", "Liam Hardy pt5m"], "caliberr": [0.1991329938173294, 0.17272000014781952, 0.1748650074005127, 0.05292519927024841, 0.11342299729585648, 0.23718200623989105, 0.07493309676647186, 0.06124119833111763, 0.0929206982254982], "mag": [17.63249969482422, 17.7460994720459, 17.56130027770996, 18.136999130249023, 19.138099670410156, 19.01569938659668, 17.893600463867188, 18.022899627685547, 18.136199951171875], "catalog": ["SDSS", "SDSS", "SDSS", "APASS", "APASS", "APASS", "APASS", "APASS", "APASS"], "filter": ["R", "R", "R", "B", "B", "B", "V", "V", "V"], "id": [126315, 126838, 127234, 126313, 126836, 127232, 126314, 126837, 127233]}