{"mjd": [57573.9321468, 57574.9115813, 57573.9321468, 57574.9115813], "magerr": [0.006899999920278788, 0.007499999832361937, 0.007799999788403511, 0.00860000029206276], "alert_name": null, "observatory": ["Mercator Geneva Grou", "Mercator Geneva Grou", "Mercator Geneva Grou", "Mercator Geneva Grou"], "caliberr": [0.39560502767562866, 0.38304197788238525, 0.37882739305496216, 0.355032742023468], "mag": [18.68201446533203, 18.65415382385254, 17.992013931274414, 17.936376571655273], "catalog": ["USNO", "USNO", "USNO", "USNO"], "filter": ["B2pg", "B2pg", "R2pg", "R2pg"], "id": [39210, 39286, 39211, 39287]}