{"mjd": [58817.14256, 58817.136505, 58817.139532, 58879.059074074, 58879.0606134259, 58904.1319791665], "magerr": [0.1412300020456314, -1.0, -1.0, -1.0, -1.0, -1.0], "alert_name": null, "observatory": ["Liam Hardy pt5m", "Liam Hardy pt5m", "Liam Hardy pt5m", "IST60,Tolga Guver", "IST60,Tolga Guver", "IST60,Tolga Guver"], "caliberr": [0.17226600646972656, 0.20246000587940216, 0.13882599771022797, 0.09913960099220276, 0.009999999776482582, 0.06363389641046524], "mag": [18.740800857543945, 18.3523006439209, 19.350900650024414, 17.292999267578125, 16.703899383544922, 16.45800018310547], "catalog": ["SDSS", "APASS", "APASS", "APASS", "APASS", "APASS"], "filter": ["R", "B", "V", "g", "g", "r"], "id": [173567, 173565, 173566, 187038, 187039, 187037]}