{"mjd": [57808.98771, 57808.994807, 57809.001905, 57832.023675, 57832.03077, 57832.037874], "magerr": [-1.0, -1.0, -1.0, -1.0, -1.0, -1.0], "alert_name": null, "observatory": ["OmicronC2PU JPRivet", "OmicronC2PU JPRivet", "OmicronC2PU JPRivet", "OmicronC2PU JPRivet", "OmicronC2PU JPRivet", "OmicronC2PU JPRivet"], "caliberr": [0.05613042414188385, 0.05628334358334541, 0.05721493065357208, 0.12945251166820526, 0.10861644148826599, 0.11078715324401855], "mag": [23.612770080566406, 22.733646392822266, 22.939380645751953, 22.465784072875977, 22.93000602722168, 22.404125213623047], "catalog": ["APASS", "APASS", "APASS", "APASS", "APASS", "APASS"], "filter": ["r", "r", "r", "r", "r", "r"], "id": [68105, 68106, 68107, 68165, 68166, 68167]}