{"mjd": [57999.045232, 57988.982968, 57999.057165, 57988.988791, 57988.989553, 57999.061731], "magerr": [-1.0, -1.0, -1.0, -1.0, -1.0, -1.0], "alert_name": null, "observatory": ["Liam Hardy pt5m", "Liam Hardy pt5m", "Liam Hardy pt5m", "Liam Hardy pt5m", "Liam Hardy pt5m", "Liam Hardy pt5m"], "caliberr": [0.06562670320272446, 0.12224899977445602, 0.07610400021076202, 0.1292240023612976, 0.1292240023612976, 0.048448700457811356], "mag": [19.121999740600586, 17.61050033569336, 19.219200134277344, 18.99570083618164, 18.99570083618164, 20.60770034790039], "catalog": ["APASS", "APASS", "APASS", "APASS", "APASS", "APASS"], "filter": ["B", "V", "V", "r", "r", "r"], "id": [82706, 82213, 82707, 82163, 82214, 82708]}