{"mjd": [58545.996541, 58546.001103, 58546.005661], "magerr": [-1.0, 0.13736799359321594, -1.0], "alert_name": null, "observatory": ["Liam Hardy pt5m", "Liam Hardy pt5m", "Liam Hardy pt5m"], "caliberr": [0.055643100291490555, 0.04379360005259514, 0.058747999370098114], "mag": [18.626300811767578, 18.229000091552734, 19.47369956970215], "catalog": ["APASS", "APASS", "APASS"], "filter": ["B", "V", "r"], "id": [142999, 143000, 143001]}