{"mjd": [58130.246035, 58140.223063, 58130.241318, 58123.201273, 58123.206181], "magerr": [-1.0, -1.0, -1.0, -1.0, -1.0], "alert_name": null, "observatory": ["Liam Hardy pt5m", "Liam Hardy pt5m", "Liam Hardy pt5m", "Liam Hardy pt5m", "Liam Hardy pt5m"], "caliberr": [0.14348389208316803, 0.14918696880340576, 0.03758819028735161, 0.05755995213985443, 0.010000000707805157], "mag": [20.20149803161621, 20.121849060058594, 19.905704498291016, 19.85024642944336, 20.006973266601562], "catalog": ["SDSS", "SDSS", "APASS", "APASS", "APASS"], "filter": ["R", "R", "V", "i", "i"], "id": [98037, 98699, 98036, 97712, 97713]}