{"mjd": [58269.0870833, 58269.0928877], "magerr": [-1.0, -1.0], "alert_name": null, "observatory": ["PIRATE Meredith Morr", "PIRATE Meredith Morr"], "caliberr": [0.0782632976770401, 0.043807901442050934], "mag": [19.929100036621094, 20.082000732421875], "catalog": ["APASS", "APASS"], "filter": ["g", "r"], "id": [142183, 142206]}