{"mjd": [58678.039409, 58691.929666, 58697.941811, 58678.030299, 58691.921221, 58697.932687, 58678.034858, 58691.925789, 58697.937242], "magerr": [0.0637195035815239, 0.11729300022125244, -1.0, 0.09708739817142487, -1.0, -1.0, 0.07365159690380096, 0.12166599929332733, -1.0], "alert_name": null, "observatory": ["Liam Hardy pt5m", "Liam Hardy pt5m", "Liam Hardy pt5m", "Liam Hardy pt5m", "Liam Hardy pt5m", "Liam Hardy pt5m", "Liam Hardy pt5m", "Liam Hardy pt5m", "Liam Hardy pt5m"], "caliberr": [0.13973599672317505, 0.14979900419712067, 0.15320700407028198, 0.10846299678087234, 0.08900909870862961, 0.12791000306606293, 0.12406100332736969, 0.1104390025138855, 0.14401300251483917], "mag": [17.815099716186523, 18.767099380493164, 19.798799514770508, 17.97800064086914, 19.53529930114746, 19.74370002746582, 18.11910057067871, 18.986000061035156, 19.755800247192383], "catalog": ["SDSS", "SDSS", "SDSS", "APASS", "APASS", "APASS", "APASS", "APASS", "APASS"], "filter": ["R", "R", "R", "B", "B", "B", "V", "V", "V"], "id": [158506, 160305, 161168, 158504, 160303, 161166, 158505, 160304, 161167]}