{"mjd": [58639.094261, 58644.125756, 58639.098824, 58644.130313, 58639.103379, 58644.134871], "magerr": [-1.0, -1.0, -1.0, -1.0, 0.13544900715351105, -1.0], "alert_name": null, "observatory": ["Liam Hardy pt5m", "Liam Hardy pt5m", "Liam Hardy pt5m", "Liam Hardy pt5m", "Liam Hardy pt5m", "Liam Hardy pt5m"], "caliberr": [0.030963800847530365, 0.04504140093922615, 0.06456000357866287, 0.07269600033760071, 0.10990100353956223, 0.09367310255765915], "mag": [19.37929916381836, 19.826000213623047, 19.354299545288086, 19.70330047607422, 19.607999801635742, 20.03339958190918], "catalog": ["APASS", "APASS", "APASS", "APASS", "APASS", "APASS"], "filter": ["B", "B", "V", "V", "r", "r"], "id": [154251, 154921, 154271, 154922, 154272, 154923]}