{"mjd": [57844.8423785, 57844.8441835, 57844.8459885, 57845.9014683, 57845.9032733, 57845.9050784, 57846.8442529, 57846.846058, 57846.847863, 57848.8574379, 57848.8592429, 57848.861048, 57844.8479792, 57844.8497843, 57844.8515895, 57845.9070708, 57845.9088759, 57845.9106811, 57846.8498533, 57846.8516584, 57846.8534635, 57848.8630379, 57848.8648434, 57848.8666486, 57844.8535788, 57844.8553838, 57844.857189, 57845.9126726, 57845.9144778, 57845.9162827, 57846.8554592, 57846.8572643, 57846.8590697, 57848.8686406, 57848.8704457, 57848.8722518, 57844.8592933, 57844.8610984, 57844.8629034, 57846.861123, 57846.8629281, 57846.8647333, 57848.8742416, 57848.8760467, 57848.8778517], "magerr": [0.008299999870359898, 0.008500000461935997, 0.00839999970048666, 0.011599999852478504, 0.011699999682605267, 0.011900000274181366, 0.01590000092983246, 0.01600000075995922, 0.016300000250339508, 0.01720000058412552, 0.017100000753998756, 0.01720000058412552, 0.006599999964237213, 0.006599999964237213, 0.006800000090152025, 0.00989999994635582, 0.00989999994635582, 0.009700000286102295, 0.014600000344216824, 0.014499999582767487, 0.014499999582767487, 0.012799999676644802, 0.013500000350177288, 0.014100000262260437, 0.0044999998062849045, 0.0044999998062849045, 0.004600000102072954, 0.006399999838322401, 0.006599999964237213, 0.006500000134110451, 0.01140000019222498, 0.011900000274181366, 0.011699999682605267, 0.010200000368058681, 0.010300000198185444, 0.010300000198185444, 0.004699999932199717, 0.004699999932199717, 0.004699999932199717, 0.013899999670684338, 0.01360000018030405, 0.013199999928474426, 0.011300000362098217, 0.011599999852478504, 0.011300000362098217], "alert_name": null, "observatory": ["ObsMontsec-Umut Burg", "ObsMontsec-Umut Burg", "ObsMontsec-Umut Burg", "ObsMontsec-Umut Burg", "ObsMontsec-Umut Burg", "ObsMontsec-Umut Burg", "ObsMontsec-Umut Burg", "ObsMontsec-Umut Burg", "ObsMontsec-Umut Burg", "ObsMontsec-Umut Burg", "ObsMontsec-Umut Burg", "ObsMontsec-Umut Burg", "ObsMontsec-Umut Burg", "ObsMontsec-Umut Burg", "ObsMontsec-Umut Burg", "ObsMontsec-Umut Burg", "ObsMontsec-Umut Burg", "ObsMontsec-Umut Burg", "ObsMontsec-Umut Burg", "ObsMontsec-Umut Burg", "ObsMontsec-Umut Burg", "ObsMontsec-Umut Burg", "ObsMontsec-Umut Burg", "ObsMontsec-Umut Burg", "ObsMontsec-Umut Burg", "ObsMontsec-Umut Burg", "ObsMontsec-Umut Burg", "ObsMontsec-Umut Burg", "ObsMontsec-Umut Burg", "ObsMontsec-Umut Burg", "ObsMontsec-Umut Burg", "ObsMontsec-Umut Burg", "ObsMontsec-Umut Burg", "ObsMontsec-Umut Burg", "ObsMontsec-Umut Burg", "ObsMontsec-Umut Burg", "ObsMontsec-Umut Burg", "ObsMontsec-Umut Burg", "ObsMontsec-Umut Burg", "ObsMontsec-Umut Burg", "ObsMontsec-Umut Burg", "ObsMontsec-Umut Burg", "ObsMontsec-Umut Burg", "ObsMontsec-Umut Burg", "ObsMontsec-Umut Burg"], "caliberr": [0.05328800156712532, 0.057423900812864304, 0.05681909993290901, 0.052451398223638535, 0.05362290143966675, 0.05997280031442642, 0.05551670119166374, 0.07427319884300232, 0.0657431036233902, 0.0589090995490551, 0.0610756017267704, 0.05944019928574562, 0.05311739817261696, 0.05203370004892349, 0.05214240029454231, 0.04281559959053993, 0.026585299521684647, 0.027006300166249275, 0.010595999658107758, 0.009999999776482582, 0.009999999776482582, 0.0209369994699955, 0.044881898909807205, 0.05065980181097984, 0.013278800062835217, 0.01027309987694025, 0.015143799595534801, 0.014195499941706657, 0.014933500438928604, 0.018621500581502914, 0.012667099945247173, 0.014359899796545506, 0.014863099902868271, 0.014926699921488762, 0.022013099864125252, 0.012704400345683098, 0.06411220133304596, 0.04361860081553459, 0.04361860081553459, 0.0600133016705513, 0.06280960142612457, 0.05831670016050339, 0.05659350007772446, 0.049516599625349045, 0.05281880125403404], "mag": [15.361900329589844, 15.358400344848633, 15.361100196838379, 15.295499801635742, 15.336999893188477, 15.333600044250488, 15.495599746704102, 15.477800369262695, 15.477800369262695, 15.443599700927734, 15.424099922180176, 15.359399795532227, 14.652600288391113, 14.626899719238281, 14.616999626159668, 14.661100387573242, 14.680800437927246, 14.695500373840332, 14.848400115966797, 14.812399864196777, 14.866999626159668, 14.617899894714355, 14.674300193786621, 14.702899932861328, 14.328100204467773, 14.314299583435059, 14.31309986114502, 14.464099884033203, 14.449700355529785, 14.454700469970703, 14.607199668884277, 14.577500343322754, 14.563599586486816, 14.353699684143066, 14.371500015258789, 14.306300163269043, 13.956999778747559, 13.946599960327148, 13.946599960327148, 14.199999809265137, 14.20829963684082, 14.136500358581543, 13.914600372314453, 13.940999984741211, 13.883999824523926], "catalog": ["APASS", "APASS", "APASS", "APASS", "APASS", "APASS", "APASS", "APASS", "APASS", "APASS", "APASS", "APASS", "APASS", "APASS", "APASS", "APASS", "APASS", "APASS", "APASS", "APASS", "APASS", "APASS", "APASS", "APASS", "APASS", "APASS", "APASS", "APASS", "APASS", "APASS", "APASS", "APASS", "APASS", "APASS", "APASS", "APASS", "APASS", "APASS", "APASS", "APASS", "APASS", "APASS", "APASS", "APASS", "APASS"], "filter": ["B", "B", "B", "B", "B", "B", "B", "B", "B", "B", "B", "B", "V", "V", "V", "V", "V", "V", "V", "V", "V", "V", "V", "V", "r", "r", "r", "r", "r", "r", "r", "r", "r", "r", "r", "r", "i", "i", "i", "i", "i", "i", "i", "i", "i"], "id": [69368, 69369, 69370, 69361, 69362, 69363, 69380, 69381, 69382, 69955, 69956, 69957, 69371, 69372, 69373, 69364, 69331, 69332, 69383, 69344, 69345, 69958, 69959, 69960, 69374, 69375, 69376, 69365, 69366, 69367, 69346, 69347, 69348, 69961, 69962, 69963, 69377, 69378, 69379, 69349, 69350, 69351, 69964, 69965, 69966]}