{"mjd": [58382.929872, 58394.016781, 58377.025922, 58382.934446, 58394.021357, 58382.938274, 58394.025936], "magerr": [-1.0, -1.0, 0.03514211252331734, -1.0, -1.0, -1.0, -1.0], "alert_name": null, "observatory": ["Liam Hardy pt5m", "Liam Hardy pt5m", "Liam Hardy pt5m", "Liam Hardy pt5m", "Liam Hardy pt5m", "Liam Hardy pt5m", "Liam Hardy pt5m"], "caliberr": [0.12966904044151306, 0.14979277551174164, 0.06506480276584625, 0.06992734223604202, 0.06251228600740433, 0.12919048964977264, 0.12246336787939072], "mag": [18.63050079345703, 20.124313354492188, 16.834081649780273, 19.10066795349121, 19.266878128051758, 20.494138717651367, 20.80190086364746], "catalog": ["APASS", "APASS", "APASS", "APASS", "APASS", "APASS", "APASS"], "filter": ["B", "B", "V", "V", "V", "r", "r"], "id": [120880, 121782, 120078, 120881, 121783, 120882, 121784]}