{"mjd": [58438.019984, 58438.025308, 58438.02987], "magerr": [-1.0, -1.0, -1.0], "alert_name": null, "observatory": ["Liam Hardy pt5m", "Liam Hardy pt5m", "Liam Hardy pt5m"], "caliberr": [0.06183059886097908, 0.05122070014476776, 0.05668190121650696], "mag": [18.64349937438965, 19.505399703979492, 19.75119972229004], "catalog": ["APASS", "APASS", "APASS"], "filter": ["B", "V", "r"], "id": [126465, 126466, 126467]}