{"mjd": [59459.20397, 59467.225364, 59459.221339, 59467.229919], "magerr": [-1.0, -1.0, -1.0, -1.0], "alert_name": null, "observatory": ["Liam Hardy pt5m", "Liam Hardy pt5m", "Liam Hardy pt5m", "Liam Hardy pt5m"], "caliberr": [0.11978686600923538, 0.11332641541957855, 0.09540975093841553, 0.09734844416379929], "mag": [18.43773078918457, 19.120832443237305, 18.787708282470703, 18.934246063232422], "catalog": ["APASS", "APASS", "APASS", "APASS"], "filter": ["B", "B", "V", "V"], "id": [232264, 232944, 232265, 232945]}