{"mjd": [57160.911129, 57160.900603, 57160.892124, 57160.1245923], "magerr": [0.0820000022649765, 0.05900000035762787, 0.052000001072883606, 0.006099999882280827], "alert_name": null, "observatory": ["Loiano,M.Pawlak", "Loiano,M.Pawlak", "Loiano,M.Pawlak", "Euler Geneva Group"], "caliberr": [0.43650177121162415, 0.481749564409256, 0.33298492431640625, 0.13386933505535126], "mag": [20.44844627380371, 19.581666946411133, 19.386672973632812, 18.074796676635742], "catalog": ["SDSS", "SDSS", "SDSS", "APASS"], "filter": ["g", "r", "i", "r"], "id": [22906, 22904, 22905, 22764]}