{"mjd": [59283.214799, 59299.176129, 59285.23906, 59299.180683, 59285.24209], "magerr": [-1.0, -1.0, -1.0, 0.10001907497644424, -1.0], "alert_name": null, "observatory": ["Liam Hardy pt5m", "Liam Hardy pt5m", "Liam Hardy pt5m", "Liam Hardy pt5m", "Liam Hardy pt5m"], "caliberr": [0.1767914742231369, 0.15882952511310577, 0.10820705443620682, 0.10926353186368942, 0.23394396901130676], "mag": [18.855688095092773, 19.323867797851562, 15.58306884765625, 17.31355094909668, 16.21900177001953], "catalog": ["APASS", "APASS", "APASS", "APASS", "APASS"], "filter": ["B", "B", "V", "V", "r"], "id": [213733, 215883, 213869, 215884, 213870]}