{"mjd": [58679.123925, 58699.109921, 58679.128485, 58699.114486, 58679.133046, 58699.119049], "magerr": [0.003017954993993044, 0.0030233811121433973, 0.002093931660056114, 0.0019979975186288357, 0.0015808532480150461, 0.0015164997894316912], "alert_name": null, "observatory": ["Liam Hardy pt5m", "Liam Hardy pt5m", "Liam Hardy pt5m", "Liam Hardy pt5m", "Liam Hardy pt5m", "Liam Hardy pt5m"], "caliberr": [0.19238686561584473, 0.232988640666008, 0.0960930734872818, 0.08594498783349991, 0.08858981728553772, 0.07841017842292786], "mag": [12.765033721923828, 12.659865379333496, 12.641866683959961, 12.642613410949707, 12.604470252990723, 12.621013641357422], "catalog": ["APASS", "APASS", "APASS", "APASS", "APASS", "APASS"], "filter": ["B", "B", "V", "V", "r", "r"], "id": [158630, 161363, 158631, 161364, 158632, 161365]}