{"mjd": [58633.934771, 58611.988958, 58611.992741, 58611.995776], "magerr": [0.06652242690324783, 0.0686890035867691, 0.03750305622816086, 0.041129037737846375], "alert_name": null, "observatory": ["Liam Hardy pt5m", "Liam Hardy pt5m", "Liam Hardy pt5m", "Liam Hardy pt5m"], "caliberr": [0.1843010038137436, 0.06625457108020782, 0.05457742512226105, 0.10856783390045166], "mag": [17.85093116760254, 17.964061737060547, 17.617324829101562, 17.44611167907715], "catalog": ["SDSS", "SDSS", "SDSS", "SDSS"], "filter": ["r", "B", "V", "R"], "id": [153619, 151986, 151987, 151988]}