{"mjd": [58316.8706485, 58316.8612287, 58316.8857978], "magerr": [0.024000000208616257, 0.020999999716877937, 0.039000000804662704], "alert_name": null, "observatory": ["OHP Michel Dennefeld", "OHP Michel Dennefeld", "OHP Michel Dennefeld"], "caliberr": [0.08681713044643402, 0.06121319532394409, 0.10909576714038849], "mag": [18.66495132446289, 18.47275733947754, 18.912744522094727], "catalog": ["APASS", "APASS", "APASS"], "filter": ["B", "r", "i"], "id": [108902, 108903, 108904]}