{"mjd": [58327.003793, 58327.00834, 58327.012878], "magerr": [-1.0, -1.0, 0.09158840030431747], "alert_name": null, "observatory": ["Liam Hardy pt5m", "Liam Hardy pt5m", "Liam Hardy pt5m"], "caliberr": [0.12813700735569, 0.17483800649642944, 0.16044199466705322], "mag": [19.761899948120117, 19.231300354003906, 16.571300506591797], "catalog": ["APASS", "APASS", "APASS"], "filter": ["B", "V", "r"], "id": [115912, 115913, 115914]}