{"mjd": [59110.071655, 59110.063306, 59110.067865], "magerr": [0.01608479954302311, 0.1028750017285347, 0.024414699524641037], "alert_name": null, "observatory": ["Liam Hardy pt5m", "Liam Hardy pt5m", "Liam Hardy pt5m"], "caliberr": [0.12321700155735016, 0.017947200685739517, 0.13484999537467957], "mag": [14.983499526977539, 17.22130012512207, 15.595999717712402], "catalog": ["SDSS", "APASS", "APASS"], "filter": ["R", "B", "V"], "id": [199178, 199176, 199177]}