{"mjd": [58315.032939, 58315.023863, 58321.983391, 58315.028406, 58321.987932, 58321.992461], "magerr": [-1.0, -1.0, -1.0, -1.0, -1.0, -1.0], "alert_name": null, "observatory": ["Liam Hardy pt5m", "Liam Hardy pt5m", "Liam Hardy pt5m", "Liam Hardy pt5m", "Liam Hardy pt5m", "Liam Hardy pt5m"], "caliberr": [0.12126273661851883, 0.12213276326656342, 0.1004653349518776, 0.07186783105134964, 0.058419134467840195, 0.06973742693662643], "mag": [19.824079513549805, 19.55988121032715, 19.49960708618164, 19.844900131225586, 19.053857803344727, 19.249691009521484], "catalog": ["SDSS", "APASS", "APASS", "APASS", "APASS", "APASS"], "filter": ["R", "B", "B", "V", "V", "r"], "id": [114398, 114383, 115493, 114390, 115494, 115495]}