{"mjd": [58749.241959], "magerr": [-1.0], "alert_name": null, "observatory": ["Liam Hardy pt5m"], "caliberr": [0.18495699763298035], "mag": [18.812000274658203], "catalog": ["APASS"], "filter": ["B"], "id": [165299]}