{"mjd": [59109.848328], "magerr": [-1.0], "alert_name": null, "observatory": ["Liam Hardy pt5m"], "caliberr": [0.1288750022649765], "mag": [18.711000442504883], "catalog": ["APASS"], "filter": ["V"], "id": [199153]}