{"mjd": [58655.196564, 58655.187466, 58655.192016], "magerr": [0.08006779849529266, -1.0, 0.08435370028018951], "alert_name": null, "observatory": ["Liam Hardy pt5m", "Liam Hardy pt5m", "Liam Hardy pt5m"], "caliberr": [0.25668299198150635, 0.22599899768829346, 0.07942889630794525], "mag": [18.30190086364746, 19.46380043029785, 18.431499481201172], "catalog": ["SDSS", "APASS", "APASS"], "filter": ["R", "B", "V"], "id": [156134, 156132, 156133]}