{"mjd": [58452.253469, 58459.051889, 58472.109117, 58452.245129, 58466.239066, 58472.100002, 58452.248918, 58459.047365, 58472.104565], "magerr": [0.03585980087518692, -1.0, 0.05224980041384697, -1.0, -1.0, -1.0, 0.05844229832291603, -1.0, 0.09163349866867065], "alert_name": null, "observatory": ["Liam Hardy pt5m", "Liam Hardy pt5m", "Liam Hardy pt5m", "Liam Hardy pt5m", "Liam Hardy pt5m", "Liam Hardy pt5m", "Liam Hardy pt5m", "Liam Hardy pt5m", "Liam Hardy pt5m"], "caliberr": [0.12113600224256516, 0.09330230206251144, 0.10626199841499329, 0.11904700100421906, 0.040274299681186676, 0.015741299837827682, 0.009999999776482582, 0.009999999776482582, 0.009999999776482582], "mag": [17.191299438476562, 17.62380027770996, 17.495899200439453, 18.99370002746582, 18.711999893188477, 19.22100067138672, 17.518999099731445, 16.560100555419922, 18.114299774169922], "catalog": ["SDSS", "SDSS", "SDSS", "APASS", "APASS", "APASS", "APASS", "APASS", "APASS"], "filter": ["R", "R", "R", "B", "B", "B", "V", "V", "V"], "id": [126873, 127278, 128651, 126871, 128142, 128649, 126872, 127277, 128650]}