{"mjd": [58582.126975, 58563.115441, 58582.117869, 58563.12002, 58582.122427, 58563.124567], "magerr": [-1.0, -1.0, -1.0, -1.0, -1.0, -1.0], "alert_name": null, "observatory": ["Liam Hardy pt5m", "Liam Hardy pt5m", "Liam Hardy pt5m", "Liam Hardy pt5m", "Liam Hardy pt5m", "Liam Hardy pt5m"], "caliberr": [0.07045628130435944, 0.010000036098062992, 0.009999999776482582, 0.09784740209579468, 0.06563876569271088, 0.28503185510635376], "mag": [19.96223258972168, 19.88429832458496, 19.395992279052734, 19.310495376586914, 19.78355598449707, 18.582857131958008], "catalog": ["SDSS", "APASS", "APASS", "APASS", "APASS", "APASS"], "filter": ["R", "B", "B", "V", "V", "r"], "id": [150284, 147725, 150282, 147726, 150283, 147727]}