{"mjd": [58642.929546, 58642.920451, 58642.925006], "magerr": [0.023610200732946396, 0.03272189944982529, 0.03043689951300621], "alert_name": null, "observatory": ["Liam Hardy pt5m", "Liam Hardy pt5m", "Liam Hardy pt5m"], "caliberr": [0.13578900694847107, 0.06277640163898468, 0.02181820012629032], "mag": [17.079500198364258, 17.06760025024414, 17.31369972229004], "catalog": ["SDSS", "APASS", "APASS"], "filter": ["R", "B", "V"], "id": [154807, 154805, 154806]}