{"mjd": [59468.011051], "magerr": [0.06330125778913498], "alert_name": null, "observatory": ["Liam Hardy pt5m"], "caliberr": [0.2521286606788635], "mag": [16.936349868774414], "catalog": ["PS1"], "filter": ["r"], "id": [232989]}