{"mjd": [58005.046761, 58011.988078, 58005.051319, 58011.992761, 58005.055882, 58011.996629], "magerr": [0.03439111262559891, 0.035870589315891266, 0.030163101851940155, 0.0326952300965786, 0.02694820798933506, 0.057999249547719955], "alert_name": null, "observatory": ["Liam Hardy pt5m", "Liam Hardy pt5m", "Liam Hardy pt5m", "Liam Hardy pt5m", "Liam Hardy pt5m", "Liam Hardy pt5m"], "caliberr": [0.05129147320985794, 0.0522860549390316, 0.034373946487903595, 0.051636554300785065, 0.025923332199454308, 0.047450751066207886], "mag": [16.925987243652344, 17.497451782226562, 16.764236450195312, 17.2766056060791, 16.880126953125, 17.2935791015625], "catalog": ["APASS", "APASS", "APASS", "APASS", "APASS", "APASS"], "filter": ["B", "B", "V", "V", "r", "r"], "id": [82913, 83533, 82914, 83534, 82915, 83535]}