{"mjd": [58409.5356435, 58409.550862, 58409.5378329, 58409.5636349], "magerr": [0.08238822966814041, 0.09401348233222961, 0.11920033395290375, 0.5363737940788269], "alert_name": null, "observatory": ["LCOGT2m, F.Lewis", "LCOGT2m, F.Lewis", "LCOGT2m, F.Lewis", "LCOGT2m, F.Lewis"], "caliberr": [0.04918266832828522, 0.10322441160678864, 0.04482425004243851, 0.02738683484494686], "mag": [18.28631019592285, 18.30544662475586, 18.23468017578125, 18.737773895263672], "catalog": ["APASS", "APASS", "APASS", "APASS"], "filter": ["V", "V", "i", "i"], "id": [122830, 122831, 122832, 122834]}