{"mjd": [59082.179243, 59095.143202, 59082.183796, 59095.14776, 59082.18835, 59095.15231], "magerr": [-1.0, -1.0, -1.0, -1.0, 0.060106001794338226, 0.08505050092935562], "alert_name": null, "observatory": ["Liam Hardy pt5m", "Liam Hardy pt5m", "Liam Hardy pt5m", "Liam Hardy pt5m", "Liam Hardy pt5m", "Liam Hardy pt5m"], "caliberr": [0.06693080067634583, 0.1076980009675026, 0.039682500064373016, 0.04640619829297066, 0.04059600085020065, 0.0668502002954483], "mag": [19.284400939941406, 18.3346004486084, 19.43440055847168, 18.683799743652344, 17.657800674438477, 17.506200790405273], "catalog": ["APASS", "APASS", "APASS", "APASS", "APASS", "APASS"], "filter": ["B", "B", "V", "V", "r", "r"], "id": [196774, 198150, 196775, 198151, 196776, 198152]}