{"mjd": [58349.205661, 58362.162807, 58349.210208, 58362.167355, 58349.214754, 58362.171897], "magerr": [0.011658599600195885, -1.0, 0.009725909680128098, -1.0, 0.008263950236141682, -1.0], "alert_name": null, "observatory": ["Liam Hardy pt5m", "Liam Hardy pt5m", "Liam Hardy pt5m", "Liam Hardy pt5m", "Liam Hardy pt5m", "Liam Hardy pt5m"], "caliberr": [0.07526449859142303, 0.07146020233631134, 0.042427901178598404, 0.026909800246357918, 0.04825130105018616, 0.07510779798030853], "mag": [15.447099685668945, 19.04640007019043, 15.515800476074219, 18.949899673461914, 15.65470027923584, 19.21150016784668], "catalog": ["APASS", "APASS", "APASS", "APASS", "APASS", "APASS"], "filter": ["B", "B", "V", "V", "r", "r"], "id": [118220, 115073, 118221, 115074, 118222, 115075]}