{"mjd": [58452.984944, 58457.945011, 58452.989516, 58457.962975, 58452.994089, 58457.967525], "magerr": [-1.0, -1.0, -1.0, -1.0, -1.0, -1.0], "alert_name": null, "observatory": ["Liam Hardy pt5m", "Liam Hardy pt5m", "Liam Hardy pt5m", "Liam Hardy pt5m", "Liam Hardy pt5m", "Liam Hardy pt5m"], "caliberr": [0.08446014672517776, 0.23049676418304443, 0.11191397160291672, 0.11220299452543259, 0.10270533710718155, 0.09257128834724426], "mag": [19.017616271972656, 18.159687042236328, 19.847652435302734, 18.363039016723633, 19.758256912231445, 19.380706787109375], "catalog": ["APASS", "APASS", "APASS", "APASS", "APASS", "APASS"], "filter": ["B", "B", "V", "V", "r", "r"], "id": [126892, 127218, 126893, 127219, 126894, 127220]}