{"mjd": [58452.081614, 58458.068856, 58467.036199, 58452.086174, 58458.073414, 58467.040769, 58452.090726, 58458.07796, 58467.045329], "magerr": [-1.0, -1.0, -1.0, -1.0, -1.0, -1.0, 0.1192459985613823, -1.0, -1.0], "alert_name": null, "observatory": ["Liam Hardy pt5m", "Liam Hardy pt5m", "Liam Hardy pt5m", "Liam Hardy pt5m", "Liam Hardy pt5m", "Liam Hardy pt5m", "Liam Hardy pt5m", "Liam Hardy pt5m", "Liam Hardy pt5m"], "caliberr": [0.07003460079431534, 0.33072298765182495, 0.0872109979391098, 0.0683813989162445, 0.1525460034608841, 0.06683749705553055, 0.057434000074863434, 0.11262399703264236, 0.10129299759864807], "mag": [19.086299896240234, 18.219499588012695, 18.990999221801758, 19.302900314331055, 17.216899871826172, 19.256900787353516, 18.52389907836914, 18.1200008392334, 19.48349952697754], "catalog": ["APASS", "APASS", "APASS", "APASS", "APASS", "APASS", "APASS", "APASS", "APASS"], "filter": ["B", "B", "B", "V", "V", "V", "r", "r", "r"], "id": [126847, 127243, 128259, 126848, 127244, 128260, 126849, 127245, 128261]}