{"mjd": [59081.065572, 59081.056453, 59081.061026], "magerr": [0.03812754899263382, -1.0, 0.07754342257976532], "alert_name": null, "observatory": ["Liam Hardy pt5m", "Liam Hardy pt5m", "Liam Hardy pt5m"], "caliberr": [0.1104934811592102, 0.06481277197599411, 0.010000000707805157], "mag": [17.68344497680664, 18.78452491760254, 18.080516815185547], "catalog": ["SDSS", "APASS", "APASS"], "filter": ["R", "B", "V"], "id": [196616, 196614, 196615]}