{"mjd": [58520.7389547, 58520.7405211, 58521.7174758, 58521.7487751, 58521.7503498, 58524.6470983, 58524.6486623, 58525.6316772, 58525.6332436, 58526.6946436, 58526.6962086, 58520.7355205, 58520.7370867, 58521.7138177, 58521.7153916, 58521.7451189, 58521.7466832, 58523.634238, 58523.6358105, 58524.6434438, 58524.6450156, 58525.6280227, 58525.629589, 58526.6909917, 58526.6925687, 58519.17076389, 58519.17659722, 58519.17950231, 58519.29575231, 58519.29866898, 58519.30158565, 58519.30449074, 58520.17368056, 58520.17659722, 58520.17950231, 58520.34021991, 58520.34604167, 58520.35186343, 58521.16788194, 58521.17371528, 58521.36648148, 58521.36939815, 58521.37231481, 58521.37521991, 58521.37813657, 58522.16802083, 58522.17092593, 58522.17384259, 58522.17675926, 58522.17967593, 58522.30267361, 58522.30559028, 58522.30849537, 58522.31141204, 58522.31431713, 58523.32844907, 58523.33136574, 58523.33428241, 58524.17380787, 58524.34760417, 58524.35925926, 58521.17371528, 58521.36648148, 58521.37231481, 58521.37521991, 58521.37813657, 58522.16802083, 58522.17092593, 58522.31141204, 58522.31431713, 58523.3371875, 58524.35052083, 58519.1678588, 58519.17076389, 58519.17368056, 58519.17659722, 58519.17950231, 58519.29284722, 58519.29575231, 58519.29866898, 58519.30158565, 58519.30449074, 58520.1678588, 58520.17368056, 58520.17950231, 58520.34313657, 58520.34895833, 58520.35186343, 58521.16788194, 58521.17079861, 58521.17371528, 58521.17662037, 58521.17953704, 58521.36648148, 58521.36939815, 58521.37231481, 58521.37521991, 58521.37813657, 58522.17092593, 58522.17384259, 58522.17675926, 58522.17967593, 58522.30267361, 58522.30559028, 58522.30849537, 58522.31141204, 58522.31431713, 58523.32844907, 58523.33136574, 58523.33428241, 58524.16798611, 58524.1708912, 58524.17380787, 58524.17672454, 58524.17962963, 58524.34760417, 58524.35052083, 58524.3534375, 58524.35634259, 58524.35925926], "magerr": [0.03480000048875809, 0.04439999908208847, 0.009499999694526196, 0.011900000274181366, 0.010999999940395355, 0.010900000110268593, 0.01140000019222498, 0.009200000204145908, 0.00860000029206276, 0.03420000150799751, 0.03269999846816063, 0.015399999916553497, 0.018300000578165054, 0.006099999882280827, 0.007499999832361937, 0.006000000052154064, 0.0066999997943639755, 0.014499999582767487, 0.014000000432133675, 0.006399999838322401, 0.0066999997943639755, 0.007400000002235174, 0.006099999882280827, 0.013799999840557575, 0.016100000590085983, 0.10980000346899033, 0.1501999944448471, -1.0, 0.11020000278949738, 0.10130000114440918, 0.0835999995470047, 0.10620000213384628, 0.12849999964237213, 0.12060000002384186, 0.15680000185966492, 0.14079999923706055, 0.1251000016927719, 0.09520000219345093, 0.10260000079870224, 0.12049999833106995, 0.14219999313354492, 0.12269999831914902, 0.10740000009536743, 0.2069000005722046, -1.0, 0.19220000505447388, 0.12960000336170197, 0.11330000311136246, 0.11879999935626984, 0.15610000491142273, 0.11620000004768372, 0.1273999959230423, 0.10189999639987946, 0.13580000400543213, 0.26350000500679016, 0.13420000672340393, 0.1348000019788742, 0.1428000032901764, 0.15299999713897705, 0.09290000051259995, 0.13580000400543213, 0.0754999965429306, 0.10930000245571136, 0.13269999623298645, 0.28029999136924744, -1.0, 0.1347000002861023, 0.07150000333786011, 0.07460000365972519, 0.12610000371932983, 0.0771000012755394, 0.06350000202655792, 0.06129999831318855, 0.06300000101327896, 0.09700000286102295, 0.06650000065565109, 0.07270000129938126, 0.04360000044107437, 0.04569999873638153, 0.04500000178813934, 0.05310000106692314, 0.048900000751018524, 0.09269999712705612, 0.07410000264644623, 0.09600000083446503, 0.06759999692440033, 0.04560000076889992, 0.05849999934434891, 0.05939999967813492, 0.05260000005364418, 0.06840000301599503, 0.26409998536109924, -1.0, 0.0820000022649765, 0.07240000367164612, 0.05959999933838844, 0.10769999772310257, -1.0, 0.06669999659061432, 0.07500000298023224, 0.0640999972820282, 0.06469999998807907, 0.07419999688863754, 0.07620000094175339, 0.11089999973773956, 0.10379999876022339, 0.1590999960899353, 0.06589999794960022, 0.0835999995470047, 0.08060000091791153, 0.06350000202655792, 0.08839999884366989, 0.07289999723434448, 0.06469999998807907, 0.07810000330209732, 0.07959999889135361, 0.058400001376867294, 0.058800000697374344, 0.05400000140070915, 0.06480000168085098], "alert_name": null, "observatory": ["LCOGT1m, Kris Rybick", "LCOGT1m, Kris Rybick", "LCOGT1m, Kris Rybick", "LCOGT1m, Kris Rybick", "LCOGT1m, Kris Rybick", "LCOGT1m, Kris Rybick", "LCOGT1m, Kris Rybick", "LCOGT1m, Kris Rybick", "LCOGT1m, Kris Rybick", "LCOGT1m, Kris Rybick", "LCOGT1m, Kris Rybick", "LCOGT1m, Kris Rybick", "LCOGT1m, Kris Rybick", "LCOGT1m, Kris Rybick", "LCOGT1m, Kris Rybick", "LCOGT1m, Kris Rybick", "LCOGT1m, Kris Rybick", "LCOGT1m, Kris Rybick", "LCOGT1m, Kris Rybick", "LCOGT1m, Kris Rybick", "LCOGT1m, Kris Rybick", "LCOGT1m, Kris Rybick", "LCOGT1m, Kris Rybick", "LCOGT1m, Kris Rybick", "LCOGT1m, Kris Rybick", "REM Pawel Zielinski", "REM Pawel Zielinski", "REM Pawel Zielinski", "REM Pawel Zielinski", "REM Pawel Zielinski", "REM Pawel Zielinski", "REM Pawel Zielinski", "REM Pawel Zielinski", "REM Pawel Zielinski", "REM Pawel Zielinski", "REM Pawel Zielinski", "REM Pawel Zielinski", "REM Pawel Zielinski", "REM Pawel Zielinski", "REM Pawel Zielinski", "REM Pawel Zielinski", "REM Pawel Zielinski", "REM Pawel Zielinski", "REM Pawel Zielinski", "REM Pawel Zielinski", "REM Pawel Zielinski", "REM Pawel Zielinski", "REM Pawel Zielinski", "REM Pawel Zielinski", "REM Pawel Zielinski", "REM Pawel Zielinski", "REM Pawel Zielinski", "REM Pawel Zielinski", "REM Pawel Zielinski", "REM Pawel Zielinski", "REM Pawel Zielinski", "REM Pawel Zielinski", "REM Pawel Zielinski", "REM Pawel Zielinski", "REM Pawel Zielinski", "REM Pawel Zielinski", "REM Pawel Zielinski", "REM Pawel Zielinski", "REM Pawel Zielinski", "REM Pawel Zielinski", "REM Pawel Zielinski", "REM Pawel Zielinski", "REM Pawel Zielinski", "REM Pawel Zielinski", "REM Pawel Zielinski", "REM Pawel Zielinski", "REM Pawel Zielinski", "REM Pawel Zielinski", "REM Pawel Zielinski", "REM Pawel Zielinski", "REM Pawel Zielinski", "REM Pawel Zielinski", "REM Pawel Zielinski", "REM Pawel Zielinski", "REM Pawel Zielinski", "REM Pawel Zielinski", "REM Pawel Zielinski", "REM Pawel Zielinski", "REM Pawel Zielinski", "REM Pawel Zielinski", "REM Pawel Zielinski", "REM Pawel Zielinski", "REM Pawel Zielinski", "REM Pawel Zielinski", "REM Pawel Zielinski", "REM Pawel Zielinski", "REM Pawel Zielinski", "REM Pawel Zielinski", "REM Pawel Zielinski", "REM Pawel Zielinski", "REM Pawel Zielinski", "REM Pawel Zielinski", "REM Pawel Zielinski", "REM Pawel Zielinski", "REM Pawel Zielinski", "REM Pawel Zielinski", "REM Pawel Zielinski", "REM Pawel Zielinski", "REM Pawel Zielinski", "REM Pawel Zielinski", "REM Pawel Zielinski", "REM Pawel Zielinski", "REM Pawel Zielinski", "REM Pawel Zielinski", "REM Pawel Zielinski", "REM Pawel Zielinski", "REM Pawel Zielinski", "REM Pawel Zielinski", "REM Pawel Zielinski", "REM Pawel Zielinski", "REM Pawel Zielinski", "REM Pawel Zielinski", "REM Pawel Zielinski", "REM Pawel Zielinski", "REM Pawel Zielinski"],