{"mjd": [59320.1359], "magerr": [-1.0], "alert_name": null, "observatory": ["Liam Hardy pt5m"], "caliberr": [0.01765912026166916], "mag": [18.249319076538086], "catalog": ["APASS"], "filter": ["B"], "id": [217625]}