{"mjd": [58859.200569, 58859.197541], "magerr": [-1.0, -1.0], "alert_name": null, "observatory": ["Liam Hardy pt5m", "Liam Hardy pt5m"], "caliberr": [0.07588754594326019, 0.010018127970397472], "mag": [19.57883071899414, 18.51078987121582], "catalog": ["SDSS", "APASS"], "filter": ["R", "V"], "id": [175191, 175190]}