{"mjd": [59264.185316, 59264.189895, 59264.19444], "magerr": [-1.0, -1.0, -1.0], "alert_name": null, "observatory": ["Liam Hardy pt5m", "Liam Hardy pt5m", "Liam Hardy pt5m"], "caliberr": [0.047724299132823944, 0.035276301205158234, 0.009999999776482582], "mag": [18.63909912109375, 19.050899505615234, 19.500499725341797], "catalog": ["APASS", "APASS", "APASS"], "filter": ["B", "V", "r"], "id": [213091, 213092, 213093]}