{"mjd": [58769.189714, 58776.177723, 58780.253029, 58776.168589, 58780.243916, 58776.173171, 58780.248481], "magerr": [0.037659309804439545, 0.03431054204702377, 0.030470602214336395, 0.08580195903778076, 0.09248940646648407, 0.053196460008621216, 0.04853825271129608], "alert_name": null, "observatory": ["Liam Hardy pt5m", "Liam Hardy pt5m", "Liam Hardy pt5m", "Liam Hardy pt5m", "Liam Hardy pt5m", "Liam Hardy pt5m", "Liam Hardy pt5m"], "caliberr": [0.218677818775177, 0.2983675003051758, 0.09575483202934265, 0.009999999776482582, 0.17094112932682037, 0.009999999776482582, 0.01596047729253769], "mag": [17.471899032592773, 17.133609771728516, 17.311185836791992, 17.83629608154297, 17.972042083740234, 17.576475143432617, 17.6590633392334], "catalog": ["SDSS", "SDSS", "SDSS", "APASS", "APASS", "APASS", "APASS"], "filter": ["R", "R", "R", "B", "B", "V", "V"], "id": [168003, 168613, 170084, 168611, 170082, 168612, 170083]}