{"mjd": [57597.7859800002, 57597.7897299998, 57597.79354, 57599.8791399999, 57599.8830900001, 57597.8125700001, 57597.8171299999, 57599.8673999999, 57599.8699599998, 57599.8738299999, 57599.8920100001, 57599.8880699999, 57597.7984500001, 57597.80198, 57597.8060900001, 57594.801405, 57594.816091, 57594.805388, 57594.822512, 57594.811799, 57594.826305, 57793.145057, 57793.214629, 57822.206615, 57877.984551, 57879.126907, 57793.221427, 57822.213356, 57877.991274, 57879.133626, 57822.179478, 57879.113178, 57793.207956, 57822.198774, 57877.978904, 57879.120125, 57909.959662, 57909.96522], "magerr": [0.021800000220537186, 0.014800000004470348, 0.011500000022351742, 0.0142000000923872, 0.016100000590085983, 0.014100000262260437, 0.012799999676644802, 0.08560000360012054, 0.02019999921321869, 0.01899999938905239, 0.11699999868869781, 0.09210000187158585, 0.05849999934434891, 0.05530000105500221, 0.061799999326467514, 0.01360000018030405, 0.013399999588727951, 0.020800000056624413, 0.01730000041425228, 0.04340000078082085, 0.04520000144839287, -1.0, -1.0, -1.0, -1.0, -1.0, -1.0, -1.0, -1.0, -1.0, -1.0, -1.0, -1.0, -1.0, -1.0, -1.0, -1.0, -1.0], "alert_name": null, "observatory": ["BAS NAO 2m Rozhen", "BAS NAO 2m Rozhen", "BAS NAO 2m Rozhen", "BAS NAO 2m Rozhen", "BAS NAO 2m Rozhen", "BAS NAO 2m Rozhen", "BAS NAO 2m Rozhen", "BAS NAO 2m Rozhen", "BAS NAO 2m Rozhen", "BAS NAO 2m Rozhen", "BAS NAO 2m Rozhen", "BAS NAO 2m Rozhen", "BAS NAO 2m Rozhen", "BAS NAO 2m Rozhen", "BAS NAO 2m Rozhen", "T100,Hasan Esenoglu", "T100,Hasan Esenoglu", "T100,Hasan Esenoglu", "T100,Hasan Esenoglu", "T100,Hasan Esenoglu", "T100,Hasan Esenoglu", "Liam Hardy pt5m", "Liam Hardy pt5m", "Liam Hardy pt5m", "Liam Hardy pt5m", "Liam Hardy pt5m", "Liam Hardy pt5m", "Liam Hardy pt5m", "Liam Hardy pt5m", "Liam Hardy pt5m", "Liam Hardy pt5m", "Liam Hardy pt5m", "Liam Hardy pt5m", "Liam Hardy pt5m", "Liam Hardy pt5m", "Liam Hardy pt5m", "Liam Hardy pt5m", "Liam Hardy pt5m"], "caliberr": [0.17502406239509583, 0.15226906538009644, 0.1597048044204712, 0.27679410576820374, 0.22268164157867432, 0.09332452714443207, 0.0977063700556755, 0.04194067418575287, 0.07724794000387192, 0.061406124383211136, 0.2547818124294281, 0.25166040658950806, 0.33802077174186707, 0.3108239471912384, 0.18803086876869202, 0.07673197984695435, 0.07773078233003616, 0.2428649514913559, 0.27717241644859314, 0.26884129643440247, 0.2973409593105316, 0.07205862551927567, 0.16096727550029755, 0.15550221502780914, 0.15997548401355743, 0.11040732264518738, 0.12964746356010437, 0.15287992358207703, 0.1799241453409195, 0.14539499580860138, 0.14443877339363098, 0.03968994319438934, 0.06375981867313385, 0.026620609685778618, 0.020454933866858482, 0.03658179193735123, 0.42512351274490356, 0.29016342759132385], "mag": [18.262958526611328, 18.22376823425293, 18.173080444335938, 18.20379638671875, 18.277912139892578, 18.027692794799805, 18.007577896118164, 17.989404678344727, 18.15500831604004, 18.165300369262695, 20.213144302368164, 19.71840476989746, 18.977994918823242, 18.926301956176758, 18.99028205871582, 18.151107788085938, 18.11921501159668, 17.940048217773438, 17.948640823364258, 18.70818328857422, 18.714740753173828, 19.39263153076172, 19.729917526245117, 19.76201629638672, 20.171119689941406, 20.25264549255371, 18.764326095581055, 19.000642776489258, 21.170705795288086, 18.865814208984375, 19.367284774780273, 18.965803146362305, 19.459285736083984, 19.545963287353516, 19.62909507751465, 19.982999801635742, 18.97252082824707, 18.175914764404297], "catalog": ["SDSS", "SDSS", "SDSS", "SDSS", "SDSS", "APASS", "APASS", "APASS", "APASS", "APASS", "APASS", "APASS", "APASS", "APASS", "APASS", "APASS", "APASS", "APASS", "APASS", "APASS", "APASS", "SDSS", "SDSS", "SDSS", "SDSS", "SDSS", "SDSS", "SDSS", "SDSS", "SDSS", "APASS", "APASS", "APASS", "APASS", "APASS", "APASS", "APASS", "APASS"], "filter": ["R", "R", "R", "R", "R", "V", "V", "V", "V", "V", "V", "r", "i", "i", "i", "g", "g", "r", "r", "i", "i", "B", "R", "R", "R", "R", "I", "I", "I", "I", "B", "B", "V", "V", "V", "V", "r", "i"], "id": [50952, 50954, 50956, 50960, 50963, 50957, 50958, 50965, 50966, 50962, 50961, 50964, 50955, 50953, 50959, 42040, 42041, 42042, 42043, 42044, 42045, 66593, 66595, 67455, 72940, 73278, 66596, 67456, 72941, 73279, 67453, 73276, 66594, 67454, 72939, 73277, 75972, 75973]}