{"mjd": [58769.011574, 58769.002468, 58769.007022], "magerr": [0.005079519934952259, 0.006010869983583689, 0.005478870123624802], "alert_name": null, "observatory": ["Liam Hardy pt5m", "Liam Hardy pt5m", "Liam Hardy pt5m"], "caliberr": [0.24202199280261993, 0.17230099439620972, 0.07753369957208633], "mag": [14.412699699401855, 14.193900108337402, 14.295900344848633], "catalog": ["SDSS", "APASS", "APASS"], "filter": ["R", "B", "V"], "id": [167969, 167967, 167968]}