{"mjd": [59216.269519, 59216.260272, 59216.264888], "magerr": [-1.0, -1.0, -1.0], "alert_name": null, "observatory": ["Liam Hardy pt5m", "Liam Hardy pt5m", "Liam Hardy pt5m"], "caliberr": [0.08037169277667999, 0.07937243580818176, 0.12881432473659515], "mag": [18.427335739135742, 18.114891052246094, 19.413997650146484], "catalog": ["SDSS", "APASS", "APASS"], "filter": ["R", "B", "V"], "id": [209215, 209213, 209214]}