{"mjd": [56600.08963, 56600.091076, 56601.108356, 56601.109803, 56602.084097, 56602.085544, 56603.087743, 56603.08919, 56604.078808, 56604.080255, 56581.138264, 56581.139711, 56584.191782, 56584.193218, 56586.124387, 56586.125833, 56587.121551, 56587.122998, 56588.118958, 56588.120405, 56589.117731, 56600.086725, 56600.08816, 56601.10544, 56601.106887, 56602.081192, 56602.082639, 56603.084838, 56603.086273, 56604.075903, 56604.07735, 56581.141343, 56581.142095, 56584.194676, 56586.12728, 56586.128032, 56587.124456, 56587.125197, 56588.121852, 56588.122604, 56601.103924, 56601.104676, 56602.079664, 56602.080417, 56603.083125, 56603.083877, 56604.074387, 56604.075127, 56601.101933, 56601.102917, 56602.077685, 56602.078669, 56603.081134, 56603.082118, 56604.072211, 56604.073194, 56581.111771, 56581.16022, 56582.050312, 56581.119248, 56581.143843, 56581.127975, 56577.1169, 56577.1473, 56577.0974, 56577.1011, 56581.0289815972, 56581.0582637731, 56581.0883322917, 56606.9927070602, 56607.022710185, 56607.0527761574, 56607.0824179398, 56607.1121403934, 56581.0362751158, 56581.0659840279, 56581.0958611113, 56607.0304650464, 56607.0601247684, 56607.090165162, 56607.1198981483, 56581.0138537036, 56581.043589815, 56581.0736700231, 56606.9776284723, 56607.0073618055, 56607.037775347, 56607.0674321759, 56607.0974756945, 56584.08196], "magerr": [-1.0, -1.0, -1.0, -1.0, -1.0, -1.0, -1.0, -1.0, -1.0, -1.0, 0.04825970157980919, 0.04938409850001335, 0.07965119928121567, 0.07782509922981262, 0.05814779922366142, 0.057883501052856445, 0.06813439726829529, 0.06313929706811905, 0.07303330302238464, 0.06422270089387894, 0.08095990121364594, 0.07147219777107239, 0.07549940049648285, 0.08117669820785522, 0.08057449758052826, 0.11348100006580353, 0.1183829978108406, 0.08273109793663025, 0.08332300186157227, 0.08629079908132553, 0.0853303000330925, 0.0575203001499176, 0.05487700179219246, 0.07554540038108826, 0.06875590234994888, 0.07087679952383041, 0.076602503657341, 0.08676230162382126, 0.08935459703207016, 0.07812689989805222, 0.10097700357437134, 0.09353379905223846, 0.08203669637441635, 0.0864591971039772, 0.09895040094852448, 0.09278570115566254, 0.0850697010755539, 0.0926847979426384, -1.0, -1.0, -1.0, -1.0, -1.0, -1.0, -1.0, -1.0, 0.12800000607967377, 0.08100000023841858, 0.21799999475479126, 0.13199999928474426, 0.09200000017881393, 0.0860000029206276, 0.042899999767541885, 0.03669999912381172, 0.029200000688433647, 0.053199999034404755, 0.017999999225139618, 0.01360000018030405, 0.01360000018030405, -1.0, -1.0, -1.0, -1.0, -1.0, 0.01850000023841858, 0.01489999983459711, 0.014700000174343586, -1.0, -1.0, -1.0, -1.0, 0.018699999898672104, 0.013700000010430813, 0.013000000268220901, -1.0, 0.023399999365210533, 0.022700000554323196, 0.021400000900030136, 0.021900000050663948, 0.014000000432133675], "alert_name": null, "observatory": ["Stuart Littlefair, p", "Stuart Littlefair, p", "Stuart Littlefair, p", "Stuart Littlefair, p", "Stuart Littlefair, p", "Stuart Littlefair, p", "Stuart Littlefair, p", "Stuart Littlefair, p", "Stuart Littlefair, p", "Stuart Littlefair, p", "Stuart Littlefair, p", "Stuart Littlefair, p", "Stuart Littlefair, p", "Stuart Littlefair, p", "Stuart Littlefair, p", "Stuart Littlefair, p", "Stuart Littlefair, p", "Stuart Littlefair, p", "Stuart Littlefair, p", "Stuart Littlefair, p", "Stuart Littlefair, p", "Stuart Littlefair, p", "Stuart Littlefair, p", "Stuart Littlefair, p", "Stuart Littlefair, p", "Stuart Littlefair, p", "Stuart Littlefair, p", "Stuart Littlefair, p", "Stuart Littlefair, p", "Stuart Littlefair, p", "Stuart Littlefair, p", "Stuart Littlefair, p", "Stuart Littlefair, p", "Stuart Littlefair, p", "Stuart Littlefair, p", "Stuart Littlefair, p", "Stuart Littlefair, p", "Stuart Littlefair, p", "Stuart Littlefair, p", "Stuart Littlefair, p", "Stuart Littlefair, p", "Stuart Littlefair, p", "Stuart Littlefair, p", "Stuart Littlefair, p", "Stuart Littlefair, p", "Stuart Littlefair, p", "Stuart Littlefair, p", "Stuart Littlefair, p", "Stuart Littlefair, p", "Stuart Littlefair, p", "Stuart Littlefair, p", "Stuart Littlefair, p", "Stuart Littlefair, p", "Stuart Littlefair, p", "Stuart Littlefair, p", "Stuart Littlefair, p", "Ulrich Kolb, PIRATE,", "Ulrich Kolb, PIRATE,", "Ulrich Kolb, PIRATE,", "Ulrich Kolb, PIRATE,", "Ulrich Kolb, PIRATE,", "Ulrich Kolb, PIRATE,", "Giuseppe Leto APT2 C", "Giuseppe Leto APT2 C", "Giuseppe Leto APT2 C", "Giuseppe Leto APT2 C", "WiseC18-Yossi Shvart", "WiseC18-Yossi Shvart", "WiseC18-Yossi Shvart", "WiseC18-Yossi Shvart", "WiseC18-Yossi Shvart", "WiseC18-Yossi Shvart", "WiseC18-Yossi Shvart", "WiseC18-Yossi Shvart", "WiseC18-Yossi Shvart", "WiseC18-Yossi Shvart", "WiseC18-Yossi Shvart", "WiseC18-Yossi Shvart", "WiseC18-Yossi Shvart", "WiseC18-Yossi Shvart", "WiseC18-Yossi Shvart", "WiseC18-Yossi Shvart", "WiseC18-Yossi Shvart", "WiseC18-Yossi Shvart", "WiseC18-Yossi Shvart", "WiseC18-Yossi Shvart", "WiseC18-Yossi Shvart", "WiseC18-Yossi Shvart", "WiseC18-Yossi Shvart", "Ostrowik 0.6m Lukasz"], "caliberr": [0.02868329919874668, 0.08858460187911987, 0.03279229998588562, 0.06796109676361084, 0.05451609939336777, 0.05855080112814903, 0.06303709745407104, 0.06910459697246552, 0.08294879645109177, 0.14143100380897522, 0.009999999776482582, 0.07001149654388428, 0.010000200010836124, 0.009999999776482582, 0.03508530184626579, 0.03803129866719246, 0.009999999776482582, 0.009999999776482582, 0.04869820177555084, 0.023776700720191002, 0.05307300016283989, 0.009999999776482582, 0.016937900334596634, 0.05040699988603592, 0.03918280079960823, 0.10315900295972824, 0.06721209734678268, 0.03755659982562065, 0.010000400245189667, 0.04097149893641472, 0.054420698434114456, 0.06410019844770432, 0.06840810179710388, 0.047818999737501144, 0.04673289880156517, 0.04221099987626076, 0.02640789933502674, 0.06091339886188507, 0.04054339975118637, 0.036720700562000275, 0.03275350108742714, 0.014597699977457523, 0.009999999776482582, 0.08167070150375366, 0.009999999776482582, 0.0320281982421875, 0.009999999776482582, 0.019509099423885345, 0.06264679878950119, 0.0586806982755661, 0.08147180080413818, 0.1399639993906021, 0.1140419989824295, 0.13937300443649292, 0.08671870082616806, 0.09099320322275162, 0.07153470069169998, 0.04573360085487366, 0.0801227018237114, 0.06790190190076828, 0.07087209820747375, 0.04667529836297035, 0.03827749937772751, 0.0618400014936924, 0.01000010035932064, 0.09339260309934616, 0.05541529878973961, 0.057317301630973816, 0.0568511001765728, 0.06672179698944092, 0.06322579830884933, 0.06707529723644257, 0.06391780078411102, 0.06311249732971191, 0.05890659987926483, 0.060124900192022324, 0.05837870016694069, 0.05891089886426926, 0.05788020044565201, 0.05489800125360489, 0.057589199393987656, 0.060701899230480194, 0.05807130038738251, 0.0578623004257679, 0.060221701860427856, 0.058612000197172165, 0.055491700768470764, 0.06635680049657822, 0.05600849911570549, 0.3076690137386322],