{"mjd": [58621.01430556, 58621.01738426, 58633.04607639, 58650.0134838, 58650.01501157, 58650.01655093, 58652.04288194, 58652.0444213, 58621.00930555, 58621.01015046, 58650.00768519, 58650.00851852, 58650.00936343, 58652.03549769, 58652.03634259, 58633.04231482, 58634.99614583, 58650.01040509, 58650.01125, 58652.03825231, 58652.03909722, 58652.03994213], "magerr": [-1.0, -1.0, -1.0, 0.2402999997138977, 0.29089999198913574, -1.0, -1.0, 0.1688999980688095, 0.08739999681711197, 0.09669999778270721, 0.09059999883174896, 0.1315000057220459, 0.09950000047683716, -1.0, 0.09260000288486481, 0.0674000009894371, 0.07750000059604645, 0.08640000224113464, -1.0, 0.06920000165700912, 0.0706000030040741, 0.09489999711513519], "alert_name": null, "observatory": ["Jena GSH STK, P.Ziel", "Jena GSH STK, P.Ziel", "Jena GSH STK, P.Ziel", "Jena GSH STK, P.Ziel", "Jena GSH STK, P.Ziel", "Jena GSH STK, P.Ziel", "Jena GSH STK, P.Ziel", "Jena GSH STK, P.Ziel", "Jena GSH STK, P.Ziel", "Jena GSH STK, P.Ziel", "Jena GSH STK, P.Ziel", "Jena GSH STK, P.Ziel", "Jena GSH STK, P.Ziel", "Jena GSH STK, P.Ziel", "Jena GSH STK, P.Ziel", "Jena GSH STK, P.Ziel", "Jena GSH STK, P.Ziel", "Jena GSH STK, P.Ziel", "Jena GSH STK, P.Ziel", "Jena GSH STK, P.Ziel", "Jena GSH STK, P.Ziel", "Jena GSH STK, P.Ziel"], "caliberr": [0.40063926577568054, 0.39865797758102417, 0.43427351117134094, 0.43868035078048706, 0.4095178544521332, 0.45924901962280273, 0.4451720714569092, 0.4904184937477112, 0.26412898302078247, 0.32673031091690063, 0.357063889503479, 0.3336983323097229, 0.3479703664779663, 0.3464755415916443, 0.38325944542884827, 0.34492143988609314, 0.3059000074863434, 0.4376975893974304, 0.40606775879859924, 0.33076852560043335, 0.32395824790000916, 0.3417677879333496], "mag": [20.39739227294922, 20.44598960876465, 22.495147705078125, 18.783836364746094, 18.78580093383789, 20.691648483276367, 22.635438919067383, 18.17876434326172, 18.140357971191406, 17.964773178100586, 17.932125091552734, 18.121673583984375, 18.05201530456543, 20.159990310668945, 17.731853485107422, 17.233400344848633, 17.127731323242188, 17.47381019592285, 20.366321563720703, 17.258071899414062, 17.240219116210938, 17.397558212280273], "catalog": ["USNO", "USNO", "USNO", "USNO", "USNO", "USNO", "USNO", "USNO", "PS1", "PS1", "PS1", "PS1", "PS1", "PS1", "PS1", "PS1", "PS1", "PS1", "PS1", "PS1", "PS1", "PS1"], "filter": ["B2pg", "B2pg", "B2pg", "B2pg", "B2pg", "B2pg", "B2pg", "B2pg", "r", "r", "r", "r", "r", "r", "r", "i", "i", "i", "i", "i", "i", "i"], "id": [174317, 174320, 174265, 174211, 174214, 174216, 174189, 174191, 174318, 174319, 174210, 174213, 174215, 174176, 174178, 174264, 174294, 174209, 174212, 174175, 174177, 174179]}