{"mjd": [58512.214143, 58519.150677, 58519.141571, 58519.146127], "magerr": [0.025212299078702927, 0.033481698483228683, 0.09777790307998657, 0.04892589896917343], "alert_name": null, "observatory": ["Liam Hardy pt5m", "Liam Hardy pt5m", "Liam Hardy pt5m", "Liam Hardy pt5m"], "caliberr": [0.280007004737854, 0.11271800100803375, 0.009999999776482582, 0.060156699270009995], "mag": [16.69569969177246, 16.94219970703125, 17.804899215698242, 16.927499771118164], "catalog": ["SDSS", "SDSS", "APASS", "APASS"], "filter": ["R", "R", "B", "V"], "id": [130235, 130593, 130591, 130592]}