{"mjd": [58248.171156, 58256.152452, 58248.186691, 58256.166062, 58248.190473, 58256.170606], "magerr": [-1.0, -1.0, -1.0, -1.0, -1.0, -1.0], "alert_name": null, "observatory": ["Liam Hardy pt5m", "Liam Hardy pt5m", "Liam Hardy pt5m", "Liam Hardy pt5m", "Liam Hardy pt5m", "Liam Hardy pt5m"], "caliberr": [0.0527048222720623, 0.038116637617349625, 0.03924042358994484, 0.06065402179956436, 0.0420268252491951, 0.04364055395126343], "mag": [19.60041046142578, 19.356769561767578, 19.657455444335938, 19.813508987426758, 19.83408546447754, 20.568830490112305], "catalog": ["APASS", "APASS", "APASS", "APASS", "APASS", "APASS"], "filter": ["B", "B", "V", "V", "r", "r"], "id": [104897, 105281, 104898, 105282, 104899, 105283]}