{"mjd": [59122.065736, 59122.070296, 59122.074844], "magerr": [0.0073653701692819595, 0.0023773100692778826, 0.0010841799667105079], "alert_name": null, "observatory": ["Liam Hardy pt5m", "Liam Hardy pt5m", "Liam Hardy pt5m"], "caliberr": [0.10909400135278702, 0.032356299459934235, 0.05643380060791969], "mag": [14.182700157165527, 12.611800193786621, 11.53849983215332], "catalog": ["APASS", "APASS", "APASS"], "filter": ["B", "V", "r"], "id": [201613, 201614, 201615]}