{"mjd": [58493.167987, 58493.172529], "magerr": [0.0864279568195343, 0.049924157559871674], "alert_name": null, "observatory": ["Liam Hardy pt5m", "Liam Hardy pt5m"], "caliberr": [0.1356668770313263, 0.009999999776482582], "mag": [17.33527183532715, 16.465211868286133], "catalog": ["APASS", "APASS"], "filter": ["V", "r"], "id": [129739, 129740]}