{"mjd": [58605.05654, 58613.046934, 58605.046669, 58613.037831, 58605.051235, 58613.042387], "magerr": [-1.0, -1.0, 0.08448769897222519, 0.04479670152068138, 0.019293099641799927, -1.0], "alert_name": null, "observatory": ["Liam Hardy pt5m", "Liam Hardy pt5m", "Liam Hardy pt5m", "Liam Hardy pt5m", "Liam Hardy pt5m", "Liam Hardy pt5m"], "caliberr": [0.18493999540805817, 0.18065600097179413, 0.1426839977502823, 0.15387700498104095, 0.06791479885578156, 0.09415429830551147], "mag": [20.127500534057617, 19.842500686645508, 16.832799911499023, 15.505399703979492, 14.966300010681152, 20.997499465942383], "catalog": ["SDSS", "SDSS", "APASS", "APASS", "APASS", "APASS"], "filter": ["R", "R", "B", "B", "V", "V"], "id": [151465, 152067, 151463, 152065, 151464, 152066]}