{"mjd": [58559.197343, 58566.120337, 58559.201905, 58566.173184, 58559.206472, 58566.177743], "magerr": [-1.0, -1.0, -1.0, -1.0, -1.0, -1.0], "alert_name": null, "observatory": ["Liam Hardy pt5m", "Liam Hardy pt5m", "Liam Hardy pt5m", "Liam Hardy pt5m", "Liam Hardy pt5m", "Liam Hardy pt5m"], "caliberr": [0.11645399779081345, 0.19418899714946747, 0.1008090004324913, 0.12290800362825394, 0.24027100205421448, 0.13660800457000732], "mag": [18.958799362182617, 18.954599380493164, 20.125099182128906, 18.466100692749023, 19.628400802612305, 19.90239906311035], "catalog": ["APASS", "APASS", "APASS", "APASS", "APASS", "APASS"], "filter": ["B", "B", "V", "V", "r", "r"], "id": [147588, 148222, 147589, 148223, 147590, 148224]}