{"mjd": [58248.132377, 58256.112932, 58270.972219, 58248.123294, 58256.103855, 58270.9639, 58248.127848, 58256.108403, 58270.968443], "magerr": [0.026384500786662102, 0.03393959999084473, 0.03331179916858673, 0.09327410161495209, -1.0, 0.12499800324440002, 0.04413380101323128, 0.05849380046129227, 0.05880029872059822], "alert_name": null, "observatory": ["Liam Hardy pt5m", "Liam Hardy pt5m", "Liam Hardy pt5m", "Liam Hardy pt5m", "Liam Hardy pt5m", "Liam Hardy pt5m", "Liam Hardy pt5m", "Liam Hardy pt5m", "Liam Hardy pt5m"], "caliberr": [0.15586599707603455, 0.19028200209140778, 0.17587999999523163, 0.031214799731969833, 0.05226130038499832, 0.009999999776482582, 0.020215600728988647, 0.033938899636268616, 0.023943699896335602], "mag": [16.819299697875977, 16.87529945373535, 17.023799896240234, 17.989599227905273, 19.557300567626953, 18.626100540161133, 17.087799072265625, 17.458499908447266, 17.427200317382812], "catalog": ["SDSS", "SDSS", "SDSS", "APASS", "APASS", "APASS", "APASS", "APASS", "APASS"], "filter": ["R", "R", "R", "B", "B", "B", "V", "V", "V"], "id": [104890, 105274, 106020, 104888, 105272, 106018, 104889, 105273, 106019]}