{"mjd": [58863.977676, 58884.955257, 58863.967809, 58863.973128], "magerr": [0.022538699209690094, 0.055251698940992355, -1.0, 0.06923530250787735], "alert_name": null, "observatory": ["Liam Hardy pt5m", "Liam Hardy pt5m", "Liam Hardy pt5m", "Liam Hardy pt5m"], "caliberr": [0.11822099983692169, 0.35561200976371765, 0.15348100662231445, 0.09213119745254517], "mag": [16.878299713134766, 16.58679962158203, 19.169200897216797, 17.989099502563477], "catalog": ["SDSS", "SDSS", "APASS", "APASS"], "filter": ["R", "R", "B", "V"], "id": [175465, 177033, 175463, 175464]}