{"mjd": [58687.036653, 58689.039426, 58697.023415, 58703.999561, 58687.041223, 58697.027216, 58704.004918, 58687.045795, 58704.008039, 59020.0393912, 59020.05259028, 59020.04327662, 59020.05259028, 58869.6518845, 58807.2393418, 58808.2392362, 58808.2488162, 58810.1904172, 58810.2204465, 58813.2096892, 58815.2530445, 58817.2095502, 58825.1921991, 58825.2015162, 58828.2020246, 58829.1929572, 58830.1931283, 58831.1934779, 58807.2431986, 58808.2431014, 58808.2526762, 58810.2243112, 58813.2147082, 58815.2580624, 58817.2145624, 58825.1960485, 58825.2053748, 58828.2047247, 58829.1956602, 58830.1958359, 58831.1961833, 58931.6446428, 58937.6416058, 58941.6372902, 58958.5427274, 58961.5384835, 58964.6187866, 58967.5525534, 58975.4933165, 58978.6092384, 58998.5885523, 59004.4332662], "magerr": [-1.0, -1.0, -1.0, -1.0, -1.0, -1.0, -1.0, 0.10913600027561188, 0.1502559930086136, 0.029999999329447746, 0.02630000002682209, 0.016899999231100082, 0.016100000590085983, -1.0, 0.009999999776482582, 0.01979999989271164, 0.013500000350177288, 0.019200000911951065, 0.01510000042617321, 0.0066999997943639755, 0.007699999958276749, 0.009399999864399433, 0.011099999770522118, 0.010599999688565731, 0.01360000018030405, 0.016100000590085983, 0.012600000016391277, 0.023099999874830246, 0.003100000089034438, 0.004000000189989805, 0.0035000001080334187, 0.0032999999821186066, 0.0031999999191612005, 0.002899999963119626, 0.0035000001080334187, 0.003800000064074993, 0.003000000026077032, 0.004000000189989805, 0.004000000189989805, 0.0031999999191612005, 0.008500000461935997, 0.00800000037997961, 0.00559999980032444, 0.006200000178068876, 0.005400000140070915, 0.005799999926239252, 0.006000000052154064, 0.006300000008195639, 0.007799999788403511, 0.005200000014156103, 0.00570000009611249, 0.014399999752640724], "alert_name": null, "observatory": ["Liam Hardy pt5m", "Liam Hardy pt5m", "Liam Hardy pt5m", "Liam Hardy pt5m", "Liam Hardy pt5m", "Liam Hardy pt5m", "Liam Hardy pt5m", "Liam Hardy pt5m", "Liam Hardy pt5m", "Loiano, Felice Cusan", "Loiano, Felice Cusan", "Loiano, Felice Cusan", "Loiano, Felice Cusan", "Adiyaman60, Michal Z", "LCOGT2m, Etienne Bac", "LCOGT2m, Etienne Bac", "LCOGT2m, Etienne Bac", "LCOGT2m, Etienne Bac", "LCOGT2m, Etienne Bac", "LCOGT2m, Etienne Bac", "LCOGT2m, Etienne Bac", "LCOGT2m, Etienne Bac", "LCOGT2m, Etienne Bac", "LCOGT2m, Etienne Bac", "LCOGT2m, Etienne Bac", "LCOGT2m, Etienne Bac", "LCOGT2m, Etienne Bac", "LCOGT2m, Etienne Bac", "LCOGT2m, Etienne Bac", "LCOGT2m, Etienne Bac", "LCOGT2m, Etienne Bac", "LCOGT2m, Etienne Bac", "LCOGT2m, Etienne Bac", "LCOGT2m, Etienne Bac", "LCOGT2m, Etienne Bac", "LCOGT2m, Etienne Bac", "LCOGT2m, Etienne Bac", "LCOGT2m, Etienne Bac", "LCOGT2m, Etienne Bac", "LCOGT2m, Etienne Bac", "LCOGT2m, Etienne Bac", "LCOGT2m, Etienne Bac", "LCOGT2m, Etienne Bac", "LCOGT2m, Etienne Bac", "LCOGT2m, Etienne Bac", "LCOGT2m, Etienne Bac", "LCOGT2m, Etienne Bac", "LCOGT2m, Etienne Bac", "LCOGT2m, Etienne Bac", "LCOGT2m, Etienne Bac", "LCOGT2m, Etienne Bac", "LCOGT2m, Etienne Bac"], "caliberr": [0.12582899630069733, 0.14997200667858124, 0.1416880041360855, 0.12064199894666672, 0.051505301147699356, 0.05620750039815903, 0.08112320303916931, 0.1326570063829422, 0.12100800126791, 0.12656299769878387, 0.13440799713134766, 0.21945899724960327, 0.16951300203800201, 0.22109000384807587, 0.07212509959936142, 0.06606999784708023, 0.06755240261554718, 0.070107601583004, 0.068476103246212, 0.06831440329551697, 0.06918279826641083, 0.07167600095272064, 0.06889750063419342, 0.07196959853172302, 0.07328320294618607, 0.0710143968462944, 0.07460509985685349, 0.06977730244398117, 0.09955570101737976, 0.1022770032286644, 0.10050900280475616, 0.10092300176620483, 0.10223399847745895, 0.09867530316114426, 0.10336899757385254, 0.10394600033760071, 0.10466299951076508, 0.10096900165081024, 0.11018899828195572, 0.10359600186347961, 0.11156199872493744, 0.12264599651098251, 0.09935019910335541, 0.10879699885845184, 0.0971401035785675, 0.11547700315713882, 0.10889100283384323, 0.10176599770784378, 0.12174800038337708, 0.11820600181818008, 0.10941000282764435, 0.40547600388526917], "mag": [19.9375, 19.865699768066406, 19.674999237060547, 19.200700759887695, 19.573299407958984, 19.410999298095703, 19.589000701904297, 18.741600036621094, 18.93779945373535, 19.17020034790039, 19.0625, 17.84709930419922, 17.905099868774414, 20.239700317382812, 19.1289005279541, 19.13909912109375, 19.125900268554688, 19.067800521850586, 19.093900680541992, 18.993900299072266, 18.926300048828125, 18.87350082397461, 18.617900848388672, 18.62190055847168, 18.474599838256836, 18.431800842285156, 18.423099517822266, 18.346900939941406, 17.005599975585938, 16.984399795532227, 16.983600616455078, 16.943099975585938, 16.866899490356445, 16.810400009155273, 16.75979995727539, 16.51140022277832, 16.48889923095703, 16.371700286865234, 16.32740020751953, 16.28730010986328, 16.242599487304688, 17.826799392700195, 17.864500045776367, 17.866500854492188, 17.897499084472656, 17.891199111938477, 17.923799514770508, 17.910200119018555, 17.91629981994629, 17.930700302124023, 17.943599700927734, 18.612600326538086], "catalog": ["APASS", "APASS", "APASS", "APASS", "APASS", "APASS", "APASS", "APASS", "APASS", "APASS", "APASS", "APASS", "APASS", "APASS", "APASS", "APASS", "APASS", "APASS", "APASS", "APASS", "APASS", "APASS", "APASS", "APASS", "APASS", "APASS", "APASS", "APASS", "APASS", "APASS", "APASS", "APASS", "APASS", "APASS", "APASS", "APASS", "APASS", "APASS", "APASS", "APASS", "APASS", "APASS", "APASS", "APASS", "APASS", "APASS", "APASS", "APASS", "APASS", "APASS", "APASS", "PS1"], "filter": ["B", "B", "B", "B", "V", "V", "V", "r", "r", "r", "r", "i", "i", "g", "V", "V", "V", "V", "V", "V", "V", "V", "V", "V", "V", "V", "V", "V", "i", "i", "i", "i", "i", "i", "i", "i", "i", "i", "i", "i", "i", "i", "i", "i", "i", "i", "i", "i", "i", "i", "i", "i"], "id": [159865, 160041, 161058, 161912, 159866, 161059, 161913, 159867, 161914, 193622, 193624, 193623, 193625, 175932, 175598, 175600, 175602, 175604, 175605, 175607, 175609, 175611, 175613, 175615, 175617, 175619, 175621, 175623, 175599, 175601, 175603, 175606, 175608, 175610, 175612, 175614, 175616, 175618, 175620, 175622, 175624, 187169, 188301, 188302, 191171, 191616, 191618, 191619, 191784, 191785, 192890, 192891]}