{"mjd": [59345.16521, 59354.139981, 59345.169767, 59345.174327], "magerr": [0.02770528942346573, 0.04108496382832527, 0.01343297678977251, 0.009063485078513622], "alert_name": null, "observatory": ["Liam Hardy pt5m", "Liam Hardy pt5m", "Liam Hardy pt5m", "Liam Hardy pt5m"], "caliberr": [0.10962987691164017, 0.10918483883142471, 0.08862701058387756, 0.07723522186279297], "mag": [16.03471565246582, 15.96313762664795, 15.456510543823242, 15.224530220031738], "catalog": ["APASS", "APASS", "APASS", "APASS"], "filter": ["B", "B", "V", "r"], "id": [220775, 221185, 220776, 220777]}