{"mjd": [59081.97024, 59081.974798, 59081.97935], "magerr": [0.0720989853143692, 0.033221375197172165, 0.02238689363002777], "alert_name": null, "observatory": ["Liam Hardy pt5m", "Liam Hardy pt5m", "Liam Hardy pt5m"], "caliberr": [0.11090471595525742, 0.07095900177955627, 0.08751902729272842], "mag": [17.55927848815918, 16.638996124267578, 16.353181838989258], "catalog": ["APASS", "APASS", "APASS"], "filter": ["B", "V", "r"], "id": [196721, 196722, 196723]}