{"mjd": [59112.917541, 59112.917546, 59104.011136, 59112.922108, 59112.922109, 59104.028563, 59112.927995], "magerr": [-1.0, -1.0, -1.0, -1.0, -1.0, -1.0, -1.0], "alert_name": null, "observatory": ["Liam Hardy pt5m", "Liam Hardy pt5m", "Liam Hardy pt5m", "Liam Hardy pt5m", "Liam Hardy pt5m", "Liam Hardy pt5m", "Liam Hardy pt5m"], "caliberr": [0.1543779969215393, 0.1543779969215393, 0.2864319980144501, 0.09264169633388519, 0.09264169633388519, 0.0699286013841629, 0.09049849957227707], "mag": [18.095300674438477, 18.095300674438477, 15.208000183105469, 18.734399795532227, 18.734399795532227, 16.474700927734375, 19.035999298095703], "catalog": ["APASS", "APASS", "APASS", "APASS", "APASS", "APASS", "APASS"], "filter": ["B", "B", "V", "V", "V", "r", "r"], "id": [199543, 199612, 198893, 199613, 199544, 198894, 199614]}