{"mjd": [58811.266111, 58805.212622, 58811.269904], "magerr": [0.19024300575256348, -1.0, 0.11558499932289124], "alert_name": null, "observatory": ["Liam Hardy pt5m", "Liam Hardy pt5m", "Liam Hardy pt5m"], "caliberr": [0.08971960097551346, 0.162214994430542, 0.20534199476242065], "mag": [19.344499588012695, 18.37619972229004, 18.422800064086914], "catalog": ["SDSS", "SDSS", "SDSS"], "filter": ["V", "R", "R"], "id": [173229, 171726, 173230]}