{"mjd": [58649.144344, 58655.102785, 58662.122374, 58649.148916, 58655.107348, 58662.12543, 58649.153491, 58655.111916, 58662.131527], "magerr": [-1.0, -1.0, -1.0, -1.0, -1.0, -1.0, 0.1015779972076416, 0.09377030283212662, 0.08535359799861908], "alert_name": null, "observatory": ["Liam Hardy pt5m", "Liam Hardy pt5m", "Liam Hardy pt5m", "Liam Hardy pt5m", "Liam Hardy pt5m", "Liam Hardy pt5m", "Liam Hardy pt5m", "Liam Hardy pt5m", "Liam Hardy pt5m"], "caliberr": [0.18828800320625305, 0.09597700089216232, 0.1685670018196106, 0.04814910143613815, 0.03231029957532883, 0.036038801074028015, 0.07644840329885483, 0.07114390283823013, 0.07938169687986374], "mag": [19.080900192260742, 19.62459945678711, 20.797700881958008, 19.93269920349121, 22.909900665283203, 19.21769905090332, 19.338300704956055, 19.18079948425293, 19.242000579833984], "catalog": ["APASS", "APASS", "APASS", "APASS", "APASS", "APASS", "APASS", "APASS", "APASS"], "filter": ["B", "B", "B", "V", "V", "V", "r", "r", "r"], "id": [155456, 156114, 157017, 155457, 156115, 157018, 155458, 156116, 157019]}