{"mjd": [58546.011419, 58561.952519, 58546.01598, 58561.956326, 58546.020542, 58561.960882], "magerr": [-1.0, -1.0, -1.0, -1.0, -1.0, -1.0], "alert_name": null, "observatory": ["Liam Hardy pt5m", "Liam Hardy pt5m", "Liam Hardy pt5m", "Liam Hardy pt5m", "Liam Hardy pt5m", "Liam Hardy pt5m"], "caliberr": [0.07714159786701202, 0.11070799827575684, 0.05975459888577461, 0.09578630328178406, 0.08543349802494049, 0.10061199963092804], "mag": [18.95199966430664, 18.92140007019043, 19.364099502563477, 19.13960075378418, 19.705799102783203, 19.312700271606445], "catalog": ["APASS", "APASS", "APASS", "APASS", "APASS", "APASS"], "filter": ["B", "B", "V", "V", "r", "r"], "id": [143002, 147674, 143003, 147675, 143004, 147676]}