{"mjd": [58031.156772, 58045.252411, 58031.147659, 58039.228054, 58045.243293, 58031.152213, 58039.232622, 58045.247851], "magerr": [-1.0, 0.03163740038871765, -1.0, -1.0, -1.0, -1.0, -1.0, 0.061814699321985245], "alert_name": null, "observatory": ["Liam Hardy pt5m", "Liam Hardy pt5m", "Liam Hardy pt5m", "Liam Hardy pt5m", "Liam Hardy pt5m", "Liam Hardy pt5m", "Liam Hardy pt5m", "Liam Hardy pt5m"], "caliberr": [0.16213299334049225, 0.17523999512195587, 0.11364299803972244, 0.08555640280246735, 0.03988470137119293, 0.07048189640045166, 0.1407569944858551, 0.11008100211620331], "mag": [18.975200653076172, 16.888399124145508, 18.513399124145508, 17.872699737548828, 19.834400177001953, 18.721799850463867, 15.51509952545166, 17.41710090637207], "catalog": ["SDSS", "SDSS", "APASS", "APASS", "APASS", "APASS", "APASS", "APASS"], "filter": ["R", "R", "B", "B", "B", "V", "V", "V"], "id": [85343, 85755, 85341, 85655, 85753, 85342, 85656, 85754]}