{"mjd": [58597.221914, 58597.225715], "magerr": [-1.0, -1.0], "alert_name": null, "observatory": ["Liam Hardy pt5m", "Liam Hardy pt5m"], "caliberr": [0.08656519651412964, 0.08467940241098404], "mag": [19.39459991455078, 19.4242000579834], "catalog": ["APASS", "APASS"], "filter": ["B", "V"], "id": [150967, 150968]}