{"mjd": [59171.262721, 59171.258158], "magerr": [0.08361471444368362, -1.0], "alert_name": null, "observatory": ["Liam Hardy pt5m", "Liam Hardy pt5m"], "caliberr": [0.10214212536811829, 0.009999999776482582], "mag": [17.31740379333496, 18.5824031829834], "catalog": ["SDSS", "APASS"], "filter": ["R", "V"], "id": [206032, 206031]}