{"mjd": [58482.276684, 58482.267581, 58482.272134], "magerr": [-1.0, -1.0, -1.0], "alert_name": null, "observatory": ["Liam Hardy pt5m", "Liam Hardy pt5m", "Liam Hardy pt5m"], "caliberr": [0.07412459701299667, 0.009999999776482582, 0.01288320031017065], "mag": [19.48240089416504, 19.186899185180664, 19.416400909423828], "catalog": ["SDSS", "APASS", "APASS"], "filter": ["R", "B", "V"], "id": [129202, 129200, 129201]}