{"mjd": [59215.02672, 59215.031322, 59215.035893], "magerr": [0.10512469708919525, 0.04724971204996109, 0.032354798167943954], "alert_name": null, "observatory": ["Liam Hardy pt5m", "Liam Hardy pt5m", "Liam Hardy pt5m"], "caliberr": [0.07763057202100754, 0.026039646938443184, 0.05259297043085098], "mag": [17.30898666381836, 16.41851806640625, 16.233402252197266], "catalog": ["APASS", "APASS", "APASS"], "filter": ["B", "V", "r"], "id": [209166, 209167, 209168]}