{"mjd": [58234.994238, 58253.924924, 58227.001191, 58253.927186, 58227.006474, 58253.932459], "magerr": [-1.0, -1.0, 0.09785550087690353, -1.0, 0.09781920164823532, -1.0], "alert_name": null, "observatory": ["Liam Hardy pt5m", "Liam Hardy pt5m", "Liam Hardy pt5m", "Liam Hardy pt5m", "Liam Hardy pt5m", "Liam Hardy pt5m"], "caliberr": [0.009999999776482582, 0.1819469928741455, 0.13790099322795868, 0.11060500144958496, 0.2007029950618744, 0.21864700317382812], "mag": [17.960100173950195, 18.297000885009766, 17.93899917602539, 19.369600296020508, 18.145099639892578, 20.171600341796875], "catalog": ["APASS", "APASS", "APASS", "APASS", "APASS", "APASS"], "filter": ["B", "B", "V", "V", "r", "r"], "id": [104129, 105228, 103479, 105229, 103480, 105230]}