{"mjd": [58606.215875, 58614.12632, 58606.218927, 58614.130882, 58614.135451], "magerr": [-1.0, -1.0, -1.0, -1.0, 0.06928550451993942], "alert_name": null, "observatory": ["Liam Hardy pt5m", "Liam Hardy pt5m", "Liam Hardy pt5m", "Liam Hardy pt5m", "Liam Hardy pt5m"], "caliberr": [0.1030871644616127, 0.11848998069763184, 0.09444789588451385, 0.09868787974119186, 0.0967448279261589], "mag": [19.52048683166504, 19.281192779541016, 19.597026824951172, 19.609899520874023, 18.449161529541016], "catalog": ["APASS", "APASS", "APASS", "APASS", "APASS"], "filter": ["B", "B", "V", "V", "r"], "id": [151549, 152299, 151550, 152300, 152301]}