{"mjd": [58725.132705, 58740.13048, 58749.160231, 58725.137264, 58740.135064, 58749.173216, 58725.142583, 58740.139659, 58749.177772], "magerr": [-1.0, -1.0, -1.0, -1.0, -1.0, -1.0, 0.10109899938106537, -1.0, 0.14452600479125977], "alert_name": null, "observatory": ["Liam Hardy pt5m", "Liam Hardy pt5m", "Liam Hardy pt5m", "Liam Hardy pt5m", "Liam Hardy pt5m", "Liam Hardy pt5m", "Liam Hardy pt5m", "Liam Hardy pt5m", "Liam Hardy pt5m"], "caliberr": [0.07089880108833313, 0.42379701137542725, 0.04599260166287422, 0.039090000092983246, 0.048142798244953156, 0.059094298630952835, 0.056251801550388336, 0.12832799553871155, 0.09039489924907684], "mag": [19.16699981689453, 18.696800231933594, 19.335100173950195, 19.346200942993164, 19.18560028076172, 19.697099685668945, 19.065000534057617, 19.628400802612305, 19.302900314331055], "catalog": ["APASS", "APASS", "APASS", "APASS", "APASS", "APASS", "APASS", "APASS", "APASS"], "filter": ["B", "B", "B", "V", "V", "V", "r", "r", "r"], "id": [163509, 164397, 165281, 163510, 164398, 165282, 163511, 164399, 165283]}