{"mjd": [59014.000462, 59014.004018, 59014.007574, 59014.01113, 59014.934368, 59014.93792, 59014.941478, 59014.945034, 59017.99608, 59017.999636, 59018.003193, 59018.006748, 59023.004235, 59023.00779, 59023.011346, 59023.014901], "magerr": [0.03099999949336052, 0.030400000512599945, 0.026599999517202377, 0.02850000001490116, 0.021400000900030136, 0.021400000900030136, 0.02199999988079071, 0.020800000056624413, 0.029400000348687172, 0.02710000053048134, 0.026599999517202377, 0.026499999687075615, 0.013700000010430813, 0.014100000262260437, 0.013000000268220901, 0.014000000432133675], "alert_name": null, "observatory": ["OmicronC2PU JPRivet", "OmicronC2PU JPRivet", "OmicronC2PU JPRivet", "OmicronC2PU JPRivet", "OmicronC2PU JPRivet", "OmicronC2PU JPRivet", "OmicronC2PU JPRivet", "OmicronC2PU JPRivet", "OmicronC2PU JPRivet", "OmicronC2PU JPRivet", "OmicronC2PU JPRivet", "OmicronC2PU JPRivet", "OmicronC2PU JPRivet", "OmicronC2PU JPRivet", "OmicronC2PU JPRivet", "OmicronC2PU JPRivet"], "caliberr": [0.11694999784231186, 0.11678700149059296, 0.12789000570774078, 0.12450800091028214, 0.12857699394226074, 0.12631000578403473, 0.1322910040616989, 0.12488500028848648, 0.11865899711847305, 0.12668299674987793, 0.12850700318813324, 0.12411700189113617, 0.07767870277166367, 0.07568469643592834, 0.0725817009806633, 0.07229670137166977], "mag": [17.959199905395508, 17.888399124145508, 17.901899337768555, 17.918500900268555, 17.706600189208984, 17.734699249267578, 17.75670051574707, 17.71940040588379, 17.69659996032715, 17.701000213623047, 17.725400924682617, 17.680200576782227, 17.521799087524414, 17.544599533081055, 17.567800521850586, 17.575899124145508], "catalog": ["APASS", "APASS", "APASS", "APASS", "APASS", "APASS", "APASS", "APASS", "APASS", "APASS", "APASS", "APASS", "APASS", "APASS", "APASS", "APASS"], "filter": ["r", "r", "r", "r", "r", "r", "r", "r", "r", "r", "r", "r", "r", "r", "r", "r"], "id": [193261, 193262, 193263, 193264, 193311, 193312, 193313, 193314, 193345, 193346, 193347, 193348, 193493, 193494, 193495, 193496]}