{"mjd": [58471.280753, 58471.271641, 58471.2762], "magerr": [0.046991899609565735, 0.10360799729824066, 0.0789828971028328], "alert_name": null, "observatory": ["Liam Hardy pt5m", "Liam Hardy pt5m", "Liam Hardy pt5m"], "caliberr": [0.15880000591278076, 0.13542699813842773, 0.05125200003385544], "mag": [17.42690086364746, 18.172199249267578, 17.84160041809082], "catalog": ["SDSS", "APASS", "APASS"], "filter": ["R", "B", "V"], "id": [128577, 128575, 128576]}