{"mjd": [58249.138724, 58257.122318, 58249.12962, 58257.113227, 58249.134183, 58257.117775, 58267.991365, 58267.996649], "magerr": [0.09160744398832321, -1.0, 0.13664086163043976, -1.0, 0.11736900359392166, -1.0, -1.0, -1.0], "alert_name": null, "observatory": ["Liam Hardy pt5m", "Liam Hardy pt5m", "Liam Hardy pt5m", "Liam Hardy pt5m", "Liam Hardy pt5m", "Liam Hardy pt5m", "Liam Hardy pt5m", "Liam Hardy pt5m"], "caliberr": [0.10484293848276138, 0.1980530470609665, 0.048228826373815536, 0.0973556637763977, 0.09555279463529587, 0.08817543834447861, 0.2672123312950134, 0.3780064582824707], "mag": [18.563560485839844, 20.159984588623047, 18.754165649414062, 19.626407623291016, 18.79913330078125, 19.669206619262695, 18.333383560180664, 17.98858642578125], "catalog": ["SDSS", "SDSS", "APASS", "APASS", "APASS", "APASS", "APASS", "APASS"], "filter": ["R", "R", "B", "B", "V", "V", "V", "r"], "id": [104948, 105350, 104946, 105348, 104947, 105349, 105766, 105767]}