{"mjd": [58660.183234, 58660.174091, 58660.178679], "magerr": [-1.0, -1.0, -1.0], "alert_name": null, "observatory": ["Liam Hardy pt5m", "Liam Hardy pt5m", "Liam Hardy pt5m"], "caliberr": [0.16501499712467194, 0.18096600472927094, 0.08000429719686508], "mag": [19.687700271606445, 19.51959991455078, 19.5674991607666], "catalog": ["SDSS", "APASS", "APASS"], "filter": ["R", "B", "V"], "id": [156761, 156759, 156760]}