{"mjd": [57351.62941556713, 57351.64138138889, 57351.63386541667, 57351.64585023148, 57351.63761969908, 57351.64960196759], "magerr": [0.12800000607967377, 0.11299999803304672, -1.0, 0.11100000143051147, -1.0, -1.0], "alert_name": null, "observatory": ["LCOGT Gaia Alerts Gr", "LCOGT Gaia Alerts Gr", "LCOGT Gaia Alerts Gr", "LCOGT Gaia Alerts Gr", "LCOGT Gaia Alerts Gr", "LCOGT Gaia Alerts Gr"], "caliberr": [0.033167533576488495, 0.03791892156004906, 0.022845594212412834, 0.02187473513185978, 0.04032572731375694, 0.037882789969444275], "mag": [18.629079818725586, 18.35692596435547, 19.336027145385742, 18.440282821655273, 18.942699432373047, 19.161846160888672], "catalog": ["APASS", "APASS", "APASS", "APASS", "APASS", "APASS"], "filter": ["g", "g", "r", "r", "i", "i"], "id": [25370, 25373, 25371, 25374, 25372, 25375]}