{"mjd": [57633.139949001, 57634.067864001, 57633.115187001, 57633.128190001, 57633.143883002, 57634.056113001, 57633.117687001, 57633.132065001, 57634.059989002, 57633.120253001, 57633.136018001, 57634.063947001], "magerr": [0.014600000344216824, 0.01360000018030405, 0.009100000374019146, 0.007300000172108412, 0.009700000286102295, 0.007799999788403511, 0.011800000444054604, 0.00989999994635582, 0.010700000450015068, 0.010900000110268593, 0.009499999694526196, 0.009700000286102295], "alert_name": null, "observatory": ["GiuseppeAltavillaLoi", "GiuseppeAltavillaLoi", "GiuseppeAltavillaLoi", "GiuseppeAltavillaLoi", "GiuseppeAltavillaLoi", "GiuseppeAltavillaLoi", "GiuseppeAltavillaLoi", "GiuseppeAltavillaLoi", "GiuseppeAltavillaLoi", "GiuseppeAltavillaLoi", "GiuseppeAltavillaLoi", "GiuseppeAltavillaLoi"], "caliberr": [0.26285499334335327, 0.10158800333738327, 0.051986899226903915, 0.05770130082964897, 0.05049949884414673, 0.03672489896416664, 0.0336218997836113, 0.03440390154719353, 0.03150229901075363, 0.10974100232124329, 0.08473909646272659, 0.11926600337028503], "mag": [15.973999977111816, 16.10260009765625, 16.46489906311035, 16.44529914855957, 16.463899612426758, 16.489500045776367, 17.21139907836914, 17.22089958190918, 17.261999130249023, 16.164600372314453, 16.158700942993164, 16.19580078125], "catalog": ["SDSS", "SDSS", "SDSS", "SDSS", "SDSS", "SDSS", "APASS", "APASS", "APASS", "APASS", "APASS", "APASS"], "filter": ["z", "z", "R", "R", "R", "R", "g", "g", "g", "i", "i", "i"], "id": [43323, 43316, 43061, 43224, 43225, 43313, 43226, 43227, 43314, 43230, 43229, 43317]}