{"mjd": [58613.955207, 58606.00307, 58606.006862, 58613.961265, 58601.8507015, 58595.855792, 58596.8532431, 58601.8544012, 58601.8432929, 58603.8340367, 58596.8421365, 58603.8266277, 58585.84886, 58590.8583803, 58600.8571804, 58601.8469978, 58590.8546327, 58590.8423692, 58590.8509654, 58595.8520959, 58603.8303307, 58603.8414399, 58596.860653, 58596.8643594], "magerr": [0.03650999814271927, 0.0282795000821352, 0.019409099593758583, 0.025106800720095634, -1.0, -1.0, -1.0, -1.0, -1.0, -1.0, -1.0, -1.0, -1.0, -1.0, -1.0, -1.0, -1.0, -1.0, -1.0, 0.12690000236034393, -1.0, -1.0, -1.0, -1.0], "alert_name": null, "observatory": ["Liam Hardy pt5m", "Liam Hardy pt5m", "Liam Hardy pt5m", "Liam Hardy pt5m", "T60-Umut Burgaz", "T60-Umut Burgaz", "T60-Umut Burgaz", "T60-Umut Burgaz", "T60-Umut Burgaz", "T60-Umut Burgaz", "T60-Umut Burgaz", "T60-Umut Burgaz", "T60-Umut Burgaz", "T60-Umut Burgaz", "T60-Umut Burgaz", "T60-Umut Burgaz", "T60-Umut Burgaz", "T60-Umut Burgaz", "T60-Umut Burgaz", "T60-Umut Burgaz", "T60-Umut Burgaz", "T60-Umut Burgaz", "T60-Umut Burgaz", "T60-Umut Burgaz"], "caliberr": [0.03376929834485054, 0.1896039992570877, 0.3430509865283966, 0.18432499468326569, 0.2270369976758957, 0.111005999147892, 0.2700360119342804, 0.2133300006389618, 0.3467170000076294, 0.30310699343681335, 0.15731899440288544, 0.18875999748706818, 0.16425399482250214, 0.21555399894714355, 0.009999999776482582, 0.2611140012741089, 0.32372599840164185, 0.17706599831581116, 0.20305199921131134, 0.21112599968910217, 0.24867300689220428, 0.4649760127067566, 0.1286270022392273, 0.009999999776482582], "mag": [16.30579948425293, 16.287200927734375, 16.46030044555664, 15.718299865722656, 15.983799934387207, 16.405000686645508, 16.84160041809082, 16.859600067138672, 15.476400375366211, 16.845199584960938, 14.208399772644043, 15.239399909973145, 18.484399795532227, 22.447099685668945, 17.58060073852539, 16.682300567626953, 24.477100372314453, 23.183799743652344, 25.31049919128418, 16.72570037841797, 16.504199981689453, 17.100400924682617, 14.251500129699707, 14.075200080871582], "catalog": ["SDSS", "SDSS", "SDSS", "SDSS", "USNO", "USNO", "USNO", "USNO", "USNO", "USNO", "USNO", "USNO", "APASS", "APASS", "APASS", "APASS", "APASS", "APASS", "APASS", "APASS", "APASS", "APASS", "PS1", "PS1"], "filter": ["r", "V", "R", "R", "B1pg", "B2pg", "B2pg", "B2pg", "R1pg", "R1pg", "R2pg", "R2pg", "B", "V", "V", "V", "g", "r", "r", "r", "r", "r", "r", "r"], "id": [152273, 151506, 151507, 152274, 155105, 155097, 155099, 155106, 155103, 155109, 155098, 155107, 155091, 155095, 155102, 155104, 155094, 155092, 155093, 155096, 155108, 155110, 155100, 155101]}