{"mjd": [59085.215013, 59085.219568, 59085.224121], "magerr": [-1.0, -1.0, -1.0], "alert_name": null, "observatory": ["Liam Hardy pt5m", "Liam Hardy pt5m", "Liam Hardy pt5m"], "caliberr": [0.04238630458712578, 0.03142917528748512, 0.036885738372802734], "mag": [19.32026481628418, 19.424177169799805, 19.924407958984375], "catalog": ["APASS", "APASS", "APASS"], "filter": ["B", "V", "r"], "id": [197401, 197402, 197403]}