{"mjd": [59342.121123, 59348.073467, 59342.125677], "magerr": [0.1451272964477539, -1.0, 0.03263881430029869], "alert_name": null, "observatory": ["Liam Hardy pt5m", "Liam Hardy pt5m", "Liam Hardy pt5m"], "caliberr": [0.08557769656181335, 0.07056836783885956, 0.060728784650564194], "mag": [18.134679794311523, 17.768630981445312, 16.3621883392334], "catalog": ["APASS", "APASS", "APASS"], "filter": ["B", "B", "V"], "id": [220488, 220972, 220489]}