{"mjd": [58724.208105, 58731.195316, 58724.228569, 58731.211021, 58724.233118, 58731.21557], "magerr": [-1.0, -1.0, 0.06940410286188126, 0.057204898446798325, 0.03829000145196915, 0.029208499938249588], "alert_name": null, "observatory": ["Liam Hardy pt5m", "Liam Hardy pt5m", "Liam Hardy pt5m", "Liam Hardy pt5m", "Liam Hardy pt5m", "Liam Hardy pt5m"], "caliberr": [0.10599800199270248, 0.04136820137500763, 0.06445050239562988, 0.06552489846944809, 0.020702499896287918, 0.05853459984064102], "mag": [19.04640007019043, 19.472000122070312, 17.83009910583496, 17.777299880981445, 17.302099227905273, 17.43939971923828], "catalog": ["APASS", "APASS", "APASS", "APASS", "APASS", "APASS"], "filter": ["B", "B", "V", "V", "r", "r"], "id": [163430, 164172, 163431, 164173, 163432, 164174]}