{"mjd": [57661.123861, 57661.130959, 57661.138058, 57666.068316, 57666.075409, 57666.0825, 57650.169938, 57651.1832153, 57651.1832153], "magerr": [0.0044999998062849045, 0.004800000227987766, 0.004600000102072954, 0.004800000227987766, 0.004900000058114529, 0.005200000014156103, 0.005799999926239252, 0.00430000014603138, 0.004699999932199717], "alert_name": null, "observatory": ["OmicronC2PU JPRivet", "OmicronC2PU JPRivet", "OmicronC2PU JPRivet", "OmicronC2PU JPRivet", "OmicronC2PU JPRivet", "OmicronC2PU JPRivet", "Mercator Geneva Grou", "Mercator Geneva Grou", "Mercator Geneva Grou"], "caliberr": [0.14863412082195282, 0.14324547350406647, 0.14397183060646057, 0.18622468411922455, 0.16730184853076935, 0.1667608916759491, 0.010000000707805157, 0.010000001639127731, 0.07137347757816315], "mag": [16.390514373779297, 16.39442253112793, 16.39467430114746, 16.636154174804688, 16.629180908203125, 16.59920310974121, 16.64385986328125, 16.537281036376953, 16.691221237182617], "catalog": ["SDSS", "SDSS", "SDSS", "SDSS", "SDSS", "SDSS", "APASS", "APASS", "APASS"], "filter": ["r", "r", "r", "r", "r", "r", "g", "g", "r"], "id": [59089, 59090, 59091, 59092, 59093, 59094, 44671, 44684, 44685]}