{"mjd": [57834.2674284, 57835.1946701], "magerr": [0.00559999980032444, 0.006099999882280827], "alert_name": null, "observatory": ["Euler Geneva Group", "Euler Geneva Group"], "caliberr": [0.05834890156984329, 0.0925792008638382], "mag": [18.5580997467041, 18.786300659179688], "catalog": ["APASS", "APASS"], "filter": ["r", "r"], "id": [68316, 68331]}