{"mjd": [57849.128934, 57849.136034, 57872.024845, 57872.03194, 57872.039043, 57849.143134, 57866.054844, 57866.06194, 57866.069, 57875.0383, 57875.045447, 57875.052547, 57877.930631, 57877.937729, 57877.944828], "magerr": [0.02500000037252903, 0.03200000151991844, -1.0, -1.0, -1.0, 0.03359999880194664, -1.0, -1.0, -1.0, -1.0, -1.0, -1.0, -1.0, -1.0, -1.0], "alert_name": null, "observatory": ["OmicronC2PU JPRivet", "OmicronC2PU JPRivet", "OmicronC2PU JPRivet", "OmicronC2PU JPRivet", "OmicronC2PU JPRivet", "OmicronC2PU JPRivet", "OmicronC2PU JPRivet", "OmicronC2PU JPRivet", "OmicronC2PU JPRivet", "OmicronC2PU JPRivet", "OmicronC2PU JPRivet", "OmicronC2PU JPRivet", "OmicronC2PU JPRivet", "OmicronC2PU JPRivet", "OmicronC2PU JPRivet"], "caliberr": [0.1396535336971283, 0.1350359171628952, 0.13157685101032257, 0.1451406180858612, 0.12390179187059402, 0.10553253442049026, 0.06362748891115189, 0.06541464477777481, 0.06101418659090996, 0.06412364542484283, 0.04542882367968559, 0.06439149379730225, 0.06838634610176086, 0.07744890451431274, 0.07288917899131775], "mag": [19.15106773376465, 19.08194923400879, 24.32047462463379, 23.005971908569336, 24.312747955322266, 19.083005905151367, 24.010761260986328, 22.89778709411621, 23.439285278320312, 23.787689208984375, 24.904144287109375, 23.680063247680664, 22.64093780517578, 25.206148147583008, 22.814537048339844], "catalog": ["SDSS", "SDSS", "SDSS", "SDSS", "SDSS", "APASS", "APASS", "APASS", "APASS", "APASS", "APASS", "APASS", "APASS", "APASS", "APASS"], "filter": ["r", "r", "r", "r", "r", "r", "r", "r", "r", "r", "r", "r", "r", "r", "r"], "id": [70751, 70752, 72689, 72690, 72691, 70753, 72646, 72647, 72648, 73031, 73032, 73033, 73098, 73099, 73100]}