{"mjd": [59322.196729, 59331.199899, 59339.178657, 59344.16382, 59322.201285, 59331.204451, 59344.168375], "magerr": [-1.0, -1.0, -1.0, -1.0, -1.0, -1.0, -1.0], "alert_name": null, "observatory": ["Liam Hardy pt5m", "Liam Hardy pt5m", "Liam Hardy pt5m", "Liam Hardy pt5m", "Liam Hardy pt5m", "Liam Hardy pt5m", "Liam Hardy pt5m"], "caliberr": [0.04579019173979759, 0.05876097455620766, 0.051653988659381866, 0.05516188591718674, 0.05217390134930611, 0.06754564493894577, 0.04976852983236313], "mag": [18.98293685913086, 19.588333129882812, 19.08961296081543, 19.942035675048828, 18.845579147338867, 18.799903869628906, 18.908559799194336], "catalog": ["APASS", "APASS", "APASS", "APASS", "APASS", "APASS", "APASS"], "filter": ["B", "B", "B", "B", "V", "V", "V"], "id": [217760, 218309, 219767, 220687, 217761, 218310, 220688]}