{"mjd": [59015.093726, 59015.097281, 59015.100837, 59015.1043], "magerr": [0.0010000000474974513, 0.0010000000474974513, 0.0010999999940395355, 0.0010999999940395355], "alert_name": null, "observatory": ["OmicronC2PU JPRivet", "OmicronC2PU JPRivet", "OmicronC2PU JPRivet", "OmicronC2PU JPRivet"], "caliberr": [0.11640799790620804, 0.12492399662733078, 0.11676400154829025, 0.12119899690151215], "mag": [14.297499656677246, 14.278900146484375, 14.302599906921387, 14.293499946594238], "catalog": ["APASS", "APASS", "APASS", "APASS"], "filter": ["r", "r", "r", "r"], "id": [193291, 193292, 193293, 193294]}