{"mjd": [58452.075848, 58452.066719, 58452.071286], "magerr": [0.028966400772333145, 0.05500569939613342, 0.04036080092191696], "alert_name": null, "observatory": ["Liam Hardy pt5m", "Liam Hardy pt5m", "Liam Hardy pt5m"], "caliberr": [0.17880499362945557, 0.05607600137591362, 0.07443980127573013], "mag": [16.4414005279541, 16.834299087524414, 16.51959991455078], "catalog": ["SDSS", "APASS", "APASS"], "filter": ["R", "B", "V"], "id": [126846, 126844, 126845]}