{"mjd": [58188.173542, 58188.142261, 58188.168827], "magerr": [-1.0, -1.0, -1.0], "alert_name": null, "observatory": ["Liam Hardy pt5m", "Liam Hardy pt5m", "Liam Hardy pt5m"], "caliberr": [0.0896541029214859, 0.010000002570450306, 0.02325528673827648], "mag": [20.09432601928711, 19.085355758666992, 20.040647506713867], "catalog": ["SDSS", "APASS", "APASS"], "filter": ["R", "B", "V"], "id": [100103, 100101, 100102]}