{"mjd": [58225.192781, 58225.183661, 58225.188221], "magerr": [-1.0, -1.0, -1.0], "alert_name": null, "observatory": ["Liam Hardy pt5m", "Liam Hardy pt5m", "Liam Hardy pt5m"], "caliberr": [0.2633250057697296, 0.09441579878330231, 0.06742829829454422], "mag": [19.96419906616211, 20.052600860595703, 20.03059959411621], "catalog": ["SDSS", "APASS", "APASS"], "filter": ["R", "B", "V"], "id": [102434, 102432, 102433]}