{"mjd": [59462.230105, 59469.238826, 59462.234776], "magerr": [-1.0, -1.0, -1.0], "alert_name": null, "observatory": ["Liam Hardy pt5m", "Liam Hardy pt5m", "Liam Hardy pt5m"], "caliberr": [0.1364951729774475, 0.12374918907880783, 0.04644760861992836], "mag": [18.740163803100586, 17.970439910888672, 18.994455337524414], "catalog": ["APASS", "APASS", "APASS"], "filter": ["B", "B", "V"], "id": [232589, 233830, 232590]}