{"mjd": [58586.91117, 58586.927376, 58586.931925], "magerr": [-1.0, -1.0, -1.0], "alert_name": null, "observatory": ["Liam Hardy pt5m", "Liam Hardy pt5m", "Liam Hardy pt5m"], "caliberr": [0.0700598806142807, 0.036675214767456055, 0.043096959590911865], "mag": [19.43596076965332, 19.537202835083008, 19.62606430053711], "catalog": ["APASS", "APASS", "APASS"], "filter": ["B", "V", "r"], "id": [150542, 150543, 150544]}