{"mjd": [58459.180067, 58466.273443, 58466.269647], "magerr": [0.04790529981255531, 0.010523400269448757, 0.022437600418925285], "alert_name": null, "observatory": ["Liam Hardy pt5m", "Liam Hardy pt5m", "Liam Hardy pt5m"], "caliberr": [0.1156420037150383, 0.1996850073337555, 0.009999999776482582], "mag": [15.090299606323242, 14.754500389099121, 15.218500137329102], "catalog": ["SDSS", "SDSS", "APASS"], "filter": ["R", "R", "V"], "id": [127287, 128145, 128144]}