{"mjd": [59347.039176, 59347.043732, 59348.158928, 59350.178974, 59350.187782, 59353.121732, 59348.162149, 59350.182231, 59350.191014, 59353.124992, 59348.15, 59348.164698, 59350.184848, 59350.193576, 59353.127584], "magerr": [0.07394680380821228, 0.05221438407897949, 0.05658400058746338, 0.07833699882030487, -1.0, -1.0, 0.1020909994840622, 0.18917100131511688, 0.0574599988758564, 0.21150699257850647, -1.0, 0.13065500557422638, 0.1523910015821457, -1.0, -1.0], "alert_name": null, "observatory": ["Liam Hardy pt5m", "Liam Hardy pt5m", "PIRATE, OU students", "PIRATE, OU students", "PIRATE, OU students", "PIRATE, OU students", "PIRATE, OU students", "PIRATE, OU students", "PIRATE, OU students", "PIRATE, OU students", "PIRATE, OU students", "PIRATE, OU students", "PIRATE, OU students", "PIRATE, OU students", "PIRATE, OU students"], "caliberr": [0.010000025853514671, 0.04964299499988556, 0.18365532159805298, 0.1558375358581543, 0.07255576550960541, 0.010000000707805157, 0.1204879954457283, 0.13263803720474243, 0.03904977813363075, 0.06289994716644287, 0.039991579949855804, 0.11027594655752182, 0.09599923342466354, 0.06750978529453278, 0.08713293075561523], "mag": [17.6961612701416, 17.409883499145508, 17.746395111083984, 18.02972412109375, 20.323951721191406, 19.455381393432617, 17.830936431884766, 18.306034088134766, 17.639896392822266, 18.053865432739258, 20.883859634399414, 17.775615692138672, 17.75543785095215, 20.55057716369629, 19.13530921936035], "catalog": ["APASS", "APASS", "APASS", "APASS", "APASS", "APASS", "APASS", "APASS", "APASS", "APASS", "APASS", "APASS", "APASS", "APASS", "APASS"], "filter": ["B", "V", "B", "B", "B", "B", "V", "V", "V", "V", "r", "r", "r", "r", "r"], "id": [220911, 220912, 221103, 221104, 221392, 221384, 221102, 221105, 221393, 221385, 221383, 221101, 221106, 221394, 221386]}