{"mjd": [58484.286241, 58484.283957], "magerr": [-1.0, -1.0], "alert_name": null, "observatory": ["Liam Hardy pt5m", "Liam Hardy pt5m"], "caliberr": [0.247966006398201, 0.009999999776482582], "mag": [18.861000061035156, 19.147499084472656], "catalog": ["SDSS", "APASS"], "filter": ["R", "V"], "id": [129283, 129282]}