{"mjd": [58668.066876, 58668.057773, 58668.06233], "magerr": [0.01485070027410984, 0.03883029893040657, 0.0267581008374691], "alert_name": null, "observatory": ["Liam Hardy pt5m", "Liam Hardy pt5m", "Liam Hardy pt5m"], "caliberr": [0.34346500039100647, 0.04936299845576286, 0.009999999776482582], "mag": [16.687400817871094, 17.583999633789062, 16.74489974975586], "catalog": ["SDSS", "APASS", "APASS"], "filter": ["R", "B", "r"], "id": [157440, 157438, 157439]}