{"mjd": [58812.876867, 58812.881416, 58812.868543], "magerr": [0.11781299859285355, 0.13024300336837769, -1.0], "alert_name": null, "observatory": ["Liam Hardy pt5m", "Liam Hardy pt5m", "Liam Hardy pt5m"], "caliberr": [0.136694997549057, 0.14377400279045105, 0.06536660343408585], "mag": [18.043899536132812, 18.046600341796875, 18.717599868774414], "catalog": ["SDSS", "SDSS", "APASS"], "filter": ["V", "R", "B"], "id": [173291, 173292, 173290]}