{"mjd": [59198.196235, 59198.197746, 59198.199262, 59198.18866, 59198.19017, 59198.191691, 59198.1932, 59198.194715], "magerr": [0.0824265107512474, 0.086632139980793, 0.08598513156175613, -1.0, -1.0, 0.10768242925405502, 0.1051713153719902, 0.10848461091518402], "alert_name": null, "observatory": ["Liam Hardy pt5m", "Liam Hardy pt5m", "Liam Hardy pt5m", "Liam Hardy pt5m", "Liam Hardy pt5m", "Liam Hardy pt5m", "Liam Hardy pt5m", "Liam Hardy pt5m"], "caliberr": [0.07537420839071274, 0.06145422160625458, 0.08905196934938431, 0.010000006295740604, 0.13789033889770508, 0.010000002570450306, 0.010000012814998627, 0.010000013746321201], "mag": [17.05461311340332, 17.081588745117188, 17.27187156677246, 17.72944450378418, 17.83876609802246, 17.68584442138672, 17.309999465942383, 17.30280113220215], "catalog": ["SDSS", "SDSS", "SDSS", "APASS", "APASS", "APASS", "APASS", "APASS"], "filter": ["R", "R", "R", "B", "B", "V", "V", "V"], "id": [208411, 208412, 208413, 208406, 208407, 208408, 208409, 208410]}