{"mjd": [58644.016879, 58648.027277, 58654.144189, 58661.014465, 58636.048048, 58636.048907, 58636.04973, 58636.05138, 58636.052206, 58636.053028, 58636.053855, 58636.054683, 58636.056337, 58636.057157, 58636.057985, 58636.058813, 58636.060467, 58636.061293, 58636.062116, 58636.062945, 58636.063772, 58636.064602, 58636.065426, 58636.066254, 58636.067082, 58636.06791, 58636.069561, 58636.070389, 58636.071219, 58636.072048, 58636.073705, 58636.074532, 58636.07536, 58636.076183, 58636.077011, 58636.077838, 58636.078666, 58636.079491, 58636.080315, 58636.081137, 58636.082792, 58636.083618, 58636.084442, 58636.085269, 58636.086921, 58636.087744, 58636.088571, 58636.089398, 58636.090226, 58636.091055, 58636.091877, 58636.092708, 58636.093537, 58636.094366, 58636.096022, 58636.096845, 58636.097673, 58636.098495, 58636.10014, 58636.100967, 58636.101794, 58636.102624, 58636.103452, 58636.105102, 58636.105929, 58636.106758, 58636.107588, 58636.109247, 58636.110075, 58636.110898, 58636.111727, 58636.113386, 58636.114213, 58636.115043, 58636.115875, 58636.117536, 58636.118363, 58636.119193, 58636.120019, 58636.12085, 58636.122505, 58636.123334, 58636.124166, 58636.124997, 58636.126647, 58636.127475, 58636.128303, 58636.129131, 58636.130785, 58636.13161, 58636.132434, 58636.133262, 58636.13409, 58636.134916, 58636.135747, 58636.136575, 58636.137404, 58636.138235, 58636.139888, 58636.140714, 58636.141538, 58636.142368, 58636.144024, 58636.144851, 58636.145676, 58636.146504, 58636.14733, 58636.148156, 58636.148984, 58636.149806, 58636.150628, 58636.151453, 58636.153102, 58636.153931, 58636.154758, 58636.155584, 58636.157236, 58636.158059, 58636.158885, 58636.159711, 58636.16054, 58636.162195, 58636.163022, 58636.163848, 58636.164673, 58636.166326, 58636.167148, 58636.167974, 58636.168801, 58636.169625, 58636.170453, 58636.171277, 58636.172099, 58636.172926, 58636.173751, 58636.175401, 58636.176226, 58636.177053, 58636.177882, 58636.179541, 58636.180367, 58636.181193, 58636.18202, 58636.182846, 58636.184498, 58644.020687, 58648.031855, 58654.14876, 58661.018265, 58644.025262, 58648.036436, 58654.153334, 58661.022839, 58660.951115, 58660.954745, 58660.958377, 58665.945876, 58665.949506, 58665.953137, 58665.956767], "magerr": [0.09425920248031616, 0.0615433007478714, 0.07677409797906876, 0.10257700085639954, 0.029225099831819534, 0.03026209957897663, -1.0, 0.03456379845738411, 0.03900330141186714, 0.026831399649381638, 0.031476400792598724, 0.029943300411105156, 0.04024159908294678, 0.03179850056767464, 0.03507540002465248, 0.038027700036764145, 0.04232950136065483, 0.012374999932944775, 0.028074799105525017, 0.030144400894641876, 0.022481899708509445, 0.03385709971189499, 0.027303999289870262, 0.03675900027155876, 0.0410487987101078, 0.036134399473667145, 0.021681400015950203, 0.028605900704860687, 0.0321383997797966, 0.02841389924287796, 0.03180890157818794, 0.028140999376773834, 0.0307886004447937, 0.035121798515319824, 0.03262760117650032, 0.0279959999024868, 0.028284600004553795, 0.029095299541950226, 0.03546689823269844, 0.035712599754333496, 0.03231539949774742, 0.02402140013873577, 0.03950230032205582, 0.029863499104976654, 0.02493870072066784, 0.02535800077021122, 0.030275799334049225, 0.028337499126791954, 0.022322099655866623, 0.027423499152064323, 0.02643820084631443, 0.031797900795936584, 0.02851869910955429, 0.024241799488663673, 0.0321630984544754, 0.028292400762438774, 0.03531210124492645, 0.025580300018191338, 0.03586139902472496, 0.030177699401974678, 0.025056200101971626, 0.026919100433588028, 0.030307099223136902, 0.03556929901242256, 0.031286001205444336, 0.02878830023109913, 0.02734220027923584, 0.030756499618291855, 0.029249200597405434, 0.0275713000446558, 0.021724199876189232, 0.02901029959321022, 0.023359399288892746, 0.02242569997906685, 0.022352099418640137, 0.02491999976336956, 0.024294499307870865, 0.032882798463106155, 0.02179340086877346, 0.024576900526881218, 0.02352840080857277, 0.018872499465942383, 0.019217299297451973, 0.02114889957010746, 0.02453939989209175, 0.03239050135016441, 0.03801549971103668, 0.03424660116434097, 0.021285399794578552, 0.026324499398469925, 0.02480350062251091, 0.030858099460601807, 0.031211599707603455, 0.020999999716877937, 0.027347300201654434, 0.02454560063779354, 0.021560700610280037, 0.018383799120783806, 0.034876998513936996, 0.030038300901651382, 0.02064869925379753, 0.022344600409269333, 0.02966950088739395, 0.019965099170804024, 0.030399499461054802, 0.03349459916353226, 0.040077801793813705, 0.03594930097460747, 0.03395729884505272, 0.03768020123243332, 0.03792240098118782, 0.03688040003180504, 0.02270450070500374, 0.032624199986457825, 0.041004300117492676, 0.04240889847278595, 0.03581320121884346, 0.03124080039560795, 0.02900400012731552, 0.03735639899969101, 0.03027240000665188, 0.03217869997024536, 0.03857029974460602, 0.04202109947800636, 0.03583360090851784, 0.04772289842367172, 0.04149999842047691, 0.03535889834165573, 0.04271509870886803, 0.024055300280451775, 0.029916100203990936, 0.02806599996984005, 0.02763340063393116, 0.06777489930391312, 0.03606269881129265, 0.03281940147280693, 0.031421300023794174, 0.023149399086833, 0.022153200581669807, 0.03705039992928505, 0.030878400430083275, 0.041113801300525665, 0.04020339995622635, 0.0354497991502285, 0.07328949868679047, 0.06170690059661865, 0.041719701141119, 0.052452001720666885, 0.05890519917011261, 0.03397110104560852, 0.025866199284791946, 0.06114799901843071, 0.03773359954357147, 0.0142000000923872, 0.013000000268220901, 0.013000000268220901, 0.013700000010430813, 0.013700000010430813, 0.014700000174343586, 0.015200000256299973], "alert_name": null,