{"mjd": [58914.199156, 58920.043897, 58914.19531, 58920.040107], "magerr": [0.03207020089030266, 0.04056970030069351, 0.0358767993748188, 0.05270570144057274], "alert_name": null, "observatory": ["Liam Hardy pt5m", "Liam Hardy pt5m", "Liam Hardy pt5m", "Liam Hardy pt5m"], "caliberr": [0.16282999515533447, 0.2510110139846802, 0.009999999776482582, 0.009999999776482582], "mag": [17.135400772094727, 17.119300842285156, 17.031299591064453, 17.15489959716797], "catalog": ["SDSS", "SDSS", "APASS", "APASS"], "filter": ["R", "R", "V", "V"], "id": [184191, 184766, 184190, 184765]}