{"mjd": [58360.799015, 58368.732058, 58360.801928, 58368.73562, 58360.804843, 58368.738755, 58360.93586289, 58360.93376488, 58360.93207035, 58360.9385375], "magerr": [0.005499999970197678, 0.006800000090152025, 0.004699999932199717, 0.005900000222027302, 0.00570000009611249, 0.006300000008195639, -1.0, -1.0, 0.019899999722838402, 0.02019999921321869], "alert_name": null, "observatory": ["T100,Hasan Esenoglu", "T100,Hasan Esenoglu", "T100,Hasan Esenoglu", "T100,Hasan Esenoglu", "T100,Hasan Esenoglu", "T100,Hasan Esenoglu", "OndrejovD50, Martin ", "OndrejovD50, Martin ", "OndrejovD50, Martin ", "OndrejovD50, Martin "], "caliberr": [0.1633940041065216, 0.17159399390220642, 0.1682009994983673, 0.20451800525188446, 0.17383800446987152, 0.18329499661922455, 0.20288999378681183, 0.19008199870586395, 0.21713200211524963, 0.23819899559020996], "mag": [14.661100387573242, 14.688199996948242, 14.533100128173828, 14.500300407409668, 14.629500389099121, 14.521499633789062, 18.050899505615234, 18.387399673461914, 14.012900352478027, 14.375300407409668], "catalog": ["PS1", "PS1", "PS1", "PS1", "PS1", "PS1", "APASS", "APASS", "APASS", "APASS"], "filter": ["g", "g", "r", "r", "i", "i", "B", "V", "i", "i"], "id": [116899, 118815, 116911, 118816, 116900, 118817, 116289, 116292, 116291, 116290]}