{"mjd": [58140.172883, 58144.148269, 58144.151314, 58140.163765, 58144.140661, 58140.168327, 58144.14523], "magerr": [-1.0, -1.0, -1.0, -1.0, -1.0, -1.0, -1.0], "alert_name": null, "observatory": ["Liam Hardy pt5m", "Liam Hardy pt5m", "Liam Hardy pt5m", "Liam Hardy pt5m", "Liam Hardy pt5m", "Liam Hardy pt5m", "Liam Hardy pt5m"], "caliberr": [0.11788032203912735, 0.125828817486763, 0.05635365471243858, 0.23834142088890076, 0.012274381704628468, 0.02986743114888668, 0.04462578520178795], "mag": [19.961923599243164, 18.89054298400879, 19.12712287902832, 19.76338768005371, 19.17283821105957, 19.60382843017578, 19.724506378173828], "catalog": ["SDSS", "SDSS", "SDSS", "APASS", "APASS", "APASS", "APASS"], "filter": ["R", "R", "R", "B", "B", "V", "V"], "id": [98690, 99037, 99038, 98688, 99035, 98689, 99036]}