{"mjd": [59268.923724, 59268.913865, 59268.918422], "magerr": [-1.0, -1.0, -1.0], "alert_name": null, "observatory": ["Liam Hardy pt5m", "Liam Hardy pt5m", "Liam Hardy pt5m"], "caliberr": [0.26454299688339233, 0.05335776507854462, 0.05875652655959129], "mag": [19.16539764404297, 18.436370849609375, 18.90582275390625], "catalog": ["SDSS", "APASS", "APASS"], "filter": ["R", "B", "V"], "id": [213225, 213223, 213224]}