{"mjd": [58578.152706, 58578.1548499, 58583.1418171, 58583.1439639, 58583.1461075, 58588.1249934, 58588.1271341, 58588.1292748, 58588.1314188, 58588.1335627, 58588.1357035, 58590.1209296, 58590.1230704, 58590.1252256, 58590.1273694, 58593.1050524, 58593.107198, 58593.1093421, 58578.1461278, 58578.1482712, 58578.1504146, 58583.1348327, 58583.1369764, 58583.1391198, 58584.1350411, 58584.1371847, 58584.1393311, 58586.1314527, 58586.1335934, 58586.1357431, 58587.151031, 58587.153172, 58587.1553134, 58587.1574546, 58587.1596019, 58587.1617455, 58588.1184404, 58588.120581, 58588.1227248, 58590.1164941, 58590.118641, 58591.1110594, 58591.1132031, 58591.1153472, 58593.1116163, 58593.113757, 58593.1159007, 58595.0984119, 58595.1005528, 58595.1026966, 58590.1143529, 58576.05012, 58576.07144, 58576.09942, 58577.00756, 58577.02171, 58577.02887, 58578.00499, 58578.0263, 58579.02386, 58579.04517, 58580.99204, 58581.01335, 58586.93968, 58586.96099, 58589.91273, 58589.93396, 58590.91796, 58592.04703, 58576.05718, 58576.0785, 58577.01461, 58577.03592, 58578.01204, 58578.03335, 58579.03091, 58579.05222, 58580.99909, 58581.0204, 58586.94673, 58589.91978, 58589.94172, 58590.92502, 58592.05409, 58576.06427, 58576.0856, 58577.02171, 58577.04302, 58578.01914, 58578.04045, 58579.038, 58579.05931, 58581.00618, 58581.02749, 58586.95383, 58589.92688, 58590.93211, 58592.06119], "magerr": [-1.0, -1.0, 0.005499999970197678, 0.005499999970197678, 0.005400000140070915, 0.011300000362098217, 0.010200000368058681, 0.012400000356137753, 0.011900000274181366, 0.00989999994635582, 0.009600000455975533, 0.011599999852478504, 0.011800000444054604, 0.010300000198185444, 0.010900000110268593, 0.029999999329447746, 0.029899999499320984, 0.027799999341368675, 0.0071000000461936, 0.032600000500679016, 0.0674000009894371, 0.0020000000949949026, 0.0020000000949949026, 0.0020000000949949026, 0.0020000000949949026, 0.0020000000949949026, 0.0020000000949949026, 0.0020000000949949026, 0.002099999925121665, 0.0020000000949949026, 0.002300000051036477, 0.002199999988079071, 0.002199999988079071, 0.002099999925121665, 0.002099999925121665, 0.002199999988079071, 0.004100000020116568, 0.004100000020116568, 0.00430000014603138, 0.0027000000700354576, 0.0026000000070780516, 0.02199999988079071, 0.02199999988079071, 0.021199999377131462, 0.0052999998442828655, 0.005200000014156103, 0.00559999980032444, -1.0, -1.0, -1.0, 0.0024999999441206455, 0.015200000256299973, 0.014399999752640724, 0.039500001817941666, 0.01360000018030405, -1.0, 0.013299999758601189, 0.019500000402331352, 0.014600000344216824, 0.018799999728798866, 0.016599999740719795, 0.015599999576807022, 0.015300000086426735, 0.026900000870227814, 0.02669999934732914, 0.04050000011920929, 0.03350000083446503, -1.0, 0.039000000804662704, 0.010200000368058681, 0.010400000028312206, 0.010200000368058681, 0.010200000368058681, 0.014499999582767487, 0.010400000028312206, 0.012900000438094139, 0.012600000016391277, 0.011099999770522118, 0.011500000022351742, 0.017000000923871994, 0.024800000712275505, 0.019899999722838402, 0.02319999970495701, 0.02239999920129776, 0.00839999970048666, 0.009200000204145908, 0.0071000000461936, 0.007000000216066837, 0.010099999606609344, 0.008999999612569809, 0.010099999606609344, 0.01140000019222498, 0.008500000461935997, 0.008200000040233135, 0.013000000268220901, 0.010099999606609344, 0.009700000286102295, 0.013299999758601189], "alert_name": null, "observatory": ["ObsMontsec-Umut Burg", "ObsMontsec-Umut Burg", "ObsMontsec-Umut Burg", "ObsMontsec-Umut Burg", "ObsMontsec-Umut Burg", "ObsMontsec-Umut Burg", "ObsMontsec-Umut Burg", "ObsMontsec-Umut Burg", "ObsMontsec-Umut Burg", "ObsMontsec-Umut Burg", "ObsMontsec-Umut Burg", "ObsMontsec-Umut Burg", "ObsMontsec-Umut Burg", "ObsMontsec-Umut Burg", "ObsMontsec-Umut Burg", "ObsMontsec-Umut Burg", "ObsMontsec-Umut Burg", "ObsMontsec-Umut Burg", "ObsMontsec-Umut Burg", "ObsMontsec-Umut Burg", "ObsMontsec-Umut Burg", "ObsMontsec-Umut Burg", "ObsMontsec-Umut Burg", "ObsMontsec-Umut Burg", "ObsMontsec-Umut Burg", "ObsMontsec-Umut Burg", "ObsMontsec-Umut Burg", "ObsMontsec-Umut Burg", "ObsMontsec-Umut Burg", "ObsMontsec-Umut Burg", "ObsMontsec-Umut Burg", "ObsMontsec-Umut Burg", "ObsMontsec-Umut Burg", "ObsMontsec-Umut Burg", "ObsMontsec-Umut Burg", "ObsMontsec-Umut Burg", "ObsMontsec-Umut Burg", "ObsMontsec-Umut Burg", "ObsMontsec-Umut Burg", "ObsMontsec-Umut Burg", "ObsMontsec-Umut Burg", "ObsMontsec-Umut Burg", "ObsMontsec-Umut Burg", "ObsMontsec-Umut Burg", "ObsMontsec-Umut Burg", "ObsMontsec-Umut Burg", "ObsMontsec-Umut Burg", "ObsMontsec-Umut Burg", "ObsMontsec-Umut Burg", "ObsMontsec-Umut Burg", "ObsMontsec-Umut Burg", "Moletai0.35-Erika Pa", "Moletai0.35-Erika Pa", "Moletai0.35-Erika Pa", "Moletai0.35-Erika Pa", "Moletai0.35-Erika Pa", "Moletai0.35-Erika Pa", "Moletai0.35-Erika Pa", "Moletai0.35-Erika Pa", "Moletai0.35-Erika Pa", "Moletai0.35-Erika Pa", "Moletai0.35-Erika Pa", "Moletai0.35-Erika Pa", "Moletai0.35-Erika Pa", "Moletai0.35-Erika Pa", "Moletai0.35-Erika Pa", "Moletai0.35-Erika Pa", "Moletai0.35-Erika Pa", "Moletai0.35-Erika Pa", "Moletai0.35-Erika Pa", "Moletai0.35-Erika Pa", "Moletai0.35-Erika Pa", "Moletai0.35-Erika Pa", "Moletai0.35-Erika Pa", "Moletai0.35-Erika Pa", "Moletai0.35-Erika Pa", "Moletai0.35-Erika Pa", "Moletai0.35-Erika Pa", "Moletai0.35-Erika Pa", "Moletai0.35-Erika Pa", "Moletai0.35-Erika Pa", "Moletai0.35-Erika Pa", "Moletai0.35-Erika Pa", "Moletai0.35-Erika Pa", "Moletai0.35-Erika Pa", "Moletai0.35-Erika Pa", "Moletai0.35-Erika Pa", "Moletai0.35-Erika Pa", "Moletai0.35-Erika Pa", "Moletai0.35-Erika Pa", "Moletai0.35-Erika Pa", "Moletai0.35-Erika Pa", "Moletai0.35-Erika Pa", "Moletai0.35-Erika Pa", "Moletai0.35-Erika Pa", "Moletai0.35-Erika Pa", "Moletai0.35-Erika Pa", "Moletai0.35-Erika Pa"], "caliberr": [0.030181899666786194, 0.07656790316104889, 0.04799940064549446, 0.04770150035619736, 0.04750189930200577, 0.05059869959950447, 0.040195200592279434, 0.042010001838207245, 0.05083620175719261, 0.05214859917759895, 0.04991669952869415, 0.04364040121436119, 0.04482930153608322, 0.04404519870877266, 0.05125480145215988, 0.06262529641389847, 0.050980400294065475, 0.04078830033540726, 0.07837530225515366, 0.10511499643325806, 0.12477800250053406, 0.1129859983921051, 0.12898199260234833, 0.10761400312185287, 0.1126289963722229, 0.12507200241088867, 0.11151599884033203, 0.14297999441623688, 0.10916800051927567, 0.1121549978852272, 0.11361300200223923, 0.11501500010490417, 0.1087770015001297, 0.10950999706983566, 0.1176069974899292, 0.11498600244522095, 0.08521140366792679, 0.1021990031003952, 0.08304490149021149, 0.1312749981880188, 0.11512599885463715, 0.08956439793109894, 0.2509410083293915, 0.07975360006093979, 0.08241020143032074, 0.0861717015504837, 0.08454179763793945, 0.07910449802875519, 0.05155789852142334, 0.07583539932966232, 0.1392509937286377, 0.06761450320482254, 0.07367750257253647, 0.08801980316638947, 0.0664822980761528, 0.08816179633140564, 0.07623200118541718, 0.06084049865603447, 0.05057860165834427, 0.0740211009979248, 0.08019919693470001, 0.02012529969215393, 0.009999999776482582, 0.11388199776411057, 0.060709599405527115, 0.08154629915952682, 0.08148249983787537, 0.07138989865779877, 0.1700039952993393, 0.04415860027074814, 0.043524399399757385, 0.11898499727249146, 0.04424019902944565, 0.042323898524045944, 0.044883500784635544, 0.12454500049352646, 0.04470819979906082, 0.04316819831728935, 0.07117579877376556, 0.04877059906721115, 0.04406009986996651, 0.04946659877896309, 0.058743398636579514, 0.04985250160098076, 0.09445600211620331, 0.1000719964504242, 0.07845579832792282, 0.08283639699220657, 0.1238659992814064, 0.18172399699687958, 0.10064399987459183, 0.11859499663114548, 0.08282309770584106, 0.11310700327157974, 0.10789100080728531, 0.09857679903507233, 0.08745740354061127, 0.11076100170612335],