{"mjd": [59347.198386, 59347.203026, 59367.95173679991, 59368.0351968999, 59368.03668309981, 59396.973940100055, 59396.97543840017, 59396.9769319999, 59396.978432999924, 59367.95342240017, 59367.9549163999, 59367.95877220016, 59367.96028649993, 59368.03839709982, 59368.03987370012, 59397.03228610009, 59397.03342729993, 59397.03457710007, 59367.97693629982, 59367.97841330012, 59368.02201920003, 59368.02354010008, 59368.041571199894, 59368.0430660001, 59397.035935900174, 59397.03673839988, 59397.037546799984, 59367.980067300145, 59367.9815618, 59368.01852319995, 59368.02001489978, 59368.02518030023, 59368.02667130018, 59397.05526329996, 59397.056050899904, 59397.05685540009, 59345.91663047, 59346.90261315, 59348.91168546, 59349.89441286, 59354.94529329, 59355.91927191, 59357.91936943, 59361.88096008, 59363.89446944, 59372.90686946, 59345.90958108, 59346.89556444, 59348.90463624, 59349.88736421, 59354.93823236, 59357.91232084, 59361.87391102, 59363.88742083, 59372.89981854, 59346.90971994, 59348.91879361, 59349.9015194, 59355.92638046, 59357.92647748, 59361.88806714, 59363.90157649, 59390.9, 59405.96, 59390.91, 59405.98, 59390.92, 59405.98], "magerr": [0.10860500484704971, 0.02122274972498417, 0.039900001138448715, 0.029100000858306885, 0.02889999933540821, 0.027000000700354576, 0.027699999511241913, 0.03009999915957451, 0.0284000001847744, 0.012000000104308128, 0.014600000344216824, 0.015200000256299973, 0.012799999676644802, 0.010300000198185444, 0.009700000286102295, 0.011599999852478504, 0.011099999770522118, 0.013500000350177288, 0.0044999998062849045, 0.004600000102072954, 0.004399999976158142, 0.00430000014603138, 0.004000000189989805, 0.004100000020116568, 0.006000000052154064, 0.005799999926239252, 0.007400000002235174, 0.0035000001080334187, 0.003000000026077032, 0.0027000000700354576, 0.0027000000700354576, 0.0027000000700354576, 0.0027000000700354576, 0.0032999999821186066, 0.0034000000450760126, 0.0032999999821186066, 0.012799999676644802, 0.012299999594688416, 0.08250000327825546, 0.020400000736117363, 0.014399999752640724, 0.02850000001490116, 0.02239999920129776, 0.026000000536441803, 0.017100000753998756, 0.02070000022649765, 0.009200000204145908, 0.009800000116229057, 0.010900000110268593, 0.009999999776482582, 0.015300000086426735, 0.013700000010430813, 0.015699999406933784, 0.012400000356137753, 0.012199999764561653, 0.008700000122189522, 0.021700000390410423, 0.007400000002235174, 0.010599999688565731, 0.007699999958276749, 0.00989999994635582, 0.010400000028312206, 0.025699999183416367, 0.025599999353289604, 0.012500000186264515, 0.012799999676644802, 0.016499999910593033, 0.018799999728798866], "alert_name": null, "observatory": ["Liam Hardy pt5m", "Liam Hardy pt5m", "ObsMontsec-Umut Burg", "ObsMontsec-Umut Burg", "ObsMontsec-Umut Burg", "ObsMontsec-Umut Burg", "ObsMontsec-Umut Burg", "ObsMontsec-Umut Burg", "ObsMontsec-Umut Burg", "ObsMontsec-Umut Burg", "ObsMontsec-Umut Burg", "ObsMontsec-Umut Burg", "ObsMontsec-Umut Burg", "ObsMontsec-Umut Burg", "ObsMontsec-Umut Burg", "ObsMontsec-Umut Burg", "ObsMontsec-Umut Burg", "ObsMontsec-Umut Burg", "ObsMontsec-Umut Burg", "ObsMontsec-Umut Burg", "ObsMontsec-Umut Burg", "ObsMontsec-Umut Burg", "ObsMontsec-Umut Burg", "ObsMontsec-Umut Burg", "ObsMontsec-Umut Burg", "ObsMontsec-Umut Burg", "ObsMontsec-Umut Burg", "ObsMontsec-Umut Burg", "ObsMontsec-Umut Burg", "ObsMontsec-Umut Burg", "ObsMontsec-Umut Burg", "ObsMontsec-Umut Burg", "ObsMontsec-Umut Burg", "ObsMontsec-Umut Burg", "ObsMontsec-Umut Burg", "ObsMontsec-Umut Burg", "Moletai0.35-Erika Pa", "Moletai0.35-Erika Pa", "Moletai0.35-Erika Pa", "Moletai0.35-Erika Pa", "Moletai0.35-Erika Pa", "Moletai0.35-Erika Pa", "Moletai0.35-Erika Pa", "Moletai0.35-Erika Pa", "Moletai0.35-Erika Pa", "Moletai0.35-Erika Pa", "Moletai0.35-Erika Pa", "Moletai0.35-Erika Pa", "Moletai0.35-Erika Pa", "Moletai0.35-Erika Pa", "Moletai0.35-Erika Pa", "Moletai0.35-Erika Pa", "Moletai0.35-Erika Pa", "Moletai0.35-Erika Pa", "Moletai0.35-Erika Pa", "Moletai0.35-Erika Pa", "Moletai0.35-Erika Pa", "Moletai0.35-Erika Pa", "Moletai0.35-Erika Pa", "Moletai0.35-Erika Pa", "Moletai0.35-Erika Pa", "Moletai0.35-Erika Pa", "Abastumani36, Teimur", "Abastumani36, Teimur", "Abastumani36, Teimur", "Abastumani36, Teimur", "Abastumani36, Teimur", "Abastumani36, Teimur"], "caliberr": [0.10977271944284439, 0.07920964807271957, 0.13767606019973755, 0.127195805311203, 0.12891145050525665, 0.1159949079155922, 0.12337540090084076, 0.1337786465883255, 0.1163197010755539, 0.0670124962925911, 0.06691952794790268, 0.06544561684131622, 0.0693943202495575, 0.06268396973609924, 0.06547729671001434, 0.06168113648891449, 0.0602322518825531, 0.06045181676745415, 0.08130796998739243, 0.07916419208049774, 0.08481501042842865, 0.08055264502763748, 0.07611764222383499, 0.07791708409786224, 0.07770650088787079, 0.07839074730873108, 0.0718279704451561, 0.1328302025794983, 0.12751270830631256, 0.13013288378715515, 0.12827971577644348, 0.13110685348510742, 0.13278621435165405, 0.13208484649658203, 0.12971101701259613, 0.1301751285791397, 0.09341605752706528, 0.08477939665317535, 0.10997743904590607, 0.0805034190416336, 0.10570497810840607, 0.08770489692687988, 0.09122730791568756, 0.0998675525188446, 0.09127141535282135, 0.09751936048269272, 0.09733089804649353, 0.09222874790430069, 0.0749000534415245, 0.08329185098409653, 0.19623516499996185, 0.09383091330528259, 0.09586166590452194, 0.09299670904874802, 0.09156177192926407, 0.14301028847694397, 0.12313114106655121, 0.13492843508720398, 0.13528218865394592, 0.14182966947555542, 0.15201736986637115, 0.14204302430152893, 0.08888506144285202, 0.08782884478569031, 0.08122088015079498, 0.08178707212209702, 0.10832982510328293, 0.11859680712223053], "mag": [17.593008041381836, 15.930449485778809, 17.49250030517578, 17.572101593017578, 17.599990844726562, 17.58270263671875, 17.528905868530273, 17.4851131439209, 17.531137466430664, 15.90117359161377, 15.917427062988281, 15.938060760498047, 15.937179565429688, 15.933926582336426, 15.91313648223877, 15.875492095947266, 15.89059829711914, 15.8567476272583, 14.991061210632324, 14.9785795211792, 14.986197471618652, 14.991579055786133, 14.985511779785156, 14.987528800964355, 14.949897766113281, 14.956558227539062, 14.957554817199707, 13.855080604553223, 13.874061584472656, 13.876495361328125, 13.869149208068848, 13.873680114746094, 13.876855850219727, 13.848361015319824, 13.850919723510742, 13.844400405883789, 15.670242309570312, 15.652336120605469, 15.715216636657715, 15.68051815032959, 15.686182022094727, 15.611318588256836, 15.588223457336426, 15.665322303771973, 15.57577133178711, 15.568281173706055, 14.84266471862793, 14.76125431060791, 14.846285820007324, 14.84921932220459, 15.160924911499023, 14.798054695129395, 14.83851146697998, 14.80206298828125, 14.826306343078613, 13.397344589233398, 13.748809814453125, 13.799920082092285, 13.450947761535645, 13.792009353637695, 13.789420127868652, 13.300236701965332, 15.748208045959473, 15.760396957397461, 14.868741989135742, 14.909542083740234, 13.813517570495605, 13.804511070251465], "catalog": ["APASS", "APASS", "APASS", "APASS", "APASS", "APASS", "APASS", "APASS", "APASS", "APASS", "APASS", "APASS", "APASS", "APASS", "APASS", "APASS", "APASS", "APASS", "APASS", "APASS", "APASS", "APASS", "APASS", "APASS", "APASS", "APASS", "APASS", "APASS", "APASS", "APASS", "APASS", "APASS", "APASS", "APASS", "APASS", "APASS", "APASS", "APASS", "APASS", "APASS", "APASS", "APASS", "APASS", "APASS", "APASS", "APASS", "APASS", "APASS", "APASS", "APASS", "APASS", "APASS", "APASS", "APASS", "APASS", "APASS", "APASS", "APASS", "APASS", "APASS", "APASS", "APASS", "APASS", "APASS", "APASS", "APASS", "APASS", "APASS"],