{"mjd": [58809.207267, 58804.223719, 58809.197402, 58804.229825, 58809.202721, 58804.234372], "magerr": [0.04747548699378967, -1.0, 0.08698507398366928, 0.085291787981987, 0.062242381274700165, 0.07063502073287964], "alert_name": null, "observatory": ["Liam Hardy pt5m", "Liam Hardy pt5m", "Liam Hardy pt5m", "Liam Hardy pt5m", "Liam Hardy pt5m", "Liam Hardy pt5m"], "caliberr": [0.13364453613758087, 0.06021963059902191, 0.061876922845840454, 0.009999999776482582, 0.010000049136579037, 0.010000002570450306], "mag": [17.373058319091797, 18.499347686767578, 17.68100929260254, 17.53023338317871, 17.505128860473633, 16.96733856201172], "catalog": ["SDSS", "APASS", "APASS", "APASS", "APASS", "APASS"], "filter": ["R", "B", "B", "V", "V", "r"], "id": [172276, 171695, 172274, 171696, 172275, 171697]}