{"mjd": [58671.965542, 58671.956438, 58671.960992], "magerr": [0.06462900340557098, 0.11249300092458725, 0.08187109977006912], "alert_name": null, "observatory": ["Liam Hardy pt5m", "Liam Hardy pt5m", "Liam Hardy pt5m"], "caliberr": [0.18926000595092773, 0.1798730045557022, 0.07470790296792984], "mag": [18.01919937133789, 18.521099090576172, 18.30739974975586], "catalog": ["SDSS", "APASS", "APASS"], "filter": ["R", "B", "V"], "id": [157983, 157981, 157982]}