{"mjd": [58124.9638939, 58124.9669032, 58124.9699112, 58124.9812659, 58239.8560214, 58240.8307745, 58240.8337936, 58240.844923, 58124.9752384, 58124.9782453, 58125.9701412, 58125.9724599, 58146.0551926, 58146.9946357, 58147.0166699, 58147.0189878, 58148.0164402, 58149.0470089, 58149.9862882, 58150.0377385, 58150.0442735, 58151.008108, 58154.8733828, 58154.876408, 58240.8388951, 58240.841902, 58113.0048687588, 58124.9895855, 58124.9926077, 58125.983803, 58125.9868093, 58125.9898317, 58125.9980937, 58147.9969951, 58147.9993087, 58148.9942192, 58148.996533, 58149.9967664, 58149.9997753, 58150.9969963, 58151.041545, 58154.8703724, 58154.8847261, 58154.8877468, 58154.8900505, 58239.8590444, 58239.8620398, 58240.8479245, 58240.8502384, 58150.9939857, 58154.8590345, 58125.961114, 58125.9784876, 58125.9814862, 58146.9976376, 58147.0524653, 58147.9916715, 58147.9946785, 58148.0497345, 58148.9888948, 58148.9919018, 58149.9892924, 58149.9915838, 58150.9865051, 58150.9887895, 58150.990976, 58151.035035, 58154.86204, 58154.8787065, 58154.8817166, 58239.8365679, 58120.0030111768, 58125.9641257, 58125.9671356, 58147.0076434, 58147.0106547, 58147.0136598, 58148.0081057, 58148.0111161, 58148.0141265, 58149.0113484, 58149.0136597, 58149.0405741, 58150.0055597, 58150.0085689, 58150.0108824, 58151.0057948, 58154.8643553, 58154.8673676, 58239.83355, 58124.9842658, 58124.9865773, 58239.8530128, 58239.8416705], "magerr": [-1.0, -1.0, -1.0, -1.0, -1.0, -1.0, -1.0, -1.0, -1.0, -1.0, 0.04560000076889992, 0.03420000150799751, -1.0, -1.0, -1.0, -1.0, -1.0, -1.0, -1.0, -1.0, -1.0, -1.0, -1.0, -1.0, -1.0, -1.0, 0.006599999964237213, 0.1096000000834465, 0.0738999992609024, 0.00800000037997961, 0.008299999870359898, 0.008799999952316284, 0.007499999832361937, 0.04740000143647194, 0.046300001442432404, 0.03790000081062317, 0.03610000014305115, 0.06840000301599503, 0.049800001084804535, 0.044199999421834946, 0.06480000168085098, -1.0, -1.0, 0.04800000041723251, 0.03550000116229057, -1.0, -1.0, -1.0, -1.0, 0.05689999833703041, -1.0, 0.019200000911951065, 0.008100000210106373, 0.008999999612569809, -1.0, 0.025100000202655792, -1.0, 0.04820000007748604, 0.03539999946951866, 0.06989999860525131, -1.0, 0.04899999871850014, 0.0625, -1.0, 0.05829999968409538, -1.0, -1.0, -1.0, -1.0, -1.0, -1.0, 0.014600000344216824, 0.026900000870227814, 0.026100000366568565, 0.04839999973773956, -1.0, 0.05130000039935112, 0.06620000302791595, 0.04149999842047691, -1.0, 0.06499999761581421, 0.05570000037550926, 0.06109999865293503, -1.0, 0.0551999993622303, -1.0, -1.0, -1.0, -1.0, -1.0, 0.16930000483989716, 0.07859999686479568, -1.0, -1.0], "alert_name": null, "observatory": ["T60-Umut Burgaz", "T60-Umut Burgaz", "T60-Umut Burgaz", "T60-Umut Burgaz", "T60-Umut Burgaz", "T60-Umut Burgaz", "T60-Umut Burgaz", "T60-Umut Burgaz", "T60-Umut Burgaz", "T60-Umut Burgaz", "T60-Umut Burgaz", "T60-Umut Burgaz", "T60-Umut Burgaz", "T60-Umut Burgaz", "T60-Umut Burgaz", "T60-Umut Burgaz", "T60-Umut Burgaz", "T60-Umut Burgaz", "T60-Umut Burgaz", "T60-Umut Burgaz", "T60-Umut Burgaz", "T60-Umut Burgaz", "T60-Umut Burgaz", "T60-Umut Burgaz", "T60-Umut Burgaz", "T60-Umut Burgaz", "T60-Umut Burgaz", "T60-Umut Burgaz", "T60-Umut Burgaz", "T60-Umut Burgaz", "T60-Umut Burgaz", "T60-Umut Burgaz", "T60-Umut Burgaz", "T60-Umut Burgaz", "T60-Umut Burgaz", "T60-Umut Burgaz", "T60-Umut Burgaz", "T60-Umut Burgaz", "T60-Umut Burgaz", "T60-Umut Burgaz", "T60-Umut Burgaz", "T60-Umut Burgaz", "T60-Umut Burgaz", "T60-Umut Burgaz", "T60-Umut Burgaz", "T60-Umut Burgaz", "T60-Umut Burgaz", "T60-Umut Burgaz", "T60-Umut Burgaz", "T60-Umut Burgaz", "T60-Umut Burgaz", "T60-Umut Burgaz", "T60-Umut Burgaz", "T60-Umut Burgaz", "T60-Umut Burgaz", "T60-Umut Burgaz", "T60-Umut Burgaz", "T60-Umut Burgaz", "T60-Umut Burgaz", "T60-Umut Burgaz", "T60-Umut Burgaz", "T60-Umut Burgaz", "T60-Umut Burgaz", "T60-Umut Burgaz", "T60-Umut Burgaz", "T60-Umut Burgaz", "T60-Umut Burgaz", "T60-Umut Burgaz", "T60-Umut Burgaz", "T60-Umut Burgaz", "T60-Umut Burgaz", "T60-Umut Burgaz", "T60-Umut Burgaz", "T60-Umut Burgaz", "T60-Umut Burgaz", "T60-Umut Burgaz", "T60-Umut Burgaz", "T60-Umut Burgaz", "T60-Umut Burgaz", "T60-Umut Burgaz", "T60-Umut Burgaz", "T60-Umut Burgaz", "T60-Umut Burgaz", "T60-Umut Burgaz", "T60-Umut Burgaz", "T60-Umut Burgaz", "T60-Umut Burgaz", "T60-Umut Burgaz", "T60-Umut Burgaz", "T60-Umut Burgaz", "T60-Umut Burgaz", "T60-Umut Burgaz", "T60-Umut Burgaz", "T60-Umut Burgaz"], "caliberr": [0.16359899938106537, 0.2727870047092438, 0.39362698793411255, 0.36094799637794495, 0.29012399911880493, 0.2595190107822418, 0.29159998893737793, 0.33308300375938416, 0.2157920002937317, 0.151311993598938, 0.3193019926548004, 0.15523500740528107, 0.17514100670814514, 0.3424459993839264, 0.11473800241947174, 0.20488399267196655, 0.17412899434566498, 0.2264070063829422, 0.29214900732040405, 0.26092201471328735, 0.30482399463653564, 0.1931000053882599, 0.2567330002784729, 0.3086409866809845, 0.27827998995780945, 0.17708200216293335, 0.4230490028858185, 0.28163400292396545, 0.26447099447250366, 0.04995939880609512, 0.08783499896526337, 0.09186650067567825, 0.08932849764823914, 0.09868449717760086, 0.07204329967498779, 0.09044069796800613, 0.1298460066318512, 0.08482450246810913, 0.07704859972000122, 0.0864700973033905, 0.07438629865646362, 0.1290760040283203, 0.09148690104484558, 0.2725070118904114, 0.07996950298547745, 0.37731900811195374, 0.4000360071659088, 0.2844789922237396, 0.31294798851013184, 0.08221489936113358, 0.32561400532722473, 0.08181650191545486, 0.049096498638391495, 0.06261900067329407, 0.05790960043668747, 0.06632489711046219, 0.08051499724388123, 0.2974880039691925, 0.057903699576854706, 0.06701350212097168, 0.03733120113611221, 0.03211259841918945, 0.06592900305986404, 0.02303149923682213, 0.03855929896235466, 0.02972389943897724, 0.06727710366249084, 0.046744998544454575, 0.04384719952940941, 0.061142899096012115, 0.41319701075553894, 0.08577840030193329, 0.08631859719753265, 0.09987960010766983, 0.09000880271196365, 0.12911400198936462, 0.08574110269546509, 0.09486089646816254, 0.08827029913663864, 0.2481040060520172, 0.0905286967754364, 0.09023629873991013, 0.09736970067024231, 0.10309100151062012, 0.08385849744081497, 0.0984760969877243, 0.07310900092124939, 0.11205200105905533, 0.0976904034614563, 0.2536279857158661, 0.4096899926662445, 0.26864999532699585, 0.4820669889450073, 0.3706029951572418],