{"mjd": [58668.944622, 58668.935519, 58668.940072], "magerr": [0.022538207471370697, 0.036603234708309174, 0.03149054944515228], "alert_name": null, "observatory": ["Liam Hardy pt5m", "Liam Hardy pt5m", "Liam Hardy pt5m"], "caliberr": [0.12423405796289444, 0.03423381596803665, 0.0364227294921875], "mag": [17.4096736907959, 17.617603302001953, 17.636991500854492], "catalog": ["SDSS", "APASS", "APASS"], "filter": ["R", "B", "V"], "id": [157575, 157573, 157574]}