{"mjd": [59241.250419, 59244.204976], "magerr": [0.030182186514139175, 0.034513525664806366], "alert_name": null, "observatory": ["Liam Hardy pt5m", "Liam Hardy pt5m"], "caliberr": [0.2225504368543625, 0.24890801310539246], "mag": [16.16930389404297, 15.964859008789062], "catalog": ["SDSS", "SDSS"], "filter": ["R", "R"], "id": [212048, 212305]}