{"mjd": [58140.203043, 58144.163686, 58140.198289, 58144.159786], "magerr": [-1.0, -1.0, -1.0, -1.0], "alert_name": null, "observatory": ["Liam Hardy pt5m", "Liam Hardy pt5m", "Liam Hardy pt5m", "Liam Hardy pt5m"], "caliberr": [0.1389184296131134, 0.12663137912750244, 0.010000006295740604, 0.09758239984512329], "mag": [20.132707595825195, 19.813371658325195, 19.762680053710938, 19.643726348876953], "catalog": ["SDSS", "SDSS", "APASS", "APASS"], "filter": ["R", "R", "V", "V"], "id": [98695, 99040, 98694, 99039]}