{"mjd": [58756.19847, 58756.203029, 58756.207586], "magerr": [-1.0, 0.11428163200616837, 0.11651667952537537], "alert_name": null, "observatory": ["Liam Hardy pt5m", "Liam Hardy pt5m", "Liam Hardy pt5m"], "caliberr": [0.08115670084953308, 0.06966815143823624, 0.10681737214326859], "mag": [19.93079376220703, 18.991300582885742, 18.767709732055664], "catalog": ["APASS", "APASS", "APASS"], "filter": ["B", "V", "r"], "id": [166085, 166086, 166087]}