{"mjd": [57166.98054861, 57182.996031, 57182.975359, 57182.983506], "magerr": [-1.0, -1.0, -1.0, -1.0], "alert_name": null, "observatory": ["K.Wiersema-Leicester", "P.Wielgorski-Loiano", "P.Wielgorski-Loiano", "P.Wielgorski-Loiano"], "caliberr": [0.05652328580617905, 0.025847559794783592, 0.07455172389745712, 0.0813731923699379], "mag": [19.856792449951172, 21.4600830078125, 21.357160568237305, 20.427568435668945], "catalog": ["APASS", "APASS", "APASS", "APASS"], "filter": ["B", "g", "r", "i"], "id": [23281, 23492, 23490, 23491]}