{"mjd": [58657.184531, 58670.142122, 58679.158124, 58657.189087, 58670.14669, 58679.162682, 58657.193637, 58670.151248, 58679.167235], "magerr": [-1.0, -1.0, -1.0, 0.06971299648284912, -1.0, -1.0, 0.073580801486969, -1.0, -1.0], "alert_name": null, "observatory": ["Liam Hardy pt5m", "Liam Hardy pt5m", "Liam Hardy pt5m", "Liam Hardy pt5m", "Liam Hardy pt5m", "Liam Hardy pt5m", "Liam Hardy pt5m", "Liam Hardy pt5m", "Liam Hardy pt5m"], "caliberr": [0.10125300288200378, 0.15030799806118011, 0.11778900027275085, 0.0551019012928009, 0.05885130167007446, 0.04804129898548126, 0.08068989962339401, 0.06779269874095917, 0.06268049776554108], "mag": [19.447599411010742, 19.00480079650879, 19.32710075378418, 18.390199661254883, 19.588199615478516, 19.305299758911133, 18.073999404907227, 19.801599502563477, 19.70870018005371], "catalog": ["APASS", "APASS", "APASS", "APASS", "APASS", "APASS", "APASS", "APASS", "APASS"], "filter": ["B", "B", "B", "V", "V", "V", "r", "r", "r"], "id": [156460, 157753, 158639, 156461, 157754, 158640, 156462, 157755, 158641]}