{"mjd": [59093.924661, 59093.929217, 59093.933767], "magerr": [-1.0, 0.03580126911401749, 0.021287992596626282], "alert_name": null, "observatory": ["Liam Hardy pt5m", "Liam Hardy pt5m", "Liam Hardy pt5m"], "caliberr": [0.10434768348932266, 0.17874647676944733, 0.05293119326233864], "mag": [18.716331481933594, 15.288965225219727, 14.95561408996582], "catalog": ["APASS", "APASS", "APASS"], "filter": ["B", "V", "r"], "id": [197923, 197924, 197925]}