{"mjd": [58461.8007086, 58463.77793, 58461.8075812], "magerr": [0.012299999594688416, 0.03779999911785126, 0.020600000396370888], "alert_name": null, "observatory": ["ObsMontsec-Umut Burg", "ObsMontsec-Umut Burg", "ObsMontsec-Umut Burg"], "caliberr": [0.2675420045852661, 0.21560800075531006, 0.26348400115966797], "mag": [16.589099884033203, 18.080900192260742, 15.874300003051758], "catalog": ["SDSS", "SDSS", "SDSS"], "filter": ["r", "V", "I"], "id": [127815, 127882, 127818]}