{"mjd": [58493.216571, 58503.269225, 58493.207451, 58503.260112, 58493.212024, 58503.264674], "magerr": [0.0452486015856266, 0.03881999850273132, 0.05992180109024048, 0.09462039917707443, 0.06906549632549286, 0.045328300446271896], "alert_name": null, "observatory": ["Liam Hardy pt5m", "Liam Hardy pt5m", "Liam Hardy pt5m", "Liam Hardy pt5m", "Liam Hardy pt5m", "Liam Hardy pt5m"], "caliberr": [0.2646859884262085, 0.21160200238227844, 0.009999999776482582, 0.01000049989670515, 0.009999999776482582, 0.009999999776482582], "mag": [17.046199798583984, 16.94860076904297, 17.679500579833984, 17.547000885009766, 17.300500869750977, 17.173999786376953], "catalog": ["SDSS", "SDSS", "APASS", "APASS", "APASS", "APASS"], "filter": ["R", "R", "B", "B", "V", "V"], "id": [129746, 130077, 129744, 130075, 129745, 130076]}