{"mjd": [59344.21106, 59354.122627, 59354.127186, 59354.131744], "magerr": [-1.0, -1.0, -1.0, -1.0], "alert_name": null, "observatory": ["Liam Hardy pt5m", "Liam Hardy pt5m", "Liam Hardy pt5m", "Liam Hardy pt5m"], "caliberr": [0.10735835880041122, 0.05096376687288284, 0.08035353571176529, 0.1479649692773819], "mag": [18.779417037963867, 18.56782341003418, 19.177032470703125, 19.306800842285156], "catalog": ["APASS", "APASS", "APASS", "APASS"], "filter": ["B", "B", "V", "r"], "id": [220693, 221182, 221183, 221184]}