{"mjd": [58253.918236], "magerr": [-1.0], "alert_name": null, "observatory": ["Liam Hardy pt5m"], "caliberr": [0.12192166596651077], "mag": [19.600276947021484], "catalog": ["SDSS"], "filter": ["R"], "id": [105227]}