{"mjd": [58627.202762, 58635.183662, 58627.20581, 58635.188221, 58635.19278], "magerr": [-1.0, -1.0, -1.0, -1.0, -1.0], "alert_name": null, "observatory": ["Liam Hardy pt5m", "Liam Hardy pt5m", "Liam Hardy pt5m", "Liam Hardy pt5m", "Liam Hardy pt5m"], "caliberr": [0.20621290802955627, 0.07050728797912598, 0.07762876898050308, 0.06702113151550293, 0.08113043010234833], "mag": [19.919754028320312, 20.937036514282227, 18.861862182617188, 19.460847854614258, 19.762582778930664], "catalog": ["APASS", "APASS", "APASS", "APASS", "APASS"], "filter": ["B", "B", "V", "V", "r"], "id": [153237, 153828, 153238, 153829, 153830]}