{"mjd": [57931.969986, 57931.971303, 57931.973673, 57931.975072, 57931.976619, 57931.978401, 57931.979719, 57931.981971, 57931.990881, 57931.995009, 57951.84549769, 57951.85456019, 57951.86361111, 57951.87266204, 57951.88236111, 57951.89141204, 57952.867963999975, 57952.878136999905, 57952.887436000165, 57952.89671400003, 57952.90617300011, 57953.8988399999, 57953.907941999845, 57953.91700799996, 57951.83681713, 57951.84950231, 57951.85856481, 57951.86761574, 57951.87666667, 57951.88636574, 57951.89541667, 57952.871276999824, 57952.88144000014, 57952.89074499998, 57952.90002299985, 57952.90948300017, 57953.902160000056, 57953.91125500016, 57953.92939999979, 57951.83998843, 57951.84300926, 57951.85208333, 57951.86113426, 57951.87018519, 57951.87987269, 57951.88892361, 57952.86478199996, 57952.87496400019, 57952.884265999775, 57952.89354400011, 57952.90002299985, 57953.89565599989, 57953.904742999934, 57953.913827000186, 57872.9433, 57872.957216, 57872.971133, 57872.98504, 57872.99896, 57872.948306, 57872.962226, 57872.976127, 57872.990047, 57873.003981, 57872.952226, 57872.966143, 57872.980047, 57872.993964, 57873.007905], "magerr": [-1.0, -1.0, -1.0, -1.0, -1.0, -1.0, -1.0, -1.0, -1.0, -1.0, 0.004699999932199717, 0.0032999999821186066, 0.0032999999821186066, 0.0032999999821186066, 0.002899999963119626, 0.002899999963119626, 0.0031999999191612005, 0.003000000026077032, 0.0032999999821186066, 0.0031999999191612005, 0.0034000000450760126, 0.007300000172108412, 0.007000000216066837, 0.043800000101327896, 0.006099999882280827, 0.004100000020116568, 0.003599999938160181, 0.0035000001080334187, 0.003599999938160181, 0.0031999999191612005, 0.0031999999191612005, 0.0032999999821186066, 0.0034000000450760126, 0.003700000001117587, 0.0034000000450760126, 0.003700000001117587, 0.006800000090152025, 0.007699999958276749, 0.013799999840557575, 0.005799999926239252, 0.004600000102072954, 0.004100000020116568, 0.003599999938160181, 0.004600000102072954, 0.0035000001080334187, 0.003800000064074993, 0.004100000020116568, 0.00419999985024333, 0.00430000014603138, 0.004399999976158142, 0.0044999998062849045, 0.008200000040233135, 0.007899999618530273, 0.016599999740719795, -1.0, -1.0, -1.0, -1.0, -1.0, -1.0, -1.0, -1.0, -1.0, -1.0, -1.0, -1.0, -1.0, -1.0, -1.0], "alert_name": null, "observatory": ["T100,Hasan Esenoglu", "T100,Hasan Esenoglu", "T100,Hasan Esenoglu", "T100,Hasan Esenoglu", "T100,Hasan Esenoglu", "T100,Hasan Esenoglu", "T100,Hasan Esenoglu", "T100,Hasan Esenoglu", "T100,Hasan Esenoglu", "T100,Hasan Esenoglu", "Loiano, Felice Cusan", "Loiano, Felice Cusan", "Loiano, Felice Cusan", "Loiano, Felice Cusan", "Loiano, Felice Cusan", "Loiano, Felice Cusan", "Loiano, Felice Cusan", "Loiano, Felice Cusan", "Loiano, Felice Cusan", "Loiano, Felice Cusan", "Loiano, Felice Cusan", "Loiano, Felice Cusan", "Loiano, Felice Cusan", "Loiano, Felice Cusan", "Loiano, Felice Cusan", "Loiano, Felice Cusan", "Loiano, Felice Cusan", "Loiano, Felice Cusan", "Loiano, Felice Cusan", "Loiano, Felice Cusan", "Loiano, Felice Cusan", "Loiano, Felice Cusan", "Loiano, Felice Cusan", "Loiano, Felice Cusan", "Loiano, Felice Cusan", "Loiano, Felice Cusan", "Loiano, Felice Cusan", "Loiano, Felice Cusan", "Loiano, Felice Cusan", "Loiano, Felice Cusan", "Loiano, Felice Cusan", "Loiano, Felice Cusan", "Loiano, Felice Cusan", "Loiano, Felice Cusan", "Loiano, Felice Cusan", "Loiano, Felice Cusan", "Loiano, Felice Cusan", "Loiano, Felice Cusan", "Loiano, Felice Cusan", "Loiano, Felice Cusan", "Loiano, Felice Cusan", "Loiano, Felice Cusan", "Loiano, Felice Cusan", "Loiano, Felice Cusan", "Loiano, P.Iwanek", "Loiano, P.Iwanek", "Loiano, P.Iwanek", "Loiano, P.Iwanek", "Loiano, P.Iwanek", "Loiano, P.Iwanek", "Loiano, P.Iwanek", "Loiano, P.Iwanek", "Loiano, P.Iwanek", "Loiano, P.Iwanek", "Loiano, P.Iwanek", "Loiano, P.Iwanek", "Loiano, P.Iwanek", "Loiano, P.Iwanek", "Loiano, P.Iwanek"], "caliberr": [0.08369621634483337, 0.07850959897041321, 0.06974530965089798, 0.07675842940807343, 0.045062415301799774, 0.0716981589794159, 0.061367910355329514, 0.1158573180437088, 0.11249181628227234, 0.12741021811962128, 0.04475037381052971, 0.03672574460506439, 0.028013423085212708, 0.055120669305324554, 0.049723513424396515, 0.05451478436589241, 0.04616856202483177, 0.038512133061885834, 0.05511504411697388, 0.07485801726579666, 0.04489542916417122, 0.07306597381830215, 0.07385856658220291, 0.1860046684741974, 0.0434078723192215, 0.04540552198886871, 0.0433589406311512, 0.04038684815168381, 0.050018299371004105, 0.03989711031317711, 0.04194045439362526, 0.04842674732208252, 0.035745274275541306, 0.029573924839496613, 0.029699062928557396, 0.03742363303899765, 0.0493808388710022, 0.03906162455677986, 0.0849817544221878, 0.11383940279483795, 0.12868769466876984, 0.14715996384620667, 0.17295324802398682, 0.17221535742282867, 0.15491577982902527, 0.15302307903766632, 0.15105201303958893, 0.1646759808063507, 0.16257721185684204, 0.15403015911579132, 0.15655460953712463, 0.15788090229034424, 0.14369525015354156, 0.11567795276641846, 0.023567793890833855, 0.024684013798832893, 0.020353181287646294, 0.02212967351078987, 0.03288257494568825, 0.02142353728413582, 0.028529146686196327, 0.02073255181312561, 0.02074085734784603, 0.017835119739174843, 0.1691548377275467, 0.1703028529882431, 0.17086178064346313, 0.1697176992893219, 0.17016398906707764], "mag": [21.38455581665039, 22.117313385009766, 22.911720275878906, 22.499666213989258, 22.115066528320312, 23.20035743713379, 21.95781898498535, 20.48822021484375, 20.800901412963867, 20.291240692138672, 16.517765045166016, 16.4654598236084, 16.50153923034668, 16.45598793029785, 16.47954750061035, 16.437774658203125, 16.495420455932617, 16.47801399230957, 16.486942291259766, 16.48464012145996, 16.523618698120117, 16.500154495239258, 16.59737205505371, 16.538217544555664, 15.98816204071045, 16.00328254699707, 15.972171783447266, 16.015888214111328, 16.03219223022461, 15.993907928466797, 15.999455451965332, 15.989686012268066, 16.073522567749023, 16.053529739379883, 16.01302146911621, 16.0103759765625, 15.951212882995605, 16.019498825073242, 16.045766830444336, 15.656851768493652, 15.642327308654785, 15.632498741149902, 15.68238353729248, 15.701598167419434, 15.653214454650879, 15.660283088684082, 15.615264892578125, 15.652846336364746, 15.663382530212402, 15.7385835647583, 15.731804847717285, 15.675491333007812, 15.673901557922363, 15.753901481628418, 23.41739273071289, 23.162769317626953, 23.35679054260254, 23.370519638061523, 23.109811782836914, 22.607383728027344, 22.640666961669922, 23.236295700073242, 22.626996994018555, 22.467082977294922, 21.757465362548828, 21.811017990112305, 21.966135025024414, 21.890850067138672, 21.84287452697754], "catalog": ["APASS", "APASS", "APASS", "APASS", "APASS", "APASS", "APASS", "APASS", "APASS", "APASS", "APASS", "APASS", "APASS", "APASS", "APASS", "APASS", "APASS", "APASS", "APASS", "APASS", "APASS", "APASS", "APASS", "APASS", "APASS", "APASS", "APASS", "APASS", "APASS", "APASS", "APASS", "APASS", "APASS", "APASS", "APASS", "APASS", "APASS", "APASS", "APASS", "APASS", "APASS", "APASS", "APASS", "APASS", "APASS", "APASS", "APASS", "APASS", "APASS", "APASS", "APASS", "APASS", "APASS", "APASS", "APASS", "APASS", "APASS", "APASS", "APASS", "APASS", "APASS", "APASS", "APASS", "APASS", "APASS", "APASS", "APASS", "APASS", "APASS"], "filter": ["g", "g", "g", "g", "r", "r", "r", "i", "i", "i", "g", "g", "g", "g", "g", "g", "g", "g", "g", "g", "g", "g", "g", "g", "r", "r", "r", "r", "r", "r", "r", "r", "r", "r", "r", "r", "r", "r", "r", "i", "i", "i", "i", "i", "i", "i", "i", "i", "i", "i", "i", "i", "i", "i", "g", "g", "g", "g", "g", "r", "r", "r", "r", "r", "i", "i", "i", "i", "i"],