{"mjd": [59241.158859, 59248.108491, 59248.103198], "magerr": [0.03377610072493553, 0.03881889954209328, 0.054738499224185944], "alert_name": null, "observatory": ["Liam Hardy pt5m", "Liam Hardy pt5m", "Liam Hardy pt5m"], "caliberr": [0.2569589912891388, 0.21280799806118011, 0.009999999776482582], "mag": [16.321800231933594, 16.51959991455078, 17.16230010986328], "catalog": ["SDSS", "SDSS", "APASS"], "filter": ["R", "R", "B"], "id": [212038, 212398, 212397]}