{"mjd": [58714.025049, 58728.025657, 58714.029609, 58728.030216, 58714.034925, 58728.033263], "magerr": [-1.0, -1.0, 0.10812799632549286, 0.10572099685668945, 0.08806560188531876, 0.09511289745569229], "alert_name": null, "observatory": ["Liam Hardy pt5m", "Liam Hardy pt5m", "Liam Hardy pt5m", "Liam Hardy pt5m", "Liam Hardy pt5m", "Liam Hardy pt5m"], "caliberr": [0.07359500229358673, 0.03130729869008064, 0.08613850176334381, 0.12833499908447266, 0.04775179922580719, 0.04391229897737503], "mag": [19.05900001525879, 19.716400146484375, 17.999799728393555, 18.950000762939453, 18.323299407958984, 18.600900650024414], "catalog": ["APASS", "APASS", "APASS", "APASS", "APASS", "APASS"], "filter": ["B", "B", "V", "V", "r", "r"], "id": [162535, 163794, 162536, 163795, 162537, 163796]}