{"mjd": [58703.063864, 58710.047299, 58720.029126, 58703.054752, 58710.038162, 58703.059308, 58710.042729, 58720.026095], "magerr": [0.03612577170133591, 0.036048028618097305, -1.0, 0.08485068380832672, 0.11186830699443817, 0.044102415442466736, 0.055068083107471466, -1.0], "alert_name": null, "observatory": ["Liam Hardy pt5m", "Liam Hardy pt5m", "Liam Hardy pt5m", "Liam Hardy pt5m", "Liam Hardy pt5m", "Liam Hardy pt5m", "Liam Hardy pt5m", "Liam Hardy pt5m"], "caliberr": [0.14811594784259796, 0.3691655993461609, 0.12578795850276947, 0.09905176609754562, 0.15166811645030975, 0.08371102809906006, 0.11817455291748047, 0.13496972620487213], "mag": [17.4250545501709, 16.046791076660156, 16.597049713134766, 17.902673721313477, 17.895471572875977, 17.64734649658203, 16.61250877380371, 18.242801666259766], "catalog": ["SDSS", "SDSS", "SDSS", "APASS", "APASS", "APASS", "APASS", "APASS"], "filter": ["R", "R", "R", "B", "B", "V", "V", "V"], "id": [161787, 162370, 163090, 161785, 162368, 161786, 162369, 163089]}