{"mjd": [59346.177668, 59346.182226, 59335.89388065, 59341.88249288, 59342.87384016, 59335.88682045, 59335.91169729, 59341.87544341, 59342.86678977, 59335.90098735, 59335.91886622, 59341.88960116, 59342.88094663], "magerr": [-1.0, 0.03991423547267914, 0.04749999940395355, 0.029400000348687172, 0.025599999353289604, 0.06859999895095825, 0.024399999529123306, 0.02280000038444996, 0.021700000390410423, 0.02850000001490116, 0.02199999988079071, 0.02280000038444996, 0.01940000057220459], "alert_name": null, "observatory": ["Liam Hardy pt5m", "Liam Hardy pt5m", "Moletai0.35-Erika Pa", "Moletai0.35-Erika Pa", "Moletai0.35-Erika Pa", "Moletai0.35-Erika Pa", "Moletai0.35-Erika Pa", "Moletai0.35-Erika Pa", "Moletai0.35-Erika Pa", "Moletai0.35-Erika Pa", "Moletai0.35-Erika Pa", "Moletai0.35-Erika Pa", "Moletai0.35-Erika Pa"], "caliberr": [0.11511430144309998, 0.050242312252521515, 0.07723494619131088, 0.07759688049554825, 0.0890260860323906, 0.08571737259626389, 0.08000881969928741, 0.08456007391214371, 0.08983883261680603, 0.15005791187286377, 0.1388530135154724, 0.15034925937652588, 0.1584676057100296], "mag": [18.576642990112305, 16.878881454467773, 16.765092849731445, 16.798921585083008, 16.774438858032227, 16.387317657470703, 16.240861892700195, 16.20662498474121, 16.185834884643555, 15.353031158447266, 15.34261417388916, 15.533498764038086, 15.540699005126953], "catalog": ["APASS", "APASS", "APASS", "APASS", "APASS", "APASS", "APASS", "APASS", "APASS", "APASS", "APASS", "APASS", "APASS"], "filter": ["B", "V", "V", "V", "V", "r", "r", "r", "r", "i", "i", "i", "i"], "id": [220837, 220838, 220519, 220725, 220863, 220517, 220518, 220724, 220862, 220515, 220516, 220723, 220861]}