{"mjd": [58914.12778, 58914.123991], "magerr": [0.047971900552511215, 0.07141149789094925], "alert_name": null, "observatory": ["Liam Hardy pt5m", "Liam Hardy pt5m"], "caliberr": [0.10244599729776382, 0.1529410034418106], "mag": [17.02680015563965, 17.005800247192383], "catalog": ["SDSS", "PS1"], "filter": ["R", "r"], "id": [183831, 183830]}