{"mjd": [57841.743541667, 57841.749386574, 57841.7552430555, 57841.745, 57841.7508564815, 57841.756701389, 57841.7464583335, 57841.752314815, 57841.758159722, 57841.747916667, 57841.753773148, 57841.7596064815, 57836.7724537039, 57836.7787500001, 57836.7850347222, 57836.7700810186, 57836.7740277778, 57836.7755902777, 57836.7803125, 57836.7818749999, 57836.7865972221, 57836.788159722, 57836.7771527776, 57836.7834374998, 57836.7897222224], "magerr": [-1.0, -1.0, -1.0, -1.0, -1.0, -1.0, -1.0, -1.0, -1.0, -1.0, -1.0, -1.0, -1.0, -1.0, -1.0, 0.13279999792575836, 0.07699999958276749, 0.04729999974370003, 0.04800000041723251, 0.0333000011742115, 0.04490000009536743, 0.02889999933540821, 0.05000000074505806, 0.04259999841451645, 0.04899999871850014], "alert_name": null, "observatory": ["BAS NAO Rozhen 50/70", "BAS NAO Rozhen 50/70", "BAS NAO Rozhen 50/70", "BAS NAO Rozhen 50/70", "BAS NAO Rozhen 50/70", "BAS NAO Rozhen 50/70", "BAS NAO Rozhen 50/70", "BAS NAO Rozhen 50/70", "BAS NAO Rozhen 50/70", "BAS NAO Rozhen 50/70", "BAS NAO Rozhen 50/70", "BAS NAO Rozhen 50/70", "ASV1.4 Goran Damljan", "ASV1.4 Goran Damljan", "ASV1.4 Goran Damljan", "ASV1.4 Goran Damljan", "ASV1.4 Goran Damljan", "ASV1.4 Goran Damljan", "ASV1.4 Goran Damljan", "ASV1.4 Goran Damljan", "ASV1.4 Goran Damljan", "ASV1.4 Goran Damljan", "ASV1.4 Goran Damljan", "ASV1.4 Goran Damljan", "ASV1.4 Goran Damljan"], "caliberr": [0.044753339141607285, 0.05622466281056404, 0.046534620225429535, 0.048433806747198105, 0.05263248085975647, 0.05403140187263489, 0.027418307960033417, 0.029567796736955643, 0.024540835991501808, 0.05853436887264252, 0.06454283744096756, 0.062495384365320206, 0.11582453548908234, 0.1265786737203598, 0.12152280658483505, 0.07416520267724991, 0.06188756972551346, 0.03775763139128685, 0.060929592698812485, 0.035536035895347595, 0.060954079031944275, 0.03647821769118309, 0.10796083509922028, 0.10761463642120361, 0.1094968169927597], "mag": [19.22644805908203, 19.787782669067383, 19.82022476196289, 19.33061408996582, 19.697063446044922, 19.835006713867188, 19.569355010986328, 19.711023330688477, 19.704872131347656, 19.077260971069336, 19.051713943481445, 19.045984268188477, 20.683767318725586, 21.636667251586914, 21.799394607543945, 18.237396240234375, 17.94558334350586, 18.025127410888672, 17.811717987060547, 17.939064025878906, 17.887451171875, 17.665327072143555, 17.544179916381836, 17.540122985839844, 17.81763458251953], "catalog": ["APASS", "APASS", "APASS", "APASS", "APASS", "APASS", "APASS", "APASS", "APASS", "APASS", "APASS", "APASS", "APASS", "APASS", "APASS", "APASS", "APASS", "APASS", "APASS", "APASS", "APASS", "APASS", "APASS", "APASS", "APASS"], "filter": ["B", "B", "B", "V", "V", "V", "r", "r", "r", "i", "i", "i", "B", "B", "B", "r", "r", "r", "r", "r", "r", "r", "i", "i", "i"], "id": [69980, 69974, 69975, 69979, 69973, 69981, 69976, 69984, 69977, 69982, 69983, 69978, 68887, 68881, 68882, 68890, 68886, 68883, 68880, 68892, 68888, 68884, 68889, 68891, 68885]}