{"mjd": [58625.035796, 58625.026698, 58625.031251], "magerr": [0.06677349656820297, -1.0, 0.08907099813222885], "alert_name": null, "observatory": ["Liam Hardy pt5m", "Liam Hardy pt5m", "Liam Hardy pt5m"], "caliberr": [0.11264199763536453, 0.1193849965929985, 0.027840999886393547], "mag": [18.031400680541992, 25.57710075378418, 18.184499740600586], "catalog": ["SDSS", "APASS", "APASS"], "filter": ["R", "B", "V"], "id": [152924, 152922, 152923]}