{"mjd": [58866.00386, 58866.007648], "magerr": [0.048528917133808136, 0.028474105522036552], "alert_name": null, "observatory": ["Liam Hardy pt5m", "Liam Hardy pt5m"], "caliberr": [0.21379177272319794, 0.009999999776482582], "mag": [16.810562133789062, 16.342769622802734], "catalog": ["APASS", "APASS"], "filter": ["V", "r"], "id": [175667, 175668]}