{"mjd": [58638.126449, 58638.118837, 58638.1234], "magerr": [0.035756900906562805, 0.1286270022392273, 0.044103000313043594], "alert_name": null, "observatory": ["Liam Hardy pt5m", "Liam Hardy pt5m", "Liam Hardy pt5m"], "caliberr": [0.1661899983882904, 0.08737540245056152, 0.09854070097208023], "mag": [16.222200393676758, 18.49650001525879, 16.65060043334961], "catalog": ["SDSS", "APASS", "APASS"], "filter": ["R", "B", "V"], "id": [154196, 154194, 154195]}