{"mjd": [57149.2185777, 57149.2212778, 57149.2255911, 57149.2301537, 57149.2185777, 57149.2212778, 57149.2255911, 57149.2301537, 57149.2185777, 57149.2212778, 57149.2255911, 57149.2301537], "magerr": [-1.0, -1.0, -1.0, -1.0, -1.0, -1.0, -1.0, -1.0, -1.0, 0.07609999924898148, -1.0, -1.0], "alert_name": null, "observatory": ["Anna Hourihane", "Anna Hourihane", "Anna Hourihane", "Anna Hourihane", "Anna Hourihane", "Anna Hourihane", "Anna Hourihane", "Anna Hourihane", "Anna Hourihane", "Anna Hourihane", "Anna Hourihane", "Anna Hourihane"], "caliberr": [0.08216578513383865, 0.09551257640123367, 0.08234481513500214, 0.08511336147785187, 0.08076989650726318, 0.07386942207813263, 0.054634079337120056, 0.06964543461799622, 0.06769439578056335, 0.07920436561107635, 0.06595275551080704, 0.07004693150520325], "mag": [19.593503952026367, 22.177011489868164, 21.130504608154297, 23.74635124206543, 19.280046463012695, 20.869504928588867, 20.885738372802734, 20.537870407104492, 20.501819610595703, 20.093997955322266, 23.958290100097656, 22.945743560791016], "catalog": ["SDSS", "SDSS", "SDSS", "SDSS", "SDSS", "SDSS", "SDSS", "SDSS", "SDSS", "SDSS", "SDSS", "SDSS"], "filter": ["u", "u", "u", "u", "g", "g", "g", "g", "r", "r", "r", "r"], "id": [21570, 21568, 21571, 21569, 21578, 21572, 21574, 21575, 21577, 21576, 21567, 21573]}