{"mjd": [58123.249913, 58131.162238, 58123.241409, 58123.245269, 58131.156066], "magerr": [-1.0, -1.0, -1.0, -1.0, -1.0], "alert_name": null, "observatory": ["Liam Hardy pt5m", "Liam Hardy pt5m", "Liam Hardy pt5m", "Liam Hardy pt5m", "Liam Hardy pt5m"], "caliberr": [0.17077000439167023, 0.16773928701877594, 0.010000040754675865, 0.04095039144158363, 0.010000010021030903], "mag": [19.665281295776367, 20.307022094726562, 19.180286407470703, 19.3281307220459, 19.278905868530273], "catalog": ["SDSS", "SDSS", "APASS", "APASS", "APASS"], "filter": ["R", "R", "B", "V", "V"], "id": [97721, 98095, 97719, 97720, 98094]}