{"mjd": [58862.30737225, 58862.31157369], "magerr": [0.0024999999441206455, 0.003100000089034438], "alert_name": null, "observatory": ["PROMPT5-0.4, Staszek", "PROMPT5-0.4, Staszek"], "caliberr": [0.03260650113224983, 0.08923059701919556], "mag": [11.466699600219727, 11.210700035095215], "catalog": ["APASS", "APASS"], "filter": ["V", "i"], "id": [175411, 175410]}