{"mjd": [58813.928147, 58818.926893, 58813.932716, 58813.937568], "magerr": [-1.0, -1.0, -1.0, -1.0], "alert_name": null, "observatory": ["Liam Hardy pt5m", "Liam Hardy pt5m", "Liam Hardy pt5m", "Liam Hardy pt5m"], "caliberr": [0.10651515424251556, 0.10581523180007935, 0.07386981695890427, 0.1073845699429512], "mag": [19.25217056274414, 18.91550064086914, 23.93068504333496, 19.733068466186523], "catalog": ["APASS", "APASS", "APASS", "APASS"], "filter": ["B", "B", "V", "r"], "id": [173395, 173661, 173396, 173397]}