{"mjd": [58726.041474, 58726.046039, 58917.264526, 58918.261858, 59082.015399, 59082.046304, 59082.964279, 59094.070532, 59099.069032, 58726.050623, 59082.048904, 59082.966237, 59094.073114, 59099.071612, 59082.051499, 59082.969473, 59094.075697, 59099.074225, 58749.93761, 58749.94437, 58780.69086, 58786.734026, 58786.747581, 58780.69535, 58786.738517, 58786.752072, 58780.69989, 58786.743056, 58786.756609, 58747.8781134263, 58747.8323379634, 58747.8346759262, 58747.8370138896, 58747.8746643523, 58747.833472223, 58747.8358101859, 58747.8381481492], "magerr": [0.04325789213180542, 0.017414532601833344, 0.049931615591049194, 0.044471319764852524, 0.02273457497358322, 0.02273457497358322, 0.029145464301109314, 0.038842227309942245, 0.04359057918190956, 0.00856323353946209, 0.012782547622919083, 0.01619189791381359, 0.02339974418282509, 0.02353566326200962, 0.014970416203141212, 0.014965984970331192, 0.020715316757559776, 0.028896013274788857, -1.0, -1.0, 0.018300000578165054, 0.019200000911951065, 0.019600000232458115, 0.018699999898672104, 0.018799999728798866, 0.019200000911951065, -1.0, -1.0, -1.0, -1.0, 0.011900000274181366, 0.01209999993443489, 0.011900000274181366, -1.0, 0.010900000110268593, 0.010999999940395355, 0.010300000198185444], "alert_name": null, "observatory": ["Liam Hardy pt5m", "Liam Hardy pt5m", "Liam Hardy pt5m", "Liam Hardy pt5m", "Liam Hardy pt5m", "Liam Hardy pt5m", "Liam Hardy pt5m", "Liam Hardy pt5m", "Liam Hardy pt5m", "Liam Hardy pt5m", "Liam Hardy pt5m", "Liam Hardy pt5m", "Liam Hardy pt5m", "Liam Hardy pt5m", "Liam Hardy pt5m", "Liam Hardy pt5m", "Liam Hardy pt5m", "Liam Hardy pt5m", "Moletai0.35-Erika Pa", "Moletai0.35-Erika Pa", "Moletai0.35-Erika Pa", "Moletai0.35-Erika Pa", "Moletai0.35-Erika Pa", "Moletai0.35-Erika Pa", "Moletai0.35-Erika Pa", "Moletai0.35-Erika Pa", "Moletai0.35-Erika Pa", "Moletai0.35-Erika Pa", "Moletai0.35-Erika Pa", "Rozhen 0.6 Jochen He", "Rozhen 0.6 Jochen He", "Rozhen 0.6 Jochen He", "Rozhen 0.6 Jochen He", "Rozhen 0.6 Jochen He", "Rozhen 0.6 Jochen He", "Rozhen 0.6 Jochen He", "Rozhen 0.6 Jochen He"], "caliberr": [0.0676037073135376, 0.09299328923225403, 0.07035531103610992, 0.051697324961423874, 0.08194282650947571, 0.08194282650947571, 0.08170562237501144, 0.06654427200555801, 0.06846551597118378, 0.09255801886320114, 0.09549955278635025, 0.09892409294843674, 0.09737725555896759, 0.1435849368572235, 0.10608573257923126, 0.1035129502415657, 0.08751299232244492, 0.07388988882303238, 0.09912052750587463, 0.09844384342432022, 0.1325148493051529, 0.12872445583343506, 0.12186060845851898, 0.1441381424665451, 0.13729967176914215, 0.1429336667060852, 0.17747463285923004, 0.2390427440404892, 0.1763892024755478, 0.22631049156188965, 0.06682687997817993, 0.0753912627696991, 0.07645037770271301, 0.06907545775175095, 0.1410265564918518, 0.1504993736743927, 0.17832431197166443], "mag": [17.093603134155273, 15.694906234741211, 16.005292892456055, 15.90074634552002, 16.002395629882812, 16.002395629882812, 15.8677978515625, 16.14712905883789, 15.826955795288086, 15.149614334106445, 15.275653839111328, 15.274651527404785, 14.995532035827637, 15.259220123291016, 14.574944496154785, 14.575718879699707, 14.402999877929688, 14.624213218688965, 17.739730834960938, 18.037202835083008, 15.52625560760498, 15.583614349365234, 15.583765983581543, 15.220419883728027, 15.115432739257812, 15.07823657989502, 18.00153923034668, 17.882022857666016, 17.7906494140625, 19.825101852416992, 15.2637300491333, 15.254683494567871, 15.267948150634766, 18.130109786987305, 14.476600646972656, 14.483311653137207, 14.392655372619629], "catalog": ["APASS", "APASS", "APASS", "APASS", "APASS", "APASS", "APASS", "APASS", "APASS", "APASS", "APASS", "APASS", "APASS", "APASS", "APASS", "APASS", "APASS", "APASS", "APASS", "APASS", "APASS", "APASS", "APASS", "APASS", "APASS", "APASS", "APASS", "APASS", "APASS", "APASS", "APASS", "APASS", "APASS", "APASS", "APASS", "APASS", "APASS"], "filter": ["B", "V", "V", "V", "V", "V", "V", "V", "V", "r", "r", "r", "r", "r", "i", "i", "i", "i", "V", "V", "V", "V", "V", "r", "r", "r", "i", "i", "i", "V", "r", "r", "r", "r", "i", "i", "i"], "id": [163610, 163611, 184514, 184646, 196737, 196749, 196844, 197966, 198536, 163612, 196750, 196845, 197967, 198537, 196751, 196846, 197968, 198538, 170738, 170739, 170777, 171202, 171205, 170778, 171203, 171206, 170779, 171204, 171207, 173509, 173502, 173503, 173504, 173508, 173505, 173506, 173507]}