{"mjd": [59093.972771, 59093.977327, 59093.981877], "magerr": [-1.0, -1.0, -1.0], "alert_name": null, "observatory": ["Liam Hardy pt5m", "Liam Hardy pt5m", "Liam Hardy pt5m"], "caliberr": [0.18032792210578918, 0.03463379293680191, 0.10114175081253052], "mag": [18.804302215576172, 19.039154052734375, 19.185489654541016], "catalog": ["APASS", "APASS", "APASS"], "filter": ["B", "V", "r"], "id": [197938, 197939, 197940]}