{"mjd": [58639.136458, 58644.201319, 58639.127354, 58644.192212, 58639.13191, 58644.196768], "magerr": [0.1359959989786148, -1.0, -1.0, -1.0, -1.0, -1.0], "alert_name": null, "observatory": ["Liam Hardy pt5m", "Liam Hardy pt5m", "Liam Hardy pt5m", "Liam Hardy pt5m", "Liam Hardy pt5m", "Liam Hardy pt5m"], "caliberr": [0.19634999334812164, 0.11753799766302109, 0.06882839649915695, 0.04674540087580681, 0.018688200041651726, 0.009999999776482582], "mag": [19.388200759887695, 19.834400177001953, 19.69029998779297, 19.908300399780273, 19.69499969482422, 19.5492000579834], "catalog": ["SDSS", "SDSS", "APASS", "APASS", "APASS", "APASS"], "filter": ["R", "R", "B", "B", "V", "V"], "id": [154279, 154954, 154277, 154952, 154278, 154953]}