{"mjd": [57839.9957798, 57841.0410686, 57841.9909672], "magerr": [0.003700000001117587, 0.0034000000450760126, 0.004100000020116568], "alert_name": null, "observatory": ["Euler Geneva Group", "Euler Geneva Group", "Euler Geneva Group"], "caliberr": [0.12519200146198273, 0.12082699686288834, 0.10978099703788757], "mag": [17.542600631713867, 17.559200286865234, 17.614700317382812], "catalog": ["APASS", "APASS", "APASS"], "filter": ["r", "r", "r"], "id": [68785, 68832, 68879]}