{"mjd": [58649.18759, 58655.159399, 58662.149757, 58649.192153, 58655.163955, 58662.154325, 58649.196724, 58655.168516, 58662.158892], "magerr": [0.08652040362358093, 0.09271080046892166, 0.09049899876117706, 0.02510939911007881, 0.03111400082707405, 0.028076499700546265, 0.013654000125825405, 0.014273599721491337, 0.014629100449383259], "alert_name": null, "observatory": ["Liam Hardy pt5m", "Liam Hardy pt5m", "Liam Hardy pt5m", "Liam Hardy pt5m", "Liam Hardy pt5m", "Liam Hardy pt5m", "Liam Hardy pt5m", "Liam Hardy pt5m", "Liam Hardy pt5m"], "caliberr": [0.27585598826408386, 0.29542601108551025, 0.2892009913921356, 0.06950269639492035, 0.07084319740533829, 0.07673519849777222, 0.0957878977060318, 0.040333300828933716, 0.041002798825502396], "mag": [18.298599243164062, 18.502199172973633, 18.237699508666992, 16.89430046081543, 16.81170082092285, 16.76569938659668, 16.385299682617188, 16.37220001220703, 16.309600830078125], "catalog": ["APASS", "APASS", "APASS", "APASS", "APASS", "APASS", "APASS", "APASS", "APASS"], "filter": ["B", "B", "B", "V", "V", "V", "r", "r", "r"], "id": [155465, 156126, 157023, 155466, 156127, 157024, 155467, 156128, 157025]}