{"mjd": [58637.973838, 58637.9655, 58637.969286], "magerr": [0.05919170007109642, 0.11550000309944153, 0.08259720355272293], "alert_name": null, "observatory": ["Liam Hardy pt5m", "Liam Hardy pt5m", "Liam Hardy pt5m"], "caliberr": [0.2157689929008484, 0.07413999736309052, 0.0809967964887619], "mag": [17.677499771118164, 18.493000030517578, 18.217500686645508], "catalog": ["SDSS", "APASS", "APASS"], "filter": ["R", "B", "V"], "id": [154169, 154167, 154168]}