{"mjd": [57148.1312737, 57148.1366058, 57148.1260299, 57148.1312737, 57148.1346989, 57148.1366058, 57148.1260299, 57148.1312737, 57148.1346989, 57148.1366058], "magerr": [-1.0, -1.0, 0.027000000700354576, 0.012600000016391277, 0.01269999984651804, 0.012500000186264515, 0.011900000274181366, 0.005499999970197678, 0.005499999970197678, 0.005499999970197678], "alert_name": null, "observatory": ["Anna Hourihane", "Anna Hourihane", "Anna Hourihane", "Anna Hourihane", "Anna Hourihane", "Anna Hourihane", "Anna Hourihane", "Anna Hourihane", "Anna Hourihane", "Anna Hourihane"], "caliberr": [0.03382198140025139, 0.04687301814556122, 0.03179687634110451, 0.09058354049921036, 0.10248622298240662, 0.09531155228614807, 0.07612328231334686, 0.07417062669992447, 0.062414027750492096, 0.052208639681339264], "mag": [18.973758697509766, 19.159786224365234, 16.60828971862793, 16.382970809936523, 16.28467559814453, 16.28426742553711, 15.370824813842773, 15.12110710144043, 15.119207382202148, 15.1160306930542], "catalog": ["SDSS", "SDSS", "SDSS", "SDSS", "SDSS", "SDSS", "SDSS", "SDSS", "SDSS", "SDSS"], "filter": ["u", "u", "g", "g", "g", "g", "r", "r", "r", "r"], "id": [21283, 21273, 21266, 21271, 21281, 21277, 21279, 21268, 21264, 21275]}