{"mjd": [58314.952512, 58314.957052, 58314.961582], "magerr": [0.05034400150179863, 0.0300453994423151, 0.021976100280880928], "alert_name": null, "observatory": ["Liam Hardy pt5m", "Liam Hardy pt5m", "Liam Hardy pt5m"], "caliberr": [0.16078299283981323, 0.1574150025844574, 0.11336600035429001], "mag": [16.898700714111328, 16.14189910888672, 15.741100311279297], "catalog": ["SDSS", "SDSS", "SDSS"], "filter": ["B", "V", "R"], "id": [114310, 114316, 114324]}