{"mjd": [58558.162062, 58558.166617, 58558.171167], "magerr": [-1.0, -1.0, -1.0], "alert_name": null, "observatory": ["Liam Hardy pt5m", "Liam Hardy pt5m", "Liam Hardy pt5m"], "caliberr": [0.06916780024766922, 0.11214900016784668, 0.07775620371103287], "mag": [18.91200065612793, 19.23590087890625, 19.563400268554688], "catalog": ["APASS", "APASS", "APASS"], "filter": ["B", "V", "r"], "id": [147525, 147526, 147527]}