{"mjd": [58916.985047, 58916.988856, 58916.993403], "magerr": [-1.0, -1.0, -1.0], "alert_name": null, "observatory": ["Liam Hardy pt5m", "Liam Hardy pt5m", "Liam Hardy pt5m"], "caliberr": [0.25653699040412903, 0.4112449884414673, 0.46108898520469666], "mag": [18.306299209594727, 18.47719955444336, 17.957000732421875], "catalog": ["APASS", "APASS", "APASS"], "filter": ["B", "V", "r"], "id": [184488, 184489, 184490]}