{"mjd": [58804.252942, 58804.257561], "magerr": [0.07149259746074677, 0.03371550142765045], "alert_name": null, "observatory": ["Liam Hardy pt5m", "Liam Hardy pt5m"], "caliberr": [0.08234599977731705, 0.19090799987316132], "mag": [16.84480094909668, 15.83590030670166], "catalog": ["SDSS", "SDSS"], "filter": ["B", "V"], "id": [171701, 171702]}