{"mjd": [58370.02236, 58370.026928, 58382.975784, 58382.980367], "magerr": [0.055958449840545654, -1.0, -1.0, -1.0], "alert_name": null, "observatory": ["Liam Hardy pt5m", "Liam Hardy pt5m", "Liam Hardy pt5m", "Liam Hardy pt5m"], "caliberr": [0.2552781105041504, 0.23868325352668762, 0.23821531236171722, 0.24022798240184784], "mag": [17.810623168945312, 20.30484962463379, 19.515100479125977, 19.905792236328125], "catalog": ["PS1", "PS1", "PS1", "PS1"], "filter": ["r", "r", "r", "r"], "id": [119040, 119041, 120890, 120891]}