{"mjd": [58598.044519, 58606.035068, 58616.955077, 58598.035417, 58606.026712, 58616.945991, 58598.039973, 58606.031278, 58616.950536], "magerr": [0.038536299020051956, 0.04557900130748749, 0.05109800025820732, 0.11541199684143066, -1.0, -1.0, 0.04398300126194954, 0.07878170162439346, -1.0], "alert_name": null, "observatory": ["Liam Hardy pt5m", "Liam Hardy pt5m", "Liam Hardy pt5m", "Liam Hardy pt5m", "Liam Hardy pt5m", "Liam Hardy pt5m", "Liam Hardy pt5m", "Liam Hardy pt5m", "Liam Hardy pt5m"], "caliberr": [0.2596989870071411, 0.08974169939756393, 0.19628100097179413, 0.009999999776482582, 0.03382740169763565, 0.009999999776482582, 0.010422700084745884, 0.01721780002117157, 0.009999999776482582], "mag": [17.14459991455078, 17.198699951171875, 17.026500701904297, 18.42970085144043, 19.49020004272461, 20.093900680541992, 16.772199630737305, 17.7721004486084, 19.488300323486328], "catalog": ["SDSS", "SDSS", "SDSS", "APASS", "APASS", "APASS", "APASS", "APASS", "APASS"], "filter": ["R", "R", "R", "B", "B", "B", "V", "V", "V"], "id": [151038, 151513, 152471, 151036, 151511, 152463, 151037, 151512, 152465]}