{"mjd": [57545.88661, 57545.88829, 57546.8745, 57546.87618, 57546.88839, 57546.89007, 57545.89001, 57545.89169, 57546.87791, 57546.87957, 57546.89179, 57546.89347, 57545.89339, 57545.89506, 57546.88127, 57546.88295, 57546.89517, 57546.89685, 57545.89676, 57545.89844, 57546.88465, 57546.88633, 57546.89855, 57546.90023], "magerr": [0.01549999974668026, 0.01549999974668026, 0.026200000196695328, 0.02590000070631504, 0.019600000232458115, 0.020400000736117363, 0.007300000172108412, 0.00839999970048666, 0.012799999676644802, 0.01269999984651804, 0.010499999858438969, 0.010400000028312206, 0.005900000222027302, 0.006099999882280827, 0.00800000037997961, 0.008999999612569809, 0.0071000000461936, 0.007000000216066837, 0.005900000222027302, 0.006899999920278788, 0.010599999688565731, 0.009499999694526196, 0.008200000040233135, 0.007699999958276749], "alert_name": null, "observatory": ["Bialkow, Z.Kolaczkow", "Bialkow, Z.Kolaczkow", "Bialkow, Z.Kolaczkow", "Bialkow, Z.Kolaczkow", "Bialkow, Z.Kolaczkow", "Bialkow, Z.Kolaczkow", "Bialkow, Z.Kolaczkow", "Bialkow, Z.Kolaczkow", "Bialkow, Z.Kolaczkow", "Bialkow, Z.Kolaczkow", "Bialkow, Z.Kolaczkow", "Bialkow, Z.Kolaczkow", "Bialkow, Z.Kolaczkow", "Bialkow, Z.Kolaczkow", "Bialkow, Z.Kolaczkow", "Bialkow, Z.Kolaczkow", "Bialkow, Z.Kolaczkow", "Bialkow, Z.Kolaczkow", "Bialkow, Z.Kolaczkow", "Bialkow, Z.Kolaczkow", "Bialkow, Z.Kolaczkow", "Bialkow, Z.Kolaczkow", "Bialkow, Z.Kolaczkow", "Bialkow, Z.Kolaczkow"], "caliberr": [0.01676749996840954, 0.05155089870095253, 0.042230598628520966, 0.05061959847807884, 0.057711001485586166, 0.02241949923336506, 0.05822410061955452, 0.061215098947286606, 0.05879199877381325, 0.056811701506376266, 0.06049549952149391, 0.05687129870057106, 0.03297549858689308, 0.03442389890551567, 0.04307299852371216, 0.03757699951529503, 0.04320840165019035, 0.03522000089287758, 0.04770909994840622, 0.03815159946680069, 0.04668229818344116, 0.04718419909477234, 0.029311800375580788, 0.029810400679707527], "mag": [16.20949935913086, 16.179800033569336, 16.606000900268555, 16.64889907836914, 16.663299560546875, 16.621700286865234, 15.622400283813477, 15.650300025939941, 16.03339958190918, 16.05579948425293, 16.032699584960938, 16.05150032043457, 15.444999694824219, 15.452400207519531, 15.843199729919434, 15.833200454711914, 15.858699798583984, 15.878100395202637, 15.052399635314941, 15.032500267028809, 15.371999740600586, 15.351699829101562, 15.396499633789062, 15.409500122070312], "catalog": ["APASS", "APASS", "APASS", "APASS", "APASS", "APASS", "APASS", "APASS", "APASS", "APASS", "APASS", "APASS", "APASS", "APASS", "APASS", "APASS", "APASS", "APASS", "APASS", "APASS", "APASS", "APASS", "APASS", "APASS"], "filter": ["B", "B", "B", "B", "B", "B", "V", "V", "V", "V", "V", "V", "r", "r", "r", "r", "r", "r", "i", "i", "i", "i", "i", "i"]}