{"mjd": [57108.731183125, 57108.73996789352, 57108.73615427083, 57100.9855824], "magerr": [0.054999999701976776, 0.03700000047683716, 0.05999999865889549, 0.012600000016391277], "alert_name": null, "observatory": ["LCOGT Gaia Alerts Gr", "LCOGT Gaia Alerts Gr", "LCOGT Gaia Alerts Gr", "Euler Geneva Group"], "caliberr": [0.018736371770501137, 0.0672246515750885, 0.04902338236570358, 0.049055568873882294], "mag": [18.79490089416504, 18.212627410888672, 18.133283615112305, 18.000120162963867], "catalog": ["APASS", "APASS", "APASS", "APASS"], "filter": ["g", "r", "i", "r"], "id": [17939, 17941, 17940, 17835]}