{"mjd": [58728.011495, 58728.016071, 58728.02066], "magerr": [-1.0, -1.0, -1.0], "alert_name": null, "observatory": ["Liam Hardy pt5m", "Liam Hardy pt5m", "Liam Hardy pt5m"], "caliberr": [0.06404049694538116, 0.07339199632406235, 0.10499300062656403], "mag": [19.351499557495117, 19.578500747680664, 20.88050079345703], "catalog": ["APASS", "APASS", "APASS"], "filter": ["B", "V", "r"], "id": [163791, 163792, 163793]}