{"mjd": [58678.132457, 58678.123333, 58678.127896], "magerr": [0.09112539887428284, -1.0, 0.07788380235433578], "alert_name": null, "observatory": ["Liam Hardy pt5m", "Liam Hardy pt5m", "Liam Hardy pt5m"], "caliberr": [0.20396000146865845, 0.08284740149974823, 0.07044550031423569], "mag": [18.342199325561523, 19.64069938659668, 18.228900909423828], "catalog": ["SDSS", "APASS", "APASS"], "filter": ["R", "B", "V"], "id": [158526, 158524, 158525]}