{"mjd": [57431.28408320602, 57434.16854065972, 57431.2888466088, 57434.17335434028, 57431.29292560185, 57434.17741935185], "magerr": [0.042100001126527786, -1.0, 0.053700000047683716, -1.0, -1.0, -1.0], "alert_name": null, "observatory": ["LCOGT Gaia Alerts Gr", "LCOGT Gaia Alerts Gr", "LCOGT Gaia Alerts Gr", "LCOGT Gaia Alerts Gr", "LCOGT Gaia Alerts Gr", "LCOGT Gaia Alerts Gr"], "caliberr": [0.04633190482854843, 0.04000723361968994, 0.030379053205251694, 0.03128812089562416, 0.08947376161813736, 0.09800023585557938], "mag": [20.284093856811523, 21.50354766845703, 20.181686401367188, 21.344038009643555, 21.157960891723633, 20.91895294189453], "catalog": ["APASS", "APASS", "APASS", "APASS", "APASS", "APASS"], "filter": ["g", "g", "r", "r", "i", "i"], "id": [26062, 26090, 26063, 26091, 26065, 26092]}