{"mjd": [58729.235501], "magerr": [-1.0], "alert_name": null, "observatory": ["Liam Hardy pt5m"], "caliberr": [0.05982059985399246], "mag": [19.575300216674805], "catalog": ["APASS"], "filter": ["B"], "id": [163857]}