{"mjd": [59446.93165, 59446.936204], "magerr": [-1.0, -1.0], "alert_name": null, "observatory": ["Liam Hardy pt5m", "Liam Hardy pt5m"], "caliberr": [0.009999999776482582, 0.12465791404247284], "mag": [17.73758316040039, 18.284217834472656], "catalog": ["APASS", "APASS"], "filter": ["B", "V"], "id": [231718, 231757]}