{"mjd": [57871.953241, 57871.96034, 57900.095223, 57894.9185, 57900.095223, 57894.9218, 57900.098554, 57901.901945, 57894.92441, 57900.10119, 57901.907876], "magerr": [0.059300001710653305, 0.059300001710653305, -1.0, -1.0, -1.0, -1.0, -1.0, -1.0, -1.0, -1.0, -1.0], "alert_name": null, "observatory": ["Loiano, Felice Cusan", "Loiano, Felice Cusan", "PIRATE, OU students", "PIRATE, OU students", "PIRATE, OU students", "PIRATE, OU students", "PIRATE, OU students", "PIRATE, OU students", "PIRATE, OU students", "PIRATE, OU students", "PIRATE, OU students"], "caliberr": [0.3046739995479584, 0.45082101225852966, 0.05894450098276138, 0.0678630992770195, 0.10833500325679779, 0.13804300129413605, 0.158501997590065, 0.049424201250076294, 0.025389399379491806, 0.07521899789571762, 0.06292760372161865], "mag": [16.706899642944336, 16.666000366210938, 17.34149932861328, 17.077999114990234, 17.7908992767334, 16.266799926757812, 17.441600799560547, 19.423599243164062, 15.584699630737305, 16.97480010986328, 19.624900817871094], "catalog": ["SDSS", "SDSS", "SDSS", "APASS", "APASS", "APASS", "APASS", "APASS", "APASS", "APASS", "APASS"], "filter": ["R", "R", "g", "B", "B", "g", "g", "g", "r", "r", "r"], "id": [72884, 72885, 75116, 74916, 75117, 74915, 75118, 75469, 74917, 75119, 75470]}