{"mjd": [58032.160877, 58032.165434, 58032.169991], "magerr": [0.10056500136852264, 0.06187380105257034, 0.04464989900588989], "alert_name": null, "observatory": ["Liam Hardy pt5m", "Liam Hardy pt5m", "Liam Hardy pt5m"], "caliberr": [0.013089699670672417, 0.009999999776482582, 0.009999999776482582], "mag": [17.95479965209961, 17.791900634765625, 17.328800201416016], "catalog": ["APASS", "APASS", "APASS"], "filter": ["B", "V", "r"], "id": [85395, 85396, 85397]}