{"mjd": [58780.220033, 58780.210163, 58780.214721], "magerr": [0.05992040038108826, 0.10219399631023407, 0.08031100034713745], "alert_name": null, "observatory": ["Liam Hardy pt5m", "Liam Hardy pt5m", "Liam Hardy pt5m"], "caliberr": [0.14092199504375458, 0.12035500258207321, 0.05990999937057495], "mag": [17.917699813842773, 18.08930015563965, 18.093399047851562], "catalog": ["SDSS", "APASS", "APASS"], "filter": ["R", "B", "V"], "id": [170078, 170076, 170077]}