{"mjd": [58271.963688, 58261.017308, 58271.967457, 58257.917503, 58281.87086, 58281.906757, 58281.858933, 58281.894816, 58281.864905, 58281.900784, 58283.858488, 58283.895923, 58285.859467, 58281.882794, 58281.918701, 58283.876367, 58283.913809, 58285.87736, 58281.845174, 58281.852974, 58283.84519, 58283.882639, 58285.84614, 58266.932766, 58273.908275, 58265.852813, 58273.905127, 58265.854815, 58266.924225, 58273.907199, 58265.853912, 58273.90647, 58266.923322, 58265.853275, 58266.922593, 58266.921863], "magerr": [0.05297600105404854, 0.033908501267433167, 0.03778360038995743, 0.04969999939203262, 0.03720000013709068, 0.047200001776218414, -1.0, -1.0, 0.06340000033378601, 0.07069999724626541, 0.02419999986886978, 0.0203000009059906, 0.01679999940097332, 0.051899999380111694, 0.048500001430511475, 0.019700000062584877, 0.01549999974668026, 0.013299999758601189, 0.07660000026226044, 0.05620000138878822, 0.04560000076889992, 0.03420000150799751, 0.031700000166893005, -1.0, 0.05590000003576279, 0.022600000724196434, 0.027899999171495438, 0.02239999920129776, 0.05260000005364418, 0.023000000044703484, 0.02319999970495701, 0.020800000056624413, 0.07039999961853027, 0.019500000402331352, 0.04670000076293945, 0.039500001817941666], "alert_name": null, "observatory": ["Liam Hardy pt5m", "Liam Hardy pt5m", "Liam Hardy pt5m", "K.Wiersema-Leicester", "Loiano, Felice Cusan", "Loiano, Felice Cusan", "Loiano, Felice Cusan", "Loiano, Felice Cusan", "Loiano, Felice Cusan", "Loiano, Felice Cusan", "Loiano, Felice Cusan", "Loiano, Felice Cusan", "Loiano, Felice Cusan", "Loiano, Felice Cusan", "Loiano, Felice Cusan", "Loiano, Felice Cusan", "Loiano, Felice Cusan", "Loiano, Felice Cusan", "Loiano, Felice Cusan", "Loiano, Felice Cusan", "Loiano, Felice Cusan", "Loiano, Felice Cusan", "Loiano, Felice Cusan", "Lisnyky, Andrii Simo", "Lisnyky, Andrii Simo", "Lisnyky, Andrii Simo", "Lisnyky, Andrii Simo", "Lisnyky, Andrii Simo", "Lisnyky, Andrii Simo", "Lisnyky, Andrii Simo", "Lisnyky, Andrii Simo", "Lisnyky, Andrii Simo", "Lisnyky, Andrii Simo", "Lisnyky, Andrii Simo", "Lisnyky, Andrii Simo", "Lisnyky, Andrii Simo"], "caliberr": [0.1261419951915741, 0.43928998708724976, 0.2113559991121292, 0.036371998488903046, 0.2873460054397583, 0.34428998827934265, 0.09363240003585815, 0.11118300259113312, 0.12613800168037415, 0.08630929887294769, 0.07849430292844772, 0.08067599684000015, 0.06797470152378082, 0.0643170028924942, 0.1147259995341301, 0.07486960291862488, 0.06491000205278397, 0.08037800341844559, 0.09280940145254135, 0.0746804028749466, 0.06522560119628906, 0.022878099232912064, 0.04350529983639717, 0.11541900038719177, 0.08872540295124054, 0.35585498809814453, 0.2728849947452545, 0.3102869987487793, 0.21588000655174255, 0.2806150019168854, 0.061326298862695694, 0.07180780172348022, 0.051632799208164215, 0.06814400106668472, 0.07008740305900574, 0.1417900025844574], "mag": [17.416200637817383, 17.09239959716797, 17.75349998474121, 17.16309928894043, 18.07830047607422, 17.991500854492188, 20.065200805664062, 20.654800415039062, 18.92609977722168, 18.817100524902344, 18.510299682617188, 18.493200302124023, 18.567800521850586, 18.62380027770996, 18.353500366210938, 18.455699920654297, 18.351999282836914, 18.41830062866211, 18.39929962158203, 18.574499130249023, 18.553800582885742, 18.53619956970215, 18.44379997253418, 20.810199737548828, 18.880699157714844, 17.98430061340332, 18.053699493408203, 17.66349983215332, 17.75860023498535, 18.429899215698242, 17.33930015563965, 17.744400024414062, 17.38920021057129, 17.44930076599121, 17.45159912109375, 17.483299255371094], "catalog": ["SDSS", "SDSS", "SDSS", "APASS", "SDSS", "SDSS", "APASS", "APASS", "APASS", "APASS", "APASS", "APASS", "APASS", "APASS", "APASS", "APASS", "APASS", "APASS", "APASS", "APASS", "APASS", "APASS", "APASS", "SDSS", "SDSS", "SDSS", "SDSS", "SDSS", "SDSS", "SDSS", "SDSS", "SDSS", "APASS", "APASS", "APASS", "APASS"], "filter": ["i", "R", "R", "B", "R", "R", "B", "B", "V", "V", "V", "V", "V", "r", "r", "r", "r", "r", "i", "i", "i", "i", "i", "u", "u", "i", "i", "B", "B", "B", "V", "V", "V", "r", "r", "i"], "id": [106104, 105685, 106105, 105719, 107004, 107005, 107003, 107000, 106969, 106970, 107114, 107115, 107155, 106780, 106781, 107096, 107097, 107164, 106989, 106997, 107109, 107110, 107126, 108186, 107179, 107172, 107174, 107177, 108185, 107178, 107175, 107176, 108184, 107171, 108183, 108182]}