{"mjd": [58369.151107, 58382.082718, 58392.002587, 58369.142021, 58382.073596, 58391.99345, 58369.146562, 58382.078157, 58391.998015], "magerr": [0.09262526780366898, -1.0, -1.0, -1.0, -1.0, -1.0, -1.0, -1.0, -1.0], "alert_name": null, "observatory": ["Liam Hardy pt5m", "Liam Hardy pt5m", "Liam Hardy pt5m", "Liam Hardy pt5m", "Liam Hardy pt5m", "Liam Hardy pt5m", "Liam Hardy pt5m", "Liam Hardy pt5m", "Liam Hardy pt5m"], "caliberr": [0.1747698336839676, 0.20246590673923492, 0.16176210343837738, 0.0798003152012825, 0.08706189692020416, 0.15618941187858582, 0.07697445154190063, 0.0638633742928505, 0.06801703572273254], "mag": [18.966388702392578, 19.60943603515625, 19.65692138671875, 19.226991653442383, 19.23110580444336, 19.109554290771484, 19.523677825927734, 20.761837005615234, 19.49296760559082], "catalog": ["SDSS", "SDSS", "SDSS", "APASS", "APASS", "APASS", "APASS", "APASS", "APASS"], "filter": ["R", "R", "R", "B", "B", "B", "V", "V", "V"], "id": [118978, 120807, 121654, 118976, 120805, 121652, 118977, 120806, 121653]}