{"mjd": [59081.07999, 59081.074686], "magerr": [0.01235559955239296, 0.026342200115323067], "alert_name": null, "observatory": ["Liam Hardy pt5m", "Liam Hardy pt5m"], "caliberr": [0.03703850135207176, 0.0424874983727932], "mag": [14.953900337219238, 15.779199600219727], "catalog": ["SDSS", "APASS"], "filter": ["R", "V"], "id": [196618, 196617]}