{"mjd": [58606.050097, 58606.040991, 58606.045546], "magerr": [0.016671400517225266, 0.05199639871716499, 0.029038500040769577], "alert_name": null, "observatory": ["Liam Hardy pt5m", "Liam Hardy pt5m", "Liam Hardy pt5m"], "caliberr": [0.15747800469398499, 0.08289919793605804, 0.016757899895310402], "mag": [16.59040069580078, 17.734399795532227, 16.918899536132812], "catalog": ["SDSS", "APASS", "APASS"], "filter": ["R", "B", "V"], "id": [151516, 151514, 151515]}