{"mjd": [58811.230571, 58811.238136], "magerr": [0.08249589800834656, 0.022034000605344772], "alert_name": null, "observatory": ["Liam Hardy pt5m", "Liam Hardy pt5m"], "caliberr": [0.05027040094137192, 0.34619298577308655], "mag": [16.36949920654297, 16.075700759887695], "catalog": ["SDSS", "SDSS"], "filter": ["i", "R"], "id": [173222, 173224]}