{"mjd": [58452.18957, 58452.194136, 58452.198694], "magerr": [-1.0, 0.14439399540424347, 0.08683499693870544], "alert_name": null, "observatory": ["Liam Hardy pt5m", "Liam Hardy pt5m", "Liam Hardy pt5m"], "caliberr": [0.10557299852371216, 0.05171230062842369, 0.05227410048246384], "mag": [18.747499465942383, 18.754899978637695, 18.352699279785156], "catalog": ["APASS", "APASS", "APASS"], "filter": ["B", "V", "r"], "id": [126865, 126866, 126867]}