{"mjd": [59110.044604, 59123.012368, 59132.13175, 59110.049193, 59123.016921, 59132.135607, 59110.053819, 59123.020707, 59132.140217], "magerr": [0.06613200157880783, 0.07632890343666077, 0.06715130060911179, 0.03589779883623123, 0.03842499852180481, 0.03949590027332306, 0.02044829912483692, 0.034818198531866074, 0.02998249977827072], "alert_name": null, "observatory": ["Liam Hardy pt5m", "Liam Hardy pt5m", "Liam Hardy pt5m", "Liam Hardy pt5m", "Liam Hardy pt5m", "Liam Hardy pt5m", "Liam Hardy pt5m", "Liam Hardy pt5m", "Liam Hardy pt5m"], "caliberr": [0.052804600447416306, 0.06291980296373367, 0.05038199946284294, 0.05498730018734932, 0.14237700402736664, 0.06693830341100693, 0.053348198533058167, 0.16960200667381287, 0.05374579876661301], "mag": [17.35740089416504, 16.61210060119629, 17.783300399780273, 16.82390022277832, 15.896699905395508, 16.992700576782227, 16.710899353027344, 16.155799865722656, 16.807899475097656], "catalog": ["APASS", "APASS", "APASS", "APASS", "APASS", "APASS", "APASS", "APASS", "APASS"], "filter": ["B", "B", "B", "V", "V", "V", "r", "r", "r"], "id": [199172, 201660, 201982, 199173, 201661, 201983, 199174, 201662, 201984]}