{"mjd": [58092.120164, 58105.033571, 58092.08852, 58094.047474, 58105.02521, 58092.115601, 58094.05203, 58105.029767, 58094.057346], "magerr": [0.0491412989795208, 0.08516889810562134, 0.0890498012304306, -1.0, 0.0265928003937006, 0.05944349989295006, -1.0, -1.0, -1.0], "alert_name": null, "observatory": ["Liam Hardy pt5m", "Liam Hardy pt5m", "Liam Hardy pt5m", "Liam Hardy pt5m", "Liam Hardy pt5m", "Liam Hardy pt5m", "Liam Hardy pt5m", "Liam Hardy pt5m", "Liam Hardy pt5m"], "caliberr": [0.26388001441955566, 0.32262399792671204, 0.13407999277114868, 0.10685999691486359, 0.12517599761486053, 0.14642299711704254, 0.1513739973306656, 0.15928900241851807, 0.23618200421333313], "mag": [15.394000053405762, 17.533300399780273, 17.152799606323242, 23.797800064086914, 17.433799743652344, 15.970600128173828, 18.749500274658203, 19.72439956665039, 18.51650047302246], "catalog": ["SDSS", "SDSS", "APASS", "APASS", "APASS", "APASS", "APASS", "APASS", "APASS"], "filter": ["R", "R", "B", "B", "B", "V", "V", "V", "r"], "id": [90408, 94784, 90406, 90706, 94782, 90407, 90707, 94783, 90708]}