{"mjd": [58660.197243, 58672.145994, 58660.18732, 58672.136867, 58660.191927, 58672.141432], "magerr": [0.0012335299979895353, 0.001186290057376027, 0.0018582999473437667, 0.0019165800185874104, 0.0014518999960273504, 0.001471449970267713], "alert_name": null, "observatory": ["Liam Hardy pt5m", "Liam Hardy pt5m", "Liam Hardy pt5m", "Liam Hardy pt5m", "Liam Hardy pt5m", "Liam Hardy pt5m"], "caliberr": [0.17893099784851074, 0.2201710045337677, 0.08500640094280243, 0.09806499630212784, 0.04909199848771095, 0.06609620153903961], "mag": [11.912400245666504, 11.82289981842041, 12.285499572753906, 12.276700019836426, 12.03849983215332, 12.011899948120117], "catalog": ["SDSS", "SDSS", "APASS", "APASS", "APASS", "APASS"], "filter": ["R", "R", "B", "B", "V", "V"], "id": [156764, 158020, 156762, 158018, 156763, 158019]}