{"mjd": [58424.208866, 58424.18796, 58424.204316], "magerr": [0.10865899920463562, -1.0, 0.10809999704360962], "alert_name": null, "observatory": ["Liam Hardy pt5m", "Liam Hardy pt5m", "Liam Hardy pt5m"], "caliberr": [0.32303500175476074, 0.06648670136928558, 0.1313530057668686], "mag": [18.1382999420166, 19.614599227905273, 17.835899353027344], "catalog": ["SDSS", "APASS", "APASS"], "filter": ["R", "B", "V"], "id": [125134, 125132, 125133]}