{"mjd": [58686.963307, 58690.951938, 58696.917268, 58686.967862, 58690.956494, 58696.921064, 58686.972411, 58690.961048, 58696.925616], "magerr": [-1.0, -1.0, -1.0, -1.0, -1.0, -1.0, -1.0, -1.0, -1.0], "alert_name": null, "observatory": ["Liam Hardy pt5m", "Liam Hardy pt5m", "Liam Hardy pt5m", "Liam Hardy pt5m", "Liam Hardy pt5m", "Liam Hardy pt5m", "Liam Hardy pt5m", "Liam Hardy pt5m", "Liam Hardy pt5m"], "caliberr": [0.02632291242480278, 0.060493506491184235, 0.01000000350177288, 0.07578717917203903, 0.12748730182647705, 0.0603693388402462, 0.06573959439992905, 0.06762690842151642, 0.052024126052856445], "mag": [19.751413345336914, 19.797536849975586, 19.607528686523438, 19.9046630859375, 19.79964256286621, 19.77373504638672, 20.522890090942383, 20.064416885375977, 20.307334899902344], "catalog": ["APASS", "APASS", "APASS", "APASS", "APASS", "APASS", "APASS", "APASS", "APASS"], "filter": ["B", "B", "B", "V", "V", "V", "r", "r", "r"], "id": [159851, 160288, 161025, 159852, 160289, 161026, 159853, 160290, 161027]}