{"mjd": [59276.1046666699, 59276.1236689799, 59276.13919792, 59278.1182175898], "magerr": [-1.0, -1.0, -1.0, -1.0], "alert_name": null, "observatory": ["MOLETAI-35cm_CCD4710", "MOLETAI-35cm_CCD4710", "MOLETAI-35cm_CCD4710", "MOLETAI-35cm_CCD4710"], "caliberr": [0.09493230283260345, 0.09392789751291275, 0.11704999953508377, 0.10487700253725052], "mag": [20.815500259399414, 20.47439956665039, 20.598800659179688, 20.688100814819336], "catalog": ["APASS", "APASS", "APASS", "APASS"], "filter": ["V", "V", "V", "V"], "id": [213582, 213583, 213587, 213581]}