{"mjd": [58708.975753, 58708.96665, 58708.971202], "magerr": [0.0535162016749382, 0.10713399946689606, 0.06168380007147789], "alert_name": null, "observatory": ["Liam Hardy pt5m", "Liam Hardy pt5m", "Liam Hardy pt5m"], "caliberr": [0.17913000285625458, 0.01000010035932064, 0.06619589775800705], "mag": [17.508100509643555, 18.819799423217773, 17.77280044555664], "catalog": ["SDSS", "APASS", "APASS"], "filter": ["R", "B", "V"], "id": [162326, 162324, 162325]}