{"mjd": [58809.190246, 58809.181921, 58805.152764, 58809.185704, 58805.15806], "magerr": [0.04773930087685585, 0.08479700237512589, 0.09351520240306854, 0.0608551986515522, 0.11287099868059158], "alert_name": null, "observatory": ["Liam Hardy pt5m", "Liam Hardy pt5m", "Liam Hardy pt5m", "Liam Hardy pt5m", "Liam Hardy pt5m"], "caliberr": [0.25231799483299255, 0.01000010035932064, 0.17911699414253235, 0.009999999776482582, 0.0732313022017479], "mag": [17.52050018310547, 17.666400909423828, 17.728700637817383, 17.79159927368164, 19.06529998779297], "catalog": ["SDSS", "APASS", "APASS", "APASS", "APASS"], "filter": ["R", "B", "V", "V", "r"], "id": [172272, 172270, 171721, 172271, 171722]}