{"mjd": [57097.3949576], "magerr": [-1.0], "alert_name": null, "observatory": ["Euler Geneva Group"], "caliberr": [0.0334528349339962], "mag": [27.039052963256836], "catalog": ["APASS"], "filter": ["r"], "id": [17830]}