{"mjd": [59010.960818, 59010.964379, 59010.96619, 59010.968018, 59014.862691, 59014.863295, 59014.863899, 59014.864502, 59014.865106, 59017.93335, 59017.935173, 59017.936992, 59017.938812, 58998.97751, 58989.597112, 58989.600349, 58983.468175, 58983.474066, 58983.468175, 58985.126259, 58987.017076, 58987.01708, 58987.529096, 58989.079618, 58989.097112, 58990.05877, 58992.060653, 58997.118134, 58998.9716, 58982.005036, 58982.008295, 58983.47153, 58985.126259, 58987.020337, 58987.02034, 58987.529096, 58989.082849, 58990.0620150003, 58992.06391, 58997.11252, 58997.12146, 58998.97491, 58982.008295, 58982.010907, 58985.126259, 58987.022887, 58987.02289, 58987.529096, 58989.085412, 58989.103, 58989.602918, 58990.0646000002, 58992.06646, 58997.11514, 58997.12105, 58987.02034], "magerr": [0.01080000028014183, 0.012199999764561653, 0.011500000022351742, 0.011900000274181366, 0.03799999877810478, 0.03889999911189079, 0.03139999881386757, 0.03180000185966492, 0.03280000016093254, 0.012900000438094139, 0.01269999984651804, 0.011800000444054604, 0.011500000022351742, 0.17290200293064117, 0.03860599920153618, -1.0, 0.07852119952440262, 0.07852119952440262, 0.04041669890284538, 0.025680100545287132, 0.022134000435471535, 5.293759841151768e-06, 0.07667200267314911, 0.028932999819517136, 0.038440000265836716, 0.022418800741434097, 0.02508999966084957, 0.038985200226306915, -1.0, 0.019582899287343025, 0.024731799960136414, 0.06125840172171593, 0.041498199105262756, 0.036486998200416565, -1.0, 0.07605999708175659, 0.03522999957203865, 0.03960369899868965, 0.04788399860262871, 0.04360799863934517, 0.08868099749088287, -1.0, -1.0, -1.0, 0.048451799899339676, 0.03912999853491783, 7.471579920093063e-06, 0.07526200264692307, 0.04212699830532074, 0.09668400138616562, 0.09676200151443481, 0.04789379984140396, 0.05256519839167595, 0.05057400092482567, 0.1148419976234436, -1.0], "alert_name": null, "observatory": ["OmicronC2PU JPRivet", "OmicronC2PU JPRivet", "OmicronC2PU JPRivet", "OmicronC2PU JPRivet", "OmicronC2PU JPRivet", "OmicronC2PU JPRivet", "OmicronC2PU JPRivet", "OmicronC2PU JPRivet", "OmicronC2PU JPRivet", "OmicronC2PU JPRivet", "OmicronC2PU JPRivet", "OmicronC2PU JPRivet", "OmicronC2PU JPRivet", "PIRATE, OU students", "PIRATE, OU students", "PIRATE, OU students", "PIRATE, OU students", "PIRATE, OU students", "PIRATE, OU students", "PIRATE, OU students", "PIRATE, OU students", "PIRATE, OU students", "PIRATE, OU students", "PIRATE, OU students", "PIRATE, OU students", "PIRATE, OU students", "PIRATE, OU students", "PIRATE, OU students", "PIRATE, OU students", "PIRATE, OU students", "PIRATE, OU students", "PIRATE, OU students", "PIRATE, OU students", "PIRATE, OU students", "PIRATE, OU students", "PIRATE, OU students", "PIRATE, OU students", "PIRATE, OU students", "PIRATE, OU students", "PIRATE, OU students", "PIRATE, OU students", "PIRATE, OU students", "PIRATE, OU students", "PIRATE, OU students", "PIRATE, OU students", "PIRATE, OU students", "PIRATE, OU students", "PIRATE, OU students", "PIRATE, OU students", "PIRATE, OU students", "PIRATE, OU students", "PIRATE, OU students", "PIRATE, OU students", "PIRATE, OU students", "PIRATE, OU students", "PIRATE, OU students"], "caliberr": [0.06782969832420349, 0.04205450043082237, 0.044711899012327194, 0.04307299852371216, 0.009999999776482582, 0.009999999776482582, 0.009999999776482582, 0.009999999776482582, 0.009999999776482582, 0.03302310034632683, 0.017563100904226303, 0.026291999965906143, 0.03041129931807518, 0.324427992105484, 0.07151070237159729, 0.4337190091609955, 0.009999999776482582, 0.009999999776482582, 0.059959299862384796, 0.06741020083427429, 0.07298120111227036, 0.17751899361610413, 0.24531400203704834, 0.09063780307769775, 0.009999999776482582, 0.05444499850273132, 0.0663762018084526, 0.07417009770870209, 0.17381900548934937, 0.07499749958515167, 0.04237290099263191, 0.06475590169429779, 0.017257900908589363, 0.020496400073170662, 0.16479499638080597, 0.009999999776482582, 0.01914609968662262, 0.07849620282649994, 0.04103529825806618, 0.06685999780893326, 0.07662560045719147, 0.08804970234632492, 0.01658730022609234, 0.01658730022609234, 0.009999999776482582, 0.028521999716758728, 0.009999999776482582, 0.20788900554180145, 0.009999999776482582, 0.009999999776482582, 0.08076240122318268, 0.024320200085639954, 0.049449700862169266, 0.009999999776482582, 0.14547200500965118, 0.14036999642848969], "mag": [17.694499969482422, 17.6697998046875, 17.594900131225586, 17.737899780273438, 17.778799057006836, 17.820600509643555, 17.73189926147461, 17.71579933166504, 17.693599700927734, 17.679399490356445, 17.691499710083008, 17.6205997467041, 17.660999298095703, 17.705299377441406, 17.697099685668945, 20.725000381469727, 17.28420066833496, 17.28420066833496, 17.67840003967285, 17.614599227905273, 17.451000213623047, 16.929500579833984, 18.511499404907227, 17.89539909362793, 17.87969970703125, 17.62459945678711, 17.70199966430664, 17.822200775146484, 19.71809959411621, 16.47610092163086, 17.141399383544922, 17.26110076904297, 17.579500198364258, 17.345500946044922, 17.965200424194336, 17.828100204467773, 17.697799682617188, 17.851900100708008, 17.833900451660156, 17.866899490356445, 17.979900360107422, 19.619300842285156, 21.841400146484375, 21.841400146484375, 17.45639991760254, 17.15060043334961, 17.92729949951172, 17.440799713134766, 17.551700592041016, 17.762699127197266, 17.927200317382812, 17.748600006103516, 17.6343994140625, 17.781700134277344, 17.964799880981445, 17.619300842285156], "catalog": ["APASS", "APASS", "APASS", "APASS", "APASS", "APASS", "APASS", "APASS", "APASS", "APASS", "APASS", "APASS", "APASS", "SDSS", "USNO", "USNO", "USNO", "USNO", "APASS", "APASS", "APASS", "APASS", "APASS", "APASS", "APASS", "APASS", "APASS", "APASS", "APASS", "APASS", "APASS", "APASS", "APASS", "APASS", "APASS", "APASS", "APASS", "APASS", "APASS", "APASS", "APASS", "APASS", "APASS", "APASS", "APASS", "APASS", "APASS", "APASS", "APASS", "APASS", "APASS", "APASS", "APASS", "APASS", "APASS", "APASS"], "filter": ["r", "r", "r", "r", "r", "r", "r", "r", "r", "r", "r", "r", "r", "R", "B2pg", "B2pg", "R2pg", "R2pg", "B", "B", "B", "B", "B", "B", "B", "B", "B", "B", "B", "V", "V", "V", "V", "V", "V", "V", "V", "V", "V", "V", "V", "V", "r", "r", "r", "r", "r", "r", "r", "r", "r", "r", "r", "r", "r", "i"], "id": [193204, 193205, 193206, 193207, 193282, 193283, 193284, 193285, 193286, 193333, 193334, 193335, 193336, 192897, 193210, 193208, 192764, 192765, 192767, 192458, 192499, 192840, 192297, 192502, 192991, 192634, 192989, 192899, 192896, 191938, 191937, 192766, 192457, 192500, 192843, 192296, 192503, 192635, 192990, 192769, 192900, 192895, 191936, 191934, 192456, 192501, 192841, 192272, 192504, 192992, 193209, 192633, 192993, 192768, 192901, 192842]}