{"mjd": [58381.927288, 58381.931857, 58381.936425, 58372.92994, 58375.91471, 58375.921809, 58372.936791, 58372.950975, 58368.0579298, 58368.061472, 58368.9930481, 58368.996587, 58380.8278768, 58380.8314106, 58381.8937757, 58381.8973263, 58381.9008653, 58382.9959346, 58382.9994766, 58383.0030133, 58383.0065494, 58383.9627004, 58383.966236, 58384.9763893, 58384.9799396, 58385.9507194, 58385.9542578, 58367.9134218, 58367.9169576, 58368.9259484, 58368.9294874, 58380.8350771, 58380.8386193, 58382.0242979, 58382.0278367, 58382.0313727, 58382.8974174, 58382.9009534, 58382.9044924, 58383.9698963, 58383.9734318, 58384.8866449, 58384.8901835, 58385.9786657, 58385.9822044, 58368.0343171, 58368.9331251, 58368.9366613, 58379.0132908, 58379.0168297, 58380.8425985, 58380.8461409, 58381.9167829, 58381.9203219, 58382.944474, 58382.9480156, 58382.9515577, 58382.9550982, 58383.9838176, 58383.9873592, 58384.9328451, 58384.9363836, 58385.9640952, 58385.967634, 58369.89418363, 58372.94403552, 58373.88287476, 58376.85873426, 58378.00635801, 58378.88558585, 58379.88888028, 58380.87300618, 58381.85549782, 58386.94283783, 58387.93311122, 58388.84461758, 58369.89768014, 58373.88637147, 58369.89201359, 58372.94162338, 58373.88007711, 58376.8559368, 58377.94265711, 58378.00425965, 58378.8834875, 58379.88608251, 58380.87020845, 58381.85269999, 58386.94004063, 58387.93031398, 58388.84181992, 58369.90068767, 58372.95031867, 58373.89267955, 58376.86841441, 58378.01663017, 58378.89586945, 58379.89869267, 58380.88281986, 58381.86528866, 58386.95265106, 58387.94292561, 58388.85440907, 58372.9468329, 58376.86223098, 58378.01066762, 58378.88953462, 58379.89237718, 58380.87650297, 58381.85899458, 58386.94656153, 58387.93699428, 58388.84811418], "magerr": [-1.0, 0.11524800211191177, 0.08332149684429169, 0.013700000010430813, 0.013500000350177288, 0.01769999973475933, 0.009100000374019146, 0.009499999694526196, 0.019700000062584877, 0.018799999728798866, 0.017500000074505806, 0.01810000091791153, 0.03709999844431877, 0.03920000046491623, 0.04309999942779541, 0.04749999940395355, 0.03700000047683716, 0.06960000097751617, 0.08229999989271164, -1.0, -1.0, 0.11110000312328339, 0.09920000284910202, 0.07270000129938126, 0.07329999655485153, -1.0, 0.13109999895095825, 0.009600000455975533, 0.009399999864399433, 0.010999999940395355, 0.011099999770522118, 0.021800000220537186, 0.025499999523162842, 0.042899999767541885, 0.041200000792741776, 0.03799999877810478, 0.03970000147819519, 0.03530000150203705, 0.039900001138448715, 0.05299999937415123, 0.048500001430511475, 0.027899999171495438, 0.026900000870227814, 0.05959999933838844, 0.0625, -1.0, 0.013199999928474426, 0.013399999588727951, 0.026399999856948853, 0.10909999907016754, 0.028300000354647636, 0.026100000366568565, 0.023000000044703484, 0.024000000208616257, 0.08889999985694885, 0.0658000037074089, -1.0, -1.0, 0.04569999873638153, 0.03909999877214432, 0.03759999945759773, 0.036400001496076584, 0.0414000004529953, 0.050700001418590546, 0.08269999921321869, 0.06750000268220901, 0.061500001698732376, 0.08969999849796295, 0.11999999731779099, 0.09939999878406525, 0.11330000311136246, 0.1242000013589859, 0.11680000275373459, 0.1940000057220459, 0.14219999313354492, 0.09989999979734421, 0.21439999341964722, 0.11259999871253967, 0.0737999975681305, 0.04529999941587448, 0.04050000011920929, 0.1151999980211258, 0.0778999999165535, 0.1340000033378601, 0.05939999967813492, 0.07320000231266022, 0.08980000019073486, 0.08240000158548355, 0.13809999823570251, 0.07930000126361847, 0.05900000035762787, -1.0, 0.052400000393390656, 0.06960000097751617, 0.06260000169277191, 0.10740000009536743, 0.21490000188350677, 0.07050000131130219, -1.0, 0.0860000029206276, 0.09920000284910202, 0.0737999975681305, 0.06700000166893005, 0.15230000019073486, 0.16110000014305115, -1.0, 0.2840000092983246, 0.19059999287128448, 0.2572999894618988, 0.1673000007867813, -1.0, 0.20190000534057617, 0.2012999951839447], "alert_name": null, "observatory": ["Liam Hardy pt5m", "Liam Hardy pt5m", "Liam Hardy pt5m", "OmicronC2PU JPRivet", "OmicronC2PU JPRivet", "OmicronC2PU JPRivet", "OmicronC2PU JPRivet", "OmicronC2PU JPRivet", "ObsMontsec-Umut Burg", "ObsMontsec-Umut Burg", "ObsMontsec-Umut Burg", "ObsMontsec-Umut Burg", "ObsMontsec-Umut Burg", "ObsMontsec-Umut Burg", "ObsMontsec-Umut Burg", "ObsMontsec-Umut Burg", "ObsMontsec-Umut Burg", "ObsMontsec-Umut Burg", "ObsMontsec-Umut Burg", "ObsMontsec-Umut Burg", "ObsMontsec-Umut Burg", "ObsMontsec-Umut Burg", "ObsMontsec-Umut Burg", "ObsMontsec-Umut Burg", "ObsMontsec-Umut Burg", "ObsMontsec-Umut Burg", "ObsMontsec-Umut Burg", "ObsMontsec-Umut Burg", "ObsMontsec-Umut Burg", "ObsMontsec-Umut Burg", "ObsMontsec-Umut Burg", "ObsMontsec-Umut Burg", "ObsMontsec-Umut Burg", "ObsMontsec-Umut Burg", "ObsMontsec-Umut Burg", "ObsMontsec-Umut Burg", "ObsMontsec-Umut Burg", "ObsMontsec-Umut Burg", "ObsMontsec-Umut Burg", "ObsMontsec-Umut Burg", "ObsMontsec-Umut Burg", "ObsMontsec-Umut Burg", "ObsMontsec-Umut Burg", "ObsMontsec-Umut Burg", "ObsMontsec-Umut Burg", "ObsMontsec-Umut Burg", "ObsMontsec-Umut Burg", "ObsMontsec-Umut Burg", "ObsMontsec-Umut Burg", "ObsMontsec-Umut Burg", "ObsMontsec-Umut Burg", "ObsMontsec-Umut Burg", "ObsMontsec-Umut Burg", "ObsMontsec-Umut Burg", "ObsMontsec-Umut Burg", "ObsMontsec-Umut Burg", "ObsMontsec-Umut Burg", "ObsMontsec-Umut Burg", "ObsMontsec-Umut Burg", "ObsMontsec-Umut Burg", "ObsMontsec-Umut Burg", "ObsMontsec-Umut Burg", "ObsMontsec-Umut Burg", "ObsMontsec-Umut Burg", "OndrejovD50, Martin ", "OndrejovD50, Martin ", "OndrejovD50, Martin ", "OndrejovD50, Martin ", "OndrejovD50, Martin ", "OndrejovD50, Martin ", "OndrejovD50, Martin ", "OndrejovD50, Martin ", "OndrejovD50, Martin ", "OndrejovD50, Martin ", "OndrejovD50, Martin ", "OndrejovD50, Martin ", "OndrejovD50, Martin ", "OndrejovD50, Martin ", "OndrejovD50, Martin ", "OndrejovD50, Martin ", "OndrejovD50, Martin ", "OndrejovD50, Martin ", "OndrejovD50, Martin ", "OndrejovD50, Martin ", "OndrejovD50, Martin ", "OndrejovD50, Martin ", "OndrejovD50, Martin ", "OndrejovD50, Martin ", "OndrejovD50, Martin ", "OndrejovD50, Martin ", "OndrejovD50, Martin ", "OndrejovD50, Martin ", "OndrejovD50, Martin ", "OndrejovD50, Martin ", "OndrejovD50, Martin ", "OndrejovD50, Martin ", "OndrejovD50, Martin ", "OndrejovD50, Martin ", "OndrejovD50, Martin ", "OndrejovD50, Martin ", "OndrejovD50, Martin ", "OndrejovD50, Martin ", "OndrejovD50, Martin ", "OndrejovD50, Martin ", "OndrejovD50, Martin ", "OndrejovD50, Martin ", "OndrejovD50, Martin ", "OndrejovD50, Martin ", "OndrejovD50, Martin ", "OndrejovD50, Martin ", "OndrejovD50, Martin ", "OndrejovD50, Martin ", "OndrejovD50, Martin "],