{"mjd": [58139.266219, 58139.26087], "magerr": [0.03292100131511688, 0.04615189880132675], "alert_name": null, "observatory": ["Liam Hardy pt5m", "Liam Hardy pt5m"], "caliberr": [0.2285279929637909, 0.009999999776482582], "mag": [16.142499923706055, 16.573200225830078], "catalog": ["SDSS", "APASS"], "filter": ["R", "V"], "id": [98652, 98651]}