{"mjd": [58123.110593, 58131.034499, 58140.250827, 58123.101484, 58131.025385, 58140.242464, 58123.106035, 58131.02994, 58140.246268], "magerr": [0.06915009766817093, 0.05354030057787895, -1.0, -1.0, -1.0, -1.0, 0.08300220221281052, 0.09022639691829681, -1.0], "alert_name": null, "observatory": ["Liam Hardy pt5m", "Liam Hardy pt5m", "Liam Hardy pt5m", "Liam Hardy pt5m", "Liam Hardy pt5m", "Liam Hardy pt5m", "Liam Hardy pt5m", "Liam Hardy pt5m", "Liam Hardy pt5m"], "caliberr": [0.20978499948978424, 0.20512700080871582, 0.2226410061120987, 0.009999999776482582, 0.009999999776482582, 0.009999999776482582, 0.06240890175104141, 0.050522200763225555, 0.07684929668903351], "mag": [17.754600524902344, 17.82699966430664, 19.74209976196289, 19.019699096679688, 20.028900146484375, 19.26889991760254, 17.822399139404297, 18.422399520874023, 19.592100143432617], "catalog": ["SDSS", "SDSS", "SDSS", "APASS", "APASS", "APASS", "APASS", "APASS", "APASS"], "filter": ["R", "R", "R", "B", "B", "B", "V", "V", "V"], "id": [97700, 98067, 98705, 97698, 98065, 98703, 97699, 98066, 98704]}