{"mjd": [58698.184403, 58698.175103, 58698.179837], "magerr": [-1.0, -1.0, -1.0], "alert_name": null, "observatory": ["Liam Hardy pt5m", "Liam Hardy pt5m", "Liam Hardy pt5m"], "caliberr": [0.1689389944076538, 0.08570840209722519, 0.09230960160493851], "mag": [20.044200897216797, 19.125499725341797, 19.91510009765625], "catalog": ["SDSS", "APASS", "APASS"], "filter": ["R", "B", "V"], "id": [161229, 161227, 161228]}