{"mjd": [58649.127147, 58655.079269, 58649.131732, 58655.092405, 58649.13631, 58655.09698], "magerr": [0.026952899992465973, 0.023405900225043297, 0.01295309979468584, 0.012315699830651283, 0.008953879587352276, 0.008278019726276398], "alert_name": null, "observatory": ["Liam Hardy pt5m", "Liam Hardy pt5m", "Liam Hardy pt5m", "Liam Hardy pt5m", "Liam Hardy pt5m", "Liam Hardy pt5m"], "caliberr": [0.11373300105333328, 0.10778799653053284, 0.085344597697258, 0.09025789797306061, 0.09017550200223923, 0.07379689812660217], "mag": [16.635299682617188, 16.612699508666992, 15.95479965209961, 15.958999633789062, 15.578399658203125, 15.578399658203125], "catalog": ["APASS", "APASS", "APASS", "APASS", "APASS", "APASS"], "filter": ["B", "B", "V", "V", "r", "r"], "id": [155451, 156111, 155452, 156112, 155453, 156113]}