{"mjd": [58678.075413, 58701.025551, 58678.066307, 58701.016447, 58678.070865, 58701.021001], "magerr": [0.03199296444654465, 0.019259974360466003, -1.0, 0.06585767865180969, 0.045866817235946655, 0.03449234738945961], "alert_name": null, "observatory": ["Liam Hardy pt5m", "Liam Hardy pt5m", "Liam Hardy pt5m", "Liam Hardy pt5m", "Liam Hardy pt5m", "Liam Hardy pt5m"], "caliberr": [0.15077140927314758, 0.1161908283829689, 0.1126808375120163, 0.07404737174510956, 0.033642418682575226, 0.04193190857768059], "mag": [16.378704071044922, 16.427734375, 19.01003074645996, 17.258731842041016, 16.533870697021484, 16.81954574584961], "catalog": ["SDSS", "SDSS", "APASS", "APASS", "APASS", "APASS"], "filter": ["R", "R", "B", "B", "V", "V"], "id": [158515, 161597, 158513, 161595, 158514, 161596]}