{"mjd": [57658.83965, 57636.846702, 57637.853735, 57637.86084, 57637.86795, 57638.84207, 57638.849163, 57639.837634, 57639.844743, 57658.825238, 57658.832344, 57659.815681, 57659.82279], "magerr": [-1.0, -1.0, -1.0, -1.0, -1.0, -1.0, -1.0, -1.0, -1.0, -1.0, -1.0, -1.0, -1.0], "alert_name": null, "observatory": ["OmicronC2PU JPRivet", "OmicronC2PU JPRivet", "OmicronC2PU JPRivet", "OmicronC2PU JPRivet", "OmicronC2PU JPRivet", "OmicronC2PU JPRivet", "OmicronC2PU JPRivet", "OmicronC2PU JPRivet", "OmicronC2PU JPRivet", "OmicronC2PU JPRivet", "OmicronC2PU JPRivet", "OmicronC2PU JPRivet", "OmicronC2PU JPRivet"], "caliberr": [0.48061639070510864, 0.28613150119781494, 0.465393990278244, 0.4847363233566284, 0.46232253313064575, 0.4245733618736267, 0.4221755266189575, 0.424970418214798, 0.42293694615364075, 0.45847126841545105, 0.46963101625442505, 0.48256075382232666, 0.4569246470928192], "mag": [20.96742820739746, 22.35239028930664, 20.694822311401367, 20.9324951171875, 20.647785186767578, 20.601696014404297, 20.70321273803711, 20.823734283447266, 20.776803970336914, 20.650920867919922, 20.635568618774414, 21.932270050048828, 22.163314819335938], "catalog": ["APASS", "APASS", "APASS", "APASS", "APASS", "APASS", "APASS", "APASS", "APASS", "APASS", "APASS", "GAIA", "GAIA"], "filter": ["V", "g", "r", "r", "r", "r", "r", "r", "r", "r", "r", "G", "G"], "id": [59029, 43632, 43633, 43634, 43635, 43662, 43663, 44054, 44055, 59027, 59028, 59030, 59031]}