{"mjd": [58304.203659, 58311.171192, 58304.193825, 58311.161329, 58311.16211, 58311.162891, 58311.164395, 58304.199129, 58311.167416], "magerr": [0.0896608978509903, 0.07519219815731049, 0.07214739918708801, -1.0, 0.11840800195932388, -1.0, -1.0, 0.06632989645004272, 0.1325410008430481], "alert_name": null, "observatory": ["Liam Hardy pt5m", "Liam Hardy pt5m", "Liam Hardy pt5m", "Liam Hardy pt5m", "Liam Hardy pt5m", "Liam Hardy pt5m", "Liam Hardy pt5m", "Liam Hardy pt5m", "Liam Hardy pt5m"], "caliberr": [0.24397200345993042, 0.12677499651908875, 0.06717479974031448, 0.07454360276460648, 0.09031800180673599, 0.09260059893131256, 0.11597499996423721, 0.1113549992442131, 0.010401999577879906], "mag": [18.294300079345703, 18.209199905395508, 17.351699829101562, 17.90290069580078, 18.358699798583984, 18.271499633789062, 17.882400512695312, 17.614700317382812, 18.70009994506836], "catalog": ["SDSS", "SDSS", "APASS", "APASS", "APASS", "APASS", "APASS", "APASS", "APASS"], "filter": ["R", "R", "B", "B", "B", "B", "B", "V", "V"], "id": [107906, 108503, 107904, 108499, 108359, 108500, 108501, 107905, 108502]}