{"mjd": [58399.73230515, 58400.72216941, 58401.72073317], "magerr": [-1.0, -1.0, -1.0], "alert_name": null, "observatory": ["OndrejovD50, Martin ", "OndrejovD50, Martin ", "OndrejovD50, Martin "], "caliberr": [0.14539499580860138, 0.14093999564647675, 0.14941200613975525], "mag": [20.218299865722656, 19.236000061035156, 19.73710060119629], "catalog": ["APASS", "APASS", "APASS"], "filter": ["r", "r", "r"], "id": [122135, 122148, 122229]}