{"mjd": [57955.8810301, 57955.8889815, 57955.8969387, 57955.8783565, 57955.8863137, 57955.894265, 57955.8757465, 57955.8836979, 57955.8916493], "magerr": [-1.0, -1.0, 0.31439998745918274, -1.0, -1.0, -1.0, -1.0, 0.34689998626708984, -1.0], "alert_name": null, "observatory": ["PIRATE Meredith Morr", "PIRATE Meredith Morr", "PIRATE Meredith Morr", "PIRATE Meredith Morr", "PIRATE Meredith Morr", "PIRATE Meredith Morr", "PIRATE Meredith Morr", "PIRATE Meredith Morr", "PIRATE Meredith Morr"], "caliberr": [0.04243500158190727, 0.039531998336315155, 0.051787398755550385, 0.06041720137000084, 0.05243590101599693, 0.0646527037024498, 0.04483789950609207, 0.040615301579236984, 0.046052899211645126], "mag": [20.34149932861328, 20.518699645996094, 19.404199600219727, 20.11050033569336, 20.600099563598633, 20.691499710083008, 19.740800857543945, 19.610000610351562, 21.379199981689453], "catalog": ["APASS", "APASS", "APASS", "APASS", "APASS", "APASS", "APASS", "APASS", "APASS"], "filter": ["V", "V", "V", "g", "g", "g", "r", "r", "r"], "id": [134534, 134541, 134538, 134583, 134549, 134554, 134530, 134576, 134569]}