{"mjd": [58524.96247, 58539.91704, 58524.96319, 58539.91864, 58542.90055, 58556.72619, 58524.96389, 58539.91778], "magerr": [0.044817499816417694, 0.042709000408649445, 0.026743600144982338, 0.025285400450229645, 0.06478840112686157, 0.029292499646544456, 0.019285300746560097, 0.01885939948260784], "alert_name": null, "observatory": ["LCO2m Cardiff Univer", "LCO2m Cardiff Univer", "LCO2m Cardiff Univer", "LCO2m Cardiff Univer", "LCO2m Cardiff Univer", "LCO2m Cardiff Univer", "LCO2m Cardiff Univer", "LCO2m Cardiff Univer"], "caliberr": [0.02542169950902462, 0.02597760036587715, 0.04364699870347977, 0.04498229920864105, 0.009999999776482582, 0.03271299973130226, 0.030605599284172058, 0.03306819871068001], "mag": [18.545900344848633, 18.694499969482422, 17.62660026550293, 17.72640037536621, 17.6476993560791, 17.844900131225586, 17.506000518798828, 17.550800323486328], "catalog": ["APASS", "APASS", "APASS", "APASS", "APASS", "APASS", "APASS", "APASS"], "filter": ["B", "B", "V", "V", "V", "V", "r", "r"], "id": [151281, 151278, 151280, 151276, 151274, 151272, 151279, 151277]}