{"mjd": [58728.165442, 58728.214061, 58728.218619], "magerr": [0.005380710121244192, 0.004153320100158453, 0.0018289400031790137], "alert_name": null, "observatory": ["Liam Hardy pt5m", "Liam Hardy pt5m", "Liam Hardy pt5m"], "caliberr": [0.06458230316638947, 0.036063600331544876, 0.06045529991388321], "mag": [14.247900009155273, 13.9443998336792, 12.86709976196289], "catalog": ["APASS", "APASS", "APASS"], "filter": ["B", "V", "r"], "id": [163797, 163798, 163799]}