{"mjd": [58932.152895, 58932.1549287, 58928.796635, 58928.7986833, 58933.0090331, 58933.0110739], "magerr": [0.021800000220537186, 0.020400000736117363, 0.006599999964237213, 0.008200000040233135, 0.007300000172108412, 0.009999999776482582], "alert_name": null, "observatory": ["LCOGT1m, Kris Rybick", "LCOGT1m, Kris Rybick", "LCOGT1m, Kris Rybick", "LCOGT1m, Kris Rybick", "LCOGT1m, Kris Rybick", "LCOGT1m, Kris Rybick"], "caliberr": [0.2918669879436493, 0.304051011800766, 0.24107299745082855, 0.24626800417900085, 0.2537899911403656, 0.2525489926338196], "mag": [14.284099578857422, 14.286499977111816, 15.902700424194336, 15.891500473022461, 16.27389907836914, 16.26849937438965], "catalog": ["2MASS", "2MASS", "GAIA", "GAIA", "GAIA", "GAIA"], "filter": ["J", "J", "G", "G", "G", "G"], "id": [188303, 188304, 188307, 188308, 188305, 188306]}