{"mjd": [58810.963445, 58810.954322, 58810.958895], "magerr": [0.11671025305986404, -1.0, 0.22362247109413147], "alert_name": null, "observatory": ["Liam Hardy pt5m", "Liam Hardy pt5m", "Liam Hardy pt5m"], "caliberr": [0.17623426020145416, 0.11639878898859024, 0.09817899018526077], "mag": [18.25769805908203, 18.837263107299805, 19.10391616821289], "catalog": ["SDSS", "APASS", "APASS"], "filter": ["R", "B", "V"], "id": [173193, 173191, 173192]}