{"mjd": [57574.9014172, 57573.9219141, 57574.9014172, 57573.9219141], "magerr": [0.01119999960064888, 0.00839999970048666, 0.009399999864399433, 0.008799999952316284], "alert_name": null, "observatory": ["Mercator Geneva Grou", "Mercator Geneva Grou", "Mercator Geneva Grou", "Mercator Geneva Grou"], "caliberr": [0.3087214529514313, 0.2798934280872345, 0.19671618938446045, 0.3303411900997162], "mag": [19.005456924438477, 18.47117042541504, 18.42439079284668, 18.581302642822266], "catalog": ["APASS", "APASS", "APASS", "APASS"], "filter": ["B", "V", "V", "g"], "id": [39290, 39216, 39291, 39215]}