{"mjd": [58118.967357, 58118.962797], "magerr": [0.02842330001294613, 0.05432010069489479], "alert_name": null, "observatory": ["Liam Hardy pt5m", "Liam Hardy pt5m"], "caliberr": [0.2334810048341751, 0.10735099762678146], "mag": [15.307700157165527, 15.918800354003906], "catalog": ["SDSS", "APASS"], "filter": ["R", "V"], "id": [97394, 97393]}