{"mjd": [58598.057897, 58607.000488, 58598.049551, 58606.991389, 58598.054107, 58606.995938], "magerr": [0.02008339948952198, 0.02463879995048046, 0.045830801129341125, 0.048624299466609955, 0.0191188994795084, 0.024070700630545616], "alert_name": null, "observatory": ["Liam Hardy pt5m", "Liam Hardy pt5m", "Liam Hardy pt5m", "Liam Hardy pt5m", "Liam Hardy pt5m", "Liam Hardy pt5m"], "caliberr": [0.1336349993944168, 0.20189900696277618, 0.19055399298667908, 0.12895500659942627, 0.009999999776482582, 0.009999999776482582], "mag": [16.81450080871582, 17.049299240112305, 17.227100372314453, 17.415199279785156, 16.672300338745117, 16.832399368286133], "catalog": ["SDSS", "SDSS", "APASS", "APASS", "APASS", "APASS"], "filter": ["R", "R", "B", "B", "V", "V"], "id": [151041, 151561, 151039, 151559, 151040, 151560]}