{"mjd": [58312.209352, 58325.217122, 58332.13955], "magerr": [0.09211978316307068, -1.0, -1.0], "alert_name": null, "observatory": ["Liam Hardy pt5m", "Liam Hardy pt5m", "Liam Hardy pt5m"], "caliberr": [0.010000000707805157, 0.1308162659406662, 0.12015628069639206], "mag": [17.815786361694336, 18.8902645111084, 17.072010040283203], "catalog": ["APASS", "APASS", "APASS"], "filter": ["B", "B", "B"], "id": [108743, 115854, 116236]}