{"mjd": [58815.3430409, 58815.345082, 58818.0811476, 58818.0831824, 58815.3471948, 58815.3492344, 58815.3513372, 58815.3533788, 58818.0852904, 58818.0873262, 58818.0915156, 58819.0824583, 58819.0844986, 58819.0866151, 58819.0886556, 58868.597525, 58868.6006093, 58868.6131001, 58868.6037705], "magerr": [0.09700000286102295, 0.07079999893903732, 0.1477999985218048, 0.1501999944448471, 0.006099999882280827, 0.006300000008195639, 0.013299999758601189, 0.016899999231100082, 0.0066999997943639755, 0.007300000172108412, 0.01600000075995922, 0.007899999618530273, 0.006200000178068876, 0.009700000286102295, 0.01140000019222498, 0.14139999449253082, -1.0, -1.0, -1.0], "alert_name": null, "observatory": ["LCOGT1m, Kris Rybick", "LCOGT1m, Kris Rybick", "LCOGT1m, Kris Rybick", "LCOGT1m, Kris Rybick", "LCOGT1m, Kris Rybick", "LCOGT1m, Kris Rybick", "LCOGT1m, Kris Rybick", "LCOGT1m, Kris Rybick", "LCOGT1m, Kris Rybick", "LCOGT1m, Kris Rybick", "LCOGT1m, Kris Rybick", "LCOGT1m, Kris Rybick", "LCOGT1m, Kris Rybick", "LCOGT1m, Kris Rybick", "LCOGT1m, Kris Rybick", "LCOGT1m, N.Ihanec", "LCOGT1m, N.Ihanec", "LCOGT1m, N.Ihanec", "LCOGT1m, N.Ihanec"], "caliberr": [0.4398840069770813, 0.43639901280403137, 0.36219701170921326, 0.43753400444984436, 0.1583860069513321, 0.16609099507331848, 0.19339099526405334, 0.19369399547576904, 0.20806199312210083, 0.2594679892063141, 0.24831600487232208, 0.17227999866008759, 0.17778900265693665, 0.19617100059986115, 0.19645699858665466, 0.07906430214643478, 0.06657840311527252, 0.15109099447727203, 0.12463299930095673], "mag": [20.24139976501465, 20.20789909362793, 20.495100021362305, 20.273799896240234, 16.662500381469727, 16.65530014038086, 17.41320037841797, 17.463499069213867, 16.684799194335938, 16.678800582885742, 17.4468994140625, 16.685800552368164, 16.67460060119629, 17.464799880981445, 17.457599639892578, 20.669599533081055, 21.69230079650879, 21.395200729370117, 20.52090072631836], "catalog": ["USNO", "USNO", "USNO", "USNO", "GAIA", "GAIA", "GAIA", "GAIA", "GAIA", "GAIA", "GAIA", "GAIA", "GAIA", "GAIA", "GAIA", "APASS", "APASS", "APASS", "APASS"], "filter": ["B1pg", "B1pg", "B1pg", "B1pg", "G", "G", "G", "G", "G", "G", "G", "G", "G", "G", "G", "g", "g", "r", "i"], "id": [176887, 176888, 176878, 176879, 176889, 176890, 176891, 176892, 176880, 176881, 176882, 176883, 176884, 176885, 176886, 175918, 175919, 175921, 175920]}