{"mjd": [58512.214143, 58519.150677, 58526.273836, 58519.141571, 58526.264721, 58519.146127, 58526.269291], "magerr": [0.025212299078702927, 0.033481698483228683, 0.042101599276065826, 0.09777790307998657, -1.0, 0.04892589896917343, 0.06835319846868515], "alert_name": null, "observatory": ["Liam Hardy pt5m", "Liam Hardy pt5m", "Liam Hardy pt5m", "Liam Hardy pt5m", "Liam Hardy pt5m", "Liam Hardy pt5m", "Liam Hardy pt5m"], "caliberr": [0.280007004737854, 0.11271800100803375, 0.17427699267864227, 0.009999999776482582, 0.009999999776482582, 0.060156699270009995, 0.009999999776482582], "mag": [16.69569969177246, 16.94219970703125, 17.309200286865234, 17.804899215698242, 18.768600463867188, 16.927499771118164, 17.558399200439453], "catalog": ["SDSS", "SDSS", "SDSS", "APASS", "APASS", "APASS", "APASS"], "filter": ["R", "R", "R", "B", "B", "V", "V"], "id": [130235, 130593, 130896, 130591, 130837, 130592, 130877]}