{"mjd": [58479.970156, 58479.961043, 58479.965606, 58486.954355, 58486.958149], "magerr": [0.06218595802783966, -1.0, 0.09279373288154602, 0.08141715079545975, 0.065379299223423], "alert_name": null, "observatory": ["Liam Hardy pt5m", "Liam Hardy pt5m", "Liam Hardy pt5m", "Liam Hardy pt5m", "Liam Hardy pt5m"], "caliberr": [0.18527671694755554, 0.09483317285776138, 0.0645831897854805, 0.020593587309122086, 0.053403835743665695], "mag": [17.248004913330078, 19.355730056762695, 18.044231414794922, 17.991722106933594, 17.670429229736328], "catalog": ["SDSS", "APASS", "APASS", "APASS", "APASS"], "filter": ["R", "B", "V", "V", "r"], "id": [129104, 129102, 129103, 129463, 129464]}