{"mjd": [59444.890655], "magerr": [-1.0], "alert_name": null, "observatory": ["Liam Hardy pt5m"], "caliberr": [0.12571506202220917], "mag": [17.506362915039062], "catalog": ["APASS"], "filter": ["B"], "id": [231505]}