{"mjd": [58123.220645, 58131.132413, 58123.210544, 58131.122892, 58123.215968, 58131.126928], "magerr": [0.031833600252866745, 0.022744299843907356, 0.09183739870786667, 0.06522049754858017, 0.04706060141324997, 0.040688201785087585], "alert_name": null, "observatory": ["Liam Hardy pt5m", "Liam Hardy pt5m", "Liam Hardy pt5m", "Liam Hardy pt5m", "Liam Hardy pt5m", "Liam Hardy pt5m"], "caliberr": [0.08893729746341705, 0.07617530226707458, 0.11034300178289413, 0.035468801856040955, 0.09678640216588974, 0.060364898294210434], "mag": [16.208799362182617, 16.132699966430664, 17.522600173950195, 17.459299087524414, 16.563199996948242, 16.70549964904785], "catalog": ["SDSS", "SDSS", "APASS", "APASS", "APASS", "APASS"], "filter": ["R", "R", "B", "B", "V", "V"], "id": [97716, 98089, 97714, 98087, 97715, 98088]}