{"mjd": [59029.985035, 59029.996528, 59029.996887, 58890.085521, 58890.0864, 58996.805301, 58890.087269, 58996.806088, 58890.088148, 58996.806875], "magerr": [0.1136000007390976, 0.04809999838471413, 0.04019999876618385, 0.12349999696016312, 0.08060000091791153, 0.08330000191926956, 0.042399998754262924, 0.0568000003695488, 0.03830000013113022, 0.043299999088048935], "alert_name": null, "observatory": ["Lisnyky, Andrii Simo", "Lisnyky, Andrii Simo", "Lisnyky, Andrii Simo", "Terskol-2,Vira Godun", "Terskol-2,Vira Godun", "Terskol-2,Vira Godun", "Terskol-2,Vira Godun", "Terskol-2,Vira Godun", "Terskol-2,Vira Godun", "Terskol-2,Vira Godun"], "caliberr": [0.17124827206134796, 0.10748810321092606, 0.1285327821969986, 0.1676238626241684, 0.05662330612540245, 0.0666540265083313, 0.11145469546318054, 0.08150835335254669, 0.13995635509490967, 0.07530846446752548], "mag": [16.670576095581055, 15.778718948364258, 15.016095161437988, 17.66366195678711, 16.224077224731445, 16.242952346801758, 15.667851448059082, 15.747227668762207, 14.996255874633789, 15.077072143554688], "catalog": ["APASS", "APASS", "APASS", "APASS", "APASS", "APASS", "APASS", "APASS", "APASS", "APASS"], "filter": ["V", "r", "i", "B", "V", "V", "r", "r", "i", "i"], "id": [193642, 193643, 193644, 209690, 209691, 193508, 209692, 193509, 209693, 193510]}