{"mjd": [58756.2468, 58756.228235, 58756.24284], "magerr": [-1.0, -1.0, -1.0], "alert_name": null, "observatory": ["Liam Hardy pt5m", "Liam Hardy pt5m", "Liam Hardy pt5m"], "caliberr": [0.2026900053024292, 0.14456699788570404, 0.06141810119152069], "mag": [18.273300170898438, 18.037799835205078, 18.023399353027344], "catalog": ["SDSS", "APASS", "APASS"], "filter": ["R", "B", "V"], "id": [166092, 166090, 166091]}