{"mjd": [57850.0256829], "magerr": [0.07339999824762344], "alert_name": null, "observatory": ["PIRATE Meredith Morr"], "caliberr": [0.05604580044746399], "mag": [17.72719955444336], "catalog": ["SDSS"], "filter": ["R"], "id": [71252]}