{"mjd": [57661.104954, 57661.112688, 57661.120417, 57661.101076, 57661.108824, 57661.116556], "magerr": [-1.0, -1.0, -1.0, 0.01940000057220459, -1.0, 0.018400000408291817], "alert_name": null, "observatory": ["M.Chruslinska-Loiano", "M.Chruslinska-Loiano", "M.Chruslinska-Loiano", "M.Chruslinska-Loiano", "M.Chruslinska-Loiano", "M.Chruslinska-Loiano"], "caliberr": [0.05627520754933357, 0.055653080344200134, 0.061678361147642136, 0.09343215823173523, 0.08834849298000336, 0.09521231055259705], "mag": [21.721771240234375, 21.819223403930664, 21.731428146362305, 17.87807273864746, 21.31769561767578, 17.91741943359375], "catalog": ["APASS", "APASS", "APASS", "APASS", "APASS", "APASS"], "filter": ["g", "g", "g", "r", "r", "r"], "id": [49130, 49129, 49131, 49132, 49133, 49134]}