{"mjd": [59289.027459], "magerr": [-1.0], "alert_name": null, "observatory": ["Liam Hardy pt5m"], "caliberr": [0.1387813836336136], "mag": [18.322601318359375], "catalog": ["APASS"], "filter": ["B"], "id": [213982]}