{"mjd": [57876.3599118, 57877.1587968, 57877.1626584, 57877.1548812], "magerr": [0.006300000008195639, 0.05389999970793724, 0.010099999606609344, 0.007799999788403511], "alert_name": null, "observatory": ["Euler Geneva Group", "LCOGT1m, Kris Rybick", "LCOGT1m, Kris Rybick", "LCOGT1m, Kris Rybick"], "caliberr": [0.17410799860954285, 0.060142699629068375, 0.13242100179195404, 0.1669979989528656], "mag": [16.577199935913086, 18.93910026550293, 16.725400924682617, 15.6141996383667], "catalog": ["APASS", "APASS", "APASS", "APASS"], "filter": ["r", "g", "r", "i"], "id": [72990, 73018, 73019, 73017]}