{"mjd": [57573.9581528, 57571.91493, 57572.905924, 57571.91493, 57572.905924, 57571.91493, 57572.905924], "magerr": [0.022099999710917473, 0.019200000911951065, 0.021299999207258224, 0.03620000183582306, 0.031099999323487282, 0.17030000686645508, 0.13760000467300415], "alert_name": null, "observatory": ["Mercator Geneva Grou", "Euler Geneva Group", "Euler Geneva Group", "Euler Geneva Group", "Euler Geneva Group", "Euler Geneva Group", "Euler Geneva Group"], "caliberr": [0.32268980145454407, 0.36018359661102295, 0.300929456949234, 0.342130571603775, 0.33244651556015015, 0.34964287281036377, 0.3668161630630493], "mag": [19.7139892578125, 19.505062103271484, 19.556520462036133, 19.96822166442871, 19.649028778076172, 20.48484230041504, 19.794227600097656], "catalog": ["USNO", "USNO", "USNO", "USNO", "USNO", "APASS", "APASS"], "filter": ["B2pg", "B2pg", "B2pg", "R2pg", "R2pg", "B", "B"], "id": [39199, 39125, 39135, 39126, 39136, 39127, 39137]}