{"mjd": [58633.934771, 58611.988958, 58611.992741, 58611.995776], "magerr": [0.06652239710092545, 0.0686890035867691, 0.03750310093164444, 0.04112900048494339], "alert_name": null, "observatory": ["Liam Hardy pt5m", "Liam Hardy pt5m", "Liam Hardy pt5m", "Liam Hardy pt5m"], "caliberr": [0.1843010038137436, 0.06625460088253021, 0.05457739904522896, 0.10856799781322479], "mag": [17.850900650024414, 17.964099884033203, 17.617300033569336, 17.44610023498535], "catalog": ["SDSS", "SDSS", "SDSS", "SDSS"], "filter": ["r", "B", "V", "R"], "id": [153619, 151986, 151987, 151988]}