{"mjd": [58093.13936879393, 58093.142928311136, 58094.12798877992, 58095.16114503285, 58095.16469550505, 58096.12440558197, 58093.146634011995, 58093.15018544998, 58094.13176665502, 58094.13532333309, 58095.16842693882, 58095.17197903106, 58096.16414859891, 58096.167699573096, 58093.15393415606, 58093.157489539124, 58094.13916554488, 58094.14272983419, 58095.1757087172, 58095.17926781718, 58096.18398090312, 58096.18753670622, 58120.1088578, 58122.15978949983, 58093.17022620607, 58093.17377710203, 58094.14656581683, 58094.15011558309, 58120.1870417, 58120.1906449], "magerr": [0.012799999676644802, 0.012299999594688416, 0.034299999475479126, 0.03720000013709068, 0.03790000081062317, 0.01940000057220459, 0.009399999864399433, 0.009999999776482582, 0.022199999541044235, 0.019899999722838402, 0.03290000185370445, 0.029500000178813934, 0.015300000086426735, 0.015300000086426735, 0.00800000037997961, 0.00860000029206276, 0.020600000396370888, 0.019600000232458115, 0.017999999225139618, 0.019500000402331352, 0.01590000092983246, 0.01590000092983246, 0.007699999958276749, 0.017799999564886093, 0.00989999994635582, 0.010300000198185444, 0.016200000420212746, 0.012500000186264515, 0.005100000184029341, 0.005499999970197678], "alert_name": null, "observatory": ["ObsMontsec-Umut Burg", "ObsMontsec-Umut Burg", "ObsMontsec-Umut Burg", "ObsMontsec-Umut Burg", "ObsMontsec-Umut Burg", "ObsMontsec-Umut Burg", "ObsMontsec-Umut Burg", "ObsMontsec-Umut Burg", "ObsMontsec-Umut Burg", "ObsMontsec-Umut Burg", "ObsMontsec-Umut Burg", "ObsMontsec-Umut Burg", "ObsMontsec-Umut Burg", "ObsMontsec-Umut Burg", "ObsMontsec-Umut Burg", "ObsMontsec-Umut Burg", "ObsMontsec-Umut Burg", "ObsMontsec-Umut Burg", "ObsMontsec-Umut Burg", "ObsMontsec-Umut Burg", "ObsMontsec-Umut Burg", "ObsMontsec-Umut Burg", "ObsMontsec-Umut Burg", "ObsMontsec-Umut Burg", "ObsMontsec-Umut Burg", "ObsMontsec-Umut Burg", "ObsMontsec-Umut Burg", "ObsMontsec-Umut Burg", "ObsMontsec-Umut Burg", "ObsMontsec-Umut Burg"], "caliberr": [0.0646291971206665, 0.06953072547912598, 0.06016352400183678, 0.010000001639127731, 0.11840193718671799, 0.04277480021119118, 0.03182230517268181, 0.02376270294189453, 0.054809536784887314, 0.06029634550213814, 0.02092399075627327, 0.02279987558722496, 0.0825565904378891, 0.038370564579963684, 0.086461640894413, 0.05724138393998146, 0.081437848508358, 0.08929512649774551, 0.09371409565210342, 0.10613257437944412, 0.11504510045051575, 0.1576356589794159, 0.07699557393789291, 0.07994619756937027, 0.22824245691299438, 0.2117430716753006, 0.09711873531341553, 0.20979245007038116, 0.24169951677322388, 0.16632869839668274], "mag": [15.54988956451416, 15.621903419494629, 15.733656883239746, 15.694022178649902, 15.789790153503418, 15.361669540405273, 15.131077766418457, 15.142315864562988, 15.274566650390625, 15.172538757324219, 15.207763671875, 15.174535751342773, 14.521862030029297, 14.59303092956543, 15.021329879760742, 14.964265823364258, 15.044538497924805, 15.019201278686523, 15.008913040161133, 14.804393768310547, 14.715987205505371, 14.774762153625488, 13.879996299743652, 14.976099014282227, 15.67919635772705, 15.698033332824707, 15.394347190856934, 15.650247573852539, 13.612751960754395, 13.621292114257812], "catalog": ["APASS", "APASS", "APASS", "APASS", "APASS", "APASS", "APASS", "APASS", "APASS", "APASS", "APASS", "APASS", "APASS", "APASS", "APASS", "APASS", "APASS", "APASS", "APASS", "APASS", "APASS", "APASS", "APASS", "APASS", "APASS", "APASS", "APASS", "APASS", "APASS", "APASS"], "filter": ["B", "B", "B", "B", "B", "B", "V", "V", "V", "V", "V", "V", "V", "V", "r", "r", "r", "r", "r", "r", "r", "r", "r", "r", "i", "i", "i", "i", "i", "i"], "id": [95620, 95621, 95628, 95635, 95636, 95641, 95622, 95623, 95629, 95630, 95637, 95638, 95642, 95643, 95624, 95625, 95631, 95632, 95639, 95640, 95644, 95645, 97730, 97736, 95626, 95627, 95633, 95634, 97731, 97732]}