{"mjd": [59151.001751, 59151.006304, 59151.010852, 59171.85004579, 59171.86477104, 59171.87780306, 59171.85531583, 59171.87003681, 59171.8830781, 59171.87390388], "magerr": [0.08853971213102341, 0.054817575961351395, 0.047852907329797745, 0.014100000262260437, 0.007300000172108412, 0.007300000172108412, 0.012799999676644802, 0.0066999997943639755, 0.007199999876320362, 0.007300000172108412], "alert_name": null, "observatory": ["Liam Hardy pt5m", "Liam Hardy pt5m", "Liam Hardy pt5m", "Loiano, Alessia Garo", "Loiano, Alessia Garo", "Loiano, Alessia Garo", "Loiano, Alessia Garo", "Loiano, Alessia Garo", "Loiano, Alessia Garo", "Loiano, Alessia Garo"], "caliberr": [0.14241766929626465, 0.057287365198135376, 0.11499198526144028, 0.04745488986372948, 0.05652906000614166, 0.05908040329813957, 0.06866811960935593, 0.05645978823304176, 0.04978184774518013, 0.07416965812444687], "mag": [17.109060287475586, 16.49198341369629, 16.514108657836914, 17.146169662475586, 17.042631149291992, 17.0407772064209, 16.808963775634766, 16.812559127807617, 16.930147171020508, 16.451217651367188], "catalog": ["APASS", "APASS", "APASS", "APASS", "APASS", "APASS", "APASS", "APASS", "APASS", "APASS"], "filter": ["B", "V", "r", "V", "V", "V", "r", "r", "r", "i"], "id": [204602, 204603, 204604, 207916, 207918, 207923, 207917, 207920, 207924, 207921]}