{"mjd": [58927.176388, 58927.180012, 58927.183637], "magerr": [0.09319999814033508, 0.08959999680519104, 0.10289999842643738], "alert_name": null, "observatory": ["OmicronC2PU JPRivet", "OmicronC2PU JPRivet", "OmicronC2PU JPRivet"], "caliberr": [0.1339314877986908, 0.1262659728527069, 0.13705497980117798], "mag": [19.481653213500977, 19.561464309692383, 19.357707977294922], "catalog": ["PS1", "PS1", "PS1"], "filter": ["r", "r", "r"], "id": [193068, 193069, 193070]}