{"mjd": [58714.025049, 58728.025657, 58714.029609, 58728.030216, 58714.034925, 58728.033263], "magerr": [-1.0, -1.0, 0.10812810063362122, 0.105721116065979, 0.08806560933589935, 0.09511294215917587], "alert_name": null, "observatory": ["Liam Hardy pt5m", "Liam Hardy pt5m", "Liam Hardy pt5m", "Liam Hardy pt5m", "Liam Hardy pt5m", "Liam Hardy pt5m"], "caliberr": [0.07359495759010315, 0.031307268887758255, 0.08613848686218262, 0.12833517789840698, 0.047751810401678085, 0.04391225799918175], "mag": [19.059040069580078, 19.71641731262207, 17.999841690063477, 18.949954986572266, 18.32325553894043, 18.600942611694336], "catalog": ["APASS", "APASS", "APASS", "APASS", "APASS", "APASS"], "filter": ["B", "B", "V", "V", "r", "r"], "id": [162535, 163794, 162536, 163795, 162537, 163796]}