{"mjd": [58627.03459, 58640.962213, 58627.023888, 58640.953856, 58627.030038, 58640.958425, 58646.956381, 58659.924513, 58659.935363, 58660.88187, 58660.885491, 58660.874628, 58665.880789, 58665.884409, 58665.88802, 58659.92812, 58659.931746, 58634.122627, 58632.9490129998, 58633.076135, 58634.885579, 58635.129538, 58634.886977, 58634.889536, 58633.928617, 58634.8925, 58634.944051, 58635.879525, 58633.079406, 58633.931889, 58634.125893, 58634.947335, 58635.13281, 58635.882807, 58632.9490129998, 58632.9490129998, 58633.081955, 58633.934449, 58634.128448, 58634.8958, 58634.949928, 58635.135363, 58635.885374], "magerr": [0.05474625900387764, 0.05356248840689659, -1.0, 0.11138133704662323, 0.07051125913858414, 0.0978398323059082, 0.0808643102645874, 0.024700000882148743, 0.028599999845027924, 0.024800000712275505, 0.024000000208616257, 0.024299999698996544, 0.0203000009059906, 0.01940000057220459, 0.01899999938905239, 0.026000000536441803, 0.029400000348687172, 0.02565399929881096, 0.030814599245786667, 0.053363870829343796, -1.0, 0.023518672212958336, -1.0, 0.06706000119447708, 0.08845488727092743, -1.0, 0.07490800321102142, 0.1276720017194748, 0.07370469719171524, 0.10091496258974075, -1.0, 0.07165899872779846, -1.0, 0.08267699927091599, 0.026661859825253487, 0.027851739898324013, 0.0750490054488182, 0.1063808798789978, 0.024382999166846275, 0.0493910014629364, 0.06940300017595291, 0.03048703633248806, 0.10887899994850159], "alert_name": null, "observatory": ["Liam Hardy pt5m", "Liam Hardy pt5m", "Liam Hardy pt5m", "Liam Hardy pt5m", "Liam Hardy pt5m", "Liam Hardy pt5m", "Liam Hardy pt5m", "OmicronC2PU JPRivet", "OmicronC2PU JPRivet", "OmicronC2PU JPRivet", "OmicronC2PU JPRivet", "OmicronC2PU JPRivet", "OmicronC2PU JPRivet", "OmicronC2PU JPRivet", "OmicronC2PU JPRivet", "OmicronC2PU JPRivet", "OmicronC2PU JPRivet", "PIRATE, OU students", "PIRATE, OU students", "PIRATE, OU students", "PIRATE, OU students", "PIRATE, OU students", "PIRATE, OU students", "PIRATE, OU students", "PIRATE, OU students", "PIRATE, OU students", "PIRATE, OU students", "PIRATE, OU students", "PIRATE, OU students", "PIRATE, OU students", "PIRATE, OU students", "PIRATE, OU students", "PIRATE, OU students", "PIRATE, OU students", "PIRATE, OU students", "PIRATE, OU students", "PIRATE, OU students", "PIRATE, OU students", "PIRATE, OU students", "PIRATE, OU students", "PIRATE, OU students", "PIRATE, OU students", "PIRATE, OU students"], "caliberr": [0.14894913136959076, 0.17157360911369324, 0.1420508325099945, 0.028945185244083405, 0.05102229863405228, 0.04884294047951698, 0.0895945206284523, 0.08773111552000046, 0.10004056990146637, 0.07191979140043259, 0.07729998230934143, 0.08339689671993256, 0.04164743795990944, 0.020761316642165184, 0.022669801488518715, 0.07262387871742249, 0.07853946834802628, 0.10540549457073212, 0.05186682194471359, 0.06007992476224899, 0.15180601179599762, 0.057548969984054565, 0.10940148681402206, 0.12021300196647644, 0.06923064589500427, 0.048131123185157776, 0.08251458406448364, 0.10660459846258163, 0.04670218378305435, 0.06780332326889038, 0.05843806639313698, 0.06687071919441223, 0.01423668209463358, 0.07007741928100586, 0.05485265702009201, 0.046347200870513916, 0.05704614147543907, 0.039032116532325745, 0.03542495146393776, 0.027079036459326744, 0.047166839241981506, 0.02902846597135067, 0.04928301274776459], "mag": [17.721538543701172, 18.20580291748047, 19.072999954223633, 18.799219131469727, 17.93473243713379, 18.54957389831543, 17.906902313232422, 18.409425735473633, 18.364953994750977, 18.49859619140625, 18.542612075805664, 18.515403747558594, 18.01067543029785, 17.94590950012207, 17.965415954589844, 18.32082748413086, 18.361303329467773, 17.416715621948242, 18.217620849609375, 18.417892456054688, 18.749784469604492, 17.558307647705078, 19.332368850708008, 17.16802978515625, 18.69720458984375, 24.976335525512695, 18.451074600219727, 17.548423767089844, 18.04941177368164, 18.150754928588867, 21.559621810913086, 17.71696662902832, 19.786020278930664, 17.10535430908203, 17.941085815429688, 17.443958282470703, 17.757301330566406, 17.829195022583008, 17.209505081176758, 17.12944221496582, 17.31844139099121, 16.9930419921875, 17.05756378173828], "catalog": ["SDSS", "SDSS", "APASS", "APASS", "APASS", "APASS", "APASS", "SDSS", "SDSS", "SDSS", "SDSS", "APASS", "APASS", "APASS", "APASS", "PS1", "PS1", "SDSS", "SDSS", "SDSS", "SDSS", "SDSS", "SDSS", "SDSS", "APASS", "APASS", "APASS", "APASS", "APASS", "APASS", "APASS", "APASS", "APASS", "APASS", "APASS", "APASS", "APASS", "APASS", "APASS", "APASS", "APASS", "APASS", "APASS"], "filter": ["R", "R", "B", "B", "V", "V", "V", "r", "r", "r", "r", "r", "r", "r", "r", "r", "r", "g", "B", "B", "B", "B", "V", "R", "B", "B", "B", "B", "V", "V", "V", "V", "V", "V", "g", "r", "r", "r", "r", "r", "r", "r", "r"], "id": [153163, 154599, 153161, 154597, 153162, 154598, 155222, 169418, 169421, 169435, 169436, 169434, 169473, 169474, 169475, 169419, 169420, 153767, 154005, 154160, 154314, 153839, 154312, 154313, 154158, 154580, 154318, 154593, 154161, 154163, 153768, 154319, 153841, 154592, 154008, 154007, 154162, 154159, 153769, 154581, 154317, 153844, 154594]}