{"mjd": [58672.17986, 58680.212877, 58672.170758, 58680.205288, 58672.175313, 58680.209842], "magerr": [0.06635089963674545, 0.1336289942264557, -1.0, -1.0, -1.0, -1.0], "alert_name": null, "observatory": ["Liam Hardy pt5m", "Liam Hardy pt5m", "Liam Hardy pt5m", "Liam Hardy pt5m", "Liam Hardy pt5m", "Liam Hardy pt5m"], "caliberr": [0.1669519990682602, 0.15471599996089935, 0.16239799559116364, 0.16464300453662872, 0.13190099596977234, 0.10708799958229065], "mag": [17.996400833129883, 18.57979965209961, 20.093399047851562, 19.550500869750977, 19.825199127197266, 19.547199249267578], "catalog": ["SDSS", "SDSS", "APASS", "APASS", "APASS", "APASS"], "filter": ["R", "R", "B", "B", "V", "V"], "id": [158029, 159029, 158027, 159027, 158028, 159028]}