{"mjd": [59048.83666782, 59047.83417824, 59047.83778241, 59047.84321065, 59048.82837037, 59048.83917245, 59047.84501968, 59048.83418519, 59048.84164583], "magerr": [0.019300000742077827, 0.029500000178813934, 0.025599999353289604, 0.018300000578165054, 0.03680000081658363, 0.014700000174343586, 0.01549999974668026, 0.01640000008046627, 0.01140000019222498], "alert_name": null, "observatory": ["Loiano, Felice Cusan", "Loiano, Felice Cusan", "Loiano, Felice Cusan", "Loiano, Felice Cusan", "Loiano, Felice Cusan", "Loiano, Felice Cusan", "Loiano, Felice Cusan", "Loiano, Felice Cusan", "Loiano, Felice Cusan"], "caliberr": [0.15024599432945251, 0.03835570067167282, 0.03522200137376785, 0.02854139916598797, 0.1071069985628128, 0.055362701416015625, 0.009999999776482582, 0.05071689933538437, 0.043150100857019424], "mag": [17.032499313354492, 17.478099822998047, 17.534099578857422, 17.443199157714844, 17.50819969177246, 17.47610092163086, 17.645700454711914, 17.57379913330078, 17.59749984741211], "catalog": ["SDSS", "APASS", "APASS", "APASS", "APASS", "APASS", "APASS", "APASS", "APASS"], "filter": ["I", "V", "V", "V", "V", "V", "r", "r", "r"], "id": [194663, 194666, 194667, 194668, 194661, 194664, 194669, 194662, 194665]}