{"mjd": [59469.937336, 59475.942036, 59469.941897, 59475.946593, 59469.94674, 59475.951149], "magerr": [-1.0, -1.0, -1.0, -1.0, -1.0, -1.0], "alert_name": null, "observatory": ["Liam Hardy pt5m", "Liam Hardy pt5m", "Liam Hardy pt5m", "Liam Hardy pt5m", "Liam Hardy pt5m", "Liam Hardy pt5m"], "caliberr": [0.19009575247764587, 0.13278396427631378, 0.09471920132637024, 0.08993567526340485, 0.13153648376464844, 0.14390525221824646], "mag": [18.536529541015625, 18.26622772216797, 18.70807456970215, 18.182334899902344, 19.23735237121582, 19.286428451538086], "catalog": ["APASS", "APASS", "APASS", "APASS", "APASS", "APASS"], "filter": ["B", "B", "V", "V", "r", "r"], "id": [233859, 234097, 233860, 234098, 233861, 234099]}