{"mjd": [59301.5218985, 59302.0521203, 59302.8903116, 59297.7122375, 59297.7132586, 59298.1845458, 59298.1946681, 59299.0639533, 59301.5210407, 59301.5695952, 59301.8820076, 59301.8830108, 59301.9721994, 59302.0512909, 59302.5161986, 59302.5526556, 59302.5536628, 59302.5922913, 59302.6287565, 59302.6297626, 59302.8894925, 59303.1079295, 59303.1085754, 59303.1092217, 59303.1098682, 59303.1105221, 59303.1111682, 59303.1118139, 59303.1124595, 59303.1131057, 59303.1137513, 59303.1144041, 59303.1150505, 59303.1157028, 59303.1163488, 59303.1170299, 59303.295568, 59303.9486297, 59304.0080553, 59304.0636932, 59304.0878659, 59304.1156205, 59304.3267858, 59304.8690402, 59304.9142695, 59304.9238689, 59304.9453298, 59304.9977524, 59305.0358769, 59305.077588, 59305.1735847, 59305.3271944, 59305.372172, 59305.3970233, 59305.8934712, 59305.9904137, 59306.0254749, 59306.0412225, 59306.0496643, 59306.1209638, 59306.1596215, 59311.1226787, 59311.8721927, 59314.4905001, 59315.5007939, 59316.9033385, 59303.9477835, 59304.0072208, 59304.062859, 59304.0870313, 59304.1008376, 59304.114792, 59304.1148534, 59304.1155952, 59304.1158502, 59304.1574372, 59304.15756, 59304.3245426, 59304.3259531, 59304.3335557, 59304.3369237, 59304.3580438, 59304.8660201, 59304.8682055, 59304.909928, 59304.9134417, 59304.9230345, 59304.9403272, 59304.9444823, 59304.9828026, 59304.9969177, 59305.035041, 59305.038356, 59305.0419892, 59305.0638576, 59305.076756, 59305.1055713, 59305.1727107, 59305.2307891, 59305.2327785, 59305.3263515, 59305.3695018, 59305.3713398, 59305.3961872, 59305.4101364, 59305.5133641, 59305.5171996, 59305.5219657, 59305.5687767, 59305.8678204, 59305.8926384, 59305.8994517, 59305.9477678, 59305.9895759, 59305.9927598, 59306.0246406, 59306.04039, 59306.0488331, 59306.0558618, 59306.118205, 59306.1201292, 59306.1587834, 59306.16241, 59306.3994683, 59306.4162998, 59306.9290847, 59309.8522422, 59311.1218106, 59311.8713532, 59314.4896656, 59315.4999585, 59316.9024952], "magerr": [0.04399999976158142, 0.18119999766349792, 0.05400000140070915, 0.00279999990016222, 0.0024999999441206455, 0.00279999990016222, 0.0031999999191612005, 0.003100000089034438, 0.003700000001117587, 0.0027000000700354576, -1.0, -1.0, 0.01119999960064888, 0.007199999876320362, 0.003000000026077032, 0.00279999990016222, 0.00279999990016222, 0.0035000001080334187, 0.003000000026077032, 0.0034000000450760126, 0.0035000001080334187, 0.003800000064074993, 0.003700000001117587, 0.004000000189989805, 0.003599999938160181, 0.003599999938160181, 0.0038999998942017555, 0.003800000064074993, 0.003800000064074993, 0.003700000001117587, 0.0035000001080334187, 0.003800000064074993, 0.003700000001117587, 0.003700000001117587, 0.003599999938160181, 0.0034000000450760126, 0.0032999999821186066, 0.03689999878406525, 0.03440000116825104, 0.03869999945163727, 0.03869999945163727, 0.037700001150369644, 0.032099999487400055, 0.048500001430511475, 0.030500000342726707, 0.03319999948143959, 0.02759999968111515, 0.04129999876022339, 0.08129999786615372, 0.059300001710653305, 0.030700000002980232, 0.029600000008940697, 0.02930000051856041, 0.02889999933540821, -1.0, 0.03220000118017197, 0.17229999601840973, 0.1152999997138977, 0.08070000261068344, 0.02329999953508377, 0.04820000007748604, 0.01940000057220459, 0.021900000050663948, 0.023399999365210533, 0.017500000074505806, 0.020999999716877937, 0.0035000001080334187, 0.003599999938160181, 0.0034000000450760126, 0.003100000089034438, 0.0032999999821186066, 0.0032999999821186066, 0.0034000000450760126, 0.003100000089034438, 0.0031999999191612005, 0.0034000000450760126, 0.0035000001080334187, 0.003100000089034438, 0.0034000000450760126, 0.003000000026077032, 0.0031999999191612005, 0.003000000026077032, 0.004100000020116568, 0.0038999998942017555, 0.0032999999821186066, 0.0035000001080334187, 0.003800000064074993, 0.003700000001117587, 0.003599999938160181, 0.003700000001117587, 0.004000000189989805, 0.005799999926239252, 0.004800000227987766, 0.005100000184029341, 0.004600000102072954, 0.0052999998442828655, 0.004100000020116568, 0.00279999990016222, 0.002899999963119626, 0.002899999963119626, 0.0034000000450760126, 0.0035000001080334187, 0.0034000000450760126, 0.003000000026077032, 0.00279999990016222, 0.003700000001117587, 0.003700000001117587, 0.0034000000450760126, 0.0034000000450760126, 0.003800000064074993, 0.011900000274181366, 0.010200000368058681, 0.007600000128149986, 0.0035000001080334187, 0.003599999938160181, 0.011099999770522118, 0.006899999920278788, 0.004600000102072954, 0.0032999999821186066, 0.003000000026077032, 0.003000000026077032, 0.003800000064074993, 0.004399999976158142, 0.003100000089034438, 0.0031999999191612005, 0.0034000000450760126, 0.0044999998062849045, 0.0044999998062849045, 0.005200000014156103, 0.006300000008195639, 0.00419999985024333, 0.005400000140070915], "alert_name": null,