{"mjd": [58819.248235, 58819.243688], "magerr": [0.06660590320825577, 0.10693299770355225], "alert_name": null, "observatory": ["Liam Hardy pt5m", "Liam Hardy pt5m"], "caliberr": [0.150068998336792, 0.009999999776482582], "mag": [17.699899673461914, 18.155799865722656], "catalog": ["SDSS", "APASS"], "filter": ["R", "V"], "id": [173696, 173695]}