{"mjd": [57850.885631, 57850.892729, 57850.907765, 57870.834101, 57870.841199, 57870.848297, 57865.823619, 57865.83071, 57865.83782, 57848.9162269, 57848.9131019, 57848.9100231, 57848.9518403], "magerr": [0.08100000023841858, 0.08529999852180481, 0.0997999981045723, 0.08789999783039093, 0.07750000059604645, 0.07490000128746033, 0.06369999796152115, 0.06719999760389328, 0.06469999998807907, 0.041200000792741776, 0.03350000083446503, 0.056699998676776886, 0.04619999974966049], "alert_name": null, "observatory": ["OmicronC2PU JPRivet", "OmicronC2PU JPRivet", "OmicronC2PU JPRivet", "OmicronC2PU JPRivet", "OmicronC2PU JPRivet", "OmicronC2PU JPRivet", "OmicronC2PU JPRivet", "OmicronC2PU JPRivet", "OmicronC2PU JPRivet", "PIRATE Meredith Morr", "PIRATE Meredith Morr", "PIRATE Meredith Morr", "PIRATE Meredith Morr"], "caliberr": [0.15738800168037415, 0.14755700528621674, 0.15313200652599335, 0.12937000393867493, 0.13831299543380737, 0.13910500705242157, 0.0668473020195961, 0.06303810328245163, 0.055223498493433, 0.045282501727342606, 0.03806129842996597, 0.03756619989871979, 0.03296300023794174], "mag": [19.840599060058594, 19.869600296020508, 19.655099868774414, 20.142900466918945, 20.037500381469727, 20.054399490356445, 19.63450050354004, 19.760499954223633, 19.677900314331055, 16.92919921875, 16.629499435424805, 17.229799270629883, 17.27039909362793], "catalog": ["SDSS", "SDSS", "SDSS", "SDSS", "SDSS", "SDSS", "APASS", "APASS", "APASS", "APASS", "APASS", "APASS", "APASS"], "filter": ["r", "r", "r", "r", "r", "r", "r", "r", "r", "V", "g", "r", "r"], "id": [70805, 70806, 70807, 72685, 72686, 72687, 72649, 72650, 72651, 71267, 71235, 71262, 71292]}