{"mjd": [58600.047057, 58600.038703, 58600.04402], "magerr": [0.06850670278072357, 0.12250400334596634, 0.13004499673843384], "alert_name": null, "observatory": ["Liam Hardy pt5m", "Liam Hardy pt5m", "Liam Hardy pt5m"], "caliberr": [0.13744600117206573, 0.047637101262807846, 0.19797800481319427], "mag": [17.750999450683594, 18.175100326538086, 18.402599334716797], "catalog": ["SDSS", "APASS", "APASS"], "filter": ["R", "B", "V"], "id": [151173, 151171, 151172]}