{"mjd": [58800.68059, 58801.744352, 58800.681424, 58801.745174], "magerr": [0.04899999871850014, 0.03830000013113022, 0.0640999972820282, 0.044199999421834946], "alert_name": null, "observatory": ["Terskol-2,Vira Godun", "Terskol-2,Vira Godun", "Terskol-2,Vira Godun", "Terskol-2,Vira Godun"], "caliberr": [0.3801538050174713, 0.37861377000808716, 0.37475839257240295, 0.41189831495285034], "mag": [15.843876838684082, 15.98527717590332, 15.712626457214355, 15.847554206848145], "catalog": ["USNO", "USNO", "USNO", "USNO"], "filter": ["R2pg", "R2pg", "Ipg", "Ipg"], "id": [171568, 171659, 171569, 171660]}