{"mjd": [58235.195515, 58235.200028, 58235.204542], "magerr": [-1.0, 0.07886680960655212, 0.0352003239095211], "alert_name": null, "observatory": ["Liam Hardy pt5m", "Liam Hardy pt5m", "Liam Hardy pt5m"], "caliberr": [0.12671227753162384, 0.06623324006795883, 0.08424340188503265], "mag": [19.32455825805664, 18.075077056884766, 17.538776397705078], "catalog": ["APASS", "APASS", "APASS"], "filter": ["B", "V", "r"], "id": [104155, 104156, 104157]}