{"mjd": [58647.031756, 58634.028229, 58641.956474, 58647.037049, 58654.021488, 58634.019134, 58641.947359, 58654.012387, 58634.023689, 58641.951926, 58654.016941, 58633.410371, 58634.407206, 58634.401383, 58634.404653, 58633.413643, 58633.416191], "magerr": [0.08159565925598145, 0.032583463937044144, 0.03736002743244171, 0.1284777671098709, 0.03752647712826729, 0.10844293236732483, 0.1371731013059616, 0.17232660949230194, 0.060368236154317856, 0.05121698975563049, 0.05471445247530937, 0.05353299900889397, 0.04050799831748009, 0.052177999168634415, 0.03833699971437454, 0.034398000687360764, 0.03734099864959717], "alert_name": null, "observatory": ["Liam Hardy pt5m", "Liam Hardy pt5m", "Liam Hardy pt5m", "Liam Hardy pt5m", "Liam Hardy pt5m", "Liam Hardy pt5m", "Liam Hardy pt5m", "Liam Hardy pt5m", "Liam Hardy pt5m", "Liam Hardy pt5m", "Liam Hardy pt5m", "PIRATE, OU students", "PIRATE, OU students", "PIRATE, OU students", "PIRATE, OU students", "PIRATE, OU students", "PIRATE, OU students"], "caliberr": [0.07303259521722794, 0.16304351389408112, 0.08673019707202911, 0.27630436420440674, 0.14368478953838348, 0.04901294410228729, 0.05055536329746246, 0.07501146197319031, 0.05225854739546776, 0.0277047511190176, 0.07102034986019135, 0.11166694760322571, 0.06702768802642822, 0.17366574704647064, 0.10589918494224548, 0.04805457219481468, 0.04233479127287865], "mag": [17.4392032623291, 16.692106246948242, 16.689529418945312, 17.60808563232422, 16.979761123657227, 18.265954971313477, 18.650726318359375, 18.895408630371094, 17.345355987548828, 17.19062042236328, 17.086448669433594, 18.734479904174805, 17.407270431518555, 18.315420150756836, 17.730344772338867, 18.26141929626465, 17.60419273376465], "catalog": ["SDSS", "SDSS", "SDSS", "SDSS", "SDSS", "APASS", "APASS", "APASS", "APASS", "APASS", "APASS", "SDSS", "SDSS", "APASS", "APASS", "APASS", "GAIA"], "filter": ["V", "R", "R", "R", "R", "B", "B", "B", "V", "V", "V", "B", "R", "B", "V", "g", "G"], "id": [155241, 153638, 154709, 155242, 155980, 153636, 154707, 155978, 153637, 154708, 155979, 153843, 153856, 153854, 153855, 153840, 153842]}