{"mjd": [57650.2233051, 57651.2365888, 57650.2233051, 57651.2365888], "magerr": [0.040699999779462814, 0.03660000115633011, 0.027000000700354576, 0.02590000070631504], "alert_name": null, "observatory": ["Mercator Geneva Grou", "Mercator Geneva Grou", "Mercator Geneva Grou", "Mercator Geneva Grou"], "caliberr": [0.07580791413784027, 0.1243782714009285, 0.14086903631687164, 0.14762094616889954], "mag": [19.013134002685547, 18.91502571105957, 18.795530319213867, 18.71969223022461], "catalog": ["SDSS", "SDSS", "SDSS", "SDSS"], "filter": ["g", "g", "r", "r"], "id": [44677, 44691, 44678, 44692]}