{"mjd": [59340.972099, 59347.954668, 59340.976657], "magerr": [-1.0, -1.0, 0.12031190097332001], "alert_name": null, "observatory": ["Liam Hardy pt5m", "Liam Hardy pt5m", "Liam Hardy pt5m"], "caliberr": [0.0875168964266777, 0.020674388855695724, 0.17117227613925934], "mag": [18.435327529907227, 18.440471649169922, 18.27876091003418], "catalog": ["APASS", "APASS", "APASS"], "filter": ["B", "B", "V"], "id": [220262, 220961, 220263]}