{"mjd": [58247.98504, 58255.966257, 58247.976714, 58255.956407, 58247.979759, 58255.960221, 58253.144375, 58253.148079, 58253.146112, 58265.89408, 58266.92845, 58268.886129, 58269.989638, 58270.019591, 58270.51377, 58270.88681, 58265.89733, 58266.93171, 58268.889381, 58269.992895, 58270.019591, 58271.39008, 58253.149473, 58253.150984, 58253.15203, 58265.89989, 58266.93429, 58268.891937, 58269.995457, 58270.019591, 58270.51377, 58270.89265], "magerr": [0.012443199753761292, 0.011540899984538555, 0.0691068023443222, 0.07501310110092163, 0.029207000508904457, 0.03374100103974342, 0.017614800482988358, 0.015665799379348755, 0.018353300169110298, 0.05855099856853485, 0.0610429011285305, -1.0, 0.04351000115275383, 0.09623699635267258, 0.047141000628471375, 0.026284199208021164, 0.02726689912378788, 0.031947698444128036, 0.022933999076485634, 0.023200999945402145, 0.03574699908494949, 0.014767499640583992, 0.01688390038907528, 0.014943599700927734, 0.015697700902819633, 0.02296379953622818, 0.02199549973011017, -1.0, 0.019106000661849976, 0.03315100073814392, 0.02023099921643734, 0.015079899691045284], "alert_name": null, "observatory": ["Liam Hardy pt5m", "Liam Hardy pt5m", "Liam Hardy pt5m", "Liam Hardy pt5m", "Liam Hardy pt5m", "Liam Hardy pt5m", "PIRATE, OU students", "PIRATE, OU students", "PIRATE, OU students", "PIRATE, OU students", "PIRATE, OU students", "PIRATE, OU students", "PIRATE, OU students", "PIRATE, OU students", "PIRATE, OU students", "PIRATE, OU students", "PIRATE, OU students", "PIRATE, OU students", "PIRATE, OU students", "PIRATE, OU students", "PIRATE, OU students", "PIRATE, OU students", "PIRATE, OU students", "PIRATE, OU students", "PIRATE, OU students", "PIRATE, OU students", "PIRATE, OU students", "PIRATE, OU students", "PIRATE, OU students", "PIRATE, OU students", "PIRATE, OU students", "PIRATE, OU students"], "caliberr": [0.1510159969329834, 0.1007469967007637, 0.009999999776482582, 0.009999999776482582, 0.009999999776482582, 0.04550020024180412, 0.043963100761175156, 0.06242949888110161, 0.08384490013122559, 0.04533509910106659, 0.055685799568891525, 0.09884259849786758, 0.04372530058026314, 0.07970079779624939, 0.040155600756406784, 0.047773901373147964, 0.03835989907383919, 0.031180599704384804, 0.0812814012169838, 0.03530070185661316, 0.032405901700258255, 0.05476300045847893, 0.07337489724159241, 0.054411500692367554, 0.06173960119485855, 0.039842698723077774, 0.033975400030612946, 0.08959169685840607, 0.02734689973294735, 0.05689049884676933, 0.009999999776482582, 0.03931310027837753], "mag": [15.521599769592285, 15.593000411987305, 17.093299865722656, 17.328500747680664, 15.997699737548828, 16.12470054626465, 16.95159912109375, 16.46579933166504, 17.349000930786133, 17.451200485229492, 17.526199340820312, 17.757699966430664, 17.412599563598633, 17.314699172973633, 17.68160057067871, 17.463899612426758, 16.477800369262695, 16.578399658203125, 16.3080997467041, 16.522899627685547, 16.204700469970703, 16.373699188232422, 16.720199584960938, 16.151500701904297, 16.03660011291504, 16.17169952392578, 16.175500869750977, 16.600000381469727, 16.08679962158203, 15.915900230407715, 16.30459976196289, 16.234399795532227], "catalog": ["SDSS", "SDSS", "APASS", "APASS", "APASS", "APASS", "SDSS", "SDSS", "APASS", "APASS", "APASS", "APASS", "APASS", "APASS", "APASS", "APASS", "APASS", "APASS", "APASS", "APASS", "APASS", "APASS", "APASS", "APASS", "APASS", "APASS", "APASS", "APASS", "APASS", "APASS", "APASS", "APASS"], "filter": ["R", "R", "B", "B", "V", "V", "g", "V", "B", "B", "B", "B", "B", "B", "B", "B", "V", "V", "V", "V", "V", "V", "g", "r", "r", "r", "r", "r", "r", "r", "r", "r"], "id": [104865, 105249, 104863, 105247, 104864, 105248, 106130, 106129, 105758, 106326, 106164, 105980, 105986, 106285, 106089, 106638, 106328, 106165, 105979, 105985, 106289, 106287, 105759, 106128, 105760, 106327, 106166, 105978, 105984, 106288, 106090, 106286]}