{"mjd": [58597.221914, 58599.222959, 58597.225715], "magerr": [-1.0, -1.0, -1.0], "alert_name": null, "observatory": ["Liam Hardy pt5m", "Liam Hardy pt5m", "Liam Hardy pt5m"], "caliberr": [0.08656519651412964, 0.08548799157142639, 0.08467943966388702], "mag": [19.394601821899414, 19.874588012695312, 19.424222946166992], "catalog": ["APASS", "APASS", "APASS"], "filter": ["B", "B", "V"], "id": [150967, 151146, 150968]}