{"mjd": [58837.34874689, 58837.3494349, 58844.835164273, 58850.27214429, 58836.71544397, 58836.71618727, 58839.82894549, 58843.71045238, 58808.6789697, 58820.5992514, 58824.6768959, 58801.642947, 58812.6544736, 58858.5123625, 58801.6456576, 58803.6408461, 58807.6290494, 58815.6081558, 58858.5150799, 58802.708387, 58802.7110972, 58806.7324369, 58807.6263342, 58807.6382774, 58807.6410024, 58812.6399599, 58812.6426724, 58815.6054551, 58816.6140823, 58817.6026721, 58820.5965427, 58822.5925093, 58822.595222, 58824.6532757, 58824.6741877, 58828.5536185, 58828.5563254, 58862.7239083, 58862.7247849], "magerr": [-1.0, -1.0, -1.0, -1.0, -1.0, -1.0, -1.0, -1.0, 0.01119999960064888, 0.00559999980032444, 0.006500000134110451, 0.0215000007301569, 0.015200000256299973, -1.0, 0.0066999997943639755, -1.0, 0.007300000172108412, 0.006200000178068876, 0.10019999742507935, 0.018699999898672104, 0.006599999964237213, 0.009499999694526196, 0.011699999682605267, 0.016899999231100082, 0.006200000178068876, 0.015799999237060547, 0.009499999694526196, 0.01140000019222498, 0.010400000028312206, 0.012900000438094139, 0.007799999788403511, 0.010999999940395355, 0.006200000178068876, 0.012299999594688416, 0.010200000368058681, 0.034299999475479126, 0.010400000028312206, 0.019200000911951065, 0.02370000071823597], "alert_name": null, "observatory": ["PROMPT5-0.4, Staszek", "PROMPT5-0.4, Staszek", "PROMPT5-0.4, Staszek", "PROMPT5-0.4, Staszek", "PROMPT-MO-0.4, Stasz", "PROMPT-MO-0.4, Stasz", "PROMPT-MO-0.4, Stasz", "PROMPT-MO-0.4, Stasz", "LCOGT2m, Etienne Bac", "LCOGT2m, Etienne Bac", "LCOGT2m, Etienne Bac", "LCOGT2m, Etienne Bac", "LCOGT2m, Etienne Bac", "LCOGT2m, Etienne Bac", "LCOGT2m, Etienne Bac", "LCOGT2m, Etienne Bac", "LCOGT2m, Etienne Bac", "LCOGT2m, Etienne Bac", "LCOGT2m, Etienne Bac", "LCOGT2m, Etienne Bac", "LCOGT2m, Etienne Bac", "LCOGT2m, Etienne Bac", "LCOGT2m, Etienne Bac", "LCOGT2m, Etienne Bac", "LCOGT2m, Etienne Bac", "LCOGT2m, Etienne Bac", "LCOGT2m, Etienne Bac", "LCOGT2m, Etienne Bac", "LCOGT2m, Etienne Bac", "LCOGT2m, Etienne Bac", "LCOGT2m, Etienne Bac", "LCOGT2m, Etienne Bac", "LCOGT2m, Etienne Bac", "LCOGT2m, Etienne Bac", "LCOGT2m, Etienne Bac", "LCOGT2m, Etienne Bac", "LCOGT2m, Etienne Bac", "LCOGT2m, Etienne Bac", "LCOGT2m, Etienne Bac"], "caliberr": [0.08763232827186584, 0.08662837743759155, 0.08619336783885956, 0.09876886010169983, 0.11619333177804947, 0.11360997706651688, 0.12486805766820908, 0.12486805766820908, 0.116070955991745, 0.1115456074476242, 0.15158668160438538, 0.10848768800497055, 0.10869287699460983, 0.10161660611629486, 0.13679462671279907, 0.21662643551826477, 0.1335296928882599, 0.13373629748821259, 0.1284058690071106, 0.2411220222711563, 0.2064196914434433, 0.19899284839630127, 0.1935967206954956, 0.20467741787433624, 0.17280057072639465, 0.2763577103614807, 0.25119301676750183, 0.19853344559669495, 0.21140378713607788, 0.2690393030643463, 0.17702622711658478, 0.19920897483825684, 0.1854107528924942, 0.21216636896133423, 0.22297921776771545, 0.254831999540329, 0.2128303200006485, 0.15596778690814972, 0.16291213035583496], "mag": [18.880569458007812, 18.817514419555664, 19.005084991455078, 19.16938591003418, 18.987926483154297, 19.04361915588379, 19.219690322875977, 19.219690322875977, 17.44440269470215, 17.548179626464844, 17.51687240600586, 17.921934127807617, 17.88741683959961, 18.737756729125977, 17.259540557861328, 16.161945343017578, 17.25056266784668, 17.252159118652344, 17.78482437133789, 17.510427474975586, 17.561002731323242, 17.481781005859375, 17.505170822143555, 17.49863624572754, 17.55660057067871, 17.506847381591797, 17.540407180786133, 17.482271194458008, 17.508285522460938, 17.573745727539062, 17.526653289794922, 17.538129806518555, 17.611339569091797, 17.568029403686523, 17.534107208251953, 17.691783905029297, 17.67943000793457, 18.099489212036133, 18.154550552368164], "catalog": ["APASS", "APASS", "APASS", "APASS", "APASS", "APASS", "APASS", "APASS", "USNO", "USNO", "USNO", "APASS", "APASS", "APASS", "APASS", "APASS", "APASS", "APASS", "APASS", "GAIA", "GAIA", "GAIA", "GAIA", "GAIA", "GAIA", "GAIA", "GAIA", "GAIA", "GAIA", "GAIA", "GAIA", "GAIA", "GAIA", "GAIA", "GAIA", "GAIA", "GAIA", "GAIA", "GAIA"], "filter": ["i", "i", "i", "i", "i", "i", "i", "i", "B1pg", "B1pg", "B1pg", "V", "V", "V", "i", "i", "i", "i", "i", "G", "G", "G", "G", "G", "G", "G", "G", "G", "G", "G", "G", "G", "G", "G", "G", "G", "G", "G", "G"], "id": [174713, 174714, 174715, 174716, 174717, 174718, 174719, 174720, 176361, 176370, 176375, 176351, 176364, 176378, 176352, 176355, 176358, 176366, 176379, 176353, 176354, 176356, 176357, 176359, 176360, 176362, 176363, 176365, 176367, 176368, 176369, 176371, 176372, 176373, 176374, 176376, 176377, 176380, 176381]}