{"mjd": [58837.34874689, 58837.3494349, 58844.835164273, 58850.27214429, 58836.71544397, 58836.71618727, 58839.82894549, 58843.71045238, 58858.5123625, 58858.5150799], "magerr": [-1.0, -1.0, -1.0, -1.0, -1.0, -1.0, -1.0, -1.0, -1.0, 0.10019999742507935], "alert_name": null, "observatory": ["PROMPT5-0.4, Staszek", "PROMPT5-0.4, Staszek", "PROMPT5-0.4, Staszek", "PROMPT5-0.4, Staszek", "PROMPT-MO-0.4, Stasz", "PROMPT-MO-0.4, Stasz", "PROMPT-MO-0.4, Stasz", "PROMPT-MO-0.4, Stasz", "LCOGT2m, Etienne Bac", "LCOGT2m, Etienne Bac"], "caliberr": [0.08763229846954346, 0.08662839978933334, 0.08619339764118195, 0.09876889735460281, 0.11619299650192261, 0.11360999941825867, 0.1248679980635643, 0.1248679980635643, 0.1016170009970665, 0.12840600311756134], "mag": [18.880599975585938, 18.8174991607666, 19.00510025024414, 19.16939926147461, 18.987899780273438, 19.04360008239746, 19.21969985961914, 19.21969985961914, 18.73780059814453, 17.784799575805664], "catalog": ["APASS", "APASS", "APASS", "APASS", "APASS", "APASS", "APASS", "APASS", "APASS", "APASS"], "filter": ["i", "i", "i", "i", "i", "i", "i", "i", "V", "i"], "id": [174713, 174714, 174715, 174716, 174717, 174718, 174719, 174720, 175625, 175626]}