{"mjd": [59445.138791, 59452.070513, 59459.014604, 59445.143346, 59452.075065, 59459.019266], "magerr": [-1.0, -1.0, -1.0, -1.0, -1.0, -1.0], "alert_name": null, "observatory": ["Liam Hardy pt5m", "Liam Hardy pt5m", "Liam Hardy pt5m", "Liam Hardy pt5m", "Liam Hardy pt5m", "Liam Hardy pt5m"], "caliberr": [0.0507412813603878, 0.05019975081086159, 0.06543242186307907, 0.06409530341625214, 0.10649166256189346, 0.09626183658838272], "mag": [18.0512638092041, 18.97236442565918, 18.21845054626465, 18.684968948364258, 18.457881927490234, 19.159317016601562], "catalog": ["APASS", "APASS", "APASS", "APASS", "APASS", "APASS"], "filter": ["B", "B", "B", "V", "V", "V"], "id": [231542, 231925, 232241, 231543, 231926, 232242]}