{"mjd": [58452.075848, 58452.066719, 58458.054992, 58452.071286, 58458.05954, 58458.064072], "magerr": [0.028966400772333145, 0.05500569939613342, -1.0, 0.04036080092191696, -1.0, -1.0], "alert_name": null, "observatory": ["Liam Hardy pt5m", "Liam Hardy pt5m", "Liam Hardy pt5m", "Liam Hardy pt5m", "Liam Hardy pt5m", "Liam Hardy pt5m"], "caliberr": [0.17880499362945557, 0.05607600137591362, 0.2805730104446411, 0.07443980127573013, 0.1361439973115921, 0.16831199824810028], "mag": [16.4414005279541, 16.834299087524414, 17.71430015563965, 16.51959991455078, 16.884199142456055, 16.651199340820312], "catalog": ["SDSS", "APASS", "APASS", "APASS", "APASS", "APASS"], "filter": ["R", "B", "B", "V", "V", "r"], "id": [126846, 126844, 127240, 126845, 127241, 127242]}