{"mjd": [58140.270588, 58140.275159, 58140.279037], "magerr": [0.013167300261557102, 0.009074719622731209, 0.009183850139379501], "alert_name": null, "observatory": ["Liam Hardy pt5m", "Liam Hardy pt5m", "Liam Hardy pt5m"], "caliberr": [0.10435400158166885, 0.0173908993601799, 0.05898610129952431], "mag": [15.09469985961914, 15.218799591064453, 15.422699928283691], "catalog": ["APASS", "APASS", "APASS"], "filter": ["B", "V", "r"], "id": [98709, 98710, 98711]}