{"mjd": [59047.85676505, 59048.85338773, 59048.86839583, 59048.87585069, 59048.85594676, 59048.87086806, 59048.87832755], "magerr": [0.049800001084804535, 0.03790000081062317, 0.039799999445676804, 0.035999998450279236, 0.03220000118017197, 0.028300000354647636, 0.03150000050663948], "alert_name": null, "observatory": ["Loiano, Felice Cusan", "Loiano, Felice Cusan", "Loiano, Felice Cusan", "Loiano, Felice Cusan", "Loiano, Felice Cusan", "Loiano, Felice Cusan", "Loiano, Felice Cusan"], "caliberr": [0.03303069993853569, 0.054725199937820435, 0.06006680056452751, 0.050068199634552, 0.05043730139732361, 0.10253400355577469, 0.08983899652957916], "mag": [19.343700408935547, 19.13610076904297, 19.18670082092285, 19.112899780273438, 19.072999954223633, 18.97480010986328, 19.042499542236328], "catalog": ["APASS", "APASS", "APASS", "APASS", "APASS", "APASS", "APASS"], "filter": ["V", "V", "V", "V", "r", "r", "r"], "id": [194677, 194670, 194672, 194674, 194671, 194673, 194675]}