{"mjd": [57647.2164308, 57648.2244022, 57649.2233316, 57647.2164308, 57648.2244022, 57649.2233316], "magerr": [0.0284000001847744, 0.02930000051856041, 0.027000000700354576, 0.019200000911951065, 0.019500000402331352, 0.017500000074505806], "alert_name": null, "observatory": ["Mercator Geneva Grou", "Mercator Geneva Grou", "Mercator Geneva Grou", "Mercator Geneva Grou", "Mercator Geneva Grou", "Mercator Geneva Grou"], "caliberr": [0.1112237498164177, 0.1133778914809227, 0.10439203679561615, 0.14434246718883514, 0.10949201136827469, 0.10366089642047882], "mag": [17.62018585205078, 17.850067138671875, 17.88392448425293, 17.205387115478516, 17.58078956604004, 17.704076766967773], "catalog": ["SDSS", "SDSS", "SDSS", "SDSS", "SDSS", "SDSS"], "filter": ["g", "g", "g", "r", "r", "r"], "id": [44651, 44658, 44666, 44652, 44659, 44667]}