{"mjd": [59444.915697], "magerr": [0.014393264427781105], "alert_name": null, "observatory": ["Liam Hardy pt5m"], "caliberr": [0.12741677463054657], "mag": [14.302124977111816], "catalog": ["APASS"], "filter": ["B"], "id": [231509]}