{"mjd": [59172.09915671, 59172.11218829, 59172.12523363, 59172.10443103, 59172.11746271, 59172.13049903, 59175.110749, 59175.13600201, 59172.10829706, 59172.12132091, 59172.13438035, 59175.11807765, 59175.13073457, 59175.14332856], "magerr": [0.018400000408291817, 0.02019999921321869, 0.019700000062584877, 0.013000000268220901, 0.013799999840557575, 0.013399999588727951, 0.028999999165534973, 0.02630000002682209, 0.011599999852478504, 0.011599999852478504, 0.01080000028014183, 0.02329999953508377, 0.024000000208616257, 0.02199999988079071], "alert_name": null, "observatory": ["Loiano, Alessia Garo", "Loiano, Alessia Garo", "Loiano, Alessia Garo", "Loiano, Alessia Garo", "Loiano, Alessia Garo", "Loiano, Alessia Garo", "Loiano, Alessia Garo", "Loiano, Alessia Garo", "Loiano, Alessia Garo", "Loiano, Alessia Garo", "Loiano, Alessia Garo", "Loiano, Alessia Garo", "Loiano, Alessia Garo", "Loiano, Alessia Garo"], "caliberr": [0.04176830127835274, 0.04530839994549751, 0.04105440154671669, 0.05891599878668785, 0.04593539983034134, 0.049999698996543884, 0.0578899011015892, 0.06161550059914589, 0.022717399522662163, 0.021674999967217445, 0.04859689995646477, 0.09384609758853912, 0.19388100504875183, 0.08752039819955826], "mag": [18.896499633789062, 19.020000457763672, 18.979799270629883, 18.549800872802734, 18.558799743652344, 18.54199981689453, 18.687000274658203, 18.76810073852539, 17.873199462890625, 17.856199264526367, 17.84630012512207, 17.80590057373047, 17.763099670410156, 17.826499938964844], "catalog": ["APASS", "APASS", "APASS", "APASS", "APASS", "APASS", "APASS", "APASS", "APASS", "APASS", "APASS", "APASS", "APASS", "APASS"], "filter": ["V", "V", "V", "r", "r", "r", "r", "r", "i", "i", "i", "i", "i", "i"], "id": [208054, 208057, 208060, 208055, 208058, 208061, 208684, 208687, 208056, 208059, 208062, 208685, 208686, 208688]}