{"mjd": [58725.213473, 58740.162497, 58725.231582, 58740.187217, 58725.234625, 58740.191765], "magerr": [0.08898360282182693, -1.0, 0.059675801545381546, -1.0, 0.06001820042729378, -1.0], "alert_name": null, "observatory": ["Liam Hardy pt5m", "Liam Hardy pt5m", "Liam Hardy pt5m", "Liam Hardy pt5m", "Liam Hardy pt5m", "Liam Hardy pt5m"], "caliberr": [0.1003120020031929, 0.44349199533462524, 0.06257110089063644, 0.03700710088014603, 0.05377579852938652, 0.044656600803136826], "mag": [18.21619987487793, 17.96660041809082, 17.940000534057617, 19.498300552368164, 17.6033992767334, 19.733400344848633], "catalog": ["APASS", "APASS", "APASS", "APASS", "APASS", "APASS"], "filter": ["B", "B", "V", "V", "r", "r"], "id": [163525, 164402, 163526, 164403, 163527, 164404]}