{"mjd": [58271.088386, 58276.120062, 58271.092939, 58276.124616, 58271.097482, 58276.129169], "magerr": [-1.0, -1.0, -1.0, -1.0, -1.0, -1.0], "alert_name": null, "observatory": ["Liam Hardy pt5m", "Liam Hardy pt5m", "Liam Hardy pt5m", "Liam Hardy pt5m", "Liam Hardy pt5m", "Liam Hardy pt5m"], "caliberr": [0.08055020123720169, 0.05582699924707413, 0.0914682000875473, 0.06980309635400772, 0.06651809811592102, 0.03189560025930405], "mag": [19.343399047851562, 19.3257999420166, 19.089099884033203, 19.8976993560791, 19.221799850463867, 20.042999267578125], "catalog": ["APASS", "APASS", "APASS", "APASS", "APASS", "APASS"], "filter": ["B", "B", "V", "V", "r", "r"], "id": [106043, 106369, 106044, 106370, 106045, 106371]}