{"mjd": [58140.143304, 58143.175053, 58140.134166, 58143.165855, 58140.138727, 58143.170494], "magerr": [0.04975799471139908, 0.06018570065498352, 0.12026485800743103, 0.0634484589099884, 0.06297620385885239, 0.08212852478027344], "alert_name": null, "observatory": ["Liam Hardy pt5m", "Liam Hardy pt5m", "Liam Hardy pt5m", "Liam Hardy pt5m", "Liam Hardy pt5m", "Liam Hardy pt5m"], "caliberr": [0.08752288669347763, 0.10971856862306595, 0.044724222272634506, 0.010000011883676052, 0.025918569415807724, 0.018687576055526733], "mag": [17.572072982788086, 17.75453758239746, 18.517093658447266, 18.051403045654297, 17.81165313720703, 17.9073429107666], "catalog": ["SDSS", "SDSS", "APASS", "APASS", "APASS", "APASS"], "filter": ["R", "R", "B", "B", "V", "V"], "id": [98685, 98930, 98683, 98928, 98684, 98929]}