{"mjd": [59321.187192, 59327.212022, 59321.191889, 59327.21716, 59321.197205], "magerr": [-1.0, -1.0, -1.0, -1.0, -1.0], "alert_name": null, "observatory": ["Liam Hardy pt5m", "Liam Hardy pt5m", "Liam Hardy pt5m", "Liam Hardy pt5m", "Liam Hardy pt5m"], "caliberr": [0.11316252499818802, 0.44050395488739014, 0.05370931327342987, 0.056083690375089645, 0.05245771259069443], "mag": [19.07025718688965, 17.9383544921875, 18.780332565307617, 17.557193756103516, 19.424718856811523], "catalog": ["APASS", "APASS", "APASS", "APASS", "APASS"], "filter": ["B", "B", "V", "V", "r"], "id": [217735, 217989, 217736, 217990, 217737]}