{"mjd": [58648.181613, 58658.198065, 58662.059633, 58648.173263, 58658.188946, 58662.050521, 58648.17706, 58658.193512, 58662.055079], "magerr": [0.005729360040277243, 0.00603980990126729, 0.005454829894006252, 0.022370100021362305, 0.024794600903987885, 0.023498499765992165, 0.009223240427672863, 0.010832100175321102, 0.009218749590218067], "alert_name": null, "observatory": ["Liam Hardy pt5m", "Liam Hardy pt5m", "Liam Hardy pt5m", "Liam Hardy pt5m", "Liam Hardy pt5m", "Liam Hardy pt5m", "Liam Hardy pt5m", "Liam Hardy pt5m", "Liam Hardy pt5m"], "caliberr": [0.16012200713157654, 0.21348600089550018, 0.19023999571800232, 0.034925300627946854, 0.09335900098085403, 0.08180160075426102, 0.09306350350379944, 0.10410799831151962, 0.10247600078582764], "mag": [15.09589958190918, 15.112000465393066, 15.097800254821777, 16.77790069580078, 16.8572998046875, 16.824399948120117, 15.612199783325195, 15.608599662780762, 15.61139965057373], "catalog": ["SDSS", "SDSS", "SDSS", "APASS", "APASS", "APASS", "APASS", "APASS", "APASS"], "filter": ["R", "R", "R", "B", "B", "B", "V", "V", "V"], "id": [155425, 156502, 156989, 155423, 156500, 156987, 155424, 156501, 156988]}