{"mjd": [58725.190798, 58725.195362, 58725.199925], "magerr": [-1.0, 0.10859899967908859, 0.0924869030714035], "alert_name": null, "observatory": ["Liam Hardy pt5m", "Liam Hardy pt5m", "Liam Hardy pt5m"], "caliberr": [0.14662699401378632, 0.08282359689474106, 0.06979610025882721], "mag": [19.475099563598633, 18.797800064086914, 18.882999420166016], "catalog": ["APASS", "APASS", "APASS"], "filter": ["B", "V", "r"], "id": [163522, 163523, 163524]}