{"mjd": [58612.040618, 58633.968091, 58612.031489, 58633.958996, 58612.036071, 58633.963553, 58628.8161846721, 58627.8152468102, 58628.8270870862, 58627.818994849, 58627.8335678051, 58627.837271146, 58628.83449452, 58627.8409785582, 58628.8233931032], "magerr": [0.004209490027278662, 0.0045822998508811, 0.006302750203758478, 0.011849899776279926, 0.005411210004240274, 0.005542759783565998, 0.002400000113993883, 0.00559999980032444, 0.003800000064074993, 0.001500000013038516, 0.0017000000225380063, 0.0027000000700354576, 0.0017999999690800905, 0.007199999876320362, 0.0044999998062849045], "alert_name": null, "observatory": ["Liam Hardy pt5m", "Liam Hardy pt5m", "Liam Hardy pt5m", "Liam Hardy pt5m", "Liam Hardy pt5m", "Liam Hardy pt5m", "T60-Umut Burgaz", "T60-Umut Burgaz", "T60-Umut Burgaz", "T60-Umut Burgaz", "T60-Umut Burgaz", "T60-Umut Burgaz", "T60-Umut Burgaz", "T60-Umut Burgaz", "T60-Umut Burgaz"], "caliberr": [0.06311120092868805, 0.09307289868593216, 0.022691499441862106, 0.07198990136384964, 0.03983519971370697, 0.04226979985833168, 0.24437400698661804, 0.16390100121498108, 0.05223130062222481, 0.05544880032539368, 0.05782080069184303, 0.07745300233364105, 0.04529060050845146, 0.06976550072431564, 0.052455801516771317], "mag": [14.513099670410156, 14.643799781799316, 14.586099624633789, 15.521599769592285, 14.689200401306152, 14.727800369262695, 14.489500045776367, 14.750900268554688, 14.937700271606445, 14.502900123596191, 14.527899742126465, 14.702400207519531, 14.670900344848633, 15.476400375366211, 15.42590045928955], "catalog": ["SDSS", "SDSS", "APASS", "APASS", "APASS", "APASS", "SDSS", "APASS", "APASS", "APASS", "APASS", "APASS", "APASS", "APASS", "APASS"], "filter": ["R", "R", "B", "B", "V", "V", "V", "B", "B", "V", "V", "r", "r", "i", "i"], "id": [151996, 153624, 151994, 153622, 151995, 153623, 153410, 153385, 153402, 153398, 153399, 153396, 153406, 153395, 153403]}