{"mjd": [58416.6429835, 58417.7374841, 58418.6465206, 58416.6437886, 58417.7382848, 58418.6473169], "magerr": [0.004857419990003109, 0.005482340231537819, 0.004578100051730871, 0.006081149913370609, 0.005913869943469763, 0.006191589869558811], "alert_name": null, "observatory": ["LCOGT2m, F.Lewis", "LCOGT2m, F.Lewis", "LCOGT2m, F.Lewis", "LCOGT2m, F.Lewis", "LCOGT2m, F.Lewis", "LCOGT2m, F.Lewis"], "caliberr": [0.06470140069723129, 0.031120799481868744, 0.024003200232982635, 0.009999999776482582, 0.06711970269680023, 0.0788692981004715], "mag": [15.590499877929688, 15.638299942016602, 15.668700218200684, 15.9753999710083, 16.132999420166016, 16.17729949951172], "catalog": ["APASS", "APASS", "APASS", "APASS", "PS1", "PS1"], "filter": ["V", "V", "V", "i", "i", "i"], "id": [123996, 123998, 124006, 123997, 123999, 124007]}