{"mjd": [58897.12484, 59147.718391, 58897.13898, 59147.724792, 58924.094187], "magerr": [-1.0, 0.04540000110864639, -1.0, 0.01769999973475933, 0.03180000185966492], "alert_name": null, "observatory": ["Moletai0.35-Erika Pa", "Moletai0.35-Erika Pa", "Moletai0.35-Erika Pa", "Moletai0.35-Erika Pa", "Moletai0.35 Kotryna "], "caliberr": [0.25788289308547974, 0.1314144879579544, 0.2472972720861435, 0.19910794496536255, 0.2544357180595398], "mag": [17.923208236694336, 15.83598518371582, 17.612714767456055, 14.301692962646484, 14.254775047302246], "catalog": ["APASS", "APASS", "APASS", "APASS", "APASS"], "filter": ["B", "r", "i", "i", "i"], "id": [181020, 204435, 181029, 204434, 187338]}