{"mjd": [59269.238463, 59269.243007, 59269.247554], "magerr": [-1.0, -1.0, -1.0], "alert_name": null, "observatory": ["Liam Hardy pt5m", "Liam Hardy pt5m", "Liam Hardy pt5m"], "caliberr": [0.09904518723487854, 0.07013411074876785, 0.03744284808635712], "mag": [18.265647888183594, 19.2874813079834, 19.378984451293945], "catalog": ["APASS", "APASS", "APASS"], "filter": ["B", "V", "r"], "id": [213229, 213230, 213231]}