{"mjd": [58117.016457, 58131.090191, 58142.020619, 58117.021014, 58131.094751, 58142.025188, 58117.026333, 58131.099315, 58142.029758], "magerr": [-1.0, -1.0, -1.0, -1.0, -1.0, -1.0, -1.0, -1.0, -1.0], "alert_name": null, "observatory": ["Liam Hardy pt5m", "Liam Hardy pt5m", "Liam Hardy pt5m", "Liam Hardy pt5m", "Liam Hardy pt5m", "Liam Hardy pt5m", "Liam Hardy pt5m", "Liam Hardy pt5m", "Liam Hardy pt5m"], "caliberr": [0.14921949803829193, 0.06278371065855026, 0.17412985861301422, 0.04038132354617119, 0.047717027366161346, 0.03548618406057358, 0.06262674927711487, 0.04987518489360809, 0.0548686608672142], "mag": [18.435129165649414, 19.3682918548584, 19.34089469909668, 18.334043502807617, 19.968385696411133, 19.582035064697266, 20.258344650268555, 20.347110748291016, 20.12916374206543], "catalog": ["APASS", "APASS", "APASS", "APASS", "APASS", "APASS", "APASS", "APASS", "APASS"], "filter": ["B", "B", "B", "V", "V", "V", "r", "r", "r"], "id": [97353, 98080, 98829, 97354, 98081, 98830, 97355, 98082, 98831]}