{"mjd": [58656.152952, 58667.128412, 58656.144607, 58667.119314, 58656.149163, 58667.123864], "magerr": [0.0301061999052763, 0.019370900467038155, 0.08250319957733154, 0.06909999996423721, 0.05165090039372444, 0.035410601645708084], "alert_name": null, "observatory": ["Liam Hardy pt5m", "Liam Hardy pt5m", "Liam Hardy pt5m", "Liam Hardy pt5m", "Liam Hardy pt5m", "Liam Hardy pt5m"], "caliberr": [0.09430869668722153, 0.13738800585269928, 0.04447770118713379, 0.07131720334291458, 0.06485900282859802, 0.05342309921979904], "mag": [17.181699752807617, 17.047100067138672, 17.864299774169922, 17.97100067138672, 17.62220001220703, 17.480899810791016], "catalog": ["SDSS", "SDSS", "APASS", "APASS", "APASS", "APASS"], "filter": ["R", "R", "B", "B", "V", "V"], "id": [156164, 157327, 156162, 157325, 156163, 157326]}