{"mjd": [58771.188068, 58773.178494, 58771.210644, 58773.199174, 58771.215953, 58773.20448], "magerr": [-1.0, -1.0, 0.11520043760538101, 0.10365128517150879, 0.07749555259943008, 0.06193433329463005], "alert_name": null, "observatory": ["Liam Hardy pt5m", "Liam Hardy pt5m", "Liam Hardy pt5m", "Liam Hardy pt5m", "Liam Hardy pt5m", "Liam Hardy pt5m"], "caliberr": [0.010000000707805157, 0.13258500397205353, 0.09992159903049469, 0.036379195749759674, 0.010000002570450306, 0.027066119015216827], "mag": [18.237468719482422, 18.89435386657715, 18.110198974609375, 18.297611236572266, 17.986955642700195, 17.94758415222168], "catalog": ["APASS", "APASS", "APASS", "APASS", "APASS", "APASS"], "filter": ["B", "B", "V", "V", "r", "r"], "id": [168078, 168297, 168079, 168298, 168080, 168299]}