{"mjd": [58691.951116, 58700.962542, 58708.930268, 58691.955674, 58700.967104, 58708.943227, 58691.960231, 58700.972423, 58708.947782], "magerr": [0.04503399878740311, 0.10020600259304047, -1.0, 0.03023030050098896, 0.06565870344638824, 0.08972690254449844, 0.031080899760127068, 0.0484962984919548, 0.06440500169992447], "alert_name": null, "observatory": ["Liam Hardy pt5m", "Liam Hardy pt5m", "Liam Hardy pt5m", "Liam Hardy pt5m", "Liam Hardy pt5m", "Liam Hardy pt5m", "Liam Hardy pt5m", "Liam Hardy pt5m", "Liam Hardy pt5m"], "caliberr": [0.13535599410533905, 0.1327960044145584, 0.16201099753379822, 0.11208099871873856, 0.1018190011382103, 0.12682899832725525, 0.10350599884986877, 0.08875449746847153, 0.10639899969100952], "mag": [17.959800720214844, 18.681299209594727, 19.496599197387695, 17.476900100708008, 17.880800247192383, 18.144399642944336, 17.66360092163086, 18.02079963684082, 17.97949981689453], "catalog": ["APASS", "APASS", "APASS", "APASS", "APASS", "APASS", "APASS", "APASS", "APASS"], "filter": ["B", "B", "B", "V", "V", "V", "r", "r", "r"], "id": [160308, 161568, 162318, 160309, 161569, 162319, 160310, 161570, 162320]}