{"mjd": [58604.00746, 58603.998358, 58608.981599, 58604.002912, 58608.985403, 58608.989952], "magerr": [-1.0, -1.0, -1.0, -1.0, -1.0, -1.0], "alert_name": null, "observatory": ["Liam Hardy pt5m", "Liam Hardy pt5m", "Liam Hardy pt5m", "Liam Hardy pt5m", "Liam Hardy pt5m", "Liam Hardy pt5m"], "caliberr": [0.11638440191745758, 0.023312080651521683, 0.010000002570450306, 0.023542160168290138, 0.02152072638273239, 0.05412057787179947], "mag": [19.540996551513672, 19.666858673095703, 19.36124610900879, 19.630521774291992, 19.548921585083008, 20.149574279785156], "catalog": ["SDSS", "APASS", "APASS", "APASS", "APASS", "APASS"], "filter": ["R", "B", "B", "V", "V", "r"], "id": [151422, 151420, 151703, 151421, 151704, 151705]}