{"mjd": [57752.70389, 57752.70556, 57752.70723, 57752.70896, 57752.71064, 57752.71232, 57752.69823, 57752.70007, 57752.70176, 57752.69574, 57752.71456], "magerr": [-1.0, -1.0, -1.0, -1.0, -1.0, -1.0, -1.0, -1.0, -1.0, -1.0, -1.0], "alert_name": null, "observatory": ["Bialkow, P.Mikolajcz", "Bialkow, P.Mikolajcz", "Bialkow, P.Mikolajcz", "Bialkow, P.Mikolajcz", "Bialkow, P.Mikolajcz", "Bialkow, P.Mikolajcz", "Bialkow, P.Mikolajcz", "Bialkow, P.Mikolajcz", "Bialkow, P.Mikolajcz", "Bialkow, P.Mikolajcz", "Bialkow, P.Mikolajcz"], "caliberr": [0.07066036015748978, 0.06508106738328934, 0.07131636142730713, 0.05415407940745354, 0.052803706377744675, 0.05564521625638008, 0.11661949753761292, 0.06677497923374176, 0.0699649453163147, 0.14935243129730225, 0.15119673311710358], "mag": [21.140653610229492, 21.12833023071289, 21.112775802612305, 20.97829246520996, 20.93735122680664, 21.009326934814453, 21.08233070373535, 21.032318115234375, 21.03670883178711, 20.411720275878906, 20.509244918823242], "catalog": ["APASS", "APASS", "APASS", "APASS", "APASS", "APASS", "APASS", "APASS", "APASS", "APASS", "APASS"], "filter": ["B", "B", "B", "V", "V", "V", "r", "r", "r", "i", "i"], "id": [106082, 106083, 106084, 106085, 106086, 106087, 106079, 106080, 106081, 106078, 106088]}