{"mjd": [58424.260812, 58404.188087, 58424.253218, 58404.20199, 58424.257776], "magerr": [0.07472959905862808, -1.0, -1.0, 0.0747671127319336, 0.0844174325466156], "alert_name": null, "observatory": ["Liam Hardy pt5m", "Liam Hardy pt5m", "Liam Hardy pt5m", "Liam Hardy pt5m", "Liam Hardy pt5m"], "caliberr": [0.1549450010061264, 0.038066476583480835, 0.026596225798130035, 0.05903899297118187, 0.04342498630285263], "mag": [17.21310806274414, 20.57257080078125, 19.067691802978516, 17.385007858276367, 17.671260833740234], "catalog": ["SDSS", "APASS", "APASS", "APASS", "APASS"], "filter": ["R", "B", "B", "V", "V"], "id": [125146, 122388, 125144, 122389, 125145]}