{"mjd": [59347.029214, 59363.099387, 59363.102613, 59363.105163], "magerr": [0.11242330819368362, 0.07663008570671082, -1.0, -1.0], "alert_name": null, "observatory": ["Liam Hardy pt5m", "PIRATE, OU students", "PIRATE, OU students", "PIRATE, OU students"], "caliberr": [0.019214816391468048, 0.05402905121445656, 0.05622434616088867, 0.0481378436088562], "mag": [17.646041870117188, 17.86884307861328, 19.906757354736328, 17.66586685180664], "catalog": ["APASS", "APASS", "APASS", "APASS"], "filter": ["V", "B", "V", "r"], "id": [220910, 222748, 222738, 222737]}