{"mjd": [58399.73230515, 58400.72216941, 58401.72073317, 58629.05685603, 58636.0516498, 58637.03302601, 58638.03571721, 58639.02517538, 58642.01653966, 58643.01732948, 58646.02331958, 58649.0149178, 58649.02811304, 58651.00822305, 58654.00018026, 58657.98248303, 58658.98622637, 58660.02843833, 58660.97820121, 58662.98220714, 58679.92119906, 58680.9165468, 58681.92406122, 58688.91274366, 58689.89820333, 58699.87748044, 58703.85436129, 58711.84353918, 58717.82652741, 58718.82360645, 58725.7975219, 58736.77611332, 58741.7680012, 58744.76798543, 58745.76159291, 58746.76000782, 58770.72161242, 58771.71406816, 59001.04081121, 59002.03815724, 59013.01468578, 59022.98158718, 59023.9846895, 59039.93799947, 59044.93048716], "magerr": [-1.0, -1.0, -1.0, -1.0, -1.0, -1.0, -1.0, -1.0, -1.0, -1.0, -1.0, -1.0, -1.0, -1.0, -1.0, -1.0, -1.0, -1.0, -1.0, -1.0, -1.0, -1.0, -1.0, -1.0, -1.0, -1.0, -1.0, -1.0, -1.0, -1.0, -1.0, -1.0, -1.0, -1.0, -1.0, -1.0, -1.0, -1.0, -1.0, -1.0, -1.0, -1.0, -1.0, -1.0, -1.0], "alert_name": null, "observatory": ["OndrejovD50, Martin ", "OndrejovD50, Martin ", "OndrejovD50, Martin ", "OndrejovD50, Martin ", "OndrejovD50, Martin ", "OndrejovD50, Martin ", "OndrejovD50, Martin ", "OndrejovD50, Martin ", "OndrejovD50, Martin ", "OndrejovD50, Martin ", "OndrejovD50, Martin ", "OndrejovD50, Martin ", "OndrejovD50, Martin ", "OndrejovD50, Martin ", "OndrejovD50, Martin ", "OndrejovD50, Martin ", "OndrejovD50, Martin ", "OndrejovD50, Martin ", "OndrejovD50, Martin ", "OndrejovD50, Martin ", "OndrejovD50, Martin ", "OndrejovD50, Martin ", "OndrejovD50, Martin ", "OndrejovD50, Martin ", "OndrejovD50, Martin ", "OndrejovD50, Martin ", "OndrejovD50, Martin ", "OndrejovD50, Martin ", "OndrejovD50, Martin ", "OndrejovD50, Martin ", "OndrejovD50, Martin ", "OndrejovD50, Martin ", "OndrejovD50, Martin ", "OndrejovD50, Martin ", "OndrejovD50, Martin ", "OndrejovD50, Martin ", "OndrejovD50, Martin ", "OndrejovD50, Martin ", "OndrejovD50, Martin ", "OndrejovD50, Martin ", "OndrejovD50, Martin ", "OndrejovD50, Martin ", "OndrejovD50, Martin ", "OndrejovD50, Martin ", "OndrejovD50, Martin "], "caliberr": [0.14539499580860138, 0.14093999564647675, 0.14941200613975525, 0.14970800280570984, 0.1588120013475418, 0.14106200635433197, 0.15706199407577515, 0.15858200192451477, 0.16996200382709503, 0.15620200335979462, 0.15688300132751465, 0.16913799941539764, 0.2106110006570816, 0.14806999266147614, 0.14596900343894958, 0.138372004032135, 0.14387300610542297, 0.1572979986667633, 0.15336500108242035, 0.1526380032300949, 0.1391189992427826, 0.15621599555015564, 0.14792700111865997, 0.14507099986076355, 0.15973399579524994, 0.1666570007801056, 0.16558299958705902, 0.15000499784946442, 0.1692270040512085, 0.16859599947929382, 0.15139399468898773, 0.15083500742912292, 0.1478389948606491, 0.4059379994869232, 0.1743060052394867, 0.15349599719047546, 0.14544899761676788, 0.1682550013065338, 0.14433400332927704, 0.1539749950170517, 0.1492449939250946, 0.1400109976530075, 0.1442209929227829, 0.1506579965353012, 0.15171299874782562], "mag": [20.218299865722656, 19.236000061035156, 19.73710060119629, 19.814699172973633, 19.0447998046875, 20.61720085144043, 20.43269920349121, 20.52910041809082, 20.60379981994629, 20.57710075378418, 20.41510009765625, 18.760900497436523, 17.32710075378418, 18.888700485229492, 20.201799392700195, 20.667999267578125, 20.688499450683594, 20.393600463867188, 20.452699661254883, 20.65570068359375, 19.17060089111328, 20.277000427246094, 18.069000244140625, 20.30150032043457, 20.65169906616211, 20.459999084472656, 19.991100311279297, 19.781700134277344, 20.50790023803711, 20.342199325561523, 20.533199310302734, 19.73189926147461, 20.37220001220703, 16.350400924682617, 17.631099700927734, 20.45009994506836, 19.878799438476562, 20.24049949645996, 22.627899169921875, 20.496400833129883, 20.5575008392334, 20.502599716186523, 20.658199310302734, 20.842500686645508, 20.127199172973633], "catalog": ["APASS", "APASS", "APASS", "APASS", "APASS", "APASS", "APASS", "APASS", "APASS", "APASS", "APASS", "APASS", "APASS", "APASS", "APASS", "APASS", "APASS", "APASS", "APASS", "APASS", "APASS", "APASS", "APASS", "APASS", "APASS", "APASS", "APASS", "APASS", "APASS", "APASS", "APASS", "APASS", "APASS", "APASS", "APASS", "APASS", "APASS", "APASS", "APASS", "APASS", "APASS", "APASS", "APASS", "APASS", "APASS"], "filter": ["r", "r", "r", "r", "r", "r", "r", "r", "r", "r", "r", "r", "r", "r", "r", "r", "r", "r", "r", "r", "r", "r", "r", "r", "r", "r", "r", "r", "r", "r", "r", "r", "r", "r", "r", "r", "r", "r", "r", "r", "r", "r", "r", "r", "r"], "id": [122135, 122148, 122229, 153347, 154018, 154150, 154210, 154307, 154796, 154876, 155215, 155471, 155472, 155691, 156044, 156564, 156715, 156768, 156935, 157039, 159031, 159414, 159543, 160059, 160240, 161536, 161950, 162484, 162922, 163022, 163630, 164291, 164529, 164855, 165021, 165163, 168081, 168132, 192839, 192861, 193213, 193500, 193523, 193755, 193845]}