{"mjd": [58725.963828, 58725.968399, 58725.972984], "magerr": [0.0006678869831375778, 0.0005459879757836461, 0.0004690260102506727], "alert_name": null, "observatory": ["Liam Hardy pt5m", "Liam Hardy pt5m", "Liam Hardy pt5m"], "caliberr": [0.44581300020217896, 0.05562949925661087, 0.10810299962759018], "mag": [9.67251968383789, 9.788290023803711, 9.82306957244873], "catalog": ["APASS", "APASS", "APASS"], "filter": ["B", "V", "r"], "id": [163591, 163592, 163593]}