{"mjd": [58881.241253, 58881.232143, 58881.23671], "magerr": [0.018414799124002457, 0.050988998264074326, 0.028450099751353264], "alert_name": null, "observatory": ["Liam Hardy pt5m", "Liam Hardy pt5m", "Liam Hardy pt5m"], "caliberr": [0.1159449964761734, 0.009999999776482582, 0.04192899912595749], "mag": [17.035600662231445, 17.421100616455078, 17.177799224853516], "catalog": ["SDSS", "APASS", "APASS"], "filter": ["R", "B", "V"], "id": [176829, 176827, 176828]}