{"mjd": [58727.128699, 58727.21667, 58727.220466], "magerr": [0.010572100058197975, 0.004480550065636635, 0.002921140054240823], "alert_name": null, "observatory": ["Liam Hardy pt5m", "Liam Hardy pt5m", "Liam Hardy pt5m"], "caliberr": [0.1296669989824295, 0.08049940317869186, 0.06261599808931351], "mag": [15.15369987487793, 14.174699783325195, 13.793399810791016], "catalog": ["APASS", "APASS", "APASS"], "filter": ["B", "V", "r"], "id": [163737, 163738, 163739]}