{"mjd": [58711.125614, 58717.175284, 58725.052759, 58711.102885, 58717.166076, 58725.04365, 58711.121065, 58717.170659, 58725.048209], "magerr": [0.040975261479616165, 0.05450441315770149, 0.0763886347413063, -1.0, -1.0, -1.0, 0.05230388417840004, 0.07520927488803864, 0.1443713903427124], "alert_name": null, "observatory": ["Liam Hardy pt5m", "Liam Hardy pt5m", "Liam Hardy pt5m", "Liam Hardy pt5m", "Liam Hardy pt5m", "Liam Hardy pt5m", "Liam Hardy pt5m", "Liam Hardy pt5m", "Liam Hardy pt5m"], "caliberr": [0.34104686975479126, 0.27935153245925903, 0.1625024676322937, 0.1346626579761505, 0.072025828063488, 0.12872689962387085, 0.07753244042396545, 0.08743929117918015, 0.07132052630186081], "mag": [15.684765815734863, 17.278181076049805, 18.611572265625, 18.3408145904541, 19.76044273376465, 18.798154830932617, 16.3367977142334, 17.75876808166504, 18.98674201965332], "catalog": ["SDSS", "SDSS", "SDSS", "APASS", "APASS", "APASS", "APASS", "APASS", "APASS"], "filter": ["R", "R", "R", "B", "B", "B", "V", "V", "V"], "id": [162471, 162874, 163496, 162469, 162872, 163494, 162470, 162873, 163495]}