{"mjd": [58981.970999, 58981.964755, 58985.366811, 58981.967999, 58985.370057, 58985.372586], "magerr": [0.055125001817941666, 0.015122000128030777, 0.22134199738502502, 0.03841099888086319, 0.1527079939842224, 0.15432600677013397], "alert_name": null, "observatory": ["PIRATE, OU students", "PIRATE, OU students", "PIRATE, OU students", "PIRATE, OU students", "PIRATE, OU students", "PIRATE, OU students"], "caliberr": [0.009999999776482582, 0.09230925142765045, 0.05276844650506973, 0.03405747562646866, 0.07011804729700089, 0.08745893090963364], "mag": [17.215383529663086, 17.19986343383789, 18.268489837646484, 17.764808654785156, 18.49398422241211, 18.01108169555664], "catalog": ["USNO", "APASS", "APASS", "APASS", "APASS", "APASS"], "filter": ["R1pg", "B", "B", "V", "g", "r"], "id": [191958, 191956, 192030, 191957, 192031, 192032]}