{"mjd": [59460.199888, 59469.172006, 59476.17648, 59460.21786, 59469.176559, 59476.181031], "magerr": [-1.0, -1.0, -1.0, -1.0, -1.0, -1.0], "alert_name": null, "observatory": ["Liam Hardy pt5m", "Liam Hardy pt5m", "Liam Hardy pt5m", "Liam Hardy pt5m", "Liam Hardy pt5m", "Liam Hardy pt5m"], "caliberr": [0.1273801028728485, 0.2732348144054413, 0.07896369695663452, 0.06751951575279236, 0.06936477869749069, 0.06945084035396576], "mag": [18.718711853027344, 18.67778968811035, 19.180519104003906, 19.109813690185547, 18.592702865600586, 18.772640228271484], "catalog": ["APASS", "APASS", "APASS", "APASS", "APASS", "APASS"], "filter": ["B", "B", "B", "V", "V", "V"], "id": [232433, 233821, 234118, 232434, 233822, 234119]}