{"mjd": [58725.147602, 58725.152157, 58725.156708], "magerr": [-1.0, 0.09100639820098877, 0.05839790031313896], "alert_name": null, "observatory": ["Liam Hardy pt5m", "Liam Hardy pt5m", "Liam Hardy pt5m"], "caliberr": [0.13071900606155396, 0.07824210077524185, 0.009999999776482582], "mag": [19.66349983215332, 18.49220085144043, 18.26409912109375], "catalog": ["APASS", "APASS", "APASS"], "filter": ["B", "V", "r"], "id": [163512, 163513, 163514]}