{"mjd": [58503.208616, 58510.239404, 58515.146055], "magerr": [0.08204831928014755, 0.14968107640743256, 0.08851269632577896], "alert_name": null, "observatory": ["Liam Hardy pt5m", "Liam Hardy pt5m", "Liam Hardy pt5m"], "caliberr": [0.13100147247314453, 0.10493060946464539, 0.13211029767990112], "mag": [17.763051986694336, 18.35721206665039, 18.258298873901367], "catalog": ["SDSS", "SDSS", "SDSS"], "filter": ["R", "R", "R"], "id": [130070, 130192, 130488]}