{"mjd": [57443.78692, 57443.794068, 57443.801211], "magerr": [0.04019999876618385, 0.045499999076128006, 0.0406000018119812], "alert_name": null, "observatory": ["OmicronC2PU JPRivet", "OmicronC2PU JPRivet", "OmicronC2PU JPRivet"], "caliberr": [0.2498619556427002, 0.19794203341007233, 0.25618088245391846], "mag": [19.104856491088867, 19.20469093322754, 19.151744842529297], "catalog": ["APASS", "APASS", "APASS"], "filter": ["r", "r", "r"], "id": [26830, 26831, 26832]}