{"mjd": [56949.913472222164], "magerr": [0.11569999903440475], "alert_name": null, "observatory": ["Montarrenti Observat"], "caliberr": [0.08753877133131027], "mag": [18.322084426879883], "catalog": ["APASS"], "filter": ["r"], "id": [9102]}