{"mjd": [58111.271957, 58111.262831, 58096.277206, 58111.267387, 58120.214137], "magerr": [0.05992930009961128, -1.0, -1.0, 0.09979719668626785, -1.0], "alert_name": null, "observatory": ["Liam Hardy pt5m", "Liam Hardy pt5m", "Liam Hardy pt5m", "Liam Hardy pt5m", "Liam Hardy pt5m"], "caliberr": [0.18113799393177032, 0.009999999776482582, 0.048842400312423706, 0.03089899942278862, 0.04306820034980774], "mag": [18.186100006103516, 19.806400299072266, 18.437400817871094, 18.562000274658203, 18.4783992767334], "catalog": ["SDSS", "APASS", "APASS", "APASS", "APASS"], "filter": ["R", "B", "V", "V", "V"], "id": [96526, 96524, 91154, 96525, 97531]}