{"mjd": [58045.122312, 58045.117756], "magerr": [0.031728100031614304, 0.08753020316362381], "alert_name": null, "observatory": ["Liam Hardy pt5m", "Liam Hardy pt5m"], "caliberr": [0.15963399410247803, 0.009999999776482582], "mag": [16.915000915527344, 18.091299057006836], "catalog": ["SDSS", "APASS"], "filter": ["R", "r"], "id": [85742, 85741]}