{"mjd": [59190.137456, 59190.129864, 59190.134421, 59194.156442], "magerr": [-1.0, -1.0, -1.0, -1.0], "alert_name": null, "observatory": ["Liam Hardy pt5m", "Liam Hardy pt5m", "Liam Hardy pt5m", "Liam Hardy pt5m"], "caliberr": [0.24237579107284546, 0.06509854644536972, 0.07645730674266815, 0.14693650603294373], "mag": [18.888734817504883, 18.738176345825195, 18.959604263305664, 16.202436447143555], "catalog": ["SDSS", "APASS", "APASS", "APASS"], "filter": ["R", "B", "V", "r"], "id": [207745, 207743, 207744, 208176]}