{"mjd": [58144.169614, 58144.174225], "magerr": [0.11724500358104706, 0.08774569630622864], "alert_name": null, "observatory": ["Liam Hardy pt5m", "Liam Hardy pt5m"], "caliberr": [0.009999999776482582, 0.059036001563072205], "mag": [18.290800094604492, 17.797399520874023], "catalog": ["APASS", "APASS"], "filter": ["B", "V"], "id": [99041, 99042]}