{"mjd": [57811.10801, 57811.115111, 57832.054643, 57832.061744, 57809.0115, 57809.018598, 57809.025696], "magerr": [-1.0, -1.0, -1.0, -1.0, -1.0, -1.0, -1.0], "alert_name": null, "observatory": ["OmicronC2PU JPRivet", "OmicronC2PU JPRivet", "OmicronC2PU JPRivet", "OmicronC2PU JPRivet", "OmicronC2PU JPRivet", "OmicronC2PU JPRivet", "OmicronC2PU JPRivet"], "caliberr": [0.1611434370279312, 0.18881238996982574, 0.14584112167358398, 0.15616056323051453, 0.10843618959188461, 0.11773686110973358, 0.10986126959323883], "mag": [23.990482330322266, 23.149654388427734, 25.307968139648438, 24.280691146850586, 23.68810272216797, 22.871885299682617, 23.40357780456543], "catalog": ["SDSS", "SDSS", "SDSS", "SDSS", "APASS", "APASS", "APASS"], "filter": ["r", "r", "r", "r", "r", "r", "r"], "id": [68146, 68147, 68163, 68164, 68102, 68103, 68104]}