{"mjd": [58527.275619], "magerr": [-1.0], "alert_name": null, "observatory": ["Liam Hardy pt5m"], "caliberr": [0.1554349958896637], "mag": [19.740400314331055], "catalog": ["PS1"], "filter": ["r"], "id": [131027]}