{"mjd": [58804.219585, 58808.212008, 58804.21124, 58808.202831, 58804.215802, 58808.207461], "magerr": [0.131631001830101, 0.06051170080900192, -1.0, 0.13322000205516815, 0.140174001455307, 0.07725410163402557], "alert_name": null, "observatory": ["Liam Hardy pt5m", "Liam Hardy pt5m", "Liam Hardy pt5m", "Liam Hardy pt5m", "Liam Hardy pt5m", "Liam Hardy pt5m"], "caliberr": [0.3982200026512146, 0.21125300228595734, 0.058124199509620667, 0.009999999776482582, 0.03216350078582764, 0.036057401448488235], "mag": [18.398700714111328, 18.26810073852539, 19.037099838256836, 18.80929946899414, 18.4778995513916, 18.420000076293945], "catalog": ["SDSS", "SDSS", "APASS", "APASS", "APASS", "APASS"], "filter": ["R", "R", "B", "B", "V", "V"], "id": [171694, 172043, 171692, 172041, 171693, 172042]}