{"mjd": [58403.127968, 58403.118858, 58391.096038, 58403.123414, 58391.100583], "magerr": [0.026767700910568237, -1.0, -1.0, 0.09035070240497589, 0.07941260188817978], "alert_name": null, "observatory": ["Liam Hardy pt5m", "Liam Hardy pt5m", "Liam Hardy pt5m", "Liam Hardy pt5m", "Liam Hardy pt5m"], "caliberr": [0.14979499578475952, 0.009999999776482582, 0.009999999776482582, 0.028842899948358536, 0.1365469992160797], "mag": [16.916799545288086, 19.23819923400879, 17.329299926757812, 18.2947998046875, 15.152000427246094], "catalog": ["SDSS", "APASS", "APASS", "APASS", "APASS"], "filter": ["R", "B", "V", "V", "r"], "id": [122288, 122286, 121606, 122287, 121607]}