{"mjd": [58637.973838, 58642.914704, 58648.958581, 58637.9655, 58648.701126, 58637.969286, 58648.954033], "magerr": [0.05919170007109642, 0.05754389986395836, 0.061966199427843094, 0.11550000309944153, -1.0, 0.08259720355272293, 0.10799200087785721], "alert_name": null, "observatory": ["Liam Hardy pt5m", "Liam Hardy pt5m", "Liam Hardy pt5m", "Liam Hardy pt5m", "Liam Hardy pt5m", "Liam Hardy pt5m", "Liam Hardy pt5m"], "caliberr": [0.2157689929008484, 0.1492529958486557, 0.0531993992626667, 0.07413999736309052, 0.03921150043606758, 0.0809967964887619, 0.009999999776482582], "mag": [17.677499771118164, 17.56879997253418, 17.732200622558594, 18.493000030517578, 18.858699798583984, 18.217500686645508, 18.151399612426758], "catalog": ["SDSS", "SDSS", "SDSS", "APASS", "APASS", "APASS", "APASS"], "filter": ["R", "R", "R", "B", "B", "V", "V"], "id": [154169, 154804, 155433, 154167, 155431, 154168, 155432]}