{"mjd": [58426.257872, 58442.267319, 58426.252574], "magerr": [0.052042342722415924, -1.0, 0.09681367129087448], "alert_name": null, "observatory": ["Liam Hardy pt5m", "Liam Hardy pt5m", "Liam Hardy pt5m"], "caliberr": [0.0812547355890274, 0.010000009089708328, 0.010000046342611313], "mag": [17.379924774169922, 19.27543067932129, 17.628110885620117], "catalog": ["SDSS", "APASS", "APASS"], "filter": ["R", "B", "V"], "id": [125456, 126624, 125455]}