{"mjd": [57508.029985], "magerr": [0.027400000020861626], "alert_name": null, "observatory": ["K.Wiersema-Leicester"], "caliberr": [0.06388240307569504], "mag": [17.302200317382812], "catalog": ["APASS"], "filter": ["V"]}