{"mjd": [59102.152266, 59113.047218, 59102.156877, 59113.051768, 59102.161426, 59113.056318], "magerr": [-1.0, -1.0, 0.09273870289325714, 0.07975570112466812, 0.0641774982213974, 0.041446298360824585], "alert_name": null, "observatory": ["Liam Hardy pt5m", "Liam Hardy pt5m", "Liam Hardy pt5m", "Liam Hardy pt5m", "Liam Hardy pt5m", "Liam Hardy pt5m"], "caliberr": [0.05266619846224785, 0.0960903987288475, 0.10818500071763992, 0.09385029971599579, 0.11645600199699402, 0.07784249633550644], "mag": [17.45050048828125, 18.969200134277344, 17.677499771118164, 17.711700439453125, 17.3356990814209, 17.130800247192383], "catalog": ["APASS", "APASS", "APASS", "APASS", "APASS", "APASS"], "filter": ["B", "B", "V", "V", "r", "r"], "id": [198792, 199643, 198793, 199644, 198794, 199645]}