{"mjd": [59092.913963, 59096.904456, 59092.918516, 59096.909012, 59092.92307, 59096.913566], "magerr": [-1.0, -1.0, 0.09905318170785904, 0.06861596554517746, 0.0427895151078701, 0.06109708920121193], "alert_name": null, "observatory": ["Liam Hardy pt5m", "Liam Hardy pt5m", "Liam Hardy pt5m", "Liam Hardy pt5m", "Liam Hardy pt5m", "Liam Hardy pt5m"], "caliberr": [0.11000403016805649, 0.07742597162723541, 0.08095265179872513, 0.0778689756989479, 0.07376252859830856, 0.07763189822435379], "mag": [18.92198371887207, 18.807418823242188, 17.877588272094727, 18.187307357788086, 16.936847686767578, 17.82221221923828], "catalog": ["APASS", "APASS", "APASS", "APASS", "APASS", "APASS"], "filter": ["B", "B", "V", "V", "r", "r"], "id": [197886, 198206, 197887, 198207, 197888, 198208]}