{"mjd": [58692.170245, 58692.16098, 58692.16566], "magerr": [-1.0, -1.0, 0.0975055992603302], "alert_name": null, "observatory": ["Liam Hardy pt5m", "Liam Hardy pt5m", "Liam Hardy pt5m"], "caliberr": [0.17151600122451782, 0.009999999776482582, 0.030473100021481514], "mag": [20.161500930786133, 19.709699630737305, 18.31879997253418], "catalog": ["SDSS", "APASS", "APASS"], "filter": ["R", "B", "V"], "id": [160370, 160368, 160369]}