{"mjd": [58754.185276, 58754.176151, 58754.180717], "magerr": [-1.0, -1.0, -1.0], "alert_name": null, "observatory": ["Liam Hardy pt5m", "Liam Hardy pt5m", "Liam Hardy pt5m"], "caliberr": [0.26293498277664185, 0.10077716410160065, 0.11503224819898605], "mag": [19.859737396240234, 19.30657958984375, 19.240619659423828], "catalog": ["SDSS", "APASS", "APASS"], "filter": ["R", "B", "V"], "id": [165855, 165853, 165854]}