{"mjd": [58031.156772, 58031.147659, 58031.152213], "magerr": [-1.0, -1.0, -1.0], "alert_name": null, "observatory": ["Liam Hardy pt5m", "Liam Hardy pt5m", "Liam Hardy pt5m"], "caliberr": [0.16213299334049225, 0.11364299803972244, 0.07048189640045166], "mag": [18.975200653076172, 18.513399124145508, 18.721799850463867], "catalog": ["SDSS", "APASS", "APASS"], "filter": ["R", "B", "V"], "id": [85343, 85341, 85342]}