{"mjd": [57784.841516, 57785.772489, 57784.859683, 57785.776729, 57784.864378, 57785.7818], "magerr": [0.028599999845027924, 0.024900000542402267, 0.0284000001847744, 0.021400000900030136, 0.049400001764297485, 0.032099999487400055], "alert_name": null, "observatory": ["T100,Hasan Esenoglu", "T100,Hasan Esenoglu", "T100,Hasan Esenoglu", "T100,Hasan Esenoglu", "T100,Hasan Esenoglu", "T100,Hasan Esenoglu"], "caliberr": [0.1208060011267662, 0.11811699718236923, 0.22077099978923798, 0.44207099080085754, 0.17990800738334656, 0.29253700375556946], "mag": [18.906600952148438, 18.917200088500977, 18.322900772094727, 18.14389991760254, 18.27090072631836, 18.127099990844727], "catalog": ["APASS", "APASS", "APASS", "APASS", "APASS", "APASS"], "filter": ["g", "g", "r", "r", "i", "i"], "id": [65479, 65482, 65480, 65483, 65481, 65484]}