{"mjd": [59264.199423, 59264.204027, 59264.208736], "magerr": [-1.0, -1.0, -1.0], "alert_name": null, "observatory": ["Liam Hardy pt5m", "Liam Hardy pt5m", "Liam Hardy pt5m"], "caliberr": [0.062407150864601135, 0.09779877960681915, 0.017341280356049538], "mag": [19.181751251220703, 19.53722381591797, 19.94282341003418], "catalog": ["APASS", "APASS", "APASS"], "filter": ["B", "V", "r"], "id": [213094, 213095, 213096]}