{"mjd": [58605.085086, 58605.075971, 58613.96652, 58605.080539, 58613.971072], "magerr": [0.022656485438346863, 0.06355655193328857, 0.08867155015468597, 0.033919740468263626, 0.042386651039123535], "alert_name": null, "observatory": ["Liam Hardy pt5m", "Liam Hardy pt5m", "Liam Hardy pt5m", "Liam Hardy pt5m", "Liam Hardy pt5m"], "caliberr": [0.11593852937221527, 0.009999999776482582, 0.07952406257390976, 0.01000003982335329, 0.010000008158385754], "mag": [16.742528915405273, 17.855581283569336, 17.93433380126953, 17.05136489868164, 17.145009994506836], "catalog": ["SDSS", "APASS", "APASS", "APASS", "APASS"], "filter": ["R", "B", "B", "V", "V"], "id": [151471, 151469, 152275, 151470, 152276]}