{"mjd": [58648.181613, 58658.198065, 58648.173263, 58658.188946, 58648.17706, 58658.193512], "magerr": [0.005729360040277243, 0.00603980990126729, 0.022370100021362305, 0.024794600903987885, 0.009223240427672863, 0.010832100175321102], "alert_name": null, "observatory": ["Liam Hardy pt5m", "Liam Hardy pt5m", "Liam Hardy pt5m", "Liam Hardy pt5m", "Liam Hardy pt5m", "Liam Hardy pt5m"], "caliberr": [0.16012200713157654, 0.21348600089550018, 0.034925300627946854, 0.09335900098085403, 0.09306350350379944, 0.10410799831151962], "mag": [15.09589958190918, 15.112000465393066, 16.77790069580078, 16.8572998046875, 15.612199783325195, 15.608599662780762], "catalog": ["SDSS", "SDSS", "APASS", "APASS", "APASS", "APASS"], "filter": ["R", "R", "B", "B", "V", "V"], "id": [155425, 156502, 155423, 156500, 155424, 156501]}