{"mjd": [58558.105478, 58558.108529, 58558.11004, 58558.111554, 58558.113077, 58558.116104], "magerr": [-1.0, -1.0, -1.0, -1.0, -1.0, -1.0], "alert_name": null, "observatory": ["Liam Hardy pt5m", "Liam Hardy pt5m", "Liam Hardy pt5m", "Liam Hardy pt5m", "Liam Hardy pt5m", "Liam Hardy pt5m"], "caliberr": [0.07685170322656631, 0.09379640221595764, 0.03612060099840164, 0.04595699906349182, 0.03486590087413788, 0.009999999776482582], "mag": [18.752899169921875, 18.140100479125977, 17.668800354003906, 17.5044002532959, 18.515399932861328, 18.690399169921875], "catalog": ["APASS", "APASS", "APASS", "APASS", "APASS", "APASS"], "filter": ["B", "V", "V", "V", "r", "r"], "id": [147511, 147512, 147513, 147514, 147515, 147516]}