{"mjd": [58496.272384, 58496.281506], "magerr": [0.10199499875307083, 0.025419099256396294], "alert_name": null, "observatory": ["Liam Hardy pt5m", "Liam Hardy pt5m"], "caliberr": [0.19241400063037872, 0.14943300187587738], "mag": [17.657800674438477, 16.239700317382812], "catalog": ["SDSS", "SDSS"], "filter": ["B", "R"], "id": [129841, 129843]}