{"mjd": [58472.216866, 58479.174958, 58486.145643, 58466.257029, 58486.134974, 58472.213073, 58479.168901, 58486.141087], "magerr": [0.09016440063714981, -1.0, 0.08612799644470215, 0.1639229953289032, -1.0, 0.13187900185585022, -1.0, 0.1327899992465973], "alert_name": null, "observatory": ["Liam Hardy pt5m", "Liam Hardy pt5m", "Liam Hardy pt5m", "Liam Hardy pt5m", "Liam Hardy pt5m", "Liam Hardy pt5m", "Liam Hardy pt5m", "Liam Hardy pt5m"], "caliberr": [0.09730330109596252, 0.3013170063495636, 0.1380160003900528, 0.1689949929714203, 0.20235800743103027, 0.009999999776482582, 0.040741100907325745, 0.019911499693989754], "mag": [18.455299377441406, 18.39229965209961, 18.264799118041992, 18.840099334716797, 18.179100036621094, 18.484100341796875, 18.082199096679688, 18.847299575805664], "catalog": ["SDSS", "SDSS", "SDSS", "APASS", "APASS", "APASS", "APASS", "APASS"], "filter": ["R", "R", "R", "B", "B", "V", "V", "V"], "id": [128665, 129063, 129367, 128143, 129365, 128664, 129062, 129366]}