{"mjd": [58678.132457, 58699.088579, 58678.123333, 58699.079442, 58678.127896, 58699.084012], "magerr": [0.09112539887428284, -1.0, -1.0, -1.0, 0.07788380235433578, -1.0], "alert_name": null, "observatory": ["Liam Hardy pt5m", "Liam Hardy pt5m", "Liam Hardy pt5m", "Liam Hardy pt5m", "Liam Hardy pt5m", "Liam Hardy pt5m"], "caliberr": [0.20396000146865845, 0.16847500205039978, 0.08284740149974823, 0.074378602206707, 0.07044550031423569, 0.06027679890394211], "mag": [18.342199325561523, 19.863000869750977, 19.64069938659668, 19.330799102783203, 18.228900909423828, 19.809099197387695], "catalog": ["SDSS", "SDSS", "APASS", "APASS", "APASS", "APASS"], "filter": ["R", "R", "B", "B", "V", "V"], "id": [158526, 161358, 158524, 161356, 158525, 161357]}