{"mjd": [58515.103017], "magerr": [0.01700425334274769], "alert_name": null, "observatory": ["Liam Hardy pt5m"], "caliberr": [0.0763092115521431], "mag": [16.25446891784668], "catalog": ["SDSS"], "filter": ["R"], "id": [130483]}