{"mjd": [58657.202404], "magerr": [0.025185000151395798], "alert_name": null, "observatory": ["Liam Hardy pt5m"], "caliberr": [0.1486479938030243], "mag": [15.891500473022461], "catalog": ["APASS"], "filter": ["B"], "id": [156465]}