{"mjd": [58493.216571, 58503.269225, 58507.276706, 58493.207451, 58503.260112, 58493.212024, 58503.264674, 58507.27215], "magerr": [0.0452486015856266, 0.03881999850273132, 0.07402969896793365, 0.05992180109024048, 0.09462039917707443, 0.06906549632549286, 0.045328300446271896, 0.11935999989509583], "alert_name": null, "observatory": ["Liam Hardy pt5m", "Liam Hardy pt5m", "Liam Hardy pt5m", "Liam Hardy pt5m", "Liam Hardy pt5m", "Liam Hardy pt5m", "Liam Hardy pt5m", "Liam Hardy pt5m"], "caliberr": [0.2646859884262085, 0.21160200238227844, 0.1812250018119812, 0.009999999776482582, 0.01000049989670515, 0.009999999776482582, 0.009999999776482582, 0.01000010035932064], "mag": [17.046199798583984, 16.94860076904297, 17.686899185180664, 17.679500579833984, 17.547000885009766, 17.300500869750977, 17.173999786376953, 18.121000289916992], "catalog": ["SDSS", "SDSS", "SDSS", "APASS", "APASS", "APASS", "APASS", "APASS"], "filter": ["R", "R", "R", "B", "B", "V", "V", "V"], "id": [129746, 130077, 130162, 129744, 130075, 129745, 130076, 130161]}