{"mjd": [58680.99621, 58680.992422], "magerr": [0.269025593996048, -1.0], "alert_name": null, "observatory": ["Liam Hardy pt5m", "Liam Hardy pt5m"], "caliberr": [0.36056607961654663, 0.05928622558712959], "mag": [18.424970626831055, 19.042938232421875], "catalog": ["SDSS", "APASS"], "filter": ["R", "V"], "id": [159182, 159181]}