{"mjd": [58316.018527, 58316.020081, 58316.020107, 58316.02161, 58316.023127, 58316.02463, 58316.024632, 58316.02614], "magerr": [-1.0, -1.0, -1.0, -1.0, -1.0, -1.0, -1.0, -1.0], "alert_name": null, "observatory": ["Liam Hardy pt5m", "Liam Hardy pt5m", "Liam Hardy pt5m", "Liam Hardy pt5m", "Liam Hardy pt5m", "Liam Hardy pt5m", "Liam Hardy pt5m", "Liam Hardy pt5m"], "caliberr": [0.010000070556998253, 0.017673727124929428, 0.09559831768274307, 0.010000081732869148, 0.05747935548424721, 0.04714517295360565, 0.044339779764413834, 0.010000000707805157], "mag": [19.560443878173828, 19.445663452148438, 18.981916427612305, 19.037704467773438, 19.400278091430664, 19.394428253173828, 19.761459350585938, 19.447359085083008], "catalog": ["APASS", "APASS", "APASS", "APASS", "APASS", "APASS", "APASS", "APASS"], "filter": ["B", "B", "B", "B", "V", "V", "V", "V"], "id": [114732, 114475, 114733, 114734, 114736, 114737, 114476, 114738]}