{"mjd": [57871.953241, 57871.96034, 57900.095223, 57894.9185, 57900.095223, 57894.9218, 57900.098554, 57901.901945, 57894.92441, 57900.10119, 57901.907876, 57897.106184, 57899.8803241, 57900.0857407, 57900.0952257, 57895.9317769, 57895.9406121, 57896.9093927, 57897.1095042, 57897.880381, 57897.8893042, 57897.9077371, 57898.1203519, 57898.8739778, 57899.1069173, 57899.8836574, 57899.8836604, 57900.0985532, 57900.0985538, 57900.8839525, 57900.8839557, 57900.8927778, 57900.8927784, 57901.0641377, 57901.064141, 57901.072963, 57901.0729687, 57901.9052546, 57902.0908391, 57902.9490336, 57904.0008333, 57895.9284667, 57895.9373, 57896.8699121, 57896.8788248, 57897.0973293, 57897.8770519, 57897.8859743, 57897.9044169, 57898.1170235, 57898.8706498, 57899.1035956, 57899.8803241, 57899.8803274, 57900.0952234, 57900.0952257, 57900.8806508, 57900.8806539, 57900.8894722, 57900.8894734, 57901.0608275, 57901.060833, 57901.0696586, 57901.069661, 57901.9019444, 57902.0875231, 57902.9457234, 57903.9975231, 57895.9343936, 57895.943232, 57896.8847708, 57897.1032679, 57897.1121283, 57897.1459189, 57897.8830055, 57897.891933, 57897.9103511, 57898.122978, 57898.8766139, 57899.10955, 57899.8862905, 57899.8862944, 57900.1011863, 57900.1011899, 57900.8865625, 57900.8865699, 57900.8953935, 57900.8953946, 57901.0667535, 57901.0667581, 57901.0755787, 57901.0755842, 57901.9078704, 57902.0934491, 57902.9516435, 57904.0034491], "magerr": [0.059300001710653305, 0.059300001710653305, -1.0, -1.0, -1.0, -1.0, -1.0, -1.0, -1.0, -1.0, -1.0, -1.0, -1.0, -1.0, -1.0, -1.0, -1.0, -1.0, -1.0, -1.0, -1.0, -1.0, -1.0, -1.0, -1.0, -1.0, -1.0, -1.0, -1.0, -1.0, -1.0, -1.0, -1.0, -1.0, -1.0, -1.0, -1.0, -1.0, -1.0, -1.0, -1.0, -1.0, -1.0, -1.0, 0.1225999966263771, -1.0, -1.0, -1.0, -1.0, -1.0, -1.0, -1.0, -1.0, -1.0, -1.0, -1.0, -1.0, -1.0, -1.0, -1.0, -1.0, -1.0, -1.0, -1.0, -1.0, -1.0, -1.0, -1.0, -1.0, -1.0, -1.0, -1.0, -1.0, -1.0, -1.0, -1.0, -1.0, -1.0, -1.0, -1.0, -1.0, -1.0, -1.0, -1.0, -1.0, -1.0, -1.0, -1.0, -1.0, -1.0, -1.0, -1.0, -1.0, -1.0, -1.0, -1.0], "alert_name": null, "observatory": ["Loiano, Felice Cusan", "Loiano, Felice Cusan", "PIRATE, OU students", "PIRATE, OU students", "PIRATE, OU students", "PIRATE, OU students", "PIRATE, OU students", "PIRATE, OU students", "PIRATE, OU students", "PIRATE, OU students", "PIRATE, OU students", "PIRATE, OU students", "PIRATE Meredith Morr", "PIRATE Meredith Morr", "PIRATE Meredith Morr", "PIRATE Meredith Morr", "PIRATE Meredith Morr", "PIRATE Meredith Morr", "PIRATE Meredith Morr", "PIRATE Meredith Morr", "PIRATE Meredith Morr", "PIRATE Meredith Morr", "PIRATE Meredith Morr", "PIRATE Meredith Morr", "PIRATE Meredith Morr", "PIRATE Meredith Morr", "PIRATE Meredith Morr", "PIRATE Meredith Morr", "PIRATE Meredith Morr", "PIRATE Meredith Morr", "PIRATE Meredith Morr", "PIRATE Meredith Morr", "PIRATE Meredith Morr", "PIRATE Meredith Morr", "PIRATE Meredith Morr", "PIRATE Meredith Morr", "PIRATE Meredith Morr", "PIRATE Meredith Morr", "PIRATE Meredith Morr", "PIRATE Meredith Morr", "PIRATE Meredith Morr", "PIRATE Meredith Morr", "PIRATE Meredith Morr", "PIRATE Meredith Morr", "PIRATE Meredith Morr", "PIRATE Meredith Morr", "PIRATE Meredith Morr", "PIRATE Meredith Morr", "PIRATE Meredith Morr", "PIRATE Meredith Morr", "PIRATE Meredith Morr", "PIRATE Meredith Morr", "PIRATE Meredith Morr", "PIRATE Meredith Morr", "PIRATE Meredith Morr", "PIRATE Meredith Morr", "PIRATE Meredith Morr", "PIRATE Meredith Morr", "PIRATE Meredith Morr", "PIRATE Meredith Morr", "PIRATE Meredith Morr", "PIRATE Meredith Morr", "PIRATE Meredith Morr", "PIRATE Meredith Morr", "PIRATE Meredith Morr", "PIRATE Meredith Morr", "PIRATE Meredith Morr", "PIRATE Meredith Morr", "PIRATE Meredith Morr", "PIRATE Meredith Morr", "PIRATE Meredith Morr", "PIRATE Meredith Morr", "PIRATE Meredith Morr", "PIRATE Meredith Morr", "PIRATE Meredith Morr", "PIRATE Meredith Morr", "PIRATE Meredith Morr", "PIRATE Meredith Morr", "PIRATE Meredith Morr", "PIRATE Meredith Morr", "PIRATE Meredith Morr", "PIRATE Meredith Morr", "PIRATE Meredith Morr", "PIRATE Meredith Morr", "PIRATE Meredith Morr", "PIRATE Meredith Morr", "PIRATE Meredith Morr", "PIRATE Meredith Morr", "PIRATE Meredith Morr", "PIRATE Meredith Morr", "PIRATE Meredith Morr", "PIRATE Meredith Morr", "PIRATE Meredith Morr", "PIRATE Meredith Morr", "PIRATE Meredith Morr", "PIRATE Meredith Morr"], "caliberr": [0.3046739995479584, 0.45082101225852966, 0.05894450098276138, 0.0678630992770195, 0.10833500325679779, 0.13804300129413605, 0.158501997590065, 0.049424201250076294, 0.025389399379491806, 0.07521899789571762, 0.06292760372161865, 0.2090270072221756, 0.07844550162553787, 0.15685799717903137, 0.08492189645767212, 0.0444009006023407, 0.04850820079445839, 0.049861498177051544, 0.04769980162382126, 0.039058201014995575, 0.041594501584768295, 0.04623660072684288, 0.03952360153198242, 0.04316059872508049, 0.03496570140123367, 0.050948601216077805, 0.050948601216077805, 0.0532137006521225, 0.0532137006521225, 0.045032601803541183, 0.045032601803541183, 0.048733700066804886, 0.048733700066804886, 0.04247469827532768, 0.04247469827532768, 0.0633080005645752, 0.0633080005645752, 0.044843800365924835, 0.038994599133729935, 0.049137599766254425, 0.03927119821310043, 0.04211309924721718, 0.039288200438022614, 0.051040299236774445, 0.13578000664710999, 0.040890298783779144, 0.03724769875407219, 0.03841270133852959, 0.040171798318624496, 0.04163869842886925, 0.0404152013361454, 0.04780299961566925, 0.049770500510931015, 0.049770500510931015, 0.05103350058197975, 0.05103350058197975, 0.04434330016374588, 0.04434330016374588, 0.04366140067577362, 0.04366140067577362, 0.045796699821949005, 0.045796699821949005, 0.03998979926109314, 0.03998979926109314, 0.03813039883971214, 0.03951859846711159, 0.0408548004925251, 0.041674599051475525, 0.040792398154735565, 0.042779501527547836, 0.0678241029381752, 0.037389300763607025, 0.0404231995344162, 0.04338090121746063, 0.04319420084357262, 0.04401610046625137, 0.04013679921627045, 0.0406653992831707, 0.043559301644563675, 0.037565600126981735, 0.044177498668432236, 0.044177498668432236, 0.05100319907069206, 0.05100319907069206, 0.04031839966773987, 0.04031839966773987, 0.0385110005736351, 0.0385110005736351, 0.039483699947595596, 0.039483699947595596, 0.04293840005993843, 0.04293840005993843, 0.03584489971399307, 0.03247879818081856, 0.03966759890317917, 0.04620769992470741],