{"mjd": [57677.9285139], "magerr": [-1.0], "alert_name": null, "observatory": ["K.Wiersema-Leicester"], "caliberr": [0.05141869932413101], "mag": [18.951400756835938], "catalog": ["APASS"], "filter": ["V"], "id": [51693]}