{"mjd": [59110.13515, 59123.125074, 59110.139699, 59123.143297, 59110.144245, 59123.14784], "magerr": [-1.0, -1.0, 0.09622660279273987, -1.0, 0.08309020102024078, 0.1270110011100769], "alert_name": null, "observatory": ["Liam Hardy pt5m", "Liam Hardy pt5m", "Liam Hardy pt5m", "Liam Hardy pt5m", "Liam Hardy pt5m", "Liam Hardy pt5m"], "caliberr": [0.05750729888677597, 0.05610809847712517, 0.0645693987607956, 0.01000010035932064, 0.056833598762750626, 0.04042470082640648], "mag": [19.147300720214844, 18.830900192260742, 18.080900192260742, 19.167499542236328, 17.956600189208984, 18.593599319458008], "catalog": ["APASS", "APASS", "APASS", "APASS", "APASS", "APASS"], "filter": ["B", "B", "V", "V", "r", "r"], "id": [199191, 201682, 199192, 201683, 199193, 201684]}