{"mjd": [57986.000791, 57989.979063, 57986.00535, 57989.983621, 57986.009909, 57989.98818], "magerr": [0.13755999505519867, 0.14746099710464478, 0.10777100175619125, 0.07478799670934677, 0.08749809861183167, 0.08539559692144394], "alert_name": null, "observatory": ["Liam Hardy pt5m", "Liam Hardy pt5m", "Liam Hardy pt5m", "Liam Hardy pt5m", "Liam Hardy pt5m", "Liam Hardy pt5m"], "caliberr": [0.009999999776482582, 0.06355570256710052, 0.03776010125875473, 0.029222099110484123, 0.03443010151386261, 0.015294499695301056], "mag": [18.197999954223633, 18.6382999420166, 18.189800262451172, 18.55620002746582, 18.274099349975586, 18.506399154663086], "catalog": ["APASS", "APASS", "APASS", "APASS", "APASS", "APASS"], "filter": ["B", "B", "V", "V", "r", "r"], "id": [81984, 82291, 81985, 82292, 81986, 82293]}