{"mjd": [58019.79087569, 58019.79360718, 58019.79937512, 58019.80560937, 58019.79567454, 58019.79744687, 58019.80144225, 58019.80767581, 58019.78901227, 58019.80374988, 58019.80953542, 58019.81130764], "magerr": [0.04899999871850014, 0.0, 0.0, 0.0, 0.04100000113248825, 0.027000000700354576, 0.03099999949336052, 0.0, 0.027000000700354576, 0.035999998450279236, 0.032999999821186066, 0.0], "alert_name": null, "observatory": ["OHP Michel Dennefeld", "OHP Michel Dennefeld", "OHP Michel Dennefeld", "OHP Michel Dennefeld", "OHP Michel Dennefeld", "OHP Michel Dennefeld", "OHP Michel Dennefeld", "OHP Michel Dennefeld", "OHP Michel Dennefeld", "OHP Michel Dennefeld", "OHP Michel Dennefeld", "OHP Michel Dennefeld"], "caliberr": [0.14332999289035797, 0.15007300674915314, 0.16912800073623657, 0.15209700167179108, 0.123539999127388, 0.10806799679994583, 0.11100099980831146, 0.11185900121927261, 0.11107899993658066, 0.0929505005478859, 0.09279859811067581, 0.09068810194730759], "mag": [16.56049919128418, 16.186599731445312, 16.416799545288086, 16.355300903320312, 18.24810028076172, 17.608999252319336, 17.866100311279297, 17.018800735473633, 17.396099090576172, 16.62299919128418, 17.765499114990234, 16.402000427246094], "catalog": ["SDSS", "SDSS", "SDSS", "SDSS", "SDSS", "SDSS", "SDSS", "SDSS", "SDSS", "SDSS", "SDSS", "SDSS"], "filter": ["i", "i", "i", "i", "V", "V", "V", "V", "R", "R", "R", "R"], "id": [99110, 99111, 99112, 99113, 99114, 99115, 99116, 99117, 99106, 99107, 99109, 99108]}