{"mjd": [58515.193047, 58521.201084, 58515.190014, 58521.19729], "magerr": [0.022620899602770805, 0.015120900236070156, 0.035159800201654434, 0.027348000556230545], "alert_name": null, "observatory": ["Liam Hardy pt5m", "Liam Hardy pt5m", "Liam Hardy pt5m", "Liam Hardy pt5m"], "caliberr": [0.06299950182437897, 0.05854019895195961, 0.009999999776482582, 0.009999999776482582], "mag": [16.229000091552734, 16.23819923400879, 16.513200759887695, 16.635000228881836], "catalog": ["SDSS", "SDSS", "APASS", "APASS"], "filter": ["R", "R", "V", "V"], "id": [130494, 130661, 130493, 130660]}