{"mjd": [59172.09915671, 59172.11218829, 59172.12523363, 59172.10443103, 59172.11746271, 59172.13049903, 59175.110749, 59175.13600201, 59172.10829706, 59172.12132091, 59172.13438035, 59175.11807765, 59175.13073457, 59175.14332856], "magerr": [0.018400000408291817, 0.02019999921321869, 0.019700000062584877, 0.013000000268220901, 0.013799999840557575, 0.013399999588727951, 0.028999999165534973, 0.02630000002682209, 0.011599999852478504, 0.011599999852478504, 0.01080000028014183, 0.02329999953508377, 0.024000000208616257, 0.02199999988079071], "alert_name": null, "observatory": ["Loiano, Alessia Garo", "Loiano, Alessia Garo", "Loiano, Alessia Garo", "Loiano, Alessia Garo", "Loiano, Alessia Garo", "Loiano, Alessia Garo", "Loiano, Alessia Garo", "Loiano, Alessia Garo", "Loiano, Alessia Garo", "Loiano, Alessia Garo", "Loiano, Alessia Garo", "Loiano, Alessia Garo", "Loiano, Alessia Garo", "Loiano, Alessia Garo"], "caliberr": [0.04176829010248184, 0.045308396220207214, 0.0410543791949749, 0.05891604721546173, 0.045935362577438354, 0.049999650567770004, 0.05788986012339592, 0.061615508049726486, 0.02271740511059761, 0.021675001829862595, 0.04859687760472298, 0.09384613484144211, 0.19388149678707123, 0.08752036839723587], "mag": [18.896495819091797, 19.01996421813965, 18.979774475097656, 18.54976463317871, 18.558822631835938, 18.542003631591797, 18.686986923217773, 18.768146514892578, 17.8731746673584, 17.85616683959961, 17.846315383911133, 17.805912017822266, 17.763084411621094, 17.826534271240234], "catalog": ["APASS", "APASS", "APASS", "APASS", "APASS", "APASS", "APASS", "APASS", "APASS", "APASS", "APASS", "APASS", "APASS", "APASS"], "filter": ["V", "V", "V", "r", "r", "r", "r", "r", "i", "i", "i", "i", "i", "i"], "id": [208054, 208057, 208060, 208055, 208058, 208061, 208684, 208687, 208056, 208059, 208062, 208685, 208686, 208688]}