{"mjd": [58812.886478, 58812.891036, 58812.894074], "magerr": [-1.0, -1.0, -1.0], "alert_name": null, "observatory": ["Liam Hardy pt5m", "Liam Hardy pt5m", "Liam Hardy pt5m"], "caliberr": [0.08482500165700912, 0.06479939818382263, 0.061603400856256485], "mag": [18.60379981994629, 19.902599334716797, 18.44659996032715], "catalog": ["APASS", "APASS", "APASS"], "filter": ["B", "V", "r"], "id": [173293, 173294, 173295]}