{"mjd": [58598.044519, 58598.035417, 58598.039973], "magerr": [0.038536299020051956, 0.11541199684143066, 0.04398300126194954], "alert_name": null, "observatory": ["Liam Hardy pt5m", "Liam Hardy pt5m", "Liam Hardy pt5m"], "caliberr": [0.2596989870071411, 0.009999999776482582, 0.010422700084745884], "mag": [17.14459991455078, 18.42970085144043, 16.772199630737305], "catalog": ["SDSS", "APASS", "APASS"], "filter": ["R", "B", "V"], "id": [151038, 151036, 151037]}