{"mjd": [58818.210791, 58818.200849], "magerr": [0.06848490238189697, -1.0], "alert_name": null, "observatory": ["Liam Hardy pt5m", "Liam Hardy pt5m"], "caliberr": [0.10639200359582901, 0.009999999776482582], "mag": [17.74250030517578, 18.753400802612305], "catalog": ["SDSS", "APASS"], "filter": ["R", "B"], "id": [173639, 173638]}