{"mjd": [58493.216571, 58493.207451, 58493.212024], "magerr": [0.0452486015856266, 0.05992180109024048, 0.06906549632549286], "alert_name": null, "observatory": ["Liam Hardy pt5m", "Liam Hardy pt5m", "Liam Hardy pt5m"], "caliberr": [0.2646859884262085, 0.009999999776482582, 0.009999999776482582], "mag": [17.046199798583984, 17.679500579833984, 17.300500869750977], "catalog": ["SDSS", "APASS", "APASS"], "filter": ["R", "B", "V"], "id": [129746, 129744, 129745]}