{"mjd": [58613.955207, 58606.00307, 58606.006862, 58613.961265], "magerr": [0.03650999814271927, 0.0282795000821352, 0.019409099593758583, 0.025106800720095634], "alert_name": null, "observatory": ["Liam Hardy pt5m", "Liam Hardy pt5m", "Liam Hardy pt5m", "Liam Hardy pt5m"], "caliberr": [0.03376929834485054, 0.1896039992570877, 0.3430509865283966, 0.18432499468326569], "mag": [16.30579948425293, 16.287200927734375, 16.46030044555664, 15.718299865722656], "catalog": ["SDSS", "SDSS", "SDSS", "SDSS"], "filter": ["r", "V", "R", "R"], "id": [152273, 151506, 151507, 152274]}