{"mjd": [58927.176388, 58927.180012, 58927.183637], "magerr": [0.09319999814033508, 0.08959999680519104, 0.10289999842643738], "alert_name": null, "observatory": ["OmicronC2PU JPRivet", "OmicronC2PU JPRivet", "OmicronC2PU JPRivet"], "caliberr": [0.1339309960603714, 0.1262660026550293, 0.13705499470233917], "mag": [19.481700897216797, 19.561500549316406, 19.35770034790039], "catalog": ["PS1", "PS1", "PS1"], "filter": ["r", "r", "r"], "id": [193068, 193069, 193070]}