{"mjd": [59175.945775, 59175.951092, 59175.955647], "magerr": [-1.0, 0.11391708254814148, 0.052580904215574265], "alert_name": null, "observatory": ["Liam Hardy pt5m", "Liam Hardy pt5m", "Liam Hardy pt5m"], "caliberr": [0.11172617226839066, 0.06125699728727341, 0.07632274180650711], "mag": [18.21306610107422, 18.620817184448242, 17.91603660583496], "catalog": ["APASS", "APASS", "APASS"], "filter": ["B", "V", "r"], "id": [206734, 206735, 206736]}