{"mjd": [58403.036785, 58403.027671, 58403.032231], "magerr": [-1.0, -1.0, -1.0], "alert_name": null, "observatory": ["Liam Hardy pt5m", "Liam Hardy pt5m", "Liam Hardy pt5m"], "caliberr": [0.15834100544452667, 0.08926290273666382, 0.0866720974445343], "mag": [19.541400909423828, 18.996700286865234, 19.390300750732422], "catalog": ["SDSS", "APASS", "APASS"], "filter": ["R", "B", "V"], "id": [122273, 122271, 122272]}