{"mjd": [58318.019013, 58324.996532], "magerr": [-1.0, -1.0], "alert_name": null, "observatory": ["Liam Hardy pt5m", "Liam Hardy pt5m"], "caliberr": [0.1869291216135025, 0.24316728115081787], "mag": [19.099472045898438, 19.012845993041992], "catalog": ["PS1", "PS1"], "filter": ["r", "r"], "id": [114871, 115672]}