{"mjd": [59052.0003885, 59053.8873429, 59053.8886875, 58957.5541061, 58959.5812258, 58959.6201028, 58965.5470278, 58966.5661715, 58969.5856359, 58970.5388864, 58971.5821355, 58972.5028408, 58972.7428595, 58981.4763478, 58982.474002, 58983.5203502, 58984.4889722, 58985.5883909, 58986.4645249, 58988.5421703, 58989.4888528, 58990.4946498, 58992.4502253, 58993.5679918, 59000.4256781, 59001.4661774, 59003.5039484, 59004.5080797, 58954.8059809, 58955.7797136, 58955.7920281, 58956.5818202, 58956.6453742, 58956.7604248, 58957.5508331, 58958.5496922, 58958.619012, 58959.5779617, 58959.6168386, 58959.6650523, 58960.5769025, 58960.5852457, 58960.6926058, 58965.5437659, 58966.5629134, 58966.6038933, 58969.5823759, 58970.5356274, 58971.5788683, 58972.4995788, 58972.7395978, 58981.473096, 58982.4707381, 58983.5170881, 58984.4857032, 58985.5851324, 58986.4612616, 58988.5389049, 58989.4855917, 58990.4913778, 58992.4469606, 58993.5647311, 59000.4224137, 59001.4629136, 59003.5006882, 59004.5048181, 59004.726251], "magerr": [0.011599999852478504, 0.011699999682605267, 0.011800000444054604, 0.025499999523162842, 0.020400000736117363, 0.020400000736117363, 0.025200000032782555, 0.028200000524520874, 0.03400000184774399, 0.18080000579357147, 0.029600000008940697, 0.03759999945759773, 0.02319999970495701, 0.0357000008225441, 0.03920000046491623, 0.05820000171661377, 0.03139999881386757, 0.0746999979019165, 0.03530000150203705, 0.03680000081658363, 0.02889999933540821, 0.029200000688433647, 0.039500001817941666, 0.08659999817609787, 0.09969999641180038, 0.06939999759197235, 0.11680000275373459, 0.15569999814033508, 0.0052999998442828655, 0.005100000184029341, 0.0038999998942017555, 0.004600000102072954, 0.04349999874830246, 0.010499999858438969, 0.004100000020116568, 0.007000000216066837, 0.0044999998062849045, 0.0066999997943639755, 0.0038999998942017555, 0.004999999888241291, 0.00570000009611249, 0.0071000000461936, 0.004399999976158142, 0.009999999776482582, 0.006000000052154064, 0.005499999970197678, 0.005200000014156103, 0.0044999998062849045, 0.00930000003427267, 0.006800000090152025, 0.007600000128149986, 0.007300000172108412, 0.009800000116229057, 0.005499999970197678, 0.007699999958276749, 0.0071000000461936, 0.007600000128149986, 0.007699999958276749, 0.007199999876320362, 0.014100000262260437, 0.007799999788403511, 0.0071000000461936, 0.007799999788403511, 0.007300000172108412, 0.009600000455975533, 0.01850000023841858, 0.019600000232458115], "alert_name": null, "observatory": ["LCOGT1m, Kris Rybick", "LCOGT1m, Kris Rybick", "LCOGT1m, Kris Rybick", "LCOGT2m, Etienne Bac", "LCOGT2m, Etienne Bac", "LCOGT2m, Etienne Bac", "LCOGT2m, Etienne Bac", "LCOGT2m, Etienne Bac", "LCOGT2m, Etienne Bac", "LCOGT2m, Etienne Bac", "LCOGT2m, Etienne Bac", "LCOGT2m, Etienne Bac", "LCOGT2m, Etienne Bac", "LCOGT2m, Etienne Bac", "LCOGT2m, Etienne Bac", "LCOGT2m, Etienne Bac", "LCOGT2m, Etienne Bac", "LCOGT2m, Etienne Bac", "LCOGT2m, Etienne Bac", "LCOGT2m, Etienne Bac", "LCOGT2m, Etienne Bac", "LCOGT2m, Etienne Bac", "LCOGT2m, Etienne Bac", "LCOGT2m, Etienne Bac", "LCOGT2m, Etienne Bac", "LCOGT2m, Etienne Bac", "LCOGT2m, Etienne Bac", "LCOGT2m, Etienne Bac", "LCOGT2m, Etienne Bac", "LCOGT2m, Etienne Bac", "LCOGT2m, Etienne Bac", "LCOGT2m, Etienne Bac", "LCOGT2m, Etienne Bac", "LCOGT2m, Etienne Bac", "LCOGT2m, Etienne Bac", "LCOGT2m, Etienne Bac", "LCOGT2m, Etienne Bac", "LCOGT2m, Etienne Bac", "LCOGT2m, Etienne Bac", "LCOGT2m, Etienne Bac", "LCOGT2m, Etienne Bac", "LCOGT2m, Etienne Bac", "LCOGT2m, Etienne Bac", "LCOGT2m, Etienne Bac", "LCOGT2m, Etienne Bac", "LCOGT2m, Etienne Bac", "LCOGT2m, Etienne Bac", "LCOGT2m, Etienne Bac", "LCOGT2m, Etienne Bac", "LCOGT2m, Etienne Bac", "LCOGT2m, Etienne Bac", "LCOGT2m, Etienne Bac", "LCOGT2m, Etienne Bac", "LCOGT2m, Etienne Bac", "LCOGT2m, Etienne Bac", "LCOGT2m, Etienne Bac", "LCOGT2m, Etienne Bac", "LCOGT2m, Etienne Bac", "LCOGT2m, Etienne Bac", "LCOGT2m, Etienne Bac", "LCOGT2m, Etienne Bac", "LCOGT2m, Etienne Bac", "LCOGT2m, Etienne Bac", "LCOGT2m, Etienne Bac", "LCOGT2m, Etienne Bac", "LCOGT2m, Etienne Bac", "LCOGT2m, Etienne Bac"], "caliberr": [0.14539790153503418, 0.15499955415725708, 0.15216302871704102, 0.059427838772535324, 0.06003425270318985, 0.06239232420921326, 0.06260962784290314, 0.058704011142253876, 0.057853907346725464, 0.06694735586643219, 0.06445763260126114, 0.07187554985284805, 0.07278453558683395, 0.07445933669805527, 0.07294492423534393, 0.07256302237510681, 0.061692431569099426, 0.06477073580026627, 0.06416884064674377, 0.06656323373317719, 0.06732724606990814, 0.07163260877132416, 0.057084932923316956, 0.06671235710382462, 0.0675639808177948, 0.06423234939575195, 0.06844612956047058, 0.06826382875442505, 0.0804859921336174, 0.07154764235019684, 0.06964700669050217, 0.07321905344724655, 0.05103779956698418, 0.06892731040716171, 0.06961879134178162, 0.07001260668039322, 0.06984949856996536, 0.07325717061758041, 0.06670298427343369, 0.07293475419282913, 0.0692821815609932, 0.06669743359088898, 0.06654996424913406, 0.0719032809138298, 0.07309111207723618, 0.07257713377475739, 0.06977131217718124, 0.07933171838521957, 0.06526419520378113, 0.07071345299482346, 0.050886161625385284, 0.06987876445055008, 0.06776897609233856, 0.07068878412246704, 0.0750524029135704, 0.0701506957411766, 0.06861608475446701, 0.07946143299341202, 0.07095686346292496, 0.07297614216804504, 0.07036729156970978, 0.06958075612783432, 0.06976102292537689, 0.07320351153612137, 0.06957341730594635, 0.07536222040653229, 0.06574814021587372], "mag": [17.400043487548828, 17.405046463012695, 17.403867721557617, 19.946027755737305, 20.053754806518555, 20.056358337402344, 20.224414825439453, 20.256689071655273, 20.326614379882812, 20.66458511352539, 20.282411575317383, 20.414138793945312, 20.378812789916992, 20.406612396240234, 20.4581298828125, 20.524017333984375, 20.5895938873291, 20.664039611816406, 20.609821319580078, 20.607080459594727, 20.582908630371094, 20.59894371032715, 20.644193649291992, 20.578201293945312, 20.70128631591797, 20.729276657104492, 20.89096450805664, 20.514123916625977, 15.558573722839355, 15.60718822479248, 15.589680671691895, 15.656501770019531, 15.626398086547852, 15.641192436218262, 15.67591381072998, 15.70809268951416, 15.706047058105469, 15.748151779174805, 15.740981101989746, 15.731130599975586, 15.772254943847656, 15.758054733276367, 15.75351333618164, 15.930197715759277, 15.955646514892578, 15.957133293151855, 16.043378829956055, 16.06816291809082, 16.085039138793945, 16.08628273010254, 16.06951904296875, 16.269363403320312, 16.24750518798828, 16.298301696777344, 16.28143882751465, 16.310874938964844, 16.34358024597168, 16.380081176757812, 16.392913818359375, 16.394392013549805, 16.41294288635254, 16.39942169189453, 16.487565994262695, 16.510562896728516, 16.511816024780273, 16.724592208862305, 16.688201904296875], "catalog": ["GAIA", "GAIA", "GAIA", "APASS", "APASS", "APASS", "APASS", "APASS", "APASS", "APASS", "APASS", "APASS", "APASS", "APASS", "APASS", "APASS", "APASS", "APASS", "APASS", "APASS", "APASS", "APASS", "APASS", "APASS", "APASS", "APASS", "APASS", "APASS", "APASS", "APASS", "APASS", "APASS", "APASS", "APASS", "APASS", "APASS", "APASS", "APASS", "APASS", "APASS", "APASS", "APASS", "APASS", "APASS", "APASS", "APASS", "APASS", "APASS", "APASS", "APASS", "APASS", "APASS", "APASS", "APASS", "APASS", "APASS", "APASS", "APASS", "APASS", "APASS", "APASS", "APASS", "APASS", "APASS", "APASS", "APASS", "APASS"], "filter": ["G", "G", "G", "g", "g", "g", "g", "g", "g", "g", "g", "g", "g", "g", "g", "g", "g", "g", "g", "g", "g", "g", "g", "g", "g", "g", "g", "g", "i", "i", "i", "i", "i", "i", "i", "i", "i", "i", "i", "i", "i", "i", "i", "i", "i", "i", "i", "i", "i", "i", "i", "i", "i", "i", "i", "i", "i", "i", "i", "i", "i", "i", "i", "i", "i", "i", "i"],