{"mjd": [58903.6596967], "magerr": [-1.0], "alert_name": null, "observatory": ["LCOGT2m, Etienne Bac"], "caliberr": [0.06076750159263611], "mag": [20.67340087890625], "catalog": ["APASS"], "filter": ["i"], "id": [181057]}