{"mjd": [58927.83673, 58927.840357, 58927.843975, 58927.847594], "magerr": [0.010499999858438969, 0.01209999993443489, 0.011099999770522118, 0.011099999770522118], "alert_name": null, "observatory": ["OmicronC2PU JPRivet", "OmicronC2PU JPRivet", "OmicronC2PU JPRivet", "OmicronC2PU JPRivet"], "caliberr": [0.15609799325466156, 0.15390658378601074, 0.14104199409484863, 0.1260853409767151], "mag": [15.791236877441406, 15.9136962890625, 15.848011016845703, 15.793209075927734], "catalog": ["APASS", "APASS", "APASS", "APASS"], "filter": ["r", "r", "r", "r"], "id": [193094, 193095, 193096, 193097]}