{"mjd": [59515.65, 59515.75, 59515.82, 59515.85, 59515.66, 59515.76, 59515.83, 59515.86, 59515.67, 59515.77, 59515.84, 59515.87], "magerr": [0.00419999985024333, 0.004100000020116568, 0.0044999998062849045, 0.004999999888241291, 0.0026000000070780516, 0.0024999999441206455, 0.0026000000070780516, 0.002899999963119626, 0.005200000014156103, 0.0052999998442828655, 0.005499999970197678, 0.006200000178068876], "alert_name": null, "observatory": ["Abastumani36, Teimur", "Abastumani36, Teimur", "Abastumani36, Teimur", "Abastumani36, Teimur", "Abastumani36, Teimur", "Abastumani36, Teimur", "Abastumani36, Teimur", "Abastumani36, Teimur", "Abastumani36, Teimur", "Abastumani36, Teimur", "Abastumani36, Teimur", "Abastumani36, Teimur"], "caliberr": [0.06934469193220139, 0.055573489516973495, 0.055788859724998474, 0.062000297009944916, 0.06552228331565857, 0.04813993349671364, 0.05517774075269699, 0.05850503593683243, 0.0844222903251648, 0.07138241827487946, 0.08153993636369705, 0.08588521182537079], "mag": [13.782621383666992, 13.75191593170166, 13.742546081542969, 13.757880210876465, 13.088327407836914, 13.077392578125, 13.075528144836426, 13.053871154785156, 12.315652847290039, 12.300582885742188, 12.260492324829102, 12.265686988830566], "catalog": ["APASS", "APASS", "APASS", "APASS", "APASS", "APASS", "APASS", "APASS", "APASS", "APASS", "APASS", "APASS"], "filter": ["V", "V", "V", "V", "r", "r", "r", "r", "i", "i", "i", "i"], "id": [235615, 235616, 235617, 235618, 235611, 235612, 235613, 235614, 235607, 235608, 235609, 235610]}