{"mjd": [58916.96157, 58920.00085, 58919.991756, 58910.845716, 58910.847268, 58910.850407, 58910.85192, 58910.853434, 58910.854951, 58910.857981, 58910.859496, 58910.86101, 58910.862526, 58910.864039, 58910.865553, 58910.867066, 58910.86858, 58910.870212, 58910.873242, 58910.874756, 58910.87627, 58910.877927, 58910.880954, 58910.882467, 58910.883981, 58910.885497, 58910.887011, 58910.888525, 58910.890039, 58910.891553, 58910.89307, 58910.894583, 58910.89761, 58910.899124, 58910.900639, 58910.902153, 58910.903666, 58910.906695, 58910.90821, 58910.909724, 58910.911238, 58910.912751, 58910.915782, 58910.917295, 58910.918812, 58910.920326, 58910.923358, 58910.924874, 58910.926389, 58910.927903, 58910.929417, 58910.932444, 58910.933958, 58910.935474, 58910.936989, 58910.938504, 58910.941534, 58910.943048, 58910.944562, 58910.946077, 58910.950601, 58910.952108, 58910.953614, 58910.95512, 58910.956626, 58910.958165, 58910.959674, 58910.961189, 58910.962703, 58910.964216, 58910.967243, 58910.968758, 58910.970271, 58910.971785, 58910.973299, 58916.956913, 58919.996304, 58925.98224, 58925.9858, 58925.989477, 58925.993097, 58926.97457, 58926.978193, 58926.98181, 58926.985436, 58930.92872, 58930.932337, 58930.935955, 58927.925936, 58927.92955, 58927.933179, 58927.936798, 58932.889933, 58932.893551, 58932.897171, 58932.900789, 58925.9346759259, 58925.9362268518, 58925.9377777777], "magerr": [-1.0, -1.0, -1.0, 0.12753300368785858, 0.12058000266551971, 0.10553599894046783, 0.098505400121212, 0.10665100067853928, 0.08727680146694183, 0.09370669722557068, 0.08593770116567612, 0.09578379988670349, 0.09648720175027847, 0.09804870188236237, 0.10040999948978424, 0.09100820124149323, 0.10454999655485153, 0.08900360018014908, 0.10888099670410156, 0.10125599801540375, 0.10096900165081024, 0.09520740061998367, 0.09589850157499313, 0.09206239879131317, 0.10211499780416489, 0.1054529994726181, 0.10755299776792526, 0.09564690291881561, 0.10511600226163864, 0.11565700173377991, 0.093783900141716, 0.09465119987726212, 0.09098730236291885, 0.1002350002527237, 0.10805000364780426, 0.14074799418449402, 0.10331399738788605, 0.10056699812412262, 0.09590820223093033, 0.12283600121736526, 0.131413996219635, 0.12106099724769592, 0.1123649999499321, 0.09856759756803513, 0.10221900045871735, 0.09761329740285873, 0.10155700147151947, 0.09781640022993088, 0.11868099868297577, 0.11386799812316895, 0.09503500163555145, 0.11189600080251694, 0.12427999824285507, 0.10025899857282639, 0.11786799877882004, -1.0, 0.12492100149393082, -1.0, -1.0, -1.0, -1.0, -1.0, -1.0, -1.0, 0.13821199536323547, -1.0, 0.13478900492191315, -1.0, 0.12962700426578522, -1.0, 0.12057200074195862, 0.12471599876880646, 0.12190499901771545, 0.11680400371551514, 0.11047700047492981, -1.0, -1.0, 0.044199999421834946, 0.042899999767541885, 0.04129999876022339, 0.0494999997317791, -1.0, -1.0, -1.0, -1.0, -1.0, -1.0, -1.0, -1.0, -1.0, -1.0, -1.0, -1.0, -1.0, -1.0, -1.0, -1.0, -1.0, -1.0], "alert_name": null, "observatory": ["Liam Hardy pt5m", "Liam Hardy pt5m", "Liam Hardy pt5m", "Liam Hardy pt5m", "Liam Hardy pt5m", "Liam Hardy pt5m", "Liam Hardy pt5m", "Liam Hardy pt5m", "Liam Hardy pt5m", "Liam Hardy pt5m", "Liam Hardy pt5m", "Liam Hardy pt5m", "Liam Hardy pt5m", "Liam Hardy pt5m", "Liam Hardy pt5m", "Liam Hardy pt5m", "Liam Hardy pt5m", "Liam Hardy pt5m", "Liam Hardy pt5m", "Liam Hardy pt5m", "Liam Hardy pt5m", "Liam Hardy pt5m", "Liam Hardy pt5m", "Liam Hardy pt5m", "Liam Hardy pt5m", "Liam Hardy pt5m", "Liam Hardy pt5m", "Liam Hardy pt5m", "Liam Hardy pt5m", "Liam Hardy pt5m", "Liam Hardy pt5m", "Liam Hardy pt5m", "Liam Hardy pt5m", "Liam Hardy pt5m", "Liam Hardy pt5m", "Liam Hardy pt5m", "Liam Hardy pt5m", "Liam Hardy pt5m", "Liam Hardy pt5m", "Liam Hardy pt5m", "Liam Hardy pt5m", "Liam Hardy pt5m", "Liam Hardy pt5m", "Liam Hardy pt5m", "Liam Hardy pt5m", "Liam Hardy pt5m", "Liam Hardy pt5m", "Liam Hardy pt5m", "Liam Hardy pt5m", "Liam Hardy pt5m", "Liam Hardy pt5m", "Liam Hardy pt5m", "Liam Hardy pt5m", "Liam Hardy pt5m", "Liam Hardy pt5m", "Liam Hardy pt5m", "Liam Hardy pt5m", "Liam Hardy pt5m", "Liam Hardy pt5m", "Liam Hardy pt5m", "Liam Hardy pt5m", "Liam Hardy pt5m", "Liam Hardy pt5m", "Liam Hardy pt5m", "Liam Hardy pt5m", "Liam Hardy pt5m", "Liam Hardy pt5m", "Liam Hardy pt5m", "Liam Hardy pt5m", "Liam Hardy pt5m", "Liam Hardy pt5m", "Liam Hardy pt5m", "Liam Hardy pt5m", "Liam Hardy pt5m", "Liam Hardy pt5m", "Liam Hardy pt5m", "Liam Hardy pt5m", "OmicronC2PU JPRivet", "OmicronC2PU JPRivet", "OmicronC2PU JPRivet", "OmicronC2PU JPRivet", "OmicronC2PU JPRivet", "OmicronC2PU JPRivet", "OmicronC2PU JPRivet", "OmicronC2PU JPRivet", "OmicronC2PU JPRivet", "OmicronC2PU JPRivet", "OmicronC2PU JPRivet", "OmicronC2PU JPRivet", "OmicronC2PU JPRivet", "OmicronC2PU JPRivet", "OmicronC2PU JPRivet", "OmicronC2PU JPRivet", "OmicronC2PU JPRivet", "OmicronC2PU JPRivet", "OmicronC2PU JPRivet", "IST60,Tolga Guver", "IST60,Tolga Guver", "IST60,Tolga Guver"], "caliberr": [0.15883700549602509, 0.15444399416446686, 0.08321619778871536, 0.11097600311040878, 0.05645449832081795, 0.08925569802522659, 0.0890783965587616, 0.0965849980711937, 0.07247789949178696, 0.06451480090618134, 0.0762367993593216, 0.06932280212640762, 0.009999999776482582, 0.07382810115814209, 0.06761310249567032, 0.08061429858207703, 0.06355919688940048, 0.07685510069131851, 0.06504610180854797, 0.08815939724445343, 0.08281339704990387, 0.07533379644155502, 0.07817109674215317, 0.06811250001192093, 0.06967219710350037, 0.05612260103225708, 0.05902450159192085, 0.07241089642047882, 0.08447320014238358, 0.06627409905195236, 0.06072400137782097, 0.05698050186038017, 0.0691433995962143, 0.07387679815292358, 0.07254180312156677, 0.07839260250329971, 0.09645990282297134, 0.09319549798965454, 0.08591870218515396, 0.0797358974814415, 0.07275240123271942, 0.07590869814157486, 0.08744200319051743, 0.041721198707818985, 0.08208779990673065, 0.05929160118103027, 0.09321749955415726, 0.08165869861841202, 0.010127799585461617, 0.09627799689769745, 0.0701586976647377, 0.08544789999723434, 0.009999999776482582, 0.07799480110406876, 0.04797780141234398, 0.05646799877285957, 0.015032299794256687, 0.04485829919576645, 0.041731201112270355, 0.055114198476076126, 0.019329000264406204, 0.08575739711523056, 0.08580269664525986, 0.10826099663972855, 0.08093489706516266, 0.1061910018324852, 0.09686479717493057, 0.10360000282526016, 0.12112700194120407, 0.08117420226335526, 0.11528900265693665, 0.10269299894571304, 0.0915284976363182, 0.09808249771595001, 0.11213299632072449, 0.2103790044784546, 0.0962923988699913, 0.09935799986124039, 0.1058799996972084, 0.1042110025882721, 0.10440000146627426, 0.10253199934959412, 0.10781999677419662, 0.10021399706602097, 0.10184799879789352, 0.09822410345077515, 0.10319600254297256, 0.09549780189990997, 0.07396560162305832, 0.09872479736804962, 0.0981677994132042, 0.08075380325317383, 0.06227419897913933, 0.062226299196481705, 0.06623789668083191, 0.06677760183811188, 0.20153599977493286, 0.009999999776482582, 0.19254200160503387],