{"mjd": [58612.118998, 58627.155552, 58612.110647, 58627.146443, 58612.114446, 58627.151003], "magerr": [0.008340760134160519, 0.013197899796068668, 0.05255730077624321, -1.0, 0.019441399723291397, 0.02474359981715679], "alert_name": null, "observatory": ["Liam Hardy pt5m", "Liam Hardy pt5m", "Liam Hardy pt5m", "Liam Hardy pt5m", "Liam Hardy pt5m", "Liam Hardy pt5m"], "caliberr": [0.13556499779224396, 0.13118299841880798, 0.2265080064535141, 0.3566179871559143, 0.07025299966335297, 0.052712101489305496], "mag": [15.210399627685547, 15.336999893188477, 16.230600357055664, 19.203100204467773, 15.363699913024902, 15.609600067138672], "catalog": ["SDSS", "SDSS", "APASS", "APASS", "APASS", "APASS"], "filter": ["R", "R", "B", "B", "V", "V"], "id": [152024, 153227, 152022, 153225, 152023, 153226]}