{"mjd": [58636.0278, 58636.032359, 58636.036914], "magerr": [-1.0, -1.0, -1.0], "alert_name": null, "observatory": ["Liam Hardy pt5m", "Liam Hardy pt5m", "Liam Hardy pt5m"], "caliberr": [0.1690479964017868, 0.14476799964904785, 0.07644420117139816], "mag": [18.99220085144043, 19.34980010986328, 20.779499053955078], "catalog": ["APASS", "APASS", "APASS"], "filter": ["B", "V", "r"], "id": [153859, 153860, 153861]}