{"mjd": [58604.021594, 58614.933048, 58604.01249, 58609.00391, 58614.923944, 58604.017044, 58609.006959, 58614.928499], "magerr": [0.08403569459915161, 0.027624299749732018, 0.10935754328966141, 0.13948558270931244, 0.09933935105800629, 0.05357158184051514, 0.07539306581020355, 0.05095791816711426], "alert_name": null, "observatory": ["Liam Hardy pt5m", "Liam Hardy pt5m", "Liam Hardy pt5m", "Liam Hardy pt5m", "Liam Hardy pt5m", "Liam Hardy pt5m", "Liam Hardy pt5m", "Liam Hardy pt5m"], "caliberr": [0.22531449794769287, 0.13281166553497314, 0.009999999776482582, 0.010000000707805157, 0.04440629482269287, 0.010000025853514671, 0.010000001639127731, 0.010000004433095455], "mag": [17.417451858520508, 17.382320404052734, 18.364992141723633, 18.79685401916504, 18.066707611083984, 17.84579086303711, 17.92160415649414, 17.915206909179688], "catalog": ["SDSS", "SDSS", "APASS", "APASS", "APASS", "APASS", "APASS", "APASS"], "filter": ["R", "R", "B", "B", "B", "V", "V", "V"], "id": [151425, 152353, 151423, 151708, 152351, 151424, 151709, 152352]}