{"mjd": [58948.927648, 58950.79329, 58952.932497, 58955.842717, 58955.861875, 58957.898411, 58961.051047, 58961.839265, 58962.828447, 58962.847604, 58963.854635, 58964.825481, 58964.844626, 58968.834786, 58975.841395, 58977.853082, 58979.851943, 59017.907648, 59017.925455, 59024.934612, 59026.909581, 59034.971074, 59049.995057, 59051.993689, 59053.005418, 59056.018986, 59056.950106, 59068.013669, 59068.972868, 59070.959568, 59073.000109, 59074.006252, 59076.976645, 59077.967991, 59096.031625, 58948.934002, 58950.799645, 58955.849083, 58955.868241, 58957.88791, 58961.0575, 58961.84562, 58962.834814, 58962.85397, 58963.86099, 58964.831837, 58968.841141, 58975.847749, 58977.859448, 58979.85831, 59017.914905, 59017.932714, 59024.941869, 59026.916838, 59034.978707, 59050.002233, 59052.000946, 59053.012676, 59056.026244, 59056.957363, 59068.020928, 59068.980126, 59070.966825, 59073.007367, 59074.013509, 59076.983902, 59077.975248, 59096.053428, 58950.806046, 58955.855484, 58955.874641, 58957.894508, 58957.902112, 58961.852022, 58962.841215, 58962.860373, 58963.867393, 58964.838237, 58968.847543, 58975.85415, 58977.865851, 59017.911965, 59017.929773, 59024.93893, 59026.913898, 59034.975391, 59049.999339, 59051.998006, 59053.009736, 59056.023303, 59056.954423, 59068.017986, 59068.977186, 59070.963885, 59073.004427, 59074.010569, 59076.980962, 59077.972308, 59096.059201], "magerr": [0.03020000085234642, 0.005100000184029341, 0.03819999843835831, 0.006500000134110451, 0.004600000102072954, 0.015300000086426735, 0.01720000058412552, 0.006399999838322401, 0.004800000227987766, 0.005200000014156103, 0.006099999882280827, 0.00570000009611249, 0.00570000009611249, 0.010400000028312206, 0.03290000185370445, 0.027899999171495438, 0.026499999687075615, 0.043699998408555984, 0.03150000050663948, 0.023600000888109207, 0.032499998807907104, 0.027899999171495438, 0.009700000286102295, 0.01080000028014183, 0.013899999670684338, 0.016200000420212746, 0.006099999882280827, 0.008700000122189522, 0.008799999952316284, 0.007799999788403511, 0.0066999997943639755, 0.005900000222027302, 0.0044999998062849045, 0.0044999998062849045, 0.009499999694526196, 0.02889999933540821, 0.00419999985024333, 0.008200000040233135, 0.004699999932199717, 0.009399999864399433, 0.019600000232458115, 0.010400000028312206, 0.00430000014603138, 0.005200000014156103, 0.006800000090152025, 0.005100000184029341, 0.013899999670684338, 0.03280000016093254, 0.032099999487400055, 0.040699999779462814, 0.026499999687075615, 0.020600000396370888, 0.017899999395012856, 0.020400000736117363, 0.02459999918937683, 0.010700000450015068, 0.009100000374019146, 0.012799999676644802, 0.01600000075995922, 0.004600000102072954, 0.006500000134110451, 0.006399999838322401, 0.006200000178068876, 0.004900000058114529, 0.004699999932199717, 0.0038999998942017555, 0.003800000064074993, 0.006599999964237213, 0.00559999980032444, 0.006899999920278788, 0.006099999882280827, 0.012199999764561653, 0.014499999582767487, 0.01360000018030405, 0.0052999998442828655, 0.006599999964237213, 0.008999999612569809, 0.005100000184029341, 0.014100000262260437, 0.03660000115633011, 0.05009999871253967, 0.03359999880194664, 0.025299999862909317, 0.020999999716877937, 0.02329999953508377, 0.018300000578165054, 0.012600000016391277, 0.00930000003427267, 0.013100000098347664, 0.01889999955892563, 0.006599999964237213, 0.006300000008195639, 0.006899999920278788, 0.006800000090152025, 0.006300000008195639, 0.006200000178068876, 0.005400000140070915, 0.006200000178068876, 0.006599999964237213], "alert_name": null, "observatory": ["Moletai0.35-Erika Pa", "Moletai0.35-Erika Pa", "Moletai0.35-Erika Pa", "Moletai0.35-Erika Pa", "Moletai0.35-Erika Pa", "Moletai0.35-Erika Pa", "Moletai0.35-Erika Pa", "Moletai0.35-Erika Pa", "Moletai0.35-Erika Pa", "Moletai0.35-Erika Pa", "Moletai0.35-Erika Pa", "Moletai0.35-Erika Pa", "Moletai0.35-Erika Pa", "Moletai0.35-Erika Pa", "Moletai0.35-Erika Pa", "Moletai0.35-Erika Pa", "Moletai0.35-Erika Pa", "Moletai0.35-Erika Pa", "Moletai0.35-Erika Pa", "Moletai0.35-Erika Pa", "Moletai0.35-Erika Pa", "Moletai0.35-Erika Pa", "Moletai0.35-Erika Pa", "Moletai0.35-Erika Pa", "Moletai0.35-Erika Pa", "Moletai0.35-Erika Pa", "Moletai0.35-Erika Pa", "Moletai0.35-Erika Pa", "Moletai0.35-Erika Pa", "Moletai0.35-Erika Pa", "Moletai0.35-Erika Pa", "Moletai0.35-Erika Pa", "Moletai0.35-Erika Pa", "Moletai0.35-Erika Pa", "Moletai0.35-Erika Pa", "Moletai0.35-Erika Pa", "Moletai0.35-Erika Pa", "Moletai0.35-Erika Pa", "Moletai0.35-Erika Pa", "Moletai0.35-Erika Pa", "Moletai0.35-Erika Pa", "Moletai0.35-Erika Pa", "Moletai0.35-Erika Pa", "Moletai0.35-Erika Pa", "Moletai0.35-Erika Pa", "Moletai0.35-Erika Pa", "Moletai0.35-Erika Pa", "Moletai0.35-Erika Pa", "Moletai0.35-Erika Pa", "Moletai0.35-Erika Pa", "Moletai0.35-Erika Pa", "Moletai0.35-Erika Pa", "Moletai0.35-Erika Pa", "Moletai0.35-Erika Pa", "Moletai0.35-Erika Pa", "Moletai0.35-Erika Pa", "Moletai0.35-Erika Pa", "Moletai0.35-Erika Pa", "Moletai0.35-Erika Pa", "Moletai0.35-Erika Pa", "Moletai0.35-Erika Pa", "Moletai0.35-Erika Pa", "Moletai0.35-Erika Pa", "Moletai0.35-Erika Pa", "Moletai0.35-Erika Pa", "Moletai0.35-Erika Pa", "Moletai0.35-Erika Pa", "Moletai0.35-Erika Pa", "Moletai0.35-Erika Pa", "Moletai0.35-Erika Pa", "Moletai0.35-Erika Pa", "Moletai0.35-Erika Pa", "Moletai0.35-Erika Pa", "Moletai0.35-Erika Pa", "Moletai0.35-Erika Pa", "Moletai0.35-Erika Pa", "Moletai0.35-Erika Pa", "Moletai0.35-Erika Pa", "Moletai0.35-Erika Pa", "Moletai0.35-Erika Pa", "Moletai0.35-Erika Pa", "Moletai0.35-Erika Pa", "Moletai0.35-Erika Pa", "Moletai0.35-Erika Pa", "Moletai0.35-Erika Pa", "Moletai0.35-Erika Pa", "Moletai0.35-Erika Pa", "Moletai0.35-Erika Pa", "Moletai0.35-Erika Pa", "Moletai0.35-Erika Pa", "Moletai0.35-Erika Pa", "Moletai0.35-Erika Pa", "Moletai0.35-Erika Pa", "Moletai0.35-Erika Pa", "Moletai0.35-Erika Pa", "Moletai0.35-Erika Pa", "Moletai0.35-Erika Pa", "Moletai0.35-Erika Pa", "Moletai0.35-Erika Pa"],