{"mjd": [58538.253505, 58538.244394, 58538.24895], "magerr": [-1.0, -1.0, -1.0], "alert_name": null, "observatory": ["Liam Hardy pt5m", "Liam Hardy pt5m", "Liam Hardy pt5m"], "caliberr": [0.2870509922504425, 0.28609898686408997, 0.12859900295734406], "mag": [21.3799991607666, 18.560300827026367, 19.115299224853516], "catalog": ["SDSS", "APASS", "APASS"], "filter": ["R", "B", "V"], "id": [131402, 131400, 131401]}