{"mjd": [58656.919023, 58656.909925, 58656.914477], "magerr": [0.003591322572901845, 0.008786368183791637, 0.00524437939748168], "alert_name": null, "observatory": ["Liam Hardy pt5m", "Liam Hardy pt5m", "Liam Hardy pt5m"], "caliberr": [0.14851580560207367, 0.010000001639127731, 0.0262779351323843], "mag": [14.096240997314453, 15.296392440795898, 14.566987991333008], "catalog": ["SDSS", "APASS", "APASS"], "filter": ["R", "B", "V"], "id": [156447, 156445, 156446]}