{"mjd": [58649.144344, 58655.102785, 58649.148916, 58655.107348, 58649.153491, 58655.111916], "magerr": [-1.0, -1.0, -1.0, -1.0, 0.1015779972076416, 0.09377030283212662], "alert_name": null, "observatory": ["Liam Hardy pt5m", "Liam Hardy pt5m", "Liam Hardy pt5m", "Liam Hardy pt5m", "Liam Hardy pt5m", "Liam Hardy pt5m"], "caliberr": [0.18828800320625305, 0.09597700089216232, 0.04814910143613815, 0.03231029957532883, 0.07644840329885483, 0.07114390283823013], "mag": [19.080900192260742, 19.62459945678711, 19.93269920349121, 22.909900665283203, 19.338300704956055, 19.18079948425293], "catalog": ["APASS", "APASS", "APASS", "APASS", "APASS", "APASS"], "filter": ["B", "B", "V", "V", "r", "r"], "id": [155456, 156114, 155457, 156115, 155458, 156116]}