{"mjd": [58981.983558, 58993.08848, 58980.988579, 58993.09174, 58979.991169, 58993.09429], "magerr": [0.059817999601364136, -1.0, 0.053033001720905304, -1.0, 0.040164001286029816, -1.0], "alert_name": null, "observatory": ["PIRATE, OU students", "PIRATE, OU students", "PIRATE, OU students", "PIRATE, OU students", "PIRATE, OU students", "PIRATE, OU students"], "caliberr": [0.4251399338245392, 0.010000042617321014, 0.33625632524490356, 0.09555737674236298, 0.2998514175415039, 0.010000000707805157], "mag": [18.444869995117188, 19.880233764648438, 17.56209945678711, 19.845375061035156, 17.07320213317871, 20.04492950439453], "catalog": ["APASS", "APASS", "APASS", "APASS", "APASS", "APASS"], "filter": ["B", "B", "V", "V", "r", "r"], "id": [191920, 192865, 191922, 192866, 191921, 192867]}