{"mjd": [58515.054878, 58515.046516, 58515.050329], "magerr": [0.10442899912595749, -1.0, -1.0], "alert_name": null, "observatory": ["Liam Hardy pt5m", "Liam Hardy pt5m", "Liam Hardy pt5m"], "caliberr": [0.1832450032234192, 0.19584299623966217, 0.009999999776482582], "mag": [18.162799835205078, 18.721099853515625, 19.223899841308594], "catalog": ["SDSS", "APASS", "APASS"], "filter": ["R", "B", "V"], "id": [130477, 130475, 130476]}