{"mjd": [59094.982626, 59113.06524, 59094.987179, 59113.069795, 59094.991727, 59113.074344], "magerr": [0.07985500246286392, -1.0, 0.028083400800824165, 0.052402298897504807, 0.013532999902963638, 0.021786900237202644], "alert_name": null, "observatory": ["Liam Hardy pt5m", "Liam Hardy pt5m", "Liam Hardy pt5m", "Liam Hardy pt5m", "Liam Hardy pt5m", "Liam Hardy pt5m"], "caliberr": [0.0413162000477314, 0.07719030231237411, 0.018117399886250496, 0.03471330180764198, 0.06395179778337479, 0.09891259670257568], "mag": [17.761499404907227, 18.797800064086914, 16.54170036315918, 17.292999267578125, 15.940099716186523, 16.417800903320312], "catalog": ["APASS", "APASS", "APASS", "APASS", "APASS", "APASS"], "filter": ["B", "B", "V", "V", "r", "r"], "id": [198111, 199647, 198112, 199648, 198113, 199649]}