{"mjd": [59202.241779, 59202.232689, 59215.121484, 59202.237235, 59215.125262, 59215.129797], "magerr": [0.07100944966077805, 0.12714920938014984, -1.0, 0.09087926894426346, -1.0, 0.11778254061937332], "alert_name": null, "observatory": ["Liam Hardy pt5m", "Liam Hardy pt5m", "Liam Hardy pt5m", "Liam Hardy pt5m", "Liam Hardy pt5m", "Liam Hardy pt5m"], "caliberr": [0.13152343034744263, 0.04039854183793068, 0.01000000536441803, 0.18531003594398499, 0.2544952929019928, 0.1314249336719513], "mag": [18.356525421142578, 18.2790584564209, 18.27880859375, 18.427248001098633, 18.573043823242188, 16.88593101501465], "catalog": ["SDSS", "APASS", "APASS", "APASS", "APASS", "APASS"], "filter": ["R", "B", "B", "V", "V", "r"], "id": [208795, 208793, 209176, 208794, 209177, 209178]}