{"mjd": [58515.103017], "magerr": [0.01700429990887642], "alert_name": null, "observatory": ["Liam Hardy pt5m"], "caliberr": [0.0763091966509819], "mag": [16.254499435424805], "catalog": ["SDSS"], "filter": ["R"], "id": [130483]}