{"mjd": [58493.021887, 58493.026802, 58493.031361], "magerr": [0.07150659710168839, 0.025335099548101425, 0.008215639740228653], "alert_name": null, "observatory": ["Liam Hardy pt5m", "Liam Hardy pt5m", "Liam Hardy pt5m"], "caliberr": [0.041686300188302994, 0.025845499709248543, 0.04577169939875603], "mag": [17.148399353027344, 16.251100540161133, 15.189200401306152], "catalog": ["APASS", "APASS", "APASS"], "filter": ["B", "V", "r"], "id": [129727, 129728, 129729]}