{"mjd": [59444.221387, 59446.9602, 59452.084627, 59444.224421, 59446.964762, 59452.089177], "magerr": [-1.0, 0.14321760833263397, -1.0, 0.056845325976610184, 0.07537522166967392, -1.0], "alert_name": null, "observatory": ["Liam Hardy pt5m", "Liam Hardy pt5m", "Liam Hardy pt5m", "Liam Hardy pt5m", "Liam Hardy pt5m", "Liam Hardy pt5m"], "caliberr": [0.05435379222035408, 0.13226033747196198, 0.07744091749191284, 0.09353099763393402, 0.10787340253591537, 0.12068211287260056], "mag": [17.884084701538086, 17.707860946655273, 18.485502243041992, 16.813190460205078, 17.008441925048828, 18.944799423217773], "catalog": ["APASS", "APASS", "APASS", "APASS", "APASS", "APASS"], "filter": ["B", "B", "B", "V", "V", "V"], "id": [231498, 231760, 231927, 231499, 231761, 231928]}