{"mjd": [58199.171413, 58206.108099, 58199.163027, 58206.098782, 58199.166853, 58206.103484], "magerr": [-1.0, -1.0, -1.0, -1.0, -1.0, -1.0], "alert_name": null, "observatory": ["Liam Hardy pt5m", "Liam Hardy pt5m", "Liam Hardy pt5m", "Liam Hardy pt5m", "Liam Hardy pt5m", "Liam Hardy pt5m"], "caliberr": [0.1388208568096161, 0.08843547105789185, 0.06698162853717804, 0.15966013073921204, 0.09952172636985779, 0.07373800128698349], "mag": [19.813684463500977, 18.515914916992188, 19.287736892700195, 18.58785629272461, 19.726688385009766, 18.401098251342773], "catalog": ["SDSS", "SDSS", "APASS", "APASS", "APASS", "APASS"], "filter": ["R", "R", "B", "B", "V", "V"], "id": [100203, 100877, 100201, 100875, 100202, 100876]}