{"mjd": [58371.231917, 58371.222829, 58371.227373], "magerr": [0.03403539955615997, -1.0, 0.09886810183525085], "alert_name": null, "observatory": ["Liam Hardy pt5m", "Liam Hardy pt5m", "Liam Hardy pt5m"], "caliberr": [0.16093799471855164, 0.14367899298667908, 0.13102200627326965], "mag": [16.92329978942871, 19.03179931640625, 18.178699493408203], "catalog": ["SDSS", "APASS", "APASS"], "filter": ["R", "B", "V"], "id": [119156, 119154, 119155]}