{"mjd": [59094.903399, 59094.908203], "magerr": [-1.0, -1.0], "alert_name": null, "observatory": ["Liam Hardy pt5m", "Liam Hardy pt5m"], "caliberr": [0.22070138156414032, 0.2080955058336258], "mag": [18.960582733154297, 20.182737350463867], "catalog": ["PS1", "PS1"], "filter": ["r", "r"], "id": [198081, 198082]}