{"mjd": [59201.187193], "magerr": [0.15110699832439423], "alert_name": null, "observatory": ["Liam Hardy pt5m"], "caliberr": [0.06726279854774475], "mag": [18.67729949951172], "catalog": ["SDSS"], "filter": ["R"], "id": [208619]}