{"mjd": [57722.80451424, 57722.79367384, 57722.79979051], "magerr": [0.02199999988079071, 0.012000000104308128, 0.010999999940395355], "alert_name": null, "observatory": ["OHP Michel Dennefeld", "OHP Michel Dennefeld", "OHP Michel Dennefeld"], "caliberr": [0.13803839683532715, 0.09178710728883743, 0.013558072969317436], "mag": [18.101083755493164, 17.37308120727539, 18.006616592407227], "catalog": ["SDSS", "SDSS", "APASS"], "filter": ["i", "R", "B"], "id": [60963, 60961, 60962]}