{"mjd": [58687.07988, 58692.068218, 58692.071278, 58698.022381, 58687.084455, 58692.074309, 58698.026945, 58687.089027, 58692.078861, 58698.032054], "magerr": [-1.0, -1.0, -1.0, -1.0, 0.1279280036687851, -1.0, -1.0, 0.05581539869308472, 0.09845080226659775, 0.04621389880776405], "alert_name": null, "observatory": ["Liam Hardy pt5m", "Liam Hardy pt5m", "Liam Hardy pt5m", "Liam Hardy pt5m", "Liam Hardy pt5m", "Liam Hardy pt5m", "Liam Hardy pt5m", "Liam Hardy pt5m", "Liam Hardy pt5m", "Liam Hardy pt5m"], "caliberr": [0.050772201269865036, 0.2909559905529022, 0.37008899450302124, 0.04819190129637718, 0.03858239948749542, 0.3871070146560669, 0.04044000059366226, 0.10051099956035614, 0.1280820071697235, 0.04667999967932701], "mag": [19.473800659179688, 17.614299774169922, 17.506999969482422, 20.138700485229492, 18.997800827026367, 19.26740074157715, 18.919200897216797, 18.06879997253418, 18.437700271606445, 18.322200775146484], "catalog": ["APASS", "APASS", "APASS", "APASS", "APASS", "APASS", "APASS", "APASS", "APASS", "APASS"], "filter": ["B", "B", "B", "B", "V", "V", "V", "r", "r", "r"], "id": [159874, 160346, 160347, 161197, 159883, 160348, 161198, 159884, 160349, 161199]}