{"mjd": [58916.060638, 58916.064439, 58925.949433, 58925.95305, 58925.956679, 58925.960298, 58926.933415, 58926.937033, 58926.940653, 58926.944273, 58927.891715, 58927.895335, 58927.898955, 58927.902573, 58930.890033, 58930.893647, 58930.897262, 58930.900877, 58932.85089, 58932.85451, 58932.858129, 58932.86175], "magerr": [0.05253409966826439, 0.0677575021982193, 0.09030000120401382, -1.0, 0.10400000214576721, 0.12870000302791595, 0.13570000231266022, 0.14319999516010284, 0.10830000042915344, 0.10419999808073044, 0.11729999631643295, 0.1160999983549118, 0.125900000333786, 0.1256999969482422, -1.0, 0.16279999911785126, -1.0, -1.0, -1.0, -1.0, -1.0, -1.0], "alert_name": null, "observatory": ["Liam Hardy pt5m", "Liam Hardy pt5m", "OmicronC2PU JPRivet", "OmicronC2PU JPRivet", "OmicronC2PU JPRivet", "OmicronC2PU JPRivet", "OmicronC2PU JPRivet", "OmicronC2PU JPRivet", "OmicronC2PU JPRivet", "OmicronC2PU JPRivet", "OmicronC2PU JPRivet", "OmicronC2PU JPRivet", "OmicronC2PU JPRivet", "OmicronC2PU JPRivet", "OmicronC2PU JPRivet", "OmicronC2PU JPRivet", "OmicronC2PU JPRivet", "OmicronC2PU JPRivet", "OmicronC2PU JPRivet", "OmicronC2PU JPRivet", "OmicronC2PU JPRivet", "OmicronC2PU JPRivet"], "caliberr": [0.11745700240135193, 0.13009999692440033, 0.0958762988448143, 0.09707559645175934, 0.09674180299043655, 0.09875839948654175, 0.10428500175476074, 0.0990334004163742, 0.10344900190830231, 0.10217799991369247, 0.10094500333070755, 0.09952549636363983, 0.1041250005364418, 0.10114900022745132, 0.09505569934844971, 0.09663180261850357, 0.09508579969406128, 0.09152349829673767, 0.08731059730052948, 0.09866809844970703, 0.09526509791612625, 0.08844739943742752], "mag": [16.589500427246094, 16.679500579833984, 20.314800262451172, 20.83449935913086, 20.532100677490234, 20.28230094909668, 20.67690086364746, 20.464099884033203, 20.260400772094727, 20.098400115966797, 20.562999725341797, 20.099300384521484, 20.598899841308594, 20.21419906616211, 20.718700408935547, 20.409099578857422, 20.749900817871094, 20.72279930114746, 20.99209976196289, 21.472900390625, 21.173200607299805, 21.28350067138672], "catalog": ["APASS", "APASS", "SDSS", "SDSS", "SDSS", "SDSS", "SDSS", "SDSS", "SDSS", "SDSS", "SDSS", "SDSS", "SDSS", "SDSS", "SDSS", "SDSS", "SDSS", "SDSS", "APASS", "APASS", "APASS", "APASS"], "filter": ["B", "V", "r", "r", "r", "r", "r", "r", "r", "r", "r", "r", "r", "r", "r", "r", "r", "r", "r", "r", "r", "r"], "id": [184448, 184449, 193020, 193021, 193022, 193023, 193052, 193053, 193054, 193055, 193102, 193103, 193104, 193105, 193145, 193146, 193147, 193148, 193175, 193176, 193177, 193178]}