{"mjd": [58765.040804, 58769.060313, 58776.182523, 58765.045361, 58769.06445, 58776.187085, 58765.04991, 58769.069754, 58776.191634], "magerr": [-1.0, -1.0, -1.0, -1.0, -1.0, -1.0, -1.0, 0.04364990070462227, -1.0], "alert_name": null, "observatory": ["Liam Hardy pt5m", "Liam Hardy pt5m", "Liam Hardy pt5m", "Liam Hardy pt5m", "Liam Hardy pt5m", "Liam Hardy pt5m", "Liam Hardy pt5m", "Liam Hardy pt5m", "Liam Hardy pt5m"], "caliberr": [0.019961200654506683, 0.009999999776482582, 0.09423509985208511, 0.03427239879965782, 0.03685750067234039, 0.025867700576782227, 0.031403798609972, 0.0585923008620739, 0.028510799631476402], "mag": [19.61389923095703, 19.39539909362793, 19.21820068359375, 19.668399810791016, 19.362499237060547, 19.42259979248047, 20.024900436401367, 15.921099662780762, 19.77079963684082], "catalog": ["APASS", "APASS", "APASS", "APASS", "APASS", "APASS", "APASS", "APASS", "APASS"], "filter": ["B", "B", "B", "V", "V", "V", "r", "r", "r"], "id": [167185, 167980, 168614, 167186, 167981, 168615, 167187, 167982, 168625]}