{"mjd": [58703.011289, 58709.980981, 58723.951636, 58703.015861, 58709.985551, 58723.956206, 58703.020438, 58709.990111, 58723.960791], "magerr": [0.048272401094436646, 0.06680449843406677, 0.059896498918533325, 0.013004300184547901, 0.018268199637532234, 0.01186980027705431, 0.006587509997189045, 0.029157500714063644, 0.005724399816244841], "alert_name": null, "observatory": ["Liam Hardy pt5m", "Liam Hardy pt5m", "Liam Hardy pt5m", "Liam Hardy pt5m", "Liam Hardy pt5m", "Liam Hardy pt5m", "Liam Hardy pt5m", "Liam Hardy pt5m", "Liam Hardy pt5m"], "caliberr": [0.05047519877552986, 0.06782279908657074, 0.06158430129289627, 0.054692499339580536, 0.08333320170640945, 0.056226398795843124, 0.10401400178670883, 0.12492000311613083, 0.10746999830007553], "mag": [17.593299865722656, 17.67329978942871, 17.691600799560547, 15.897299766540527, 15.866700172424316, 15.798999786376953, 15.076600074768066, 14.916799545288086, 14.949600219726562], "catalog": ["APASS", "APASS", "APASS", "APASS", "APASS", "APASS", "APASS", "APASS", "APASS"], "filter": ["B", "B", "B", "V", "V", "V", "r", "r", "r"], "id": [161776, 162356, 163381, 161777, 162357, 163382, 161778, 162358, 163383]}