{"mjd": [59102.05808, 59102.062637, 59102.067248], "magerr": [-1.0, 0.11011400073766708, 0.08794940263032913], "alert_name": null, "observatory": ["Liam Hardy pt5m", "Liam Hardy pt5m", "Liam Hardy pt5m"], "caliberr": [0.12710000574588776, 0.045786600559949875, 0.05878189951181412], "mag": [18.98740005493164, 18.250999450683594, 17.878700256347656], "catalog": ["APASS", "APASS", "APASS"], "filter": ["B", "V", "r"], "id": [198777, 198778, 198779]}