{"mjd": [57027.2263888889, 57035.27083333349, 57038.284553, 57039.2736207, 57040.2834826, 57041.2883062, 57051.774, 57097.748, 57051.781, 57097.744, 57059.698, 57097.752, 57045.734, 57049.734, 57055.753, 57099.711, 57038.2828151, 57038.284553, 57039.2718828, 57039.2736207, 57040.2834826, 57041.2865683, 57041.2883062, 57045.731, 57047.76, 57049.73, 57055.749, 57057.709, 57059.695, 57069.75, 57077.736, 57081.718, 57091.765, 57093.757, 57099.707, 57038.2828151, 57038.284553, 57039.2718828, 57039.2736207, 57040.2834826, 57041.2865683, 57041.2883062, 57045.727, 57047.756, 57047.764, 57049.726, 57051.778, 57055.757, 57057.716, 57059.701, 57069.754, 57069.757, 57077.739, 57077.742, 57079.688, 57081.725, 57091.761, 57093.753, 57099.703, 57057.712, 57091.769, 57093.76, 57041.2883062, 57041.2865683, 57041.2883062, 57041.2865683, 57041.2883062, 57040.178496, 57040.169548, 57040.20458, 57040.22226], "magerr": [0.18700000643730164, -1.0, -1.0, -1.0, -1.0, -1.0, 0.023800000548362732, 0.08389999717473984, 0.020400000736117363, 0.049800001084804535, 0.05119999870657921, 0.0640999972820282, 0.044199999421834946, 0.0478999987244606, 0.03680000081658363, 0.125900000333786, 0.027899999171495438, 0.026200000196695328, 0.0357000008225441, 0.032499998807907104, 0.01899999938905239, 0.05079999938607216, 0.059700001031160355, 0.025699999183416367, 0.021800000220537186, 0.040699999779462814, 0.05400000140070915, 0.17829999327659607, 0.1151999980211258, 0.03220000118017197, -1.0, 0.059700001031160355, -1.0, 0.1500999927520752, -1.0, 0.02019999921321869, 0.019700000062584877, 0.028599999845027924, 0.03189999982714653, 0.017500000074505806, 0.04019999876618385, 0.03909999877214432, 0.02160000056028366, 0.019200000911951065, 0.028200000524520874, 0.03440000116825104, 0.02590000070631504, 0.02810000069439411, 0.0723000019788742, 0.06310000270605087, 0.03150000050663948, 0.025299999862909317, -1.0, 0.09969999641180038, 0.09749999642372131, 0.050599999725818634, 0.11840000003576279, 0.08649999648332596, 0.09690000116825104, 0.062300000339746475, 0.0989999994635582, 0.08990000188350677, -1.0, 0.05079999938607216, 0.059700001031160355, 0.04019999876618385, 0.03909999877214432, -1.0, 0.07090000063180923, 0.02669999934732914, 0.03530000150203705], "alert_name": null, "observatory": ["Montarrenti Observat", "Montarrenti Observat", "Heather Campbell", "Heather Campbell", "Heather Campbell", "Heather Campbell", "Heather Campbell", "Heather Campbell", "Heather Campbell", "Heather Campbell", "Heather Campbell", "Heather Campbell", "Heather Campbell", "Heather Campbell", "Heather Campbell", "Heather Campbell", "Heather Campbell", "Heather Campbell", "Heather Campbell", "Heather Campbell", "Heather Campbell", "Heather Campbell", "Heather Campbell", "Heather Campbell", "Heather Campbell", "Heather Campbell", "Heather Campbell", "Heather Campbell", "Heather Campbell", "Heather Campbell", "Heather Campbell", "Heather Campbell", "Heather Campbell", "Heather Campbell", "Heather Campbell", "Heather Campbell", "Heather Campbell", "Heather Campbell", "Heather Campbell", "Heather Campbell", "Heather Campbell", "Heather Campbell", "Heather Campbell", "Heather Campbell", "Heather Campbell", "Heather Campbell", "Heather Campbell", "Heather Campbell", "Heather Campbell", "Heather Campbell", "Heather Campbell", "Heather Campbell", "Heather Campbell", "Heather Campbell", "Heather Campbell", "Heather Campbell", "Heather Campbell", "Heather Campbell", "Heather Campbell", "Heather Campbell", "Heather Campbell", "Heather Campbell", "Mercator, Lovro Pala", "Mercator, Lovro Pala", "Mercator, Lovro Pala", "Mercator, Lovro Pala", "Mercator, Lovro Pala", "T100,Hasan Esenoglu", "T100,Hasan Esenoglu", "K.Ilkiewicz-Loiano", "K.Ilkiewicz-Loiano"], "caliberr": [0.3387002944946289, 0.3832606077194214, 0.14438526332378387, 0.1835288554430008, 0.1849314421415329, 0.1906755566596985, 0.1045534759759903, 0.09212522208690643, 0.07805130630731583, 0.045563288033008575, 0.13847902417182922, 0.08287092298269272, 0.1652485877275467, 0.16157032549381256, 0.1057400330901146, 0.16398181021213531, 0.06920396536588669, 0.09000138193368912, 0.06989967823028564, 0.0696188285946846, 0.05253579095005989, 0.07701389491558075, 0.07855284214019775, 0.08363965898752213, 0.09662701189517975, 0.06760893762111664, 0.06598764657974243, 0.07150875777006149, 0.08517120778560638, 0.12538181245326996, 0.07379477471113205, 0.0944637805223465, 0.08772047609090805, 0.09106025099754333, 0.08047621697187424, 0.0601060651242733, 0.061243146657943726, 0.07605861127376556, 0.058610692620277405, 0.037046242505311966, 0.08447122573852539, 0.0889783501625061, 0.08352037519216537, 0.09523924440145493, 0.09174035489559174, 0.07122871279716492, 0.09281810373067856, 0.09085354208946228, 0.08497709780931473, 0.09027788788080215, 0.09016896784305573, 0.08884117752313614, 0.09072227030992508, 0.08290659636259079, 0.09814318269491196, 0.10731198638677597, 0.09312796592712402, 0.12556131184101105, 0.12295088917016983, 0.18861523270606995, 0.12915202975273132, 0.12600454688072205, 0.1906755566596985, 0.19782079756259918, 0.12632165849208832, 0.1551007330417633, 0.20979297161102295, 0.27485421299934387, 0.05128675699234009, 0.1215352788567543, 0.04010934382677078], "mag": [19.39225196838379, 19.698379516601562, 25.294492721557617, 22.362714767456055, 22.613845825195312, 24.32444190979004, 19.9477481842041, 21.593875885009766, 19.32844352722168, 20.648181915283203, 19.245094299316406, 20.459543228149414, 19.59160804748535, 19.524843215942383, 19.61583709716797, 21.38501739501953, 19.626371383666992, 19.602710723876953, 19.713756561279297, 19.7214298248291, 19.75527572631836, 19.88688850402832, 19.8579158782959, 19.828567504882812, 19.893051147460938, 19.892107009887695, 20.1416072845459, 21.26019859313965, 20.098575592041016, 20.334684371948242, 22.47650909423828, 20.79890251159668, 22.806779861450195, 21.341503143310547, 24.032373428344727, 19.143186569213867, 19.130985260009766, 19.107053756713867, 19.087814331054688, 19.151344299316406, 19.190568923950195, 19.134445190429688, 19.27611541748047, 19.276487350463867, 19.448741912841797, 19.24323272705078, 19.47531509399414, 19.447296142578125, 19.597660064697266, 19.5030517578125, 19.69717788696289, 19.622785568237305, 22.08244514465332, 20.29111099243164, 20.489696502685547, 19.86678695678711, 20.874887466430664, 20.564197540283203, 21.03400993347168, 19.043704986572266, 20.5843448638916, 20.6674861907959, 24.32444190979004, 19.835420608520508, 19.829713821411133, 19.167251586914062, 19.119028091430664, 20.68924331665039, 19.136667251586914, 19.132383346557617, 19.637601852416992], "catalog": ["SDSS", "SDSS", "SDSS", "SDSS", "SDSS", "SDSS", "SDSS", "SDSS", "SDSS", "SDSS", "SDSS", "SDSS", "APASS", "APASS", "APASS", "APASS", "APASS", "APASS", "APASS", "APASS", "APASS", "APASS", "APASS", "APASS", "APASS", "APASS", "APASS", "APASS", "APASS", "APASS", "APASS", "APASS", "APASS", "APASS", "APASS", "APASS", "APASS", "APASS", "APASS", "APASS", "APASS", "APASS", "APASS", "APASS", "APASS", "APASS", "APASS", "APASS", "APASS", "APASS", "APASS", "APASS", "APASS", "APASS", "APASS", "APASS", "APASS", "APASS", "APASS", "APASS", "APASS", "APASS", "SDSS", "SDSS", "SDSS", "SDSS", "SDSS", "SDSS", "APASS", "SDSS", "APASS"], "filter": ["V", "V", "u", "u", "u", "u", "g", "g", "r", "r", "i", "i", "V", "V", "V", "V", "g", "g", "g", "g", "g", "g", "g", "g", "g", "g", "g", "g", "g", "g", "g", "g", "g", "g", "g", "r", "r", "r", "r", "r", "r", "r", "r", "r", "r", "r", "r", "r", "r", "r", "r", "r", "r", "r", "r", "r", "r", "r", "r", "i", "i", "i", "u", "g", "g", "r", "r", "z", "r", "R", "g"],