{"mjd": [58524.279606, 58534.248473, 58524.270495, 58534.239366, 58524.275056, 58534.243924], "magerr": [-1.0, -1.0, -1.0, -1.0, -1.0, -1.0], "alert_name": null, "observatory": ["Liam Hardy pt5m", "Liam Hardy pt5m", "Liam Hardy pt5m", "Liam Hardy pt5m", "Liam Hardy pt5m", "Liam Hardy pt5m"], "caliberr": [0.12962700426578522, 0.15459699928760529, 0.17325900495052338, 0.05522250011563301, 0.06441210210323334, 0.055632200092077255], "mag": [19.68899917602539, 19.248899459838867, 19.03070068359375, 19.18899917602539, 19.350400924682617, 18.94219970703125], "catalog": ["SDSS", "SDSS", "APASS", "APASS", "APASS", "APASS"], "filter": ["R", "R", "B", "B", "V", "V"], "id": [130800, 131268, 130798, 131266, 130799, 131267]}