{"mjd": [57495.0338098, 57492.8575234, 57500.967578, 57492.8648774, 57492.8684094, 57493.8892627, 57495.8896621, 57495.893194, 57496.9496003, 57496.9531325, 57496.9566645, 57499.8764093, 57499.8799417, 57499.8834736, 57500.9713009, 57500.974833, 57479.983406, 57479.9869377, 57479.9904691, 57493.9074833, 57478.8501948, 57478.8537265, 57478.8572581, 57479.950913, 57479.9544445, 57479.9579763, 57484.8463791, 57484.8499109, 57484.8534429, 57491.8590039, 57491.8625358, 57491.8660676, 57492.8504592, 57492.8539915, 57493.8748145, 57493.8783464, 57495.8752191, 57496.9388126, 57497.8593694, 57497.8629015, 57497.8664337, 57499.8613427, 57499.8648748, 57499.8684069, 57500.9605138, 57500.9640461, 57501.8770967, 57501.8806287, 57501.8841607, 57478.8739892, 57478.8775207, 57478.8810526, 57479.9616997, 57479.9652316, 57479.9687631, 57484.8571674, 57484.8606997, 57484.8642319, 57491.8705994, 57491.8741316, 57491.8776637, 57492.8613452, 57493.8857308, 57493.8927948, 57495.88613, 57497.87444, 57497.877972, 57497.8815042, 57500.9783648, 57501.892282, 57501.8958141, 57501.8993462, 57478.8975154, 57478.9010469, 57478.9045786, 57479.9724875, 57479.9760191, 57479.9795508, 57484.8680174, 57484.8715495, 57484.8750815, 57491.8814537, 57491.8849857, 57491.8885178, 57492.8721297, 57492.8756616, 57492.879194, 57493.8966343, 57493.9001664, 57493.9036985, 57495.896912, 57495.900444, 57495.9039759, 57496.9603856, 57496.9639175, 57496.9674494, 57497.8895053, 57497.8930374, 57497.8965696, 57499.891523, 57499.8950552, 57499.8985873, 57500.9820853, 57500.9856173, 57500.9891496, 57501.9074124, 57501.9109447, 57501.9144767, 57478.9209679, 57478.9244996, 57478.9280313, 57484.8788672, 57484.8823993, 57484.8859315, 57491.8923004, 57491.8958324, 57491.8993643, 57492.8830322, 57492.8865642, 57492.8900962, 57493.9145475, 57495.9076982, 57495.9112302, 57495.9147621, 57496.9748139, 57496.9783457, 57497.9117896, 57499.9067891, 57499.9103212, 57499.9138531, 57500.9928694, 57500.9964017, 57500.9999339, 57501.9227285, 57501.9262605, 57501.9297927], "magerr": [0.045099999755620956, 0.030500000342726707, -1.0, 0.01600000075995922, 0.02669999934732914, 0.04230000078678131, 0.043299999088048935, 0.042100001126527786, 0.02759999968111515, 0.03590000048279762, 0.027300000190734863, 0.027300000190734863, 0.029100000858306885, 0.029899999499320984, 0.02669999934732914, -1.0, 0.020999999716877937, 0.013700000010430813, -1.0, -1.0, 0.011500000022351742, 0.011699999682605267, 0.011599999852478504, 0.012400000356137753, 0.012299999594688416, 0.012400000356137753, 0.014800000004470348, 0.015799999237060547, 0.01590000092983246, 0.022299999371170998, 0.021700000390410423, 0.0203000009059906, 0.027499999850988388, 0.027400000020861626, -1.0, -1.0, -1.0, -1.0, -1.0, -1.0, -1.0, -1.0, -1.0, -1.0, -1.0, -1.0, -1.0, -1.0, -1.0, 0.008700000122189522, 0.008899999782443047, 0.008500000461935997, -1.0, 0.009100000374019146, 0.009100000374019146, 0.012199999764561653, 0.011500000022351742, 0.011500000022351742, 0.013399999588727951, 0.011699999682605267, 0.013799999840557575, 0.014600000344216824, 0.025699999183416367, -1.0, 0.03750000149011612, -1.0, -1.0, -1.0, -1.0, 0.0348999984562397, 0.03480000048875809, -1.0, -1.0, -1.0, -1.0, 0.008500000461935997, 0.008299999870359898, 0.011099999770522118, 0.009399999864399433, 0.009399999864399433, 0.009399999864399433, 0.009700000286102295, 0.009499999694526196, 0.009499999694526196, 0.012299999594688416, 0.010900000110268593, 0.010599999688565731, 0.014800000004470348, 0.03180000185966492, -1.0, 0.024000000208616257, 0.02239999920129776, 0.022700000554323196, 0.013500000350177288, 0.012400000356137753, 0.013700000010430813, 0.05009999871253967, 0.04470000043511391, -1.0, 0.014999999664723873, 0.014100000262260437, 0.015200000256299973, 0.0142000000923872, 0.014499999582767487, 0.0142000000923872, 0.01850000023841858, -1.0, 0.014999999664723873, -1.0, -1.0, -1.0, 0.012299999594688416, 0.011900000274181366, 0.01209999993443489, -1.0, -1.0, -1.0, -1.0, -1.0, -1.0, -1.0, 0.024399999529123306, 0.02329999953508377, 0.023000000044703484, -1.0, 0.015399999916553497, -1.0, -1.0, -1.0, -1.0, -1.0, -1.0, 0.01549999974668026, -1.0, -1.0, -1.0], "alert_name": null, "observatory": ["K.Wiersema-Leicester", "ObsMontsec-Umut Burg", "ObsMontsec-Umut Burg", "ObsMontsec-Umut Burg", "ObsMontsec-Umut Burg", "ObsMontsec-Umut Burg", "ObsMontsec-Umut Burg", "ObsMontsec-Umut Burg", "ObsMontsec-Umut Burg", "ObsMontsec-Umut Burg", "ObsMontsec-Umut Burg", "ObsMontsec-Umut Burg", "ObsMontsec-Umut Burg", "ObsMontsec-Umut Burg", "ObsMontsec-Umut Burg", "ObsMontsec-Umut Burg", "ObsMontsec-Umut Burg", "ObsMontsec-Umut Burg", "ObsMontsec-Umut Burg", "ObsMontsec-Umut Burg", "ObsMontsec-Umut Burg", "ObsMontsec-Umut Burg", "ObsMontsec-Umut Burg", "ObsMontsec-Umut Burg", "ObsMontsec-Umut Burg", "ObsMontsec-Umut Burg", "ObsMontsec-Umut Burg", "ObsMontsec-Umut Burg", "ObsMontsec-Umut Burg", "ObsMontsec-Umut Burg", "ObsMontsec-Umut Burg", "ObsMontsec-Umut Burg", "ObsMontsec-Umut Burg", "ObsMontsec-Umut Burg", "ObsMontsec-Umut Burg", "ObsMontsec-Umut Burg", "ObsMontsec-Umut Burg", "ObsMontsec-Umut Burg", "ObsMontsec-Umut Burg", "ObsMontsec-Umut Burg", "ObsMontsec-Umut Burg", "ObsMontsec-Umut Burg", "ObsMontsec-Umut Burg", "ObsMontsec-Umut Burg", "ObsMontsec-Umut Burg", "ObsMontsec-Umut Burg", "ObsMontsec-Umut Burg", "ObsMontsec-Umut Burg", "ObsMontsec-Umut Burg", "ObsMontsec-Umut Burg", "ObsMontsec-Umut Burg", "ObsMontsec-Umut Burg", "ObsMontsec-Umut Burg", "ObsMontsec-Umut Burg", "ObsMontsec-Umut Burg", "ObsMontsec-Umut Burg", "ObsMontsec-Umut Burg", "ObsMontsec-Umut Burg", "ObsMontsec-Umut Burg", "ObsMontsec-Umut Burg", "ObsMontsec-Umut Burg", "ObsMontsec-Umut Burg", "ObsMontsec-Umut Burg", "ObsMontsec-Umut Burg", "ObsMontsec-Umut Burg", "ObsMontsec-Umut Burg", "ObsMontsec-Umut Burg", "ObsMontsec-Umut Burg", "ObsMontsec-Umut Burg", "ObsMontsec-Umut Burg", "ObsMontsec-Umut Burg", "ObsMontsec-Umut Burg", "ObsMontsec-Umut Burg", "ObsMontsec-Umut Burg", "ObsMontsec-Umut Burg", "ObsMontsec-Umut Burg", "ObsMontsec-Umut Burg", "ObsMontsec-Umut Burg", "ObsMontsec-Umut Burg", "ObsMontsec-Umut Burg", "ObsMontsec-Umut Burg", "ObsMontsec-Umut Burg", "ObsMontsec-Umut Burg", "ObsMontsec-Umut Burg", "ObsMontsec-Umut Burg", "ObsMontsec-Umut Burg", "ObsMontsec-Umut Burg", "ObsMontsec-Umut Burg", "ObsMontsec-Umut Burg", "ObsMontsec-Umut Burg", "ObsMontsec-Umut Burg", "ObsMontsec-Umut Burg", "ObsMontsec-Umut Burg", "ObsMontsec-Umut Burg", "ObsMontsec-Umut Burg", "ObsMontsec-Umut Burg", "ObsMontsec-Umut Burg", "ObsMontsec-Umut Burg", "ObsMontsec-Umut Burg", "ObsMontsec-Umut Burg", "ObsMontsec-Umut Burg", "ObsMontsec-Umut Burg", "ObsMontsec-Umut Burg", "ObsMontsec-Umut Burg", "ObsMontsec-Umut Burg", "ObsMontsec-Umut Burg", "ObsMontsec-Umut Burg", "ObsMontsec-Umut Burg", "ObsMontsec-Umut Burg", "ObsMontsec-Umut Burg", "ObsMontsec-Umut Burg", "ObsMontsec-Umut Burg", "ObsMontsec-Umut Burg", "ObsMontsec-Umut Burg", "ObsMontsec-Umut Burg", "ObsMontsec-Umut Burg", "ObsMontsec-Umut Burg", "ObsMontsec-Umut Burg", "ObsMontsec-Umut Burg", "ObsMontsec-Umut Burg", "ObsMontsec-Umut Burg", "ObsMontsec-Umut Burg", "ObsMontsec-Umut Burg", "ObsMontsec-Umut Burg", "ObsMontsec-Umut Burg", "ObsMontsec-Umut Burg", "ObsMontsec-Umut Burg", "ObsMontsec-Umut Burg", "ObsMontsec-Umut Burg", "ObsMontsec-Umut Burg", "ObsMontsec-Umut Burg", "ObsMontsec-Umut Burg", "ObsMontsec-Umut Burg", "ObsMontsec-Umut Burg", "ObsMontsec-Umut Burg", "ObsMontsec-Umut Burg"],