{"mjd": [58703.969873, 58726.035618], "magerr": [0.012640048749744892, -1.0], "alert_name": null, "observatory": ["Liam Hardy pt5m", "Liam Hardy pt5m"], "caliberr": [0.2582422196865082, 0.24960026144981384], "mag": [15.096839904785156, 20.01127815246582], "catalog": ["PS1", "PS1"], "filter": ["r", "r"], "id": [161891, 163609]}