{"mjd": [58698.051129, 58698.055691, 58698.060261], "magerr": [-1.0, -1.0, 0.007947590202093124], "alert_name": null, "observatory": ["Liam Hardy pt5m", "Liam Hardy pt5m", "Liam Hardy pt5m"], "caliberr": [0.07451629638671875, 0.0472790002822876, 0.09625150263309479], "mag": [19.66950035095215, 20.353700637817383, 15.84469985961914], "catalog": ["APASS", "APASS", "APASS"], "filter": ["B", "V", "r"], "id": [161203, 161204, 161205]}