{"mjd": [59134.107096, 59134.111016], "magerr": [-1.0, -1.0], "alert_name": null, "observatory": ["Liam Hardy pt5m", "Liam Hardy pt5m"], "caliberr": [0.0986550971865654, 0.0895179808139801], "mag": [17.461639404296875, 17.335386276245117], "catalog": ["APASS", "APASS"], "filter": ["B", "V"], "id": [202124, 202125]}