{"mjd": [58044.25236, 58047.208039, 58052.189661, 58044.243249, 58047.199501, 58052.180525, 58044.247803, 58047.204056, 58052.185104], "magerr": [0.01872105896472931, 0.0295476745814085, 0.02787778340280056, 0.053509145975112915, 0.07848338782787323, 0.09117293357849121, 0.030755827203392982, 0.03929314389824867, 0.04866921529173851], "alert_name": null, "observatory": ["Liam Hardy pt5m", "Liam Hardy pt5m", "Liam Hardy pt5m", "Liam Hardy pt5m", "Liam Hardy pt5m", "Liam Hardy pt5m", "Liam Hardy pt5m", "Liam Hardy pt5m", "Liam Hardy pt5m"], "caliberr": [0.06975708156824112, 0.1145518347620964, 0.13385577499866486, 0.04169892147183418, 0.044784948229789734, 0.09020106494426727, 0.010000020265579224, 0.039263397455215454, 0.055005330592393875], "mag": [16.071983337402344, 16.126422882080078, 16.06479835510254, 17.15129280090332, 17.807031631469727, 17.787086486816406, 16.293621063232422, 16.51291847229004, 16.5208683013916], "catalog": ["SDSS", "SDSS", "SDSS", "APASS", "APASS", "APASS", "APASS", "APASS", "APASS"], "filter": ["R", "R", "R", "B", "B", "B", "V", "V", "V"], "id": [85724, 86166, 86490, 85722, 86164, 86488, 85723, 86165, 86489]}