{"mjd": [57721.8400664, 57722.90369248, 57722.89987245, 57722.88921215, 57722.89987245], "magerr": [0.06199999898672104, 0.01899999938905239, 0.009999999776482582, 0.007000000216066837, 0.007000000216066837], "alert_name": null, "observatory": ["K.Wiersema-Leicester", "OHP Michel Dennefeld", "OHP Michel Dennefeld", "OHP Michel Dennefeld", "OHP Michel Dennefeld"], "caliberr": [0.009999999776482582, 0.1632726788520813, 0.0810302123427391, 0.05904429405927658, 0.05904429405927658], "mag": [17.39148712158203, 18.374637603759766, 17.717716217041016, 17.343774795532227, 17.343774795532227], "catalog": ["APASS", "SDSS", "SDSS", "SDSS", "SDSS"], "filter": ["V", "i", "B", "R", "R"], "id": [60274, 61395, 61394, 61390, 61391]}