{"mjd": [58810.963445, 58810.954322, 58810.958895], "magerr": [0.11670999974012375, -1.0, 0.22362199425697327], "alert_name": null, "observatory": ["Liam Hardy pt5m", "Liam Hardy pt5m", "Liam Hardy pt5m"], "caliberr": [0.17623400688171387, 0.11639899760484695, 0.09817899763584137], "mag": [18.257699966430664, 18.837299346923828, 19.103900909423828], "catalog": ["SDSS", "APASS", "APASS"], "filter": ["R", "B", "V"], "id": [173193, 173191, 173192]}