{"mjd": [57497.802994, 57497.818271, 57497.808975, 57498.907997, 57498.909503, 57500.906321, 57500.907826, 57500.909332, 57505.931251, 57505.932755, 57505.934261, 57512.92233, 57512.923836, 57512.925342, 57500.910844, 57500.91235, 57500.913856, 57505.935772, 57505.937277, 57505.938783, 57512.926853, 57512.928358, 57512.929863, 57500.897219, 57500.898776, 57500.900287, 57505.922101, 57505.923714, 57505.925219, 57498.901893, 57500.901798, 57500.903304, 57500.904808, 57505.92673, 57505.928235, 57505.92974, 57512.917809, 57507.896575, 57507.903669, 57507.910764, 57512.876513, 57512.883612, 57512.890717, 57519.899041, 57519.906143, 57519.913242, 57494.9559601], "magerr": [0.05090000107884407, 0.02969999983906746, 0.031700000166893005, -1.0, -1.0, 0.1084659993648529, 0.08795449882745743, 0.1049410030245781, -1.0, -1.0, -1.0, -1.0, -1.0, -1.0, 0.15803000330924988, -1.0, 0.13704200088977814, -1.0, -1.0, -1.0, -1.0, -1.0, -1.0, -1.0, -1.0, -1.0, -1.0, -1.0, -1.0, -1.0, 0.1572059988975525, 0.14487099647521973, -1.0, -1.0, -1.0, -1.0, -1.0, 0.01940000057220459, 0.01850000023841858, 0.019600000232458115, 0.01759999990463257, 0.01860000006854534, 0.018300000578165054, 0.01979999989271164, 0.020099999383091927, 0.021900000050663948, 0.08219999819993973], "alert_name": null, "observatory": ["T100,Hasan Esenoglu", "T100,Hasan Esenoglu", "T100,Hasan Esenoglu", "Liam Hardy pt5m", "Liam Hardy pt5m", "Liam Hardy pt5m", "Liam Hardy pt5m", "Liam Hardy pt5m", "Liam Hardy pt5m", "Liam Hardy pt5m", "Liam Hardy pt5m", "Liam Hardy pt5m", "Liam Hardy pt5m", "Liam Hardy pt5m", "Liam Hardy pt5m", "Liam Hardy pt5m", "Liam Hardy pt5m", "Liam Hardy pt5m", "Liam Hardy pt5m", "Liam Hardy pt5m", "Liam Hardy pt5m", "Liam Hardy pt5m", "Liam Hardy pt5m", "Liam Hardy pt5m", "Liam Hardy pt5m", "Liam Hardy pt5m", "Liam Hardy pt5m", "Liam Hardy pt5m", "Liam Hardy pt5m", "Liam Hardy pt5m", "Liam Hardy pt5m", "Liam Hardy pt5m", "Liam Hardy pt5m", "Liam Hardy pt5m", "Liam Hardy pt5m", "Liam Hardy pt5m", "Liam Hardy pt5m", "OmicronC2PU JPRivet", "OmicronC2PU JPRivet", "OmicronC2PU JPRivet", "OmicronC2PU JPRivet", "OmicronC2PU JPRivet", "OmicronC2PU JPRivet", "OmicronC2PU JPRivet", "OmicronC2PU JPRivet", "OmicronC2PU JPRivet", "K.Wiersema-Leicester"], "caliberr": [0.0648730993270874, 0.07549110054969788, 0.13249200582504272, 0.11069600284099579, 0.154790997505188, 0.07558850198984146, 0.058587800711393356, 0.0823834016919136, 0.05233919993042946, 0.08551979809999466, 0.10715699940919876, 0.11241800338029861, 0.17472399771213531, 0.15661099553108215, 0.1009259968996048, 0.13800500333309174, 0.11937899887561798, 0.09839320182800293, 0.10115700215101242, 0.11855100095272064, 0.15255999565124512, 0.17951899766921997, 0.19157199561595917, 0.06154029816389084, 0.09138549864292145, 0.05107780173420906, 0.08317150175571442, 0.050875499844551086, 0.08430080115795135, 0.009999999776482582, 0.025026699528098106, 0.024893099442124367, 0.03351080045104027, 0.009999999776482582, 0.02210240066051483, 0.018488900735974312, 0.027502799406647682, 0.14828699827194214, 0.15826599299907684, 0.1508149951696396, 0.09368380159139633, 0.1582529991865158, 0.14881299436092377, 0.09886910021305084, 0.10507900267839432, 0.1755940020084381, 0.009999999776482582], "mag": [18.38170051574707, 18.033899307250977, 17.727100372314453, 15.441200256347656, 15.428799629211426, 17.821500778198242, 17.66710090637207, 17.959400177001953, 17.784799575805664, 18.13610076904297, 18.065500259399414, 18.794200897216797, 18.908899307250977, 18.70490074157715, 17.348899841308594, 17.651500701904297, 17.142900466918945, 17.11240005493164, 16.813100814819336, 17.036800384521484, 17.689899444580078, 17.635700225830078, 17.435100555419922, 18.22960090637207, 18.072500228881836, 18.012699127197266, 17.560699462890625, 17.631200790405273, 17.596399307250977, 15.806099891662598, 18.246599197387695, 18.31559944152832, 18.35420036315918, 18.27440071105957, 17.996000289916992, 17.566299438476562, 18.893199920654297, 17.816999435424805, 17.851999282836914, 17.763900756835938, 17.92690086364746, 17.819299697875977, 17.798799514770508, 17.86240005493164, 17.981800079345703, 17.829299926757812, 17.96190071105957], "catalog": ["APASS", "APASS", "APASS", "SDSS", "SDSS", "SDSS", "SDSS", "SDSS", "SDSS", "SDSS", "SDSS", "SDSS", "SDSS", "SDSS", "SDSS", "SDSS", "SDSS", "SDSS", "SDSS", "SDSS", "SDSS", "SDSS", "SDSS", "APASS", "APASS", "APASS", "APASS", "APASS", "APASS", "APASS", "APASS", "APASS", "APASS", "APASS", "APASS", "APASS", "APASS", "APASS", "APASS", "APASS", "APASS", "APASS", "APASS", "APASS", "APASS", "APASS", "APASS"], "filter": ["g", "r", "i", "R", "R", "R", "R", "R", "R", "R", "R", "R", "R", "R", "I", "I", "I", "I", "I", "I", "I", "I", "I", "B", "B", "B", "B", "B", "B", "V", "V", "V", "V", "V", "V", "V", "V", "r", "r", "r", "r", "r", "r", "r", "r", "r", "r"], "id": [34349, 34350, 34351, 29124, 29125, 29258, 29259, 29260, 30177, 30178, 30179, 30994, 30995, 30996, 29261, 29262, 29263, 30180, 30181, 30182, 30997, 30998, 30999, 29252, 29253, 29254, 30171, 30172, 30173, 29123, 29255, 29256, 29257, 30174, 30175, 30176, 30993, 30637, 30638, 30639, 35986, 35987, 35988, 35923, 35924, 35925, 30163]}