{"mjd": [58093.71381944], "magerr": [0.0940999984741211], "alert_name": null, "observatory": ["Loiano, Felice Cusan"], "caliberr": [0.38304099440574646], "mag": [15.710700035095215], "catalog": ["APASS"], "filter": ["V"], "id": [90683]}