{"mjd": [58424.156323, 58422.220554, 58424.146446, 58422.225118, 58424.151768, 58422.228916], "magerr": [0.13312438130378723, -1.0, -1.0, -1.0, -1.0, -1.0], "alert_name": null, "observatory": ["Liam Hardy pt5m", "Liam Hardy pt5m", "Liam Hardy pt5m", "Liam Hardy pt5m", "Liam Hardy pt5m", "Liam Hardy pt5m"], "caliberr": [0.17951373755931854, 0.08449965715408325, 0.0508689247071743, 0.12185529619455338, 0.09586435556411743, 0.13178375363349915], "mag": [18.62960433959961, 19.084625244140625, 19.207935333251953, 18.874223709106445, 19.460662841796875, 18.63813018798828], "catalog": ["SDSS", "APASS", "APASS", "APASS", "APASS", "APASS"], "filter": ["R", "B", "B", "V", "V", "r"], "id": [125128, 124153, 125126, 124154, 125127, 124155]}