{"mjd": [59444.897212], "magerr": [0.06255650520324707], "alert_name": null, "observatory": ["Liam Hardy pt5m"], "caliberr": [0.11609558016061783], "mag": [16.127622604370117], "catalog": ["APASS"], "filter": ["B"], "id": [231506]}