{"mjd": [59321.173629, 59321.178188], "magerr": [-1.0, -1.0], "alert_name": null, "observatory": ["Liam Hardy pt5m", "Liam Hardy pt5m"], "caliberr": [0.02819881960749626, 0.07938017696142197], "mag": [19.43812370300293, 19.192169189453125], "catalog": ["APASS", "APASS"], "filter": ["B", "V"], "id": [217733, 217734]}