{"mjd": [57633.139949001, 57634.067864001, 57633.115187001, 57633.128190001, 57633.143883002, 57634.056113001, 57633.117687001, 57633.132065001, 57634.059989002, 57633.120253001, 57633.136018001, 57634.063947001], "magerr": [0.014600000344216824, 0.01360000018030405, 0.009100000374019146, 0.007300000172108412, 0.009700000286102295, 0.007799999788403511, 0.011800000444054604, 0.00989999994635582, 0.010700000450015068, 0.010900000110268593, 0.009499999694526196, 0.009700000286102295], "alert_name": null, "observatory": ["GiuseppeAltavillaLoi", "GiuseppeAltavillaLoi", "GiuseppeAltavillaLoi", "GiuseppeAltavillaLoi", "GiuseppeAltavillaLoi", "GiuseppeAltavillaLoi", "GiuseppeAltavillaLoi", "GiuseppeAltavillaLoi", "GiuseppeAltavillaLoi", "GiuseppeAltavillaLoi", "GiuseppeAltavillaLoi", "GiuseppeAltavillaLoi"], "caliberr": [0.26285457611083984, 0.10158805549144745, 0.05198688060045242, 0.05770125240087509, 0.05049947649240494, 0.03672489523887634, 0.03362187743186951, 0.03440391272306442, 0.03150232136249542, 0.10974127799272537, 0.08473914861679077, 0.11926550418138504], "mag": [15.974006652832031, 16.102642059326172, 16.46490478515625, 16.445314407348633, 16.463903427124023, 16.489465713500977, 17.211366653442383, 17.220882415771484, 17.262033462524414, 16.16457748413086, 16.158742904663086, 16.19577980041504], "catalog": ["SDSS", "SDSS", "SDSS", "SDSS", "SDSS", "SDSS", "APASS", "APASS", "APASS", "APASS", "APASS", "APASS"], "filter": ["z", "z", "R", "R", "R", "R", "g", "g", "g", "i", "i", "i"], "id": [43323, 43316, 43061, 43224, 43225, 43313, 43226, 43227, 43314, 43230, 43229, 43317]}