{"mjd": [57986.99598, 57990.979395, 57987.000787, 57990.984087, 57987.005432, 57990.988721], "magerr": [-1.0, -1.0, -1.0, -1.0, -1.0, -1.0], "alert_name": null, "observatory": ["Liam Hardy pt5m", "Liam Hardy pt5m", "Liam Hardy pt5m", "Liam Hardy pt5m", "Liam Hardy pt5m", "Liam Hardy pt5m"], "caliberr": [0.11230800300836563, 0.06266000121831894, 0.039636798202991486, 0.042730700224637985, 0.05867660045623779, 0.059536099433898926], "mag": [18.259599685668945, 18.817100524902344, 20.3341007232666, 19.584400177001953, 19.024999618530273, 18.553600311279297], "catalog": ["APASS", "APASS", "APASS", "APASS", "APASS", "APASS"], "filter": ["B", "B", "V", "V", "r", "r"], "id": [82074, 82328, 82075, 82329, 82076, 82330]}