{"mjd": [58725.089958, 58740.073175, 58747.024778, 58725.094526, 58740.077738, 58747.029345, 58725.099101, 58740.08233, 58747.033921], "magerr": [0.007940653711557388, 0.011396396905183792, 0.00642915116623044, 0.0046779196709394455, 0.006016171537339687, 0.004391264170408249, 0.0034655428025871515, 0.004761743824928999, 0.003267668653279543], "alert_name": null, "observatory": ["Liam Hardy pt5m", "Liam Hardy pt5m", "Liam Hardy pt5m", "Liam Hardy pt5m", "Liam Hardy pt5m", "Liam Hardy pt5m", "Liam Hardy pt5m", "Liam Hardy pt5m", "Liam Hardy pt5m"], "caliberr": [0.08453217148780823, 0.013722611591219902, 0.07260078191757202, 0.013290982693433762, 0.03721374645829201, 0.06026119738817215, 0.04901798814535141, 0.04161728546023369, 0.04900631681084633], "mag": [14.682912826538086, 14.635828971862793, 14.746760368347168, 14.227779388427734, 14.181173324584961, 14.278200149536133, 14.05936336517334, 14.00937271118164, 14.119438171386719], "catalog": ["APASS", "APASS", "APASS", "APASS", "APASS", "APASS", "APASS", "APASS", "APASS"], "filter": ["B", "B", "B", "V", "V", "V", "r", "r", "r"], "id": [163500, 164389, 165131, 163501, 164390, 165132, 163502, 164391, 165133]}