{"mjd": [58426.7438194444, 58426.7461342593, 58426.7323842593, 58426.7366319443, 58426.7391319443, 58426.7413425925, 58387.606318, 58389.8534, 58389.856329, 58389.859228, 58390.226771, 58391.850637, 58392.528751, 58393.837261, 58394.581539, 58395.925088, 58402.598266, 58403.855892, 58404.828912, 58405.564493, 58406.236935, 58407.509251, 58426.833212, 58428.838118, 58386.863575, 58386.866482, 58387.862668, 58389.865041, 58390.860144, 58391.857914, 58393.846002, 58394.845317, 58395.932373, 58402.839138, 58403.864626, 58404.837641, 58405.836909, 58406.834801, 58407.83555, 58426.865232, 58428.872379, 58386.8723, 58387.8714, 58389.873757, 58390.868881, 58391.866643, 58393.853276, 58394.85404, 58402.847864, 58403.873347, 58404.846371, 58405.845636, 58406.843526, 58407.844276, 58426.873957, 58428.881101, 58386.878124, 58386.881026, 58386.883939, 58387.880141, 58389.882485, 58390.877622, 58391.876835, 58393.862014, 58394.862766, 58402.856604, 58403.882082, 58404.855104, 58405.854374, 58406.852259, 58407.853011, 58426.882688, 58428.889825, 58461.7681041, 58461.7702757, 58463.7543061, 58463.75431, 58461.7725669, 58461.774745, 58463.7585791, 58463.75858, 58463.76075, 58463.7607525, 58461.7772708, 58461.7794457, 58435.7973842593, 58435.7861689813, 58435.7917708335, 58435.7883449076, 58435.7939583333, 58435.7995717591, 58435.7898379629, 58435.7909722221, 58435.7965856483, 58435.8021875001, 58428.79807427, 58428.80546594, 58428.81288041, 58428.82029488, 58436.70501823, 58537.14364472, 58589.06065261, 58594.99521807, 58626.94378482, 58635.90524187, 58645.92788573, 58657.92264201, 58667.05482325, 58687.90186285, 58696.88682527, 58706.86647527, 58716.85077116, 58729.96631417, 58740.81825776, 58747.80708671, 58763.7824618, 58768.80134685, 58777.76938364, 58923.0882554, 58930.07011382, 58941.03946277, 58951.0109267, 58960.98562966, 58990.94949719, 59001.87619113, 59011.91571904, 59012.87622532, 59022.92239599, 59042.96435941, 59062.99571461, 59072.87593966, 59082.84978387, 59099.8282217, 59103.82172051, 59158.83463739, 59167.70204103, 59174.72637321, 59260.17363434, 59269.16886465], "magerr": [0.006399999838322401, 0.006599999964237213, 0.0026000000070780516, 0.0032999999821186066, 0.0031999999191612005, 0.0032999999821186066, -1.0, -1.0, -1.0, -1.0, -1.0, -1.0, -1.0, -1.0, -1.0, -1.0, -1.0, -1.0, -1.0, -1.0, -1.0, -1.0, -1.0, -1.0, 0.11000760644674301, 0.12003596872091293, 0.04832007735967636, -1.0, 0.03993663936853409, 0.03997216373682022, 0.03368241339921951, 0.07998494803905487, 0.058072030544281006, 0.05000566318631172, 0.0481877326965332, 0.05774182826280594, 0.05059828236699104, 0.04299614951014519, 0.042281653732061386, 0.04424651339650154, 0.0375523641705513, 0.01662035845220089, 0.01662948913872242, 0.02809309773147106, 0.015615537762641907, 0.015253844670951366, 0.021069414913654327, 0.041224852204322815, 0.020313041284680367, 0.02163807675242424, 0.0194977018982172, 0.020545968785881996, 0.020501036196947098, 0.020038824528455734, 0.01611098274588585, 0.0178739782422781, 0.03146154060959816, 0.03115994669497013, 0.03481375053524971, 0.020052963867783546, 0.018751295283436775, 0.01863272860646248, 0.01524033397436142, 0.018661197274923325, 0.07055239379405975, 0.020210325717926025, 0.02085241489112377, 0.021226603537797928, 0.01990794576704502, 0.021935943514108658, 0.0182212945073843, 0.019766246899962425, 0.018952572718262672, 0.05660000070929527, 0.05530000105500221, 0.019899999722838402, 0.019899999722838402, 0.027499999850988388, 0.03220000118017197, 0.011900000274181366, 0.011900000274181366, 0.012500000186264515, 0.012500000186264515, 0.01810000091791153, 0.014100000262260437, 0.01850000023841858, 0.020400000736117363, 0.01899999938905239, 0.006200000178068876, 0.006000000052154064, 0.006099999882280827, 0.004100000020116568, 0.005100000184029341, 0.0052999998442828655, 0.0052999998442828655, 0.026799999177455902, 0.026399999856948853, 0.02630000002682209, 0.028200000524520874, 0.021700000390410423, 0.03359999880194664, 0.02199999988079071, 0.027000000700354576, 0.019999999552965164, 0.02370000071823597, 0.028300000354647636, 0.01889999955892563, 0.022700000554323196, 0.021900000050663948, 0.027499999850988388, 0.04149999842047691, 0.02979999966919422, 0.0333000011742115, 0.04479999840259552, 0.023800000548362732, 0.026399999856948853, 0.027499999850988388, 0.025200000032782555, 0.03579999879002571, 0.026100000366568565, 0.02969999983906746, 0.032099999487400055, 0.020600000396370888, 0.020800000056624413, 0.026200000196695328, 0.022299999371170998, 0.04430000111460686, 0.02250000089406967, 0.021199999377131462, 0.039400000125169754, 0.022299999371170998, 0.0215000007301569, 0.0203000009059906, 0.0215000007301569, 0.09179999679327011, 0.020099999383091927, 0.0210999995470047, 0.027499999850988388, 0.03460000082850456], "alert_name": null, "observatory": ["BAS NAO 2m Rozhen", "BAS NAO 2m Rozhen", "BAS NAO 2m Rozhen", "BAS NAO 2m Rozhen", "BAS NAO 2m Rozhen", "BAS NAO 2m Rozhen", "Liam Hardy pt5m", "Liam Hardy pt5m", "Liam Hardy pt5m", "Liam Hardy pt5m", "Liam Hardy pt5m", "Liam Hardy pt5m", "Liam Hardy pt5m", "Liam Hardy pt5m", "Liam Hardy pt5m", "Liam Hardy pt5m", "Liam Hardy pt5m", "Liam Hardy pt5m", "Liam Hardy pt5m", "Liam Hardy pt5m", "Liam Hardy pt5m", "Liam Hardy pt5m", "Liam Hardy pt5m", "Liam Hardy pt5m", "Liam Hardy pt5m", "Liam Hardy pt5m", "Liam Hardy pt5m", "Liam Hardy pt5m", "Liam Hardy pt5m", "Liam Hardy pt5m", "Liam Hardy pt5m", "Liam Hardy pt5m", "Liam Hardy pt5m", "Liam Hardy pt5m", "Liam Hardy pt5m", "Liam Hardy pt5m", "Liam Hardy pt5m", "Liam Hardy pt5m", "Liam Hardy pt5m", "Liam Hardy pt5m", "Liam Hardy pt5m", "Liam Hardy pt5m", "Liam Hardy pt5m", "Liam Hardy pt5m", "Liam Hardy pt5m", "Liam Hardy pt5m", "Liam Hardy pt5m", "Liam Hardy pt5m", "Liam Hardy pt5m", "Liam Hardy pt5m", "Liam Hardy pt5m", "Liam Hardy pt5m", "Liam Hardy pt5m", "Liam Hardy pt5m", "Liam Hardy pt5m", "Liam Hardy pt5m", "Liam Hardy pt5m", "Liam Hardy pt5m", "Liam Hardy pt5m", "Liam Hardy pt5m", "Liam Hardy pt5m", "Liam Hardy pt5m", "Liam Hardy pt5m", "Liam Hardy pt5m", "Liam Hardy pt5m", "Liam Hardy pt5m", "Liam Hardy pt5m", "Liam Hardy pt5m", "Liam Hardy pt5m", "Liam Hardy pt5m", "Liam Hardy pt5m", "Liam Hardy pt5m", "Liam Hardy pt5m", "ObsMontsec-Umut Burg", "ObsMontsec-Umut Burg", "ObsMontsec-Umut Burg", "ObsMontsec-Umut Burg", "ObsMontsec-Umut Burg", "ObsMontsec-Umut Burg", "ObsMontsec-Umut Burg", "ObsMontsec-Umut Burg", "ObsMontsec-Umut Burg", "ObsMontsec-Umut Burg", "ObsMontsec-Umut Burg", "ObsMontsec-Umut Burg", "ASV1.4 Goran Damljan", "ASV1.4 Goran Damljan", "ASV1.4 Goran Damljan", "ASV1.4 Goran Damljan", "ASV1.4 Goran Damljan", "ASV1.4 Goran Damljan", "ASV1.4 Goran Damljan", "ASV1.4 Goran Damljan", "ASV1.4 Goran Damljan", "ASV1.4 Goran Damljan", "OndrejovD50, Martin ", "OndrejovD50, Martin ", "OndrejovD50, Martin ", "OndrejovD50, Martin ", "OndrejovD50, Martin ", "OndrejovD50, Martin ", "OndrejovD50, Martin ", "OndrejovD50, Martin ", "OndrejovD50, Martin ", "OndrejovD50, Martin ", "OndrejovD50, Martin ", "OndrejovD50, Martin ", "OndrejovD50, Martin ", "OndrejovD50, Martin ", "OndrejovD50, Martin ", "OndrejovD50, Martin ", "OndrejovD50, Martin ", "OndrejovD50, Martin ", "OndrejovD50, Martin ", "OndrejovD50, Martin ", "OndrejovD50, Martin ", "OndrejovD50, Martin ", "OndrejovD50, Martin ", "OndrejovD50, Martin ", "OndrejovD50, Martin ", "OndrejovD50, Martin ", "OndrejovD50, Martin ", "OndrejovD50, Martin ", "OndrejovD50, Martin ", "OndrejovD50, Martin ", "OndrejovD50, Martin ", "OndrejovD50, Martin ", "OndrejovD50, Martin ", "OndrejovD50, Martin ", "OndrejovD50, Martin ", "OndrejovD50, Martin ", "OndrejovD50, Martin ", "OndrejovD50, Martin ", "OndrejovD50, Martin ", "OndrejovD50, Martin ", "OndrejovD50, Martin ", "OndrejovD50, Martin ", "OndrejovD50, Martin ", "OndrejovD50, Martin "],