{"mjd": [58584.105129, 58584.109681, 58591.018568, 58583.090831, 58584.100555], "magerr": [0.02758070081472397, 0.016071200370788574, 0.03397979959845543, -1.0, -1.0], "alert_name": null, "observatory": ["Liam Hardy pt5m", "Liam Hardy pt5m", "Liam Hardy pt5m", "Liam Hardy pt5m", "Liam Hardy pt5m"], "caliberr": [0.1536879986524582, 0.10793700069189072, 0.05549880117177963, 0.09153249859809875, 0.01000010035932064], "mag": [16.084699630737305, 15.825499534606934, 16.01490020751953, 19.157499313354492, 19.43779945373535], "catalog": ["SDSS", "SDSS", "SDSS", "APASS", "APASS"], "filter": ["V", "R", "R", "B", "B"], "id": [150470, 150471, 150685, 150367, 150469]}