{"mjd": [58637.992947, 58650.008609, 58637.997504, 58650.013158, 58638.001298, 58650.01619], "magerr": [-1.0, -1.0, 0.11148600280284882, -1.0, -1.0, -1.0], "alert_name": null, "observatory": ["Liam Hardy pt5m", "Liam Hardy pt5m", "Liam Hardy pt5m", "Liam Hardy pt5m", "Liam Hardy pt5m", "Liam Hardy pt5m"], "caliberr": [0.009999999776482582, 0.05659230053424835, 0.09791749715805054, 0.09567970037460327, 0.08396779745817184, 0.07666909694671631], "mag": [18.7544002532959, 19.045400619506836, 18.35770034790039, 19.122100830078125, 19.586299896240234, 19.03809928894043], "catalog": ["APASS", "APASS", "APASS", "APASS", "APASS", "APASS"], "filter": ["B", "B", "V", "V", "r", "r"], "id": [154173, 155582, 154174, 155583, 154175, 155584]}