{"mjd": [58859.106417], "magerr": [-1.0], "alert_name": null, "observatory": ["Liam Hardy pt5m"], "caliberr": [0.07667019963264465], "mag": [18.07270050048828], "catalog": ["SDSS"], "filter": ["R"], "id": [175188]}