{"mjd": [59092.913963, 59096.904456, 59092.918516, 59096.909012, 59092.92307, 59096.913566], "magerr": [-1.0, -1.0, 0.09905319660902023, 0.06861600279808044, 0.04278950020670891, 0.061097100377082825], "alert_name": null, "observatory": ["Liam Hardy pt5m", "Liam Hardy pt5m", "Liam Hardy pt5m", "Liam Hardy pt5m", "Liam Hardy pt5m", "Liam Hardy pt5m"], "caliberr": [0.1100040003657341, 0.0774260014295578, 0.08095269650220871, 0.0778689980506897, 0.07376249879598618, 0.07763189822435379], "mag": [18.922000885009766, 18.80739974975586, 17.877599716186523, 18.187299728393555, 16.936800003051758, 17.822200775146484], "catalog": ["APASS", "APASS", "APASS", "APASS", "APASS", "APASS"], "filter": ["B", "B", "V", "V", "r", "r"], "id": [197886, 198206, 197887, 198207, 197888, 198208]}