{"mjd": [57099.4146806], "magerr": [-1.0], "alert_name": null, "observatory": ["Euler Geneva Group"], "caliberr": [0.07390810549259186], "mag": [25.803813934326172], "catalog": ["APASS"], "filter": ["r"], "id": [17832]}