{"mjd": [59112.011891, 59118.012059, 59128.023091, 59112.016449, 59118.015856, 59128.026877, 59112.021001, 59118.0219, 59128.031426], "magerr": [-1.0, -1.0, -1.0, 0.14278699457645416, -1.0, -1.0, 0.09947779774665833, -1.0, -1.0], "alert_name": null, "observatory": ["Liam Hardy pt5m", "Liam Hardy pt5m", "Liam Hardy pt5m", "Liam Hardy pt5m", "Liam Hardy pt5m", "Liam Hardy pt5m", "Liam Hardy pt5m", "Liam Hardy pt5m", "Liam Hardy pt5m"], "caliberr": [0.07190799713134766, 0.23147599399089813, 0.12972599267959595, 0.04454459995031357, 0.1086369976401329, 0.009999999776482582, 0.06656990200281143, 0.08885350078344345, 0.009999999776482582], "mag": [19.008800506591797, 15.918600082397461, 16.95509910583496, 18.690500259399414, 16.706100463867188, 18.49810028076172, 18.333900451660156, 15.03849983215332, 18.34830093383789], "catalog": ["APASS", "APASS", "APASS", "APASS", "APASS", "APASS", "APASS", "APASS", "APASS"], "filter": ["B", "B", "B", "V", "V", "V", "r", "r", "r"], "id": [199462, 200819, 201817, 199463, 200820, 201818, 199464, 200821, 201819]}