{"mjd": [58643.159776, 58647.145078, 58654.115991, 58643.164341, 58647.149644, 58654.120555, 58643.168903, 58647.154212, 58654.125121], "magerr": [-1.0, -1.0, -1.0, 0.1016940027475357, 0.15861999988555908, -1.0, 0.05647290125489235, 0.06746479868888855, 0.0676359012722969], "alert_name": null, "observatory": ["Liam Hardy pt5m", "Liam Hardy pt5m", "Liam Hardy pt5m", "Liam Hardy pt5m", "Liam Hardy pt5m", "Liam Hardy pt5m", "Liam Hardy pt5m", "Liam Hardy pt5m", "Liam Hardy pt5m"], "caliberr": [0.03794819861650467, 0.047773100435733795, 0.037231601774692535, 0.19436800479888916, 0.15472300350666046, 0.16231699287891388, 0.13940000534057617, 0.15284700691699982, 0.14621999859809875], "mag": [19.030000686645508, 19.292499542236328, 19.15060043334961, 19.104799270629883, 19.25749969482422, 19.6427001953125, 18.44420051574707, 18.694400787353516, 18.010900497436523], "catalog": ["APASS", "APASS", "APASS", "APASS", "APASS", "APASS", "APASS", "APASS", "APASS"], "filter": ["B", "B", "B", "V", "V", "V", "r", "r", "r"], "id": [154864, 155257, 156023, 154865, 155258, 156024, 154866, 155259, 156025]}