{"mjd": [59102.10524, 59113.012062, 59118.995164, 59102.109811, 59113.016625, 59118.999863, 59102.114379, 59113.021194, 59119.004598], "magerr": [0.1277409940958023, 0.14195899665355682, -1.0, 0.07763499766588211, 0.08659899979829788, 0.06832890212535858, 0.06164510175585747, 0.06686580181121826, 0.07789979875087738], "alert_name": null, "observatory": ["Liam Hardy pt5m", "Liam Hardy pt5m", "Liam Hardy pt5m", "Liam Hardy pt5m", "Liam Hardy pt5m", "Liam Hardy pt5m", "Liam Hardy pt5m", "Liam Hardy pt5m", "Liam Hardy pt5m"], "caliberr": [0.13910900056362152, 0.15315499901771545, 0.11314500123262405, 0.11937599629163742, 0.10083399713039398, 0.14132800698280334, 0.12891200184822083, 0.13853700459003448, 0.12831899523735046], "mag": [18.310100555419922, 18.333599090576172, 18.6033992767334, 18.297399520874023, 17.898799896240234, 17.96769905090332, 18.2096004486084, 18.13129997253418, 18.2450008392334], "catalog": ["APASS", "APASS", "APASS", "APASS", "APASS", "APASS", "APASS", "APASS", "APASS"], "filter": ["B", "B", "B", "V", "V", "V", "r", "r", "r"], "id": [198787, 199634, 201431, 198788, 199635, 201432, 198789, 199636, 201433]}