{"mjd": [58206.02140394, 58206.02260301, 58207.99866897, 58208.54951161, 58208.55070835, 58209.54392362, 58209.54512268, 58210.9954074, 58210.9966042, 58211.54403472, 58211.54523379, 58206.0264838, 58206.0276794, 58208.00376157, 58208.55459607, 58208.55580443, 58209.54901737, 58209.55021757, 58211.00048611, 58211.00167708, 58211.54912037, 58211.55031711, 58220.12812269, 58220.12966089, 58223.00064815, 58206.02394907, 58206.02514005, 58208.00122106, 58208.55205673, 58208.55325466, 58209.54647452, 58209.54766899, 58210.99795252, 58210.99914473, 58211.5465787, 58220.1248912, 58220.12643056], "magerr": [0.020099999383091927, 0.020999999716877937, 0.0333000011742115, 0.057100001722574234, 0.042100001126527786, 0.03319999948143959, 0.02810000069439411, 0.016200000420212746, 0.015300000086426735, 0.041200000792741776, 0.029200000688433647, 0.00989999994635582, 0.007000000216066837, 0.013199999928474426, 0.014600000344216824, 0.013199999928474426, 0.01080000028014183, 0.008100000210106373, 0.007199999876320362, 0.007600000128149986, 0.013500000350177288, 0.011300000362098217, 0.00430000014603138, 0.004399999976158142, 0.009200000204145908, 0.005100000184029341, 0.00559999980032444, 0.007899999618530273, 0.007799999788403511, 0.006800000090152025, 0.007000000216066837, 0.006300000008195639, 0.004600000102072954, 0.004600000102072954, 0.007300000172108412, 0.0034000000450760126, 0.0032999999821186066], "alert_name": null, "observatory": ["LCOGT1m, Kris Rybick", "LCOGT1m, Kris Rybick", "LCOGT1m, Kris Rybick", "LCOGT1m, Kris Rybick", "LCOGT1m, Kris Rybick", "LCOGT1m, Kris Rybick", "LCOGT1m, Kris Rybick", "LCOGT1m, Kris Rybick", "LCOGT1m, Kris Rybick", "LCOGT1m, Kris Rybick", "LCOGT1m, Kris Rybick", "LCOGT1m, Kris Rybick", "LCOGT1m, Kris Rybick", "LCOGT1m, Kris Rybick", "LCOGT1m, Kris Rybick", "LCOGT1m, Kris Rybick", "LCOGT1m, Kris Rybick", "LCOGT1m, Kris Rybick", "LCOGT1m, Kris Rybick", "LCOGT1m, Kris Rybick", "LCOGT1m, Kris Rybick", "LCOGT1m, Kris Rybick", "LCOGT1m, Kris Rybick", "LCOGT1m, Kris Rybick", "LCOGT1m, Kris Rybick", "LCOGT1m, Kris Rybick", "LCOGT1m, Kris Rybick", "LCOGT1m, Kris Rybick", "LCOGT1m, Kris Rybick", "LCOGT1m, Kris Rybick", "LCOGT1m, Kris Rybick", "LCOGT1m, Kris Rybick", "LCOGT1m, Kris Rybick", "LCOGT1m, Kris Rybick", "LCOGT1m, Kris Rybick", "LCOGT1m, Kris Rybick", "LCOGT1m, Kris Rybick"], "caliberr": [0.045195698738098145, 0.04656510055065155, 0.0481003001332283, 0.04699280112981796, 0.0436537005007267, 0.04737180098891258, 0.044538598507642746, 0.048110101372003555, 0.04629020020365715, 0.04897719994187355, 0.04722600057721138, 0.030721399933099747, 0.02970300056040287, 0.03139049932360649, 0.028651699423789978, 0.03623019903898239, 0.032384999096393585, 0.03216850012540817, 0.03219680115580559, 0.03499229997396469, 0.03101620078086853, 0.03194250166416168, 0.03229660168290138, 0.030397599563002586, 0.03610629960894585, 0.10366400331258774, 0.10613299906253815, 0.11118300259113312, 0.10366500169038773, 0.10156600177288055, 0.10161600261926651, 0.1015779972076416, 0.1063620001077652, 0.10766900330781937, 0.10188499838113785, 0.09378620237112045, 0.08651919662952423], "mag": [17.277299880981445, 17.232099533081055, 17.133399963378906, 17.33169937133789, 17.23080062866211, 17.183000564575195, 17.136999130249023, 17.151199340820312, 17.127700805664062, 17.22960090637207, 17.161300659179688, 15.816900253295898, 15.826700210571289, 15.847900390625, 15.844799995422363, 15.82390022277832, 15.802800178527832, 15.790800094604492, 15.791799545288086, 15.78279972076416, 15.810999870300293, 15.844400405883789, 15.832300186157227, 15.83240032196045, 15.839500427246094, 14.732799530029297, 14.726699829101562, 14.733599662780762, 14.717499732971191, 14.706899642944336, 14.696399688720703, 14.68910026550293, 14.694600105285645, 14.690799713134766, 14.720999717712402, 14.823100090026855, 14.825200080871582], "catalog": ["APASS", "APASS", "APASS", "APASS", "APASS", "APASS", "APASS", "APASS", "APASS", "APASS", "APASS", "APASS", "APASS", "APASS", "APASS", "APASS", "APASS", "APASS", "APASS", "APASS", "APASS", "APASS", "APASS", "APASS", "APASS", "APASS", "APASS", "APASS", "APASS", "APASS", "APASS", "APASS", "APASS", "APASS", "APASS", "PS1", "PS1"], "filter": ["g", "g", "g", "g", "g", "g", "g", "g", "g", "g", "g", "r", "r", "r", "r", "r", "r", "r", "r", "r", "r", "r", "r", "r", "r", "i", "i", "i", "i", "i", "i", "i", "i", "i", "i", "i", "i"], "id": [103369, 103370, 103375, 103378, 103379, 103384, 103385, 103390, 103391, 103396, 103397, 103373, 103374, 103377, 103382, 103383, 103388, 103389, 103394, 103395, 103399, 103400, 103403, 103404, 103405, 103371, 103372, 103376, 103380, 103381, 103386, 103387, 103392, 103393, 103398, 103401, 103402]}