{"mjd": [57559.0155745], "magerr": [0.02459999918937683], "alert_name": null, "observatory": ["K.Wiersema-NTT"], "caliberr": [0.02498669922351837], "mag": [18.61750030517578], "catalog": ["SDSS"], "filter": ["V"], "id": [50982]}