{"mjd": [59342.052650799975, 59342.05412949994, 59342.05601429986, 59342.057511399966, 59342.05917959986, 59342.06032369984, 59342.06145759998, 59342.06275819987, 59342.06389540015, 59342.06503600022, 59335.96665378, 59342.00454976, 59335.95960439, 59335.97376203, 59342.01165841, 59276.08263889002, 59276.07557869982], "magerr": [0.05649999901652336, -1.0, 0.012500000186264515, 0.012299999594688416, 0.006399999838322401, 0.005900000222027302, 0.006200000178068876, 0.004399999976158142, 0.004000000189989805, 0.00430000014603138, 0.012799999676644802, 0.014000000432133675, 0.01640000008046627, 0.008100000210106373, 0.011900000274181366, -1.0, -1.0], "alert_name": null, "observatory": ["ObsMontsec-Umut Burg", "ObsMontsec-Umut Burg", "ObsMontsec-Umut Burg", "ObsMontsec-Umut Burg", "ObsMontsec-Umut Burg", "ObsMontsec-Umut Burg", "ObsMontsec-Umut Burg", "ObsMontsec-Umut Burg", "ObsMontsec-Umut Burg", "ObsMontsec-Umut Burg", "Moletai0.35-Erika Pa", "Moletai0.35-Erika Pa", "Moletai0.35-Erika Pa", "Moletai0.35-Erika Pa", "Moletai0.35-Erika Pa", "MOLETAI-35cm_CCD4710", "MOLETAI-35cm_CCD4710"], "caliberr": [0.12110769748687744, 0.12067407369613647, 0.06190713867545128, 0.06762608140707016, 0.05463896319270134, 0.05776462331414223, 0.056304629892110825, 0.17604480683803558, 0.17697623372077942, 0.16347819566726685, 0.1062643751502037, 0.11585091799497604, 0.09049589931964874, 0.1688758134841919, 0.16995751857757568, 0.0674428939819336, 0.04399413242936134], "mag": [17.330663681030273, 27.15046501159668, 16.04657554626465, 16.039642333984375, 15.329803466796875, 15.326900482177734, 15.325115203857422, 14.487813949584961, 14.476432800292969, 14.483953475952148, 15.8454008102417, 15.879541397094727, 15.30369758605957, 14.510296821594238, 14.310324668884277, 19.890228271484375, 19.569482803344727], "catalog": ["APASS", "APASS", "APASS", "APASS", "APASS", "APASS", "APASS", "APASS", "APASS", "APASS", "APASS", "APASS", "APASS", "APASS", "APASS", "APASS", "APASS"], "filter": ["B", "B", "V", "V", "r", "r", "r", "i", "i", "i", "V", "V", "r", "i", "i", "V", "r"], "id": [220528, 220529, 220530, 220531, 220532, 220533, 220534, 220535, 220536, 220537, 220511, 220714, 220510, 220509, 220712, 213675, 213673]}