{"mjd": [58894.12514, 58896.7458, 58897.1664, 58913.78883, 58913.788832, 58913.80714, 58929.768823, 58929.779601, 58930.786745, 58930.797523, 58932.776285, 58932.787061, 58894.12871, 58897.16996, 58897.17718, 58913.792397, 58913.7924, 58913.79962, 58913.799621, 58929.772388, 58929.783166, 58930.79031, 58930.801088, 58932.77985, 58932.790626, 58894.13232, 58897.17357, 58897.1808, 58913.796008, 58913.79601, 58913.80323, 58913.803232, 58929.775999, 58929.786777, 58930.793922, 58930.804699, 58932.783461, 58932.794239, 58884.71960464, 58884.73038, 58884.73755822, 58884.79112597, 58884.801902, 58885.49601, 58885.7040976, 58885.714873, 58885.7603765, 58888.857047, 58913.807136, 58923.787437, 58923.798212, 58928.0651275, 58928.075903, 58931.773091, 58934.095137, 58934.1059159, 58934.75278, 58934.7635595, 58934.8150699, 58944.7791417, 58944.7899195, 58884.72317, 58884.73394535, 58884.7946908, 58885.7076624, 58885.718438, 58885.753166, 58885.76394156, 58923.7910014, 58923.801777, 58928.068692, 58928.0794678, 58944.78635465, 58884.72678, 58884.73755822, 58884.798302, 58884.80907846, 58885.711273, 58885.72204999, 58885.756777, 58885.767553, 58923.794612, 58923.8053886, 58928.072303, 58928.083079, 58944.76522968, 58944.7719652, 58944.782741667, 58903.7106649, 58903.717048, 58903.713718, 58903.7190336, 58903.71547398, 58903.72066347], "magerr": [0.008899999782443047, 0.004699999932199717, 0.005200000014156103, -1.0, 0.007300000172108412, 0.008299999870359898, 0.003599999938160181, 0.026599999517202377, 0.022700000554323196, 0.0044999998062849045, 0.0034000000450760126, 0.003599999938160181, 0.008299999870359898, 0.005799999926239252, 0.007199999876320362, 0.006300000008195639, -1.0, -1.0, 0.012600000016391277, 0.004100000020116568, 0.01080000028014183, 0.004800000227987766, 0.005100000184029341, 0.003599999938160181, 0.004100000020116568, 0.00839999970048666, -1.0, -1.0, 0.007699999958276749, -1.0, -1.0, 0.00800000037997961, 0.00839999970048666, 0.011599999852478504, 0.006500000134110451, 0.007199999876320362, 0.005200000014156103, 0.005499999970197678, 0.005400000140070915, 0.005100000184029341, -1.0, 0.00800000037997961, 0.010499999858438969, 0.006200000178068876, 0.0052999998442828655, 0.005499999970197678, 0.006099999882280827, -1.0, 0.008299999870359898, 0.003599999938160181, 0.0034000000450760126, 0.0034000000450760126, 0.0031999999191612005, 0.0035000001080334187, 0.0035000001080334187, 0.004600000102072954, 0.007000000216066837, 0.004699999932199717, 0.0066999997943639755, 0.01730000041425228, 0.0215000007301569, 0.004900000058114529, 0.004999999888241291, 0.007199999876320362, 0.005100000184029341, 0.005200000014156103, 0.005499999970197678, 0.005799999926239252, 0.004100000020116568, 0.0038999998942017555, 0.003800000064074993, 0.003700000001117587, 0.01769999973475933, 0.004999999888241291, 0.004999999888241291, 0.007799999788403511, 0.039500001817941666, 0.005400000140070915, 0.0052999998442828655, 0.005400000140070915, 0.00559999980032444, 0.006200000178068876, 0.006099999882280827, 0.005799999926239252, 0.005400000140070915, 0.0142000000923872, -1.0, 0.016100000590085983, 0.0017000000225380063, 0.0017000000225380063, 0.00139999995008111, 0.0015999999595806003, 0.0019000000320374966, 0.003000000026077032], "alert_name": null, "observatory": ["Moletai0.35-Erika Pa", "Moletai0.35-Erika Pa", "Moletai0.35-Erika Pa", "Moletai0.35-Erika Pa", "Moletai0.35-Erika Pa", "Moletai0.35-Erika Pa", "Moletai0.35-Erika Pa", "Moletai0.35-Erika Pa", "Moletai0.35-Erika Pa", "Moletai0.35-Erika Pa", "Moletai0.35-Erika Pa", "Moletai0.35-Erika Pa", "Moletai0.35-Erika Pa", "Moletai0.35-Erika Pa", "Moletai0.35-Erika Pa", "Moletai0.35-Erika Pa", "Moletai0.35-Erika Pa", "Moletai0.35-Erika Pa", "Moletai0.35-Erika Pa", "Moletai0.35-Erika Pa", "Moletai0.35-Erika Pa", "Moletai0.35-Erika Pa", "Moletai0.35-Erika Pa", "Moletai0.35-Erika Pa", "Moletai0.35-Erika Pa", "Moletai0.35-Erika Pa", "Moletai0.35-Erika Pa", "Moletai0.35-Erika Pa", "Moletai0.35-Erika Pa", "Moletai0.35-Erika Pa", "Moletai0.35-Erika Pa", "Moletai0.35-Erika Pa", "Moletai0.35-Erika Pa", "Moletai0.35-Erika Pa", "Moletai0.35-Erika Pa", "Moletai0.35-Erika Pa", "Moletai0.35-Erika Pa", "Moletai0.35-Erika Pa", "Moletai0.35 Kotryna ", "Moletai0.35 Kotryna ", "Moletai0.35 Kotryna ", "Moletai0.35 Kotryna ", "Moletai0.35 Kotryna ", "Moletai0.35 Kotryna ", "Moletai0.35 Kotryna ", "Moletai0.35 Kotryna ", "Moletai0.35 Kotryna ", "Moletai0.35 Kotryna ", "Moletai0.35 Kotryna ", "Moletai0.35 Kotryna ", "Moletai0.35 Kotryna ", "Moletai0.35 Kotryna ", "Moletai0.35 Kotryna ", "Moletai0.35 Kotryna ", "Moletai0.35 Kotryna ", "Moletai0.35 Kotryna ", "Moletai0.35 Kotryna ", "Moletai0.35 Kotryna ", "Moletai0.35 Kotryna ", "Moletai0.35 Kotryna ", "Moletai0.35 Kotryna ", "Moletai0.35 Kotryna ", "Moletai0.35 Kotryna ", "Moletai0.35 Kotryna ", "Moletai0.35 Kotryna ", "Moletai0.35 Kotryna ", "Moletai0.35 Kotryna ", "Moletai0.35 Kotryna ", "Moletai0.35 Kotryna ", "Moletai0.35 Kotryna ", "Moletai0.35 Kotryna ", "Moletai0.35 Kotryna ", "Moletai0.35 Kotryna ", "Moletai0.35 Kotryna ", "Moletai0.35 Kotryna ", "Moletai0.35 Kotryna ", "Moletai0.35 Kotryna ", "Moletai0.35 Kotryna ", "Moletai0.35 Kotryna ", "Moletai0.35 Kotryna ", "Moletai0.35 Kotryna ", "Moletai0.35 Kotryna ", "Moletai0.35 Kotryna ", "Moletai0.35 Kotryna ", "Moletai0.35 Kotryna ", "Moletai0.35 Kotryna ", "Moletai0.35 Kotryna ", "Moletai0.35 Kotryna ", "Moletai1.65 Kotryna ", "Moletai1.65 Kotryna ", "Moletai1.65 Kotryna ", "Moletai1.65 Kotryna ", "Moletai1.65 Kotryna ", "Moletai1.65 Kotryna "], "caliberr": [0.06704961508512497, 0.06598522514104843, 0.07747891545295715, 0.07919679582118988, 0.06881029903888702, 0.07378334552049637, 0.062005847692489624, 0.14001047611236572, 0.2169221192598343, 0.08035264164209366, 0.06281191855669022, 0.06737840920686722, 0.06870227307081223, 0.07571752369403839, 0.08577433973550797, 0.0627204179763794, 0.07217156141996384, 0.07272185385227203, 0.06433358788490295, 0.06053509935736656, 0.07217134535312653, 0.05483371019363403, 0.06007765606045723, 0.06418686360120773, 0.060674700886011124, 0.09724833071231842, 0.1263158619403839, 0.11172838509082794, 0.11881591379642487, 0.1555972397327423, 0.1695457547903061, 0.1198846846818924, 0.10572256147861481, 0.11169242113828659, 0.1034340038895607, 0.094471275806427, 0.09453824162483215, 0.08968724310398102, 0.062102776020765305, 0.0627577006816864, 0.10125968605279922, 0.07303091883659363, 0.07036470621824265, 0.06133502349257469, 0.06753318011760712, 0.06721967458724976, 0.0677558034658432, 0.1435481309890747, 0.07378334552049637, 0.07624515891075134, 0.07618189603090286, 0.07729781419038773, 0.06419043242931366, 0.06881430000066757, 0.07141397893428802, 0.07937084138393402, 0.08403468877077103, 0.08267450332641602, 0.07326112687587738, 0.09079985320568085, 0.07711879163980484, 0.05954417586326599, 0.06579730659723282, 0.06303763389587402, 0.056042615324258804, 0.05960598960518837, 0.061821937561035156, 0.06129421666264534, 0.06641706079244614, 0.06438219547271729, 0.06745440512895584, 0.06480592489242554, 0.08078435808420181, 0.09703197330236435, 0.09943843632936478, 0.09276866912841797, 0.12513330578804016, 0.1039079874753952, 0.10272668302059174, 0.09891904145479202, 0.09711868315935135, 0.10743113607168198, 0.11353049427270889, 0.10130003839731216, 0.09481192380189896, 0.10790980607271194, 0.10105198621749878, 0.09124785661697388, 0.13696184754371643, 0.09489963203668594, 0.031858816742897034, 0.03012486733496189, 0.09614086151123047, 0.10498306155204773],