{"mjd": [58435.8548842594, 58435.8659606483, 58435.8400115739, 58435.8438194445, 58435.8621527776, 58435.8476273147, 58435.8586921296, 58435.8493518517, 58435.8604282406, 58435.8697685185, 58435.8714930555, 58426.786238426, 58426.7883564816, 58426.7904861113, 58426.792650463, 58426.7947685183, 58426.796898148, 58426.7990625, 58426.8011921295, 58426.803321759, 58426.805474537, 58426.8075925927, 58426.8097222224, 58417.8788849], "magerr": [0.03819999843835831, 0.06260000169277191, 0.04600000008940697, 0.0203000009059906, 0.04960000142455101, 0.027699999511241913, 0.015200000256299973, 0.035999998450279236, 0.016699999570846558, 0.07259999960660934, 0.06509999930858612, 0.02500000037252903, 0.019500000402331352, 0.023600000888109207, 0.012299999594688416, 0.01590000092983246, 0.01850000023841858, 0.016300000250339508, 0.016100000590085983, 0.017500000074505806, 0.014100000262260437, 0.014800000004470348, 0.013199999928474426, 0.031599998474121094], "alert_name": null, "observatory": ["Goran Damljanovic, A", "Goran Damljanovic, A", "Goran Damljanovic, A", "Goran Damljanovic, A", "Goran Damljanovic, A", "Goran Damljanovic, A", "Goran Damljanovic, A", "Goran Damljanovic, A", "Goran Damljanovic, A", "Goran Damljanovic, A", "Goran Damljanovic, A", "BAS NAO Rozhen 50/70", "BAS NAO Rozhen 50/70", "BAS NAO Rozhen 50/70", "BAS NAO Rozhen 50/70", "BAS NAO Rozhen 50/70", "BAS NAO Rozhen 50/70", "BAS NAO Rozhen 50/70", "BAS NAO Rozhen 50/70", "BAS NAO Rozhen 50/70", "BAS NAO Rozhen 50/70", "BAS NAO Rozhen 50/70", "BAS NAO Rozhen 50/70", "K.Wiersema-Leicester"], "caliberr": [0.03150460124015808, 0.053631700575351715, 0.03066899999976158, 0.2181510031223297, 0.009999999776482582, 0.009999999776482582, 0.03224489837884903, 0.08421599864959717, 0.03576060011982918, 0.009999999776482582, 0.009999999776482582, 0.10466299951076508, 0.10471899807453156, 0.11785300076007843, 0.12647700309753418, 0.12594899535179138, 0.14261800050735474, 0.14438499510288239, 0.2259030044078827, 0.17967699468135834, 0.2008969932794571, 0.22872300446033478, 0.21721799671649933, 0.02746029943227768], "mag": [16.14069938659668, 16.21179962158203, 16.607799530029297, 16.695999145507812, 16.779600143432617, 15.64490032196045, 15.623800277709961, 15.014100074768066, 15.049599647521973, 15.428199768066406, 15.107199668884277, 16.06800079345703, 16.00040054321289, 16.187599182128906, 15.174500465393066, 15.46310043334961, 15.560600280761719, 14.999799728393555, 14.93120002746582, 15.098099708557129, 14.577500343322754, 14.628499984741211, 14.565600395202637, 16.20240020751953], "catalog": ["APASS", "APASS", "APASS", "APASS", "APASS", "APASS", "APASS", "APASS", "APASS", "APASS", "APASS", "APASS", "APASS", "APASS", "APASS", "APASS", "APASS", "APASS", "APASS", "APASS", "APASS", "APASS", "APASS", "APASS"], "filter": ["V", "V", "g", "g", "g", "r", "r", "i", "i", "i", "i", "B", "B", "B", "V", "V", "V", "r", "r", "r", "i", "i", "i", "r"], "id": [127296, 127303, 127306, 127301, 127298, 127299, 127300, 127297, 127305, 127304, 127302, 128601, 128592, 128593, 128596, 128590, 128598, 128594, 128595, 128599, 128591, 128600, 128597, 125317]}