{"mjd": [58277.192354, 58277.196896, 58277.201435, 58271.150544, 58271.1538079, 58271.1563773], "magerr": [0.020756442099809647, 0.008866783231496811, 0.004564236383885145, 0.032600000500679016, 0.017799999564886093, 0.010099999606609344], "alert_name": null, "observatory": ["Liam Hardy pt5m", "Liam Hardy pt5m", "Liam Hardy pt5m", "PIRATE Meredith Morr", "PIRATE Meredith Morr", "PIRATE Meredith Morr"], "caliberr": [0.050504278391599655, 0.06643456220626831, 0.0827876478433609, 0.11280178278684616, 0.0649515837430954, 0.04130597785115242], "mag": [16.011812210083008, 15.049015998840332, 14.491131782531738, 16.218801498413086, 15.221524238586426, 14.59768295288086], "catalog": ["APASS", "APASS", "APASS", "APASS", "APASS", "APASS"], "filter": ["B", "V", "r", "B", "V", "r"], "id": [106508, 106509, 106510, 142273, 142323, 142266]}