{"mjd": [58709.995118, 58724.98064, 58730.94618, 58709.999675, 58724.9854, 58730.950738, 58710.004314, 58724.990038, 58730.955297, 58746.81548, 58746.819102, 58756.933813, 58756.9357, 58756.93759, 58756.939522, 58756.940368, 58756.941213, 58746.811853, 58977.0589176998, 58977.0600504, 58977.0490759001, 58977.0502092, 58977.0513384002, 58985.9902810999, 58985.9914128999, 58985.9936695001, 58977.0537530999, 58977.0548847001, 58977.0560162999, 58985.9839697001, 58985.9857593998, 58985.9925408, 58977.0618427, 58977.0629767999, 58977.0641091, 58986.1015161001, 58749.8285, 58749.87773, 58780.84753, 58780.85625, 58786.785143, 58786.79386, 58894.13782, 58914.08681, 58914.086812, 58914.0955, 58914.095504, 58969.042888, 58969.051581, 58989.959264, 58991.93845, 58994.994897, 58995.957489, 58996.985579, 58997.967711, 59000.950704, 59001.986262, 59004.971762, 59017.944798, 59017.954731, 59024.953377, 58749.83207, 58749.8813, 58780.8504, 58780.85912, 58786.788013, 58786.796731, 58894.14069, 58914.08968, 58914.089682, 58914.09837, 58969.045758, 58989.962134, 58991.94132, 58994.997781, 58995.960359, 58996.98845, 58997.970582, 59000.953575, 59001.989133, 59004.974633, 59017.951207, 59024.950505, 58749.83568, 58749.88491, 58780.85332, 58780.86204, 58786.79093, 58786.799647, 58894.14361, 58914.092599, 58914.0926, 58914.10129, 58969.048675, 58989.965051, 58991.944237, 58995.000697, 58995.963276, 58996.991367, 58997.973498, 59000.956493, 59001.992049, 59004.977549, 59017.947703, 59017.95996, 59024.956282, 58785.1785571, 58785.1793803, 58786.1757994, 58786.176634, 58785.1767436, 58785.1775666, 58786.1739795, 58786.174791, 58785.1803666, 58785.1812011, 58786.1776309, 58786.1784538, 59007.0122822532, 59013.9677187996, 59007.0122822532, 59013.9677187996, 59007.0122822532, 59013.9677187996, 58886.144076, 58886.152804, 58886.146959, 58886.155686, 58914.098374, 58886.149876, 58886.1586028, 58914.101291, 58747.8918055566, 58747.8952662046, 58747.8987152786, 58747.8894907418, 58747.8929398153, 58747.8964004633, 58747.8906250009, 58747.8940856489, 58747.8975347229, 58806.7346875002, 58821.7353472221, 58831.7257060185, 58840.7670023148, 58842.730023148, 58806.7362152776, 58831.7272337964, 58840.7685185187, 58842.7315393519], "magerr": [0.03674770146608353, 0.030589399859309196, 0.024598799645900726, 0.007649859879165888, 0.006620650179684162, 0.007012629881501198, 0.0039012099150568247, 0.003206999972462654, 0.002925029955804348, 0.0015999999595806003, 0.00279999990016222, 0.00139999995008111, 0.00139999995008111, 0.00139999995008111, 0.002199999988079071, 0.002199999988079071, 0.002199999988079071, 0.0013000000035390258, 0.04610000178217888, 0.04050000011920929, 0.01269999984651804, 0.013199999928474426, 0.013199999928474426, 0.04500000178813934, 0.011500000022351742, 0.03280000016093254, 0.004399999976158142, 0.00419999985024333, 0.0044999998062849045, -1.0, -1.0, 0.04270000010728836, 0.002099999925121665, 0.002199999988079071, 0.002199999988079071, 0.00139999995008111, -1.0, -1.0, -1.0, -1.0, -1.0, -1.0, -1.0, -1.0, 0.018799999728798866, -1.0, 0.017500000074505806, 0.010999999940395355, 0.01730000041425228, 0.006200000178068876, 0.006399999838322401, 0.013299999758601189, 0.007699999958276749, 0.012299999594688416, 0.009200000204145908, 0.010499999858438969, 0.016200000420212746, 0.01600000075995922, 0.012799999676644802, 0.014999999664723873, 0.012199999764561653, -1.0, -1.0, -1.0, -1.0, -1.0, -1.0, -1.0, -1.0, 0.011699999682605267, 0.010200000368058681, 0.007300000172108412, 0.004100000020116568, 0.004399999976158142, 0.007499999832361937, 0.004800000227987766, 0.0071000000461936, 0.005499999970197678, 0.006300000008195639, 0.010200000368058681, 0.008500000461935997, 0.007799999788403511, 0.0066999997943639755, -1.0, 0.007000000216066837, -1.0, 0.00419999985024333, -1.0, -1.0, -1.0, 0.006099999882280827, -1.0, 0.006099999882280827, 0.005799999926239252, 0.003100000089034438, 0.0034000000450760126, 0.005400000140070915, 0.0038999998942017555, 0.005100000184029341, 0.00419999985024333, 0.00430000014603138, 0.007499999832361937, 0.004900000058114529, 0.004900000058114529, 0.005400000140070915, 0.004800000227987766, 0.00860000029206276, 0.007199999876320362, 0.00570000009611249, 0.00559999980032444, 0.0034000000450760126, 0.0031999999191612005, 0.002899999963119626, 0.002899999963119626, 0.003100000089034438, 0.0034000000450760126, 0.003000000026077032, 0.002899999963119626, 0.007699999958276749, 0.0031999999191612005, 0.002199999988079071, 0.0010000000474974513, 0.0010999999940395355, 0.0007999999797903001, -1.0, -1.0, -1.0, -1.0, 0.010200000368058681, 0.004999999888241291, 0.004699999932199717, 0.006099999882280827, 0.006500000134110451, 0.006500000134110451, 0.006500000134110451, 0.0031999999191612005, 0.003100000089034438, 0.0031999999191612005, 0.002099999925121665, 0.002099999925121665, 0.002199999988079071, 0.01209999993443489, 0.010599999688565731, 0.010599999688565731, 0.04259999841451645, 0.012500000186264515, 0.00419999985024333, 0.003800000064074993, 0.01489999983459711, 0.0035000001080334187], "alert_name": null,