{"mjd": [58687.00031, 58689.000299, 58687.004876, 58689.004107, 58687.009451, 58689.009409], "magerr": [0.1295350044965744, -1.0, 0.06761019676923752, 0.09530829638242722, 0.06045680120587349, 0.0702911987900734], "alert_name": null, "observatory": ["Liam Hardy pt5m", "Liam Hardy pt5m", "Liam Hardy pt5m", "Liam Hardy pt5m", "Liam Hardy pt5m", "Liam Hardy pt5m"], "caliberr": [0.0630974993109703, 0.06820820271968842, 0.03484240174293518, 0.03530680015683174, 0.04471049830317497, 0.10555300116539001], "mag": [18.458099365234375, 19.403200149536133, 17.9242000579834, 18.571800231933594, 17.85219955444336, 17.514799118041992], "catalog": ["APASS", "APASS", "APASS", "APASS", "APASS", "APASS"], "filter": ["B", "B", "V", "V", "r", "i"], "id": [159855, 160017, 159856, 160018, 159857, 160019]}