{"mjd": [58929.34375, 58930.36221065, 58930.36454861, 58930.36571759, 58930.36688657], "magerr": [0.007899999618530273, 0.007899999618530273, 0.005200000014156103, 0.006099999882280827, 0.006099999882280827], "alert_name": null, "observatory": ["REM Pawel Zielinski", "REM Pawel Zielinski", "REM Pawel Zielinski", "REM Pawel Zielinski", "REM Pawel Zielinski"], "caliberr": [0.15344099700450897, 0.17680199444293976, 0.12219499796628952, 0.1720370054244995, 0.11153200268745422], "mag": [12.52910041809082, 12.51830005645752, 12.590499877929688, 12.561699867248535, 12.55780029296875], "catalog": ["APASS", "APASS", "APASS", "APASS", "APASS"], "filter": ["g", "g", "g", "g", "g"], "id": [200712, 200713, 200716, 200717, 200718]}