{"mjd": [59342.99507, 59342.996578, 59342.998088], "magerr": [0.023952916264533997, 0.022985076531767845, 0.01925957202911377], "alert_name": null, "observatory": ["Liam Hardy pt5m", "Liam Hardy pt5m", "Liam Hardy pt5m"], "caliberr": [0.010000000707805157, 0.009999999776482582, 0.01000004168599844], "mag": [14.995394706726074, 14.95229721069336, 14.990543365478516], "catalog": ["APASS", "APASS", "APASS"], "filter": ["V", "V", "V"], "id": [220547, 220548, 220549]}