{"mjd": [58527.252617, 58537.225804, 58527.257171, 58537.230418, 58527.261718, 58537.234966], "magerr": [0.10349678248167038, -1.0, 0.11224398016929626, -1.0, 0.06388170272111893, -1.0], "alert_name": null, "observatory": ["Liam Hardy pt5m", "Liam Hardy pt5m", "Liam Hardy pt5m", "Liam Hardy pt5m", "Liam Hardy pt5m", "Liam Hardy pt5m"], "caliberr": [0.040143080055713654, 0.07903169840574265, 0.07455271482467651, 0.03474893793463707, 0.07057644426822662, 0.07046250998973846], "mag": [17.932191848754883, 19.042076110839844, 18.17300796508789, 19.15100860595703, 17.898357391357422, 19.616724014282227], "catalog": ["APASS", "APASS", "APASS", "APASS", "APASS", "APASS"], "filter": ["B", "B", "V", "V", "r", "r"], "id": [131022, 131358, 131023, 131359, 131024, 131360]}