{"mjd": [58255.913026, 58251.933054, 58255.933285, 58251.936079, 58255.937814], "magerr": [-1.0, 0.08979430049657822, 0.12359800189733505, 0.08896850049495697, 0.09750889986753464], "alert_name": null, "observatory": ["Liam Hardy pt5m", "Liam Hardy pt5m", "Liam Hardy pt5m", "Liam Hardy pt5m", "Liam Hardy pt5m"], "caliberr": [0.2650049924850464, 0.153439000248909, 0.0881132036447525, 0.1361290067434311, 0.21523800492286682], "mag": [18.733800888061523, 18.719499588012695, 18.770099639892578, 18.518800735473633, 18.63599967956543], "catalog": ["SDSS", "SDSS", "SDSS", "SDSS", "SDSS"], "filter": ["B", "V", "V", "R", "R"], "id": [105241, 105020, 105242, 105021, 105243]}