{"mjd": [58699.018452, 58699.023014, 58699.027577], "magerr": [0.021467460319399834, 0.007587952073663473, 0.004308971576392651], "alert_name": null, "observatory": ["Liam Hardy pt5m", "Liam Hardy pt5m", "Liam Hardy pt5m"], "caliberr": [0.07919192314147949, 0.14422251284122467, 0.08645395934581757], "mag": [16.688596725463867, 15.547327995300293, 14.689908981323242], "catalog": ["APASS", "APASS", "APASS"], "filter": ["B", "V", "r"], "id": [161342, 161343, 161344]}