{"mjd": [58809.268949], "magerr": [0.09359219670295715], "alert_name": null, "observatory": ["Liam Hardy pt5m"], "caliberr": [0.06304159760475159], "mag": [17.967500686645508], "catalog": ["APASS"], "filter": ["B"], "id": [172280]}