{"mjd": [57652.2300002, 57654.19514, 57654.2234034, 57656.2195881, 57653.2224006, 57654.19514, 57654.2234034, 57655.2226013, 57656.2195881], "magerr": [0.01140000019222498, 0.01080000028014183, 0.010099999606609344, 0.012500000186264515, 0.0012000000569969416, 0.01119999960064888, 0.011099999770522118, 0.034699998795986176, 0.015599999576807022], "alert_name": null, "observatory": ["Mercator Geneva Grou", "Mercator Geneva Grou", "Mercator Geneva Grou", "Mercator Geneva Grou", "Mercator Geneva Grou", "Mercator Geneva Grou", "Mercator Geneva Grou", "Mercator Geneva Grou", "Mercator Geneva Grou"], "caliberr": [0.044116899371147156, 0.14719979465007782, 0.15705937147140503, 0.11749105155467987, 0.3382595181465149, 0.10906440764665604, 0.2515651285648346, 0.2748164236545563, 0.22280700504779816], "mag": [17.9827823638916, 17.27664566040039, 17.160144805908203, 17.271251678466797, 13.636545181274414, 17.118976593017578, 16.98746109008789, 16.792821884155273, 16.910520553588867], "catalog": ["APASS", "APASS", "APASS", "APASS", "APASS", "APASS", "APASS", "APASS", "APASS"], "filter": ["g", "g", "g", "g", "r", "r", "r", "r", "r"], "id": [44704, 47245, 47246, 47366, 45136, 47247, 47248, 47267, 47367]}