{"mjd": [58725.213473, 58725.231582, 58725.234625], "magerr": [0.08898360282182693, 0.059675801545381546, 0.06001820042729378], "alert_name": null, "observatory": ["Liam Hardy pt5m", "Liam Hardy pt5m", "Liam Hardy pt5m"], "caliberr": [0.1003120020031929, 0.06257110089063644, 0.05377579852938652], "mag": [18.21619987487793, 17.940000534057617, 17.6033992767334], "catalog": ["APASS", "APASS", "APASS"], "filter": ["B", "V", "r"], "id": [163525, 163526, 163527]}