{"mjd": [58799.387574, 58799.992054], "magerr": [-1.0, -1.0], "alert_name": null, "observatory": ["Liam Hardy pt5m", "Liam Hardy pt5m"], "caliberr": [0.3552509546279907, 0.07662010937929153], "mag": [16.811201095581055, 17.26930809020996], "catalog": ["APASS", "APASS"], "filter": ["V", "r"], "id": [171520, 171521]}