{"mjd": [58727.947944, 58727.951802, 58727.957288, 58756.789211, 58756.79284, 58756.796471], "magerr": [-1.0, 0.13467460870742798, 0.05956072732806206, 0.02070000022649765, 0.02160000056028366, 0.022700000554323196], "alert_name": null, "observatory": ["Liam Hardy pt5m", "Liam Hardy pt5m", "Liam Hardy pt5m", "OmicronC2PU JPRivet", "OmicronC2PU JPRivet", "OmicronC2PU JPRivet"], "caliberr": [0.06158846616744995, 0.374652236700058, 0.09345250576734543, 0.08291532099246979, 0.07406246662139893, 0.05234536901116371], "mag": [19.657455444335938, 18.176881790161133, 17.512874603271484, 17.307470321655273, 17.25149917602539, 17.32529067993164], "catalog": ["APASS", "APASS", "APASS", "APASS", "APASS", "APASS"], "filter": ["B", "V", "r", "r", "r", "r"], "id": [163776, 163777, 163778, 169293, 169294, 169295]}