{"mjd": [58340.209302, 58350.192802, 58355.069299, 58340.213833, 58350.197339, 58340.218349, 58350.201869], "magerr": [-1.0, -1.0, -1.0, -1.0, 0.0632186010479927, 0.04014189913868904, 0.03885389864444733], "alert_name": null, "observatory": ["Liam Hardy pt5m", "Liam Hardy pt5m", "Liam Hardy pt5m", "Liam Hardy pt5m", "Liam Hardy pt5m", "Liam Hardy pt5m", "Liam Hardy pt5m"], "caliberr": [0.041688501834869385, 0.04726110026240349, 0.22110199928283691, 0.05595029890537262, 0.09949389845132828, 0.05071770027279854, 0.09816650301218033], "mag": [19.375600814819336, 19.39229965209961, 17.86079978942871, 19.045700073242188, 16.814199447631836, 15.775899887084961, 16.216299057006836], "catalog": ["APASS", "APASS", "APASS", "APASS", "APASS", "APASS", "APASS"], "filter": ["B", "B", "B", "V", "V", "r", "r"], "id": [117995, 118284, 118791, 117996, 118285, 117997, 118290]}