{"mjd": [58234.142596, 58248.201315, 58256.180434, 58234.147154, 58248.20587, 58256.18498, 58234.151702, 58248.210416, 58256.189532], "magerr": [0.08742822706699371, -1.0, -1.0, 0.068243607878685, 0.12188895046710968, 0.1475011259317398, 0.047430213540792465, 0.0897018238902092, 0.08720194548368454], "alert_name": null, "observatory": ["Liam Hardy pt5m", "Liam Hardy pt5m", "Liam Hardy pt5m", "Liam Hardy pt5m", "Liam Hardy pt5m", "Liam Hardy pt5m", "Liam Hardy pt5m", "Liam Hardy pt5m", "Liam Hardy pt5m"], "caliberr": [0.06246454641222954, 0.057597409933805466, 0.06770306825637817, 0.034763362258672714, 0.0415651835501194, 0.04137161374092102, 0.04841933399438858, 0.03243119642138481, 0.04287947714328766], "mag": [17.77600860595703, 19.15302848815918, 19.11865234375, 17.75486946105957, 18.429563522338867, 18.853628158569336, 17.48518943786621, 18.11419677734375, 18.467714309692383], "catalog": ["APASS", "APASS", "APASS", "APASS", "APASS", "APASS", "APASS", "APASS", "APASS"], "filter": ["B", "B", "B", "V", "V", "V", "r", "r", "r"], "id": [104003, 104901, 105285, 104004, 104902, 105286, 104005, 104903, 105287]}