{"mjd": [58669.994046, 58669.984934, 58669.989497], "magerr": [0.027051400393247604, 0.05961570143699646, 0.030304599553346634], "alert_name": null, "observatory": ["Liam Hardy pt5m", "Liam Hardy pt5m", "Liam Hardy pt5m"], "caliberr": [0.3129099905490875, 0.06542609632015228, 0.08498209714889526], "mag": [17.418500900268555, 17.712499618530273, 17.448200225830078], "catalog": ["SDSS", "APASS", "APASS"], "filter": ["R", "B", "V"], "id": [157712, 157710, 157711]}