{"mjd": [58053.250971, 58059.236411, 58053.241853, 58059.227172, 58053.246415, 58059.231741], "magerr": [-1.0, 0.07542160153388977, -1.0, -1.0, -1.0, 0.08035620301961899], "alert_name": null, "observatory": ["Liam Hardy pt5m", "Liam Hardy pt5m", "Liam Hardy pt5m", "Liam Hardy pt5m", "Liam Hardy pt5m", "Liam Hardy pt5m"], "caliberr": [0.36580199003219604, 0.18947799503803253, 0.05745629966259003, 0.02644369937479496, 0.09322810173034668, 0.009999999776482582], "mag": [20.521699905395508, 17.542800903320312, 19.903200149536133, 19.45359992980957, 20.19569969177246, 18.170900344848633], "catalog": ["SDSS", "SDSS", "APASS", "APASS", "APASS", "APASS"], "filter": ["R", "R", "B", "B", "V", "V"], "id": [86542, 86821, 86540, 86819, 86541, 86820]}