{"mjd": [57475.839814, 57475.846914, 57475.854014, 57485.853538, 57485.860636, 57485.867737], "magerr": [-1.0, -1.0, -1.0, -1.0, -1.0, -1.0], "alert_name": null, "observatory": ["OmicronC2PU JPRivet", "OmicronC2PU JPRivet", "OmicronC2PU JPRivet", "OmicronC2PU JPRivet", "OmicronC2PU JPRivet", "OmicronC2PU JPRivet"], "caliberr": [0.0977972000837326, 0.09397239983081818, 0.0998172014951706, 0.07489369809627533, 0.07543729990720749, 0.06395210325717926], "mag": [22.06089973449707, 22.1653995513916, 22.28730010986328, 22.73509979248047, 22.124000549316406, 22.47760009765625], "catalog": ["APASS", "APASS", "APASS", "APASS", "APASS", "APASS"], "filter": ["r", "r", "r", "r", "r", "r"]}