{"mjd": [58191.035318, 58191.040654, 58191.044539], "magerr": [-1.0, -1.0, -1.0], "alert_name": null, "observatory": ["Liam Hardy pt5m", "Liam Hardy pt5m", "Liam Hardy pt5m"], "caliberr": [0.02590293250977993, 0.10876715928316116, 0.03127295523881912], "mag": [19.36033058166504, 20.01445198059082, 19.92807960510254], "catalog": ["APASS", "APASS", "APASS"], "filter": ["B", "V", "r"], "id": [100150, 100151, 100152]}