{"mjd": [58893.6525077, 58893.6530441, 58894.5995034, 58894.6000405, 58897.6857571, 58897.6863032, 58905.7661903, 58905.7667263, 58906.6642886, 58906.6648326, 58907.7419733, 58907.742507, 58908.7861508, 58908.7866935, 58909.7878032, 58909.788337, 58910.829422, 58910.8299561, 58893.6548083, 58893.6553452, 58894.6018018, 58894.6023708, 58897.688064, 58897.6886028, 58905.7684905, 58905.7690267, 58906.6666082, 58906.6671564, 58907.7442707, 58907.7448045, 58908.7884828, 58908.7890333, 58909.7901237, 58909.7906691, 58910.8317052, 58910.8322379, 58893.6536534, 58893.6541905, 58894.6006467, 58894.601208, 58897.6869218, 58897.6874526, 58905.7673427, 58905.767881, 58906.6654455, 58906.6659875, 58907.743122, 58907.7436557, 58908.7873181, 58908.787875, 58909.7889636, 58909.7895089, 58910.8305642, 58910.8310977, 59248.5410995502], "magerr": [0.004000000189989805, 0.004000000189989805, 0.00430000014603138, 0.004399999976158142, 0.005499999970197678, 0.004999999888241291, 0.004600000102072954, 0.004399999976158142, 0.0034000000450760126, 0.0032999999821186066, 0.0035000001080334187, 0.0035000001080334187, 0.0032999999821186066, 0.003599999938160181, 0.003599999938160181, 0.003800000064074993, 0.004100000020116568, 0.004100000020116568, 0.0035000001080334187, 0.0035000001080334187, 0.003800000064074993, 0.004699999932199717, 0.00419999985024333, 0.0044999998062849045, 0.004100000020116568, 0.0038999998942017555, 0.00279999990016222, 0.00279999990016222, 0.003100000089034438, 0.00279999990016222, 0.003700000001117587, 0.0034000000450760126, 0.003000000026077032, 0.003000000026077032, 0.0034000000450760126, 0.0035000001080334187, 0.004800000227987766, 0.005400000140070915, 0.004999999888241291, 0.006200000178068876, 0.004699999932199717, 0.004699999932199717, 0.004900000058114529, 0.004399999976158142, 0.0031999999191612005, 0.003000000026077032, 0.0031999999191612005, 0.003000000026077032, 0.0031999999191612005, 0.0038999998942017555, 0.0031999999191612005, 0.0034000000450760126, 0.0038999998942017555, 0.0034000000450760126, 0.003800000064074993], "alert_name": null, "observatory": ["LCOGT1m, N.Ihanec", "LCOGT1m, N.Ihanec", "LCOGT1m, N.Ihanec", "LCOGT1m, N.Ihanec", "LCOGT1m, N.Ihanec", "LCOGT1m, N.Ihanec", "LCOGT1m, N.Ihanec", "LCOGT1m, N.Ihanec", "LCOGT1m, N.Ihanec", "LCOGT1m, N.Ihanec", "LCOGT1m, N.Ihanec", "LCOGT1m, N.Ihanec", "LCOGT1m, N.Ihanec", "LCOGT1m, N.Ihanec", "LCOGT1m, N.Ihanec", "LCOGT1m, N.Ihanec", "LCOGT1m, N.Ihanec", "LCOGT1m, N.Ihanec", "LCOGT1m, N.Ihanec", "LCOGT1m, N.Ihanec", "LCOGT1m, N.Ihanec", "LCOGT1m, N.Ihanec", "LCOGT1m, N.Ihanec", "LCOGT1m, N.Ihanec", "LCOGT1m, N.Ihanec", "LCOGT1m, N.Ihanec", "LCOGT1m, N.Ihanec", "LCOGT1m, N.Ihanec", "LCOGT1m, N.Ihanec", "LCOGT1m, N.Ihanec", "LCOGT1m, N.Ihanec", "LCOGT1m, N.Ihanec", "LCOGT1m, N.Ihanec", "LCOGT1m, N.Ihanec", "LCOGT1m, N.Ihanec", "LCOGT1m, N.Ihanec", "LCOGT1m, N.Ihanec", "LCOGT1m, N.Ihanec", "LCOGT1m, N.Ihanec", "LCOGT1m, N.Ihanec", "LCOGT1m, N.Ihanec", "LCOGT1m, N.Ihanec", "LCOGT1m, N.Ihanec", "LCOGT1m, N.Ihanec", "LCOGT1m, N.Ihanec", "LCOGT1m, N.Ihanec", "LCOGT1m, N.Ihanec", "LCOGT1m, N.Ihanec", "LCOGT1m, N.Ihanec", "LCOGT1m, N.Ihanec", "LCOGT1m, N.Ihanec", "LCOGT1m, N.Ihanec", "LCOGT1m, N.Ihanec", "LCOGT1m, N.Ihanec", "Warrumbungle0.51_SBI"], "caliberr": [0.04811106622219086, 0.04766600951552391, 0.04651651903986931, 0.04650462046265602, 0.05312667414546013, 0.05122501403093338, 0.0458354614675045, 0.04577096179127693, 0.04459518939256668, 0.041495129466056824, 0.04273032397031784, 0.04272977635264397, 0.046948276460170746, 0.04539245739579201, 0.05043473839759827, 0.043225228786468506, 0.04343508929014206, 0.04796396940946579, 0.05676870793104172, 0.05727585777640343, 0.05820392072200775, 0.058685302734375, 0.06190924346446991, 0.06295136362314224, 0.0595867782831192, 0.05931197106838226, 0.06048215925693512, 0.06201483681797981, 0.06621202826499939, 0.06013500690460205, 0.059501763433218, 0.05796044319868088, 0.058544911444187164, 0.059441469609737396, 0.059637364000082016, 0.06056947633624077, 0.08937642723321915, 0.0898970440030098, 0.09251508116722107, 0.0877787321805954, 0.09252741187810898, 0.08600650727748871, 0.08903440833091736, 0.08858494460582733, 0.08567565679550171, 0.09010611474514008, 0.08949877321720123, 0.08725792169570923, 0.09069410711526871, 0.0897459164261818, 0.08919049054384232, 0.09244636446237564, 0.08988852798938751, 0.09245426952838898, 0.11931467801332474], "mag": [14.248421669006348, 14.25657844543457, 14.24220085144043, 14.247143745422363, 14.23390007019043, 14.235074996948242, 14.238748550415039, 14.23033618927002, 14.239168167114258, 14.242765426635742, 14.23670768737793, 14.233709335327148, 14.233868598937988, 14.232303619384766, 14.233748435974121, 14.236628532409668, 14.226222038269043, 14.222492218017578, 13.52681827545166, 13.52464771270752, 13.510713577270508, 13.51280403137207, 13.50223159790039, 13.510403633117676, 13.50246524810791, 13.499683380126953, 13.51541805267334, 13.510364532470703, 13.49873161315918, 13.508439064025879, 13.501764297485352, 13.50412368774414, 13.506096839904785, 13.504321098327637, 13.49620532989502, 13.50277042388916, 13.077345848083496, 13.08494758605957, 13.07931137084961, 13.075150489807129, 13.063720703125, 13.075982093811035, 13.066726684570312, 13.061166763305664, 13.075425148010254, 13.068960189819336, 13.058783531188965, 13.06554126739502, 13.058070182800293, 13.05471134185791, 13.0638427734375, 13.052545547485352, 13.05558967590332, 13.040103912353516, 13.433306694030762], "catalog": ["APASS", "APASS", "APASS", "APASS", "APASS", "APASS", "APASS", "APASS", "APASS", "APASS", "APASS", "APASS", "APASS", "APASS", "APASS", "APASS", "APASS", "APASS", "APASS", "APASS", "APASS", "APASS", "APASS", "APASS", "APASS", "APASS", "APASS", "APASS", "APASS", "APASS", "APASS", "APASS", "APASS", "APASS", "APASS", "APASS", "APASS", "APASS", "APASS", "APASS", "APASS", "APASS", "APASS", "APASS", "APASS", "APASS", "APASS", "APASS", "APASS", "APASS", "APASS", "APASS", "APASS", "APASS", "APASS"], "filter": ["g", "g", "g", "g", "g", "g", "g", "g", "g", "g", "g", "g", "g", "g", "g", "g", "g", "g", "r", "r", "r", "r", "r", "r", "r", "r", "r", "r", "r", "r", "r", "r", "r", "r", "r", "r", "i", "i", "i", "i", "i", "i", "i", "i", "i", "i", "i", "i", "i", "i", "i", "i", "i", "i", "r"], "id": [185551, 185552, 185557, 185558, 185563, 185564, 185569, 185570, 185575, 185576, 185581, 185582, 185587, 185588, 185593, 185594, 185599, 185600, 185555, 185556, 185561, 185562, 185567, 185568, 185573, 185574, 185579, 185580, 185585, 185586, 185591, 185592, 185597, 185598, 185603, 185604, 185553, 185554, 185559, 185560, 185565, 185566, 185571, 185572, 185577, 185578, 185583, 185584, 185589, 185590, 185595, 185596, 185601, 185602, 212878]}