{"mjd": [59104.055262, 59113.080158, 59104.060572, 59113.084717, 59104.065121, 59113.089272], "magerr": [-1.0, -1.0, -1.0, 0.08694440126419067, -1.0, 0.0655898004770279], "alert_name": null, "observatory": ["Liam Hardy pt5m", "Liam Hardy pt5m", "Liam Hardy pt5m", "Liam Hardy pt5m", "Liam Hardy pt5m", "Liam Hardy pt5m"], "caliberr": [0.2960290014743805, 0.11290399730205536, 0.1412229984998703, 0.08577340096235275, 0.2653540074825287, 0.08679570257663727], "mag": [15.331299781799316, 18.7189998626709, 16.780500411987305, 17.14389991760254, 17.490400314331055, 16.796100616455078], "catalog": ["APASS", "APASS", "APASS", "APASS", "APASS", "APASS"], "filter": ["B", "B", "V", "V", "r", "r"], "id": [198896, 199650, 198897, 199651, 198898, 199652]}