{"mjd": [58770.704965, 58773.689306, 58770.709294, 58771.714167, 58772.689132, 58773.693588, 58770.710741, 58771.715579, 58772.690544, 58773.695, 58770.712176, 58771.717002, 58772.691968, 58773.693588], "magerr": [0.1281999945640564, 0.04830000177025795, 0.0625, 0.06669999659061432, 0.03759999945759773, 0.025699999183416367, 0.045499999076128006, 0.035599999129772186, 0.029600000008940697, 0.025800000876188278, 0.04270000010728836, 0.03689999878406525, 0.031099999323487282, 0.02539999969303608], "alert_name": null, "observatory": ["Terskol-2,Vira Godun", "Terskol-2,Vira Godun", "Terskol-2,Vira Godun", "Terskol-2,Vira Godun", "Terskol-2,Vira Godun", "Terskol-2,Vira Godun", "Terskol-2,Vira Godun", "Terskol-2,Vira Godun", "Terskol-2,Vira Godun", "Terskol-2,Vira Godun", "Terskol-2,Vira Godun", "Terskol-2,Vira Godun", "Terskol-2,Vira Godun", "Terskol-2,Vira Godun"], "caliberr": [0.06373649835586548, 0.14651699364185333, 0.07504600286483765, 0.14329899847507477, 0.050757601857185364, 0.24673399329185486, 0.1619430035352707, 0.26129499077796936, 0.09444300085306168, 0.3265640139579773, 0.08582060039043427, 0.24700100719928741, 0.11301399767398834, 0.2943759858608246], "mag": [16.111400604248047, 16.279499053955078, 15.39050006866455, 15.33549976348877, 15.506199836730957, 15.386199951171875, 15.073800086975098, 15.051300048828125, 15.205599784851074, 15.044899940490723, 14.691900253295898, 14.639800071716309, 14.842399597167969, 14.65939998626709], "catalog": ["APASS", "APASS", "APASS", "APASS", "APASS", "APASS", "APASS", "APASS", "APASS", "APASS", "APASS", "APASS", "APASS", "APASS"], "filter": ["B", "B", "V", "V", "V", "V", "r", "r", "r", "r", "i", "i", "i", "i"], "id": [171364, 171116, 171365, 171368, 171371, 171117, 171366, 171369, 171372, 171119, 171367, 171370, 171373, 171118]}