{"mjd": [59172.185982, 59190.154028, 59172.177638, 59190.14492, 59172.181438, 59190.149481], "magerr": [0.08800184726715088, -1.0, -1.0, -1.0, 0.11944938451051712, -1.0], "alert_name": null, "observatory": ["Liam Hardy pt5m", "Liam Hardy pt5m", "Liam Hardy pt5m", "Liam Hardy pt5m", "Liam Hardy pt5m", "Liam Hardy pt5m"], "caliberr": [0.1768108308315277, 0.20730972290039062, 0.07971321046352386, 0.060387369245290756, 0.032915450632572174, 0.03705822676420212], "mag": [17.880592346191406, 19.248065948486328, 18.74693489074707, 18.387727737426758, 18.177186965942383, 19.107288360595703], "catalog": ["SDSS", "SDSS", "APASS", "APASS", "APASS", "APASS"], "filter": ["R", "R", "B", "B", "V", "V"], "id": [206164, 207748, 206162, 207746, 206163, 207747]}