{"mjd": [59010.980997, 59010.973885, 59010.977441], "magerr": [-1.0, -1.0, -1.0], "alert_name": null, "observatory": ["OmicronC2PU JPRivet", "OmicronC2PU JPRivet", "OmicronC2PU JPRivet"], "caliberr": [0.0953890010714531, 0.08795599639415741, 0.085834801197052], "mag": [21.61199951171875, 21.716999053955078, 21.506200790405273], "catalog": ["SDSS", "APASS", "APASS"], "filter": ["r", "r", "r"], "id": [193203, 193201, 193202]}