{"mjd": [58671.191176, 58680.200335, 58671.182071, 58680.177579, 58671.186625, 58680.195789], "magerr": [-1.0, 0.03205179423093796, -1.0, 0.08778025209903717, -1.0, 0.051161911338567734], "alert_name": null, "observatory": ["Liam Hardy pt5m", "Liam Hardy pt5m", "Liam Hardy pt5m", "Liam Hardy pt5m", "Liam Hardy pt5m", "Liam Hardy pt5m"], "caliberr": [0.07550598680973053, 0.10446096211671829, 0.07407105714082718, 0.03257254511117935, 0.010000006295740604, 0.08586569875478745], "mag": [20.054195404052734, 16.26994514465332, 19.983089447021484, 17.212793350219727, 19.692148208618164, 16.99240493774414], "catalog": ["SDSS", "SDSS", "APASS", "APASS", "APASS", "APASS"], "filter": ["R", "R", "B", "B", "V", "V"], "id": [157920, 159026, 157918, 159024, 157919, 159025]}