{"mjd": [58758.246827], "magerr": [0.06586088240146637], "alert_name": null, "observatory": ["Liam Hardy pt5m"], "caliberr": [0.035647161304950714], "mag": [17.34743309020996], "catalog": ["APASS"], "filter": ["B"], "id": [166526]}