{"mjd": [58656.172839, 58667.147424, 58669.159389, 58656.177399, 58667.151979, 58669.163944, 58656.181951, 58667.156535, 58669.168498], "magerr": [0.10730800032615662, 0.09398750215768814, 0.07539580017328262, 0.0703509971499443, 0.06343010067939758, 0.05114870145916939, 0.042074501514434814, 0.030438100919127464, 0.035509198904037476], "alert_name": null, "observatory": ["Liam Hardy pt5m", "Liam Hardy pt5m", "Liam Hardy pt5m", "Liam Hardy pt5m", "Liam Hardy pt5m", "Liam Hardy pt5m", "Liam Hardy pt5m", "Liam Hardy pt5m", "Liam Hardy pt5m"], "caliberr": [0.07244019955396652, 0.0766599029302597, 0.08126860111951828, 0.05629109963774681, 0.056988999247550964, 0.061976298689842224, 0.04464679956436157, 0.04787689819931984, 0.020819399505853653], "mag": [18.33139991760254, 18.368799209594727, 18.267499923706055, 17.767499923706055, 17.820899963378906, 17.745899200439453, 17.7455997467041, 17.49970054626465, 17.53179931640625], "catalog": ["APASS", "APASS", "APASS", "APASS", "APASS", "APASS", "APASS", "APASS", "APASS"], "filter": ["B", "B", "B", "V", "V", "V", "r", "r", "r"], "id": [156168, 157331, 157609, 156169, 157332, 157610, 156170, 157333, 157611]}