{"mjd": [58108.029737, 58119.009026, 58108.033536, 58119.013582, 58108.038858, 58119.018896], "magerr": [-1.0, 0.10447421669960022, -1.0, -1.0, 0.07497669011354446, -1.0], "alert_name": null, "observatory": ["Liam Hardy pt5m", "Liam Hardy pt5m", "Liam Hardy pt5m", "Liam Hardy pt5m", "Liam Hardy pt5m", "Liam Hardy pt5m"], "caliberr": [0.048524655401706696, 0.07954809069633484, 0.07211007922887802, 0.10486016422510147, 0.044853731989860535, 0.04751072824001312], "mag": [19.499725341796875, 18.71522331237793, 19.823976516723633, 18.918041229248047, 17.858280181884766, 19.868940353393555], "catalog": ["APASS", "APASS", "APASS", "APASS", "APASS", "APASS"], "filter": ["B", "B", "V", "V", "r", "r"], "id": [95360, 97398, 95361, 97399, 95362, 97400]}