{"mjd": [59198.196235, 59198.197746, 59198.199262, 59198.18866, 59198.19017, 59198.191691, 59198.1932, 59198.194715], "magerr": [0.08242650330066681, 0.08663210272789001, 0.08598510175943375, -1.0, -1.0, 0.1076819971203804, 0.10517100244760513, 0.10848499834537506], "alert_name": null, "observatory": ["Liam Hardy pt5m", "Liam Hardy pt5m", "Liam Hardy pt5m", "Liam Hardy pt5m", "Liam Hardy pt5m", "Liam Hardy pt5m", "Liam Hardy pt5m", "Liam Hardy pt5m"], "caliberr": [0.07537420094013214, 0.06145419925451279, 0.0890519991517067, 0.009999999776482582, 0.13788999617099762, 0.009999999776482582, 0.009999999776482582, 0.009999999776482582], "mag": [17.05459976196289, 17.081600189208984, 17.271900177001953, 17.729400634765625, 17.83880043029785, 17.685800552368164, 17.309999465942383, 17.302799224853516], "catalog": ["SDSS", "SDSS", "SDSS", "APASS", "APASS", "APASS", "APASS", "APASS"], "filter": ["R", "R", "R", "B", "B", "V", "V", "V"], "id": [208411, 208412, 208413, 208406, 208407, 208408, 208409, 208410]}