{"mjd": [58661.955271, 58661.946142, 58661.950722], "magerr": [0.018091600388288498, 0.06008230149745941, 0.031380798667669296], "alert_name": null, "observatory": ["Liam Hardy pt5m", "Liam Hardy pt5m", "Liam Hardy pt5m"], "caliberr": [0.10201700031757355, 0.03403589874505997, 0.09920050203800201], "mag": [16.220399856567383, 17.635499954223633, 16.734399795532227], "catalog": ["SDSS", "APASS", "APASS"], "filter": ["R", "B", "V"], "id": [156952, 156950, 156951]}