{"mjd": [58625.00107, 58612.054139, 58625.00764, 58612.045677, 58612.04884, 58627.891848, 58627.894427, 58627.888568, 58629.884535, 58629.884535, 58626.8881109999, 58627.87975, 58629.918166, 58629.936615, 58633.1250550002, 58626.8913790002, 58627.88302, 58629.921451, 58629.9398889998, 58633.1283209999, 58626.8939450001, 58627.88558, 58629.924044, 58629.9424820002, 58633.1308690002], "magerr": [0.034018099308013916, 0.00805284921079874, 0.013547169975936413, 0.02933458611369133, 0.013047674670815468, 0.01904352940618992, 0.016473328694701195, 0.04427170753479004, 0.07562997937202454, 0.027291035279631615, -1.0, -1.0, 0.03265618160367012, 0.02908395789563656, 0.014774027280509472, -1.0, -1.0, 0.018811028450727463, -1.0, 0.010008861310780048, -1.0, 0.019231000915169716, 0.017129216343164444, 0.02377619594335556, 0.009838099591434002], "alert_name": null, "observatory": ["Liam Hardy pt5m", "Liam Hardy pt5m", "Liam Hardy pt5m", "Liam Hardy pt5m", "Liam Hardy pt5m", "PIRATE, OU students", "PIRATE, OU students", "PIRATE, OU students", "PIRATE, OU students", "PIRATE, OU students", "PIRATE, OU students", "PIRATE, OU students", "PIRATE, OU students", "PIRATE, OU students", "PIRATE, OU students", "PIRATE, OU students", "PIRATE, OU students", "PIRATE, OU students", "PIRATE, OU students", "PIRATE, OU students", "PIRATE, OU students", "PIRATE, OU students", "PIRATE, OU students", "PIRATE, OU students", "PIRATE, OU students"], "caliberr": [0.08541363477706909, 0.16147255897521973, 0.11455082893371582, 0.02656332589685917, 0.009999999776482582, 0.20556189119815826, 0.046965282410383224, 0.09757959842681885, 0.057600200176239014, 0.05853894352912903, 0.046362221240997314, 0.0845261737704277, 0.07708652317523956, 0.13361765444278717, 0.06445738673210144, 0.026289179921150208, 0.0484844334423542, 0.039655596017837524, 0.021376000717282295, 0.0832185223698616, 0.015663914382457733, 0.0681188628077507, 0.040953345596790314, 0.02387678064405918, 0.07995525747537613], "mag": [16.231117248535156, 15.408482551574707, 15.628531455993652, 16.504623413085938, 15.546882629394531, 16.956201553344727, 16.1973876953125, 17.55653953552246, 17.90955352783203, 16.177963256835938, 17.93689727783203, 17.71357536315918, 17.858156204223633, 17.294414520263672, 17.17251205444336, 20.05672836303711, 18.120868682861328, 16.675289154052734, 20.52155303955078, 16.100276947021484, 20.665128707885742, 16.253215789794922, 16.272188186645508, 16.09409523010254, 15.853387832641602], "catalog": ["SDSS", "SDSS", "SDSS", "APASS", "APASS", "SDSS", "SDSS", "SDSS", "SDSS", "SDSS", "APASS", "APASS", "APASS", "APASS", "APASS", "APASS", "APASS", "APASS", "APASS", "APASS", "APASS", "APASS", "APASS", "APASS", "APASS"], "filter": ["V", "R", "R", "B", "V", "g", "r", "B", "B", "R", "B", "B", "B", "B", "B", "V", "V", "V", "V", "V", "r", "r", "r", "r", "r"], "id": [152917, 151999, 152918, 151997, 151998, 153478, 153479, 153477, 153484, 153483, 153770, 153601, 153604, 153469, 154022, 153771, 153600, 153602, 153470, 154023, 153772, 153599, 153603, 153471, 154019]}