{"mjd": [58638.104123, 58638.108687, 58638.113258], "magerr": [-1.0, -1.0, 0.09115870296955109], "alert_name": null, "observatory": ["Liam Hardy pt5m", "Liam Hardy pt5m", "Liam Hardy pt5m"], "caliberr": [0.19842900335788727, 0.06776080280542374, 0.14198100566864014], "mag": [19.24329948425293, 19.51219940185547, 18.313600540161133], "catalog": ["APASS", "APASS", "APASS"], "filter": ["B", "V", "r"], "id": [154191, 154192, 154193]}