{"mjd": [59083.7834490743, 59083.7976041669, 59083.8117708331, 59083.7799074072, 59083.7940740739, 59083.8082291665, 59083.7905092593, 59083.8011458335, 59083.804675926, 59083.8153009261, 59083.8188310186, 59083.7869791668, 59084.7971990742, 59084.8069675928, 59084.816747685, 59084.8000694443, 59084.809849537, 59084.8196180556, 59084.8026041668, 59084.8047800926, 59084.8123842594, 59084.8145601852, 59084.8221412036, 59084.8243287038, 59084.8276736112, 59084.829849537, 59084.8320254628], "magerr": [0.1282999962568283, 0.09480000287294388, 0.09260000288486481, -1.0, 0.2551000118255615, -1.0, -1.0, 0.1151999980211258, -1.0, 0.09730000048875809, -1.0, 0.08950000256299973, 0.07050000131130219, 0.06650000065565109, 0.06030000001192093, 0.035100001841783524, 0.035999998450279236, 0.03550000116229057, 0.037700001150369644, 0.060499999672174454, 0.03620000183582306, 0.06700000166893005, 0.035100001841783524, 0.06830000132322311, 0.1662999987602234, 0.13910000026226044, 0.1266999989748001], "alert_name": null, "observatory": ["Goran Damljanovic, A", "Goran Damljanovic, A", "Goran Damljanovic, A", "Goran Damljanovic, A", "Goran Damljanovic, A", "Goran Damljanovic, A", "Goran Damljanovic, A", "Goran Damljanovic, A", "Goran Damljanovic, A", "Goran Damljanovic, A", "Goran Damljanovic, A", "Goran Damljanovic, A", "ASV1.4 Goran Damljan", "ASV1.4 Goran Damljan", "ASV1.4 Goran Damljan", "ASV1.4 Goran Damljan", "ASV1.4 Goran Damljan", "ASV1.4 Goran Damljan", "ASV1.4 Goran Damljan", "ASV1.4 Goran Damljan", "ASV1.4 Goran Damljan", "ASV1.4 Goran Damljan", "ASV1.4 Goran Damljan", "ASV1.4 Goran Damljan", "ASV1.4 Goran Damljan", "ASV1.4 Goran Damljan", "ASV1.4 Goran Damljan"], "caliberr": [0.10191100090742111, 0.10753700137138367, 0.11047500371932983, 0.06134700030088425, 0.040992699563503265, 0.05615349858999252, 0.11505699902772903, 0.06091989949345589, 0.1178629994392395, 0.06103929877281189, 0.12053699791431427, 0.0563988983631134, 0.03488200157880783, 0.030399799346923828, 0.03599650040268898, 0.1341709941625595, 0.12062200158834457, 0.13687099516391754, 0.13952399790287018, 0.14746800065040588, 0.16358600556850433, 0.14947299659252167, 0.1529719978570938, 0.12463399767875671, 0.02436310052871704, 0.05681909993290901, 0.03699510172009468], "mag": [18.980300903320312, 18.581199645996094, 18.527099609375, 21.240800857543945, 20.25160026550293, 21.878799438476562, 21.640899658203125, 18.70490074157715, 21.673799514770508, 19.15220069885254, 21.53730010986328, 18.408199310302734, 19.79669952392578, 19.778499603271484, 19.74220085144043, 19.024999618530273, 18.810400009155273, 18.96780014038086, 18.992599487304688, 18.814699172973633, 18.93400001525879, 19.066699981689453, 19.059999465942383, 19.07819938659668, 19.013099670410156, 18.94659996032715, 18.643999099731445], "catalog": ["APASS", "APASS", "APASS", "APASS", "APASS", "APASS", "APASS", "APASS", "APASS", "APASS", "APASS", "APASS", "APASS", "APASS", "APASS", "APASS", "APASS", "APASS", "APASS", "APASS", "APASS", "APASS", "APASS", "APASS", "APASS", "APASS", "APASS"], "filter": ["V", "V", "V", "g", "g", "g", "r", "r", "r", "r", "r", "i", "B", "B", "B", "V", "V", "V", "r", "r", "r", "r", "r", "r", "r", "r", "r"], "id": [208135, 208128, 208137, 208131, 208127, 208133, 208132, 208130, 208138, 208129, 208134, 208136, 207994, 207999, 207995, 207993, 207985, 207986, 207991, 207996, 207987, 207997, 207989, 207988, 207998, 207990, 207992]}