{"mjd": [58561.255208], "magerr": [-1.0], "alert_name": null, "observatory": ["Liam Hardy pt5m"], "caliberr": [0.15348932147026062], "mag": [18.94647216796875], "catalog": ["APASS"], "filter": ["B"], "id": [147648]}