{"mjd": [59095.04788, 59095.05172], "magerr": [-1.0, -1.0], "alert_name": null, "observatory": ["Liam Hardy pt5m", "Liam Hardy pt5m"], "caliberr": [0.3398209810256958, 0.08344103395938873], "mag": [18.483430862426758, 19.72212028503418], "catalog": ["APASS", "APASS"], "filter": ["B", "V"], "id": [198130, 198131]}