{"mjd": [58679.955948, 58679.946849, 58679.951403], "magerr": [0.1272360384464264, 0.13443303108215332, 0.15002937614917755], "alert_name": null, "observatory": ["Liam Hardy pt5m", "Liam Hardy pt5m", "Liam Hardy pt5m"], "caliberr": [0.16654524207115173, 0.06578349322080612, 0.04498337209224701], "mag": [18.884113311767578, 18.619956970214844, 18.747276306152344], "catalog": ["SDSS", "APASS", "APASS"], "filter": ["R", "B", "V"], "id": [158762, 158760, 158761]}