{"mjd": [58917.961299, 58917.958266], "magerr": [-1.0, -1.0], "alert_name": null, "observatory": ["Liam Hardy pt5m", "Liam Hardy pt5m"], "caliberr": [0.19210809469223022, 0.1721877008676529], "mag": [19.18286895751953, 18.860454559326172], "catalog": ["SDSS", "APASS"], "filter": ["R", "V"], "id": [184627, 184626]}