{"mjd": [59322.80672785, 59322.83963876, 59323.80926551, 59323.84405138, 59342.99226604, 59349.00172186, 59322.79967706, 59322.83259015, 59323.80220531, 59323.8370005, 59335.81853074, 59342.02226067, 59342.98521561, 59346.98750049, 59348.99467124, 59322.81381119, 59322.84672249, 59323.85113469, 59342.99934939, 59349.0088052], "magerr": [0.03799999877810478, 0.051899999380111694, 0.0625, 0.08780000358819962, 0.025100000202655792, 0.03849999979138374, 0.027000000700354576, 0.03680000081658363, 0.03519999980926514, 0.05130000039935112, 0.13330000638961792, 0.03849999979138374, 0.015699999406933784, 0.041099999099969864, 0.021900000050663948, 0.02710000053048134, 0.035100001841783524, 0.09520000219345093, 0.014299999922513962, 0.0215000007301569], "alert_name": null, "observatory": ["Moletai0.35-Erika Pa", "Moletai0.35-Erika Pa", "Moletai0.35-Erika Pa", "Moletai0.35-Erika Pa", "Moletai0.35-Erika Pa", "Moletai0.35-Erika Pa", "Moletai0.35-Erika Pa", "Moletai0.35-Erika Pa", "Moletai0.35-Erika Pa", "Moletai0.35-Erika Pa", "Moletai0.35-Erika Pa", "Moletai0.35-Erika Pa", "Moletai0.35-Erika Pa", "Moletai0.35-Erika Pa", "Moletai0.35-Erika Pa", "Moletai0.35-Erika Pa", "Moletai0.35-Erika Pa", "Moletai0.35-Erika Pa", "Moletai0.35-Erika Pa", "Moletai0.35-Erika Pa"], "caliberr": [0.07699279487133026, 0.07419002056121826, 0.09135814756155014, 0.1161191463470459, 0.07827499508857727, 0.09103813022375107, 0.07942919433116913, 0.06364613026380539, 0.06913185119628906, 0.07279650121927261, 0.4221661388874054, 0.10673360526561737, 0.08005301654338837, 0.06367727369070053, 0.08615319430828094, 0.14530819654464722, 0.14290037751197815, 0.21185393631458282, 0.1383993774652481, 0.1865646094083786], "mag": [16.425752639770508, 16.404478073120117, 16.448122024536133, 16.39316177368164, 16.329442977905273, 16.340795516967773, 15.854947090148926, 15.916714668273926, 15.783429145812988, 15.854312896728516, 15.457788467407227, 15.755253791809082, 15.795032501220703, 15.837563514709473, 15.77609920501709, 14.882184982299805, 15.095236778259277, 14.860576629638672, 14.977563858032227, 14.869789123535156], "catalog": ["APASS", "APASS", "APASS", "APASS", "APASS", "APASS", "APASS", "APASS", "APASS", "APASS", "APASS", "APASS", "APASS", "APASS", "APASS", "APASS", "APASS", "APASS", "APASS", "APASS"], "filter": ["V", "V", "V", "V", "V", "V", "r", "r", "r", "r", "r", "r", "r", "r", "r", "i", "i", "i", "i", "i"], "id": [218234, 218235, 218271, 218272, 220860, 221067, 218232, 218233, 218269, 218270, 220514, 220722, 220859, 221064, 221065, 218230, 218231, 218264, 220858, 221063]}