{"mjd": [58597.208039, 58599.208817, 58605.14041, 58597.212593, 58599.213378, 58605.144963, 58597.217142, 58599.217932, 58605.149516], "magerr": [-1.0, -1.0, -1.0, -1.0, -1.0, -1.0, -1.0, 0.0943838357925415, 0.12898851931095123], "alert_name": null, "observatory": ["Liam Hardy pt5m", "Liam Hardy pt5m", "Liam Hardy pt5m", "Liam Hardy pt5m", "Liam Hardy pt5m", "Liam Hardy pt5m", "Liam Hardy pt5m", "Liam Hardy pt5m", "Liam Hardy pt5m"], "caliberr": [0.06114502251148224, 0.06289452314376831, 0.06463240087032318, 0.11621226370334625, 0.032463591545820236, 0.02884829230606556, 0.08921203762292862, 0.04329896718263626, 0.057465337216854095], "mag": [19.973133087158203, 19.598108291625977, 19.853357315063477, 19.8290958404541, 19.586576461791992, 19.788311004638672, 19.89466094970703, 18.571889877319336, 19.648794174194336], "catalog": ["APASS", "APASS", "APASS", "APASS", "APASS", "APASS", "APASS", "APASS", "APASS"], "filter": ["B", "B", "B", "V", "V", "V", "r", "r", "r"], "id": [150964, 151143, 151482, 150965, 151144, 151483, 150966, 151145, 151484]}