{"mjd": [58692.127801, 58697.124296, 58692.118585, 58697.115184, 58692.123252, 58697.119742], "magerr": [0.017295800149440765, 0.016610700637102127, 0.09470880031585693, 0.10234799981117249, 0.04455510154366493, -1.0], "alert_name": null, "observatory": ["Liam Hardy pt5m", "Liam Hardy pt5m", "Liam Hardy pt5m", "Liam Hardy pt5m", "Liam Hardy pt5m", "Liam Hardy pt5m"], "caliberr": [0.20858199894428253, 0.14100399613380432, 0.040344201028347015, 0.05973869934678078, 0.009999999776482582, 0.009999999776482582], "mag": [15.686800003051758, 15.85200023651123, 17.3125, 17.60919952392578, 15.380599975585938, 19.288400650024414], "catalog": ["SDSS", "SDSS", "APASS", "APASS", "APASS", "APASS"], "filter": ["R", "R", "B", "B", "i", "i"], "id": [160361, 161081, 160359, 161079, 160360, 161080]}