{"mjd": [57048.79960266], "magerr": [0.10329999774694443], "alert_name": null, "observatory": ["K.Wiersema-Leicester"], "caliberr": [0.08501759171485901], "mag": [16.956571578979492], "catalog": ["APASS"], "filter": ["V"], "id": [15941]}