{"mjd": [58682.173212, 58682.164099, 58682.168661], "magerr": [0.07450380176305771, -1.0, 0.0990602970123291], "alert_name": null, "observatory": ["Liam Hardy pt5m", "Liam Hardy pt5m", "Liam Hardy pt5m"], "caliberr": [0.12696099281311035, 0.022187799215316772, 0.044050801545381546], "mag": [18.22599983215332, 18.96969985961914, 18.346200942993164], "catalog": ["SDSS", "APASS", "APASS"], "filter": ["R", "B", "V"], "id": [159471, 159469, 159470]}