{"mjd": [58079.024534, 58079.029088, 58079.033644], "magerr": [-1.0, -1.0, -1.0], "alert_name": null, "observatory": ["Liam Hardy pt5m", "Liam Hardy pt5m", "Liam Hardy pt5m"], "caliberr": [0.09790310263633728, 0.11625400185585022, 0.06234209984540939], "mag": [18.316200256347656, 18.452299118041992, 19.151500701904297], "catalog": ["APASS", "APASS", "APASS"], "filter": ["B", "V", "r"], "id": [89491, 89492, 89493]}