{"mjd": [59019.95600116, 59019.97182292, 59048.90910417, 59048.91453819, 59019.94547222, 59019.96129051, 59048.90258681, 59048.90550116, 59048.91093403, 59019.95073611, 59019.96655556, 59048.90730324], "magerr": [0.011300000362098217, 0.010499999858438969, 0.018400000408291817, 0.019099999219179153, 0.014600000344216824, 0.01269999984651804, 0.019999999552965164, 0.019200000911951065, 0.020600000396370888, 0.009499999694526196, 0.008899999782443047, 0.014800000004470348], "alert_name": null, "observatory": ["Loiano, Felice Cusan", "Loiano, Felice Cusan", "Loiano, Felice Cusan", "Loiano, Felice Cusan", "Loiano, Felice Cusan", "Loiano, Felice Cusan", "Loiano, Felice Cusan", "Loiano, Felice Cusan", "Loiano, Felice Cusan", "Loiano, Felice Cusan", "Loiano, Felice Cusan", "Loiano, Felice Cusan"], "caliberr": [0.12324485182762146, 0.12557129561901093, 0.12143921852111816, 0.11345788836479187, 0.0675191879272461, 0.07738182693719864, 0.07926308363676071, 0.07429703325033188, 0.0718206986784935, 0.08670006692409515, 0.08200734853744507, 0.11483192443847656], "mag": [17.605865478515625, 17.61392593383789, 17.56865119934082, 17.64759063720703, 18.453907012939453, 18.484594345092773, 18.372455596923828, 18.3955020904541, 18.35370635986328, 18.233144760131836, 18.2293643951416, 18.171531677246094], "catalog": ["SDSS", "SDSS", "SDSS", "SDSS", "APASS", "APASS", "APASS", "APASS", "APASS", "APASS", "APASS", "APASS"], "filter": ["I", "I", "I", "I", "V", "V", "V", "V", "V", "r", "r", "r"], "id": [193647, 193694, 194450, 194452, 193645, 193648, 194447, 194448, 194451, 193646, 193693, 194449]}