{"mjd": [57573.9685699, 57573.9685699, 57571.9263554, 57572.9173878, 57571.9263554, 57572.9173878, 57571.9263554, 57572.9173878], "magerr": [0.010700000450015068, 0.007400000002235174, -1.0, 0.1590999960899353, 0.009499999694526196, 0.009700000286102295, 0.006500000134110451, 0.006300000008195639], "alert_name": null, "observatory": ["Mercator Geneva Grou", "Mercator Geneva Grou", "Euler Geneva Group", "Euler Geneva Group", "Euler Geneva Group", "Euler Geneva Group", "Euler Geneva Group", "Euler Geneva Group"], "caliberr": [0.1258118897676468, 0.09327603876590729, 0.37321504950523376, 0.3484400510787964, 0.08073997497558594, 0.10344727337360382, 0.07030342519283295, 0.0698339119553566], "mag": [18.866371154785156, 17.941749572753906, 22.01908302307129, 21.63831329345703, 18.826765060424805, 18.89732551574707, 17.86025047302246, 17.904094696044922], "catalog": ["SDSS", "SDSS", "SDSS", "SDSS", "SDSS", "SDSS", "SDSS", "SDSS"], "filter": ["g", "r", "u", "u", "g", "g", "r", "r"], "id": [39197, 39198, 39124, 39134, 39122, 39132, 39123, 39133]}