{"mjd": [58804.219585, 58804.21124, 58804.215802], "magerr": [0.131631001830101, -1.0, 0.140174001455307], "alert_name": null, "observatory": ["Liam Hardy pt5m", "Liam Hardy pt5m", "Liam Hardy pt5m"], "caliberr": [0.3982200026512146, 0.058124199509620667, 0.03216350078582764], "mag": [18.398700714111328, 19.037099838256836, 18.4778995513916], "catalog": ["SDSS", "APASS", "APASS"], "filter": ["R", "B", "V"], "id": [171694, 171692, 171693]}