{"mjd": [59344.106179, 59344.111566], "magerr": [-1.0, 0.06690678745508194], "alert_name": null, "observatory": ["Liam Hardy pt5m", "Liam Hardy pt5m"], "caliberr": [0.19542747735977173, 0.0944918543100357], "mag": [18.52248191833496, 17.128732681274414], "catalog": ["APASS", "APASS"], "filter": ["B", "V"], "id": [220684, 220685]}