{"mjd": [58639.094261, 58644.125756, 58639.098824, 58644.130313, 58639.103379, 58644.134871], "magerr": [-1.0, -1.0, -1.0, -1.0, 0.13544949889183044, -1.0], "alert_name": null, "observatory": ["Liam Hardy pt5m", "Liam Hardy pt5m", "Liam Hardy pt5m", "Liam Hardy pt5m", "Liam Hardy pt5m", "Liam Hardy pt5m"], "caliberr": [0.03096376545727253, 0.045041438192129135, 0.06455998867750168, 0.07269597798585892, 0.10990079492330551, 0.09367305040359497], "mag": [19.379253387451172, 19.82600975036621, 19.354299545288086, 19.703292846679688, 19.6080265045166, 20.03339385986328], "catalog": ["APASS", "APASS", "APASS", "APASS", "APASS", "APASS"], "filter": ["B", "B", "V", "V", "r", "r"], "id": [154251, 154921, 154271, 154922, 154272, 154923]}