{"mjd": [58459.271377, 58459.275166], "magerr": [-1.0, 0.04469199851155281], "alert_name": null, "observatory": ["Liam Hardy pt5m", "Liam Hardy pt5m"], "caliberr": [0.05846939980983734, 0.07576379925012589], "mag": [17.800800323486328, 16.259899139404297], "catalog": ["APASS", "APASS"], "filter": ["V", "r"], "id": [127294, 127295]}