{"mjd": [58625.035796, 58627.070061, 58641.971289, 58625.026698, 58627.060961, 58641.96218, 58625.031251, 58627.065514, 58641.966737], "magerr": [0.06677353382110596, 0.09199363738298416, 0.09290499240159988, -1.0, -1.0, -1.0, 0.08907095342874527, 0.1038830354809761, 0.10788792371749878], "alert_name": null, "observatory": ["Liam Hardy pt5m", "Liam Hardy pt5m", "Liam Hardy pt5m", "Liam Hardy pt5m", "Liam Hardy pt5m", "Liam Hardy pt5m", "Liam Hardy pt5m", "Liam Hardy pt5m", "Liam Hardy pt5m"], "caliberr": [0.11264171451330185, 0.23332148790359497, 0.13725869357585907, 0.11938490718603134, 0.10658305883407593, 0.020594272762537003, 0.027841011062264442, 0.009999999776482582, 0.03990427032113075], "mag": [18.03139877319336, 18.191200256347656, 18.72520637512207, 25.577096939086914, 20.088972091674805, 19.87178611755371, 18.18450927734375, 18.536592483520508, 18.75774574279785], "catalog": ["SDSS", "SDSS", "SDSS", "APASS", "APASS", "APASS", "APASS", "APASS", "APASS"], "filter": ["R", "R", "R", "B", "B", "B", "V", "V", "V"], "id": [152924, 153210, 154712, 152922, 153208, 154710, 152923, 153209, 154711]}