{"mjd": [58426.235616, 58431.24293, 58431.23382, 58438.239472, 58426.231063, 58431.23838, 58438.26629], "magerr": [0.06502369791269302, 0.059465400874614716, 0.1064160019159317, -1.0, 0.09017810225486755, 0.06383109837770462, -1.0], "alert_name": null, "observatory": ["Liam Hardy pt5m", "Liam Hardy pt5m", "Liam Hardy pt5m", "Liam Hardy pt5m", "Liam Hardy pt5m", "Liam Hardy pt5m", "Liam Hardy pt5m"], "caliberr": [0.16688300669193268, 0.1864060014486313, 0.01920749992132187, 0.009999999776482582, 0.07255420088768005, 0.09072919934988022, 0.10360299795866013], "mag": [17.797199249267578, 17.819900512695312, 18.069400787353516, 18.089500427246094, 17.94659996032715, 17.73550033569336, 17.9950008392334], "catalog": ["SDSS", "SDSS", "APASS", "APASS", "APASS", "APASS", "APASS"], "filter": ["R", "R", "B", "B", "V", "V", "V"], "id": [125451, 126117, 126115, 126499, 125450, 126116, 126500]}