{"mjd": [58518.282918, 58523.278938], "magerr": [0.06442119926214218, -1.0], "alert_name": null, "observatory": ["Liam Hardy pt5m", "Liam Hardy pt5m"], "caliberr": [0.05599360167980194, 0.09490340203046799], "mag": [16.719900131225586, 18.79159927368164], "catalog": ["APASS", "APASS"], "filter": ["B", "B"], "id": [130580, 130769]}