{"mjd": [58643.088823, 58647.127022, 58654.101917, 58643.093382, 58647.130818, 58654.106474, 58643.097946, 58647.137623, 58654.111031], "magerr": [-1.0, -1.0, -1.0, 0.08198670297861099, 0.09844440221786499, 0.15280799567699432, 0.037049099802970886, 0.04574190080165863, 0.060951899737119675], "alert_name": null, "observatory": ["Liam Hardy pt5m", "Liam Hardy pt5m", "Liam Hardy pt5m", "Liam Hardy pt5m", "Liam Hardy pt5m", "Liam Hardy pt5m", "Liam Hardy pt5m", "Liam Hardy pt5m", "Liam Hardy pt5m"], "caliberr": [0.1688529998064041, 0.0318727008998394, 0.11694300174713135, 0.04770810157060623, 0.05395739898085594, 0.05706460028886795, 0.095728300511837, 0.03951700031757355, 0.09331239759922028], "mag": [19.458099365234375, 19.80109977722168, 20.269800186157227, 18.93470001220703, 18.729900360107422, 18.525999069213867, 18.03510093688965, 17.680599212646484, 17.330699920654297], "catalog": ["APASS", "APASS", "APASS", "APASS", "APASS", "APASS", "APASS", "APASS", "APASS"], "filter": ["B", "B", "B", "V", "V", "V", "r", "r", "r"], "id": [154834, 155252, 156020, 154835, 155253, 156021, 154836, 155254, 156022]}