{"mjd": [57594.777349, 57594.783355, 57594.792126], "magerr": [0.013899999670684338, 0.006899999920278788, 0.012600000016391277], "alert_name": null, "observatory": ["T100,Hasan Esenoglu", "T100,Hasan Esenoglu", "T100,Hasan Esenoglu"], "caliberr": [0.10956300050020218, 0.09277579933404922, 0.12714800238609314], "mag": [16.687599182128906, 16.083599090576172, 15.779600143432617], "catalog": ["APASS", "APASS", "APASS"], "filter": ["g", "r", "i"]}