{"mjd": [58660.197243, 58660.18732, 58660.191927], "magerr": [0.0012335299979895353, 0.0018582999473437667, 0.0014518999960273504], "alert_name": null, "observatory": ["Liam Hardy pt5m", "Liam Hardy pt5m", "Liam Hardy pt5m"], "caliberr": [0.17893099784851074, 0.08500640094280243, 0.04909199848771095], "mag": [11.912400245666504, 12.285499572753906, 12.03849983215332], "catalog": ["SDSS", "APASS", "APASS"], "filter": ["R", "B", "V"], "id": [156764, 156762, 156763]}