{"mjd": [58603.154139, 58606.135837, 58603.16964, 58606.140397, 58603.174205, 58606.14496], "magerr": [-1.0, -1.0, -1.0, -1.0, -1.0, -1.0], "alert_name": null, "observatory": ["Liam Hardy pt5m", "Liam Hardy pt5m", "Liam Hardy pt5m", "Liam Hardy pt5m", "Liam Hardy pt5m", "Liam Hardy pt5m"], "caliberr": [0.07031550258398056, 0.09263709932565689, 0.06075210124254227, 0.05516679957509041, 0.055378399789333344, 0.04953819885849953], "mag": [19.359899520874023, 19.693300247192383, 19.609399795532227, 20.206899642944336, 19.979900360107422, 20.030099868774414], "catalog": ["APASS", "APASS", "APASS", "APASS", "APASS", "APASS"], "filter": ["B", "B", "V", "V", "r", "r"], "id": [151400, 151535, 151401, 151536, 151402, 151537]}