{"mjd": [58546.172772, 58537.202262, 58546.177344, 58537.206813, 58546.181138], "magerr": [-1.0, -1.0, -1.0, -1.0, -1.0], "alert_name": null, "observatory": ["Liam Hardy pt5m", "Liam Hardy pt5m", "Liam Hardy pt5m", "Liam Hardy pt5m", "Liam Hardy pt5m"], "caliberr": [0.08591459691524506, 0.009999999776482582, 0.04221240058541298, 0.046074699610471725, 0.06325879693031311], "mag": [18.7322998046875, 19.254899978637695, 19.554500579833984, 19.366300582885742, 19.66010093688965], "catalog": ["APASS", "APASS", "APASS", "APASS", "APASS"], "filter": ["B", "V", "V", "r", "r"], "id": [143014, 131353, 143015, 131354, 143016]}