{"mjd": [57924.054045], "magerr": [-1.0], "alert_name": null, "observatory": ["OmicronC2PU JPRivet"], "caliberr": [0.30353161692619324], "mag": [23.80833625793457], "catalog": ["APASS"], "filter": ["r"], "id": [77224]}