{"mjd": [58918.956227, 58918.947136, 58918.951683], "magerr": [0.06704100966453552, -1.0, 0.10684802383184433], "alert_name": null, "observatory": ["Liam Hardy pt5m", "Liam Hardy pt5m", "Liam Hardy pt5m"], "caliberr": [0.15465986728668213, 0.17356495559215546, 0.0714888870716095], "mag": [17.6308650970459, 18.825803756713867, 17.84269905090332], "catalog": ["SDSS", "APASS", "APASS"], "filter": ["R", "B", "V"], "id": [184701, 184699, 184700]}