{"mjd": [58452.984944, 58452.989516, 58452.994089], "magerr": [-1.0, -1.0, -1.0], "alert_name": null, "observatory": ["Liam Hardy pt5m", "Liam Hardy pt5m", "Liam Hardy pt5m"], "caliberr": [0.08446010202169418, 0.1119140014052391, 0.10270500183105469], "mag": [19.01759910583496, 19.847700119018555, 19.75830078125], "catalog": ["APASS", "APASS", "APASS"], "filter": ["B", "V", "r"], "id": [126892, 126893, 126894]}