{"mjd": [58612.989228, 58620.019177, 58620.015385], "magerr": [0.01981559954583645, -1.0, 0.10862500220537186], "alert_name": null, "observatory": ["Liam Hardy pt5m", "Liam Hardy pt5m", "Liam Hardy pt5m"], "caliberr": [0.2602109909057617, 0.13556499779224396, 0.04923129826784134], "mag": [14.859100341796875, 19.022300720214844, 17.577999114990234], "catalog": ["SDSS", "SDSS", "APASS"], "filter": ["R", "R", "V"], "id": [152056, 152721, 152720]}