{"mjd": [59124.095222, 59124.099889, 59124.10449], "magerr": [-1.0, 0.04876970127224922, 0.047293201088905334], "alert_name": null, "observatory": ["Liam Hardy pt5m", "Liam Hardy pt5m", "Liam Hardy pt5m"], "caliberr": [0.010000200010836124, 0.03807080164551735, 0.06038760021328926], "mag": [18.7362003326416, 16.35420036315918, 16.36870002746582], "catalog": ["APASS", "APASS", "APASS"], "filter": ["B", "V", "r"], "id": [201728, 201729, 201730]}