{"mjd": [59109.848328], "magerr": [-1.0], "alert_name": null, "observatory": ["Liam Hardy pt5m"], "caliberr": [0.12887462973594666], "mag": [18.71098518371582], "catalog": ["APASS"], "filter": ["V"], "id": [199153]}