{"mjd": [58611.171573, 58616.169665, 58611.176133, 58616.174218, 58611.179926, 58616.178767], "magerr": [-1.0, -1.0, -1.0, -1.0, 0.1324860006570816, 0.11763300001621246], "alert_name": null, "observatory": ["Liam Hardy pt5m", "Liam Hardy pt5m", "Liam Hardy pt5m", "Liam Hardy pt5m", "Liam Hardy pt5m", "Liam Hardy pt5m"], "caliberr": [0.03343290090560913, 0.03651440143585205, 0.04980120062828064, 0.054705098271369934, 0.0611439011991024, 0.08418119698762894], "mag": [19.436100006103516, 19.774200439453125, 19.87820053100586, 19.922399520874023, 19.34830093383789, 19.649999618530273], "catalog": ["APASS", "APASS", "APASS", "APASS", "APASS", "APASS"], "filter": ["B", "B", "V", "V", "r", "r"], "id": [151957, 152444, 151958, 152445, 151959, 152446]}