{"mjd": [59202.24705, 59202.248558], "magerr": [-1.0, -1.0], "alert_name": null, "observatory": ["Liam Hardy pt5m", "Liam Hardy pt5m"], "caliberr": [0.025172602385282516, 0.03036828152835369], "mag": [17.696409225463867, 18.00223159790039], "catalog": ["APASS", "APASS"], "filter": ["B", "B"], "id": [208796, 208797]}