{"mjd": [59172.185982, 59172.177638, 59172.181438], "magerr": [0.0880018025636673, -1.0, 0.11944899708032608], "alert_name": null, "observatory": ["Liam Hardy pt5m", "Liam Hardy pt5m", "Liam Hardy pt5m"], "caliberr": [0.17681099474430084, 0.07971320301294327, 0.032915499061346054], "mag": [17.880599975585938, 18.74690055847168, 18.177200317382812], "catalog": ["SDSS", "APASS", "APASS"], "filter": ["R", "B", "V"], "id": [206164, 206162, 206163]}