{"mjd": [57087.87762203703, 57087.9134015625, 57106.13560603009, 57087.92826755787, 57106.15046524305, 57087.92076113426, 57106.14305076389, 57109.8501593287, 57087.88571231481, 57109.85754856482, 57109.86493913194, 57093.4127759, 57097.4068699], "magerr": [-1.0, -1.0, 0.12399999797344208, 0.13899999856948853, 0.0, 0.13600000739097595, -1.0, 0.12999999523162842, 0.1679999977350235, 0.07900000363588333, 0.08799999952316284, 0.020899999886751175, 0.015699999406933784], "alert_name": null, "observatory": ["LCOGT Gaia Alerts Gr", "LCOGT Gaia Alerts Gr", "LCOGT Gaia Alerts Gr", "LCOGT Gaia Alerts Gr", "LCOGT Gaia Alerts Gr", "LCOGT Gaia Alerts Gr", "LCOGT Gaia Alerts Gr", "LCOGT Gaia Alerts Gr", "LCOGT Gaia Alerts Gr", "LCOGT Gaia Alerts Gr", "LCOGT Gaia Alerts Gr", "Euler Geneva Group", "Euler Geneva Group"], "caliberr": [0.250247597694397, 0.23397955298423767, 0.2051963061094284, 0.17871564626693726, 0.18936645984649658, 0.3428495526313782, 0.35283365845680237, 0.03779539838433266, 0.07779275625944138, 0.010000000707805157, 0.12536270916461945, 0.06685341894626617, 0.046121638268232346], "mag": [20.974998474121094, 21.4002685546875, 19.147249221801758, 19.249204635620117, 20.394271850585938, 18.95245933532715, 20.52685546875, 20.656503677368164, 19.70013999938965, 19.921571731567383, 19.98086929321289, 17.92142677307129, 18.675790786743164], "catalog": ["USNO", "USNO", "USNO", "USNO", "USNO", "USNO", "USNO", "APASS", "APASS", "APASS", "APASS", "APASS", "APASS"], "filter": ["B2pg", "B2pg", "B2pg", "R1pg", "R1pg", "Ipg", "Ipg", "g", "r", "r", "i", "r", "r"], "id": [17814, 17812, 18517, 17810, 18519, 17811, 18518, 18520, 17813, 18521, 18522, 17828, 17829]}