{"mjd": [58404.053565, 58404.058129, 58404.062688], "magerr": [-1.0, -1.0, -1.0], "alert_name": null, "observatory": ["Liam Hardy pt5m", "Liam Hardy pt5m", "Liam Hardy pt5m"], "caliberr": [0.1095850020647049, 0.0396357998251915, 0.039336398243904114], "mag": [18.97879981994629, 19.349899291992188, 19.664400100708008], "catalog": ["APASS", "APASS", "APASS"], "filter": ["B", "V", "r"], "id": [122364, 122365, 122366]}