{"mjd": [59462.183655, 59469.200156, 59476.194403, 59462.187454, 59469.204712, 59476.198955], "magerr": [-1.0, -1.0, -1.0, -1.0, -1.0, -1.0], "alert_name": null, "observatory": ["Liam Hardy pt5m", "Liam Hardy pt5m", "Liam Hardy pt5m", "Liam Hardy pt5m", "Liam Hardy pt5m", "Liam Hardy pt5m"], "caliberr": [0.13865911960601807, 0.20215973258018494, 0.1395687460899353, 0.09904288500547409, 0.05125095322728157, 0.06704245507717133], "mag": [18.363689422607422, 18.21954917907715, 18.240095138549805, 19.05794334411621, 18.426034927368164, 18.686073303222656], "catalog": ["APASS", "APASS", "APASS", "APASS", "APASS", "APASS"], "filter": ["B", "B", "B", "V", "V", "V"], "id": [232581, 233825, 234122, 232582, 233826, 234123]}