{"mjd": [58709.003892, 58708.994758, 58708.999323], "magerr": [0.04727166146039963, 0.08644206821918488, 0.06878473609685898], "alert_name": null, "observatory": ["Liam Hardy pt5m", "Liam Hardy pt5m", "Liam Hardy pt5m"], "caliberr": [0.25227388739585876, 0.037845488637685776, 0.039095837622880936], "mag": [17.477235794067383, 17.802536010742188, 17.718856811523438], "catalog": ["SDSS", "APASS", "APASS"], "filter": ["R", "B", "V"], "id": [162332, 162330, 162331]}