{"mjd": [59014.016434, 59014.01999, 59014.023546, 59014.027101, 59014.991022, 59014.994578, 59014.998134, 59015.001689, 59051.026289, 59051.029858, 59051.033425, 59051.03699, 59053.031793, 59053.03536, 59053.038943, 59053.042517, 59060.885378, 59060.888946, 59060.892516, 59060.896084, 59025.96406, 59026.952445, 59026.983224, 59028.952871, 59034.934703, 59042.89665, 59046.964739, 59051.875306, 59052.887704, 59055.900916, 59056.995009, 59063.965763, 59102.995352, 59111.830835, 59117.809082, 59025.970159, 59026.96086, 59028.961286, 59034.943119, 59042.905064, 59046.973156, 59051.88372, 59052.89612, 59055.909331, 59057.003422, 59063.97418, 59111.83925, 59117.842962, 59025.967682, 59026.957225, 59026.988004, 59028.957651, 59034.939485, 59042.90143, 59046.969522, 59051.880086, 59052.892485, 59055.905696, 59056.999788, 59063.970544, 59103.000132, 59111.835616, 59117.839328, 59049.00140278, 59049.00372685, 59049.00602199, 59049.00218981, 59049.00677315], "magerr": [0.0010000000474974513, 0.0010000000474974513, 0.0010000000474974513, 0.0010000000474974513, 0.0007999999797903001, 0.0008999999845400453, 0.0008999999845400453, 0.0008999999845400453, 0.0008999999845400453, 0.0008999999845400453, 0.0008999999845400453, 0.0010000000474974513, 0.0008999999845400453, 0.0008999999845400453, 0.0008999999845400453, 0.0007999999797903001, 0.0012000000569969416, 0.0012000000569969416, 0.0012000000569969416, 0.0012000000569969416, 0.011599999852478504, 0.009700000286102295, 0.01590000092983246, 0.009200000204145908, 0.012500000186264515, 0.007899999618530273, 0.0066999997943639755, 0.012600000016391277, 0.0052999998442828655, 0.00559999980032444, 0.006399999838322401, 0.00989999994635582, 0.01360000018030405, 0.0044999998062849045, 0.007600000128149986, 0.010999999940395355, 0.008899999782443047, 0.008799999952316284, 0.010999999940395355, 0.008200000040233135, 0.007499999832361937, 0.00839999970048666, 0.006000000052154064, 0.006099999882280827, 0.006800000090152025, 0.009200000204145908, 0.005400000140070915, 0.007899999618530273, 0.01489999983459711, 0.012299999594688416, 0.017799999564886093, 0.013100000098347664, 0.013299999758601189, 0.011599999852478504, 0.012199999764561653, 0.02459999918937683, 0.009200000204145908, 0.009100000374019146, 0.009600000455975533, 0.011699999682605267, 0.012900000438094139, 0.009100000374019146, 0.01080000028014183, 0.05079999938607216, 0.07779999822378159, 0.05480000004172325, 0.015799999237060547, 0.008299999870359898], "alert_name": null, "observatory": ["OmicronC2PU JPRivet", "OmicronC2PU JPRivet", "OmicronC2PU JPRivet", "OmicronC2PU JPRivet", "OmicronC2PU JPRivet", "OmicronC2PU JPRivet", "OmicronC2PU JPRivet", "OmicronC2PU JPRivet", "OmicronC2PU JPRivet", "OmicronC2PU JPRivet", "OmicronC2PU JPRivet", "OmicronC2PU JPRivet", "OmicronC2PU JPRivet", "OmicronC2PU JPRivet", "OmicronC2PU JPRivet", "OmicronC2PU JPRivet", "OmicronC2PU JPRivet", "OmicronC2PU JPRivet", "OmicronC2PU JPRivet", "OmicronC2PU JPRivet", "Moletai0.35-Erika Pa", "Moletai0.35-Erika Pa", "Moletai0.35-Erika Pa", "Moletai0.35-Erika Pa", "Moletai0.35-Erika Pa", "Moletai0.35-Erika Pa", "Moletai0.35-Erika Pa", "Moletai0.35-Erika Pa", "Moletai0.35-Erika Pa", "Moletai0.35-Erika Pa", "Moletai0.35-Erika Pa", "Moletai0.35-Erika Pa", "Moletai0.35-Erika Pa", "Moletai0.35-Erika Pa", "Moletai0.35-Erika Pa", "Moletai0.35-Erika Pa", "Moletai0.35-Erika Pa", "Moletai0.35-Erika Pa", "Moletai0.35-Erika Pa", "Moletai0.35-Erika Pa", "Moletai0.35-Erika Pa", "Moletai0.35-Erika Pa", "Moletai0.35-Erika Pa", "Moletai0.35-Erika Pa", "Moletai0.35-Erika Pa", "Moletai0.35-Erika Pa", "Moletai0.35-Erika Pa", "Moletai0.35-Erika Pa", "Moletai0.35-Erika Pa", "Moletai0.35-Erika Pa", "Moletai0.35-Erika Pa", "Moletai0.35-Erika Pa", "Moletai0.35-Erika Pa", "Moletai0.35-Erika Pa", "Moletai0.35-Erika Pa", "Moletai0.35-Erika Pa", "Moletai0.35-Erika Pa", "Moletai0.35-Erika Pa", "Moletai0.35-Erika Pa", "Moletai0.35-Erika Pa", "Moletai0.35-Erika Pa", "Moletai0.35-Erika Pa", "Moletai0.35-Erika Pa", "Loiano, Felice Cusan", "Loiano, Felice Cusan", "Loiano, Felice Cusan", "Loiano, Felice Cusan", "Loiano, Felice Cusan"], "caliberr": [0.11368737369775772, 0.11418505012989044, 0.1333225518465042, 0.12721291184425354, 0.1226940006017685, 0.12062141299247742, 0.12603716552257538, 0.12834319472312927, 0.12715359032154083, 0.13423827290534973, 0.11541075259447098, 0.1130065768957138, 0.11890918761491776, 0.11989030241966248, 0.119586281478405, 0.12487751990556717, 0.1342611163854599, 0.14036977291107178, 0.1387903243303299, 0.13940563797950745, 0.09659578651189804, 0.10977315902709961, 0.11532773822546005, 0.11852063983678818, 0.10183357447385788, 0.11038705706596375, 0.11907748132944107, 0.09304219484329224, 0.1222437173128128, 0.1209576353430748, 0.1010197326540947, 0.10006052255630493, 0.08984511345624924, 0.13236664235591888, 0.12565016746520996, 0.1118311733007431, 0.12645551562309265, 0.12529242038726807, 0.12667948007583618, 0.12995842099189758, 0.137112557888031, 0.11968903988599777, 0.14674752950668335, 0.1365494728088379, 0.12266718596220016, 0.1306186020374298, 0.16021504998207092, 0.13480879366397858, 0.12983860075473785, 0.13454569876194, 0.14781275391578674, 0.13872301578521729, 0.13604968786239624, 0.15842530131340027, 0.16072362661361694, 0.10865230858325958, 0.15130408108234406, 0.14352892339229584, 0.14188538491725922, 0.1439300775527954, 0.13136158883571625, 0.15148063004016876, 0.14711761474609375, 0.12581785023212433, 0.13837939500808716, 0.11492962390184402, 0.10556041449308395, 0.097438745200634], "mag": [13.983250617980957, 13.972222328186035, 13.958378791809082, 13.969017028808594, 13.907888412475586, 13.929941177368164, 13.91887092590332, 13.92512035369873, 13.925382614135742, 13.916187286376953, 13.9243803024292, 13.941390991210938, 13.953521728515625, 13.961638450622559, 13.955755233764648, 13.942527770996094, 13.939122200012207, 13.954834938049316, 13.960659980773926, 13.963454246520996, 14.37043571472168, 14.355306625366211, 14.360183715820312, 14.365118980407715, 14.364729881286621, 14.372802734375, 14.369542121887207, 14.382734298706055, 14.344159126281738, 14.350776672363281, 14.357550621032715, 14.34821891784668, 14.395944595336914, 14.36090087890625, 14.360437393188477, 14.08029556274414, 14.071700096130371, 14.076872825622559, 14.05691909790039, 14.059216499328613, 14.090259552001953, 14.05406379699707, 14.083995819091797, 14.067240715026855, 14.045989036560059, 14.066967010498047, 14.060355186462402, 14.068404197692871, 13.689881324768066, 13.731741905212402, 13.667695999145508, 13.698972702026367, 13.73190975189209, 13.757004737854004, 13.78425407409668, 13.79373836517334, 13.731440544128418, 13.718185424804688, 13.703017234802246, 13.734843254089355, 13.741887092590332, 13.707230567932129, 13.744140625, 14.296774864196777, 14.257308006286621, 14.30652141571045, 13.995023727416992, 13.981953620910645], "catalog": ["APASS", "APASS", "APASS", "APASS", "APASS", "APASS", "APASS", "APASS", "APASS", "APASS", "APASS", "APASS", "APASS", "APASS", "APASS", "APASS", "APASS", "APASS", "APASS", "APASS", "APASS", "APASS", "APASS", "APASS", "APASS", "APASS", "APASS", "APASS", "APASS", "APASS", "APASS", "APASS", "APASS", "APASS", "APASS", "APASS", "APASS", "APASS", "APASS", "APASS", "APASS", "APASS", "APASS", "APASS", "APASS", "APASS", "APASS", "APASS", "APASS", "APASS", "APASS", "APASS", "APASS", "APASS", "APASS", "APASS", "APASS", "APASS", "APASS", "APASS", "APASS", "APASS", "APASS", "APASS", "APASS", "APASS", "APASS", "APASS"], "filter": ["r", "r", "r", "r", "r", "r", "r", "r", "r", "r", "r", "r", "r", "r", "r", "r", "r", "r", "r", "r", "V", "V", "V", "V", "V", "V", "V", "V", "V", "V", "V", "V", "V", "V", "V", "r", "r", "r", "r", "r", "r", "r", "r", "r", "r", "r", "r", "r", "i", "i", "i", "i", "i", "i", "i", "i", "i", "i", "i", "i", "i", "i", "i", "V", "V", "V", "r", "r"],