{"mjd": [58917.033058, 58917.037603], "magerr": [-1.0, -1.0], "alert_name": null, "observatory": ["Liam Hardy pt5m", "Liam Hardy pt5m"], "caliberr": [0.327580064535141, 0.42625367641448975], "mag": [17.898035049438477, 17.839632034301758], "catalog": ["APASS", "APASS"], "filter": ["V", "r"], "id": [184496, 184497]}