{"mjd": [58485.90949, 58485.914046, 58485.918599], "magerr": [-1.0, -1.0, 0.10097599774599075], "alert_name": null, "observatory": ["Liam Hardy pt5m", "Liam Hardy pt5m", "Liam Hardy pt5m"], "caliberr": [0.05522590130567551, 0.03909289836883545, 0.009999999776482582], "mag": [19.068300247192383, 19.420799255371094, 18.80150032043457], "catalog": ["APASS", "APASS", "APASS"], "filter": ["B", "V", "r"], "id": [129331, 129332, 129333]}