{"mjd": [58404.159145, 58404.163704, 58404.168261], "magerr": [-1.0, -1.0, 0.053532712161540985], "alert_name": null, "observatory": ["Liam Hardy pt5m", "Liam Hardy pt5m", "Liam Hardy pt5m"], "caliberr": [0.11035999655723572, 0.05799168348312378, 0.09576933085918427], "mag": [19.092775344848633, 19.657085418701172, 18.074235916137695], "catalog": ["APASS", "APASS", "APASS"], "filter": ["B", "V", "r"], "id": [122383, 122384, 122385]}