{"mjd": [58808.197763, 58808.188454, 58808.192396], "magerr": [0.020968999713659286, 0.04396149888634682, 0.040042199194431305], "alert_name": null, "observatory": ["Liam Hardy pt5m", "Liam Hardy pt5m", "Liam Hardy pt5m"], "caliberr": [0.1610269993543625, 0.04835579916834831, 0.09215140342712402], "mag": [15.320699691772461, 16.37420082092285, 15.7431001663208], "catalog": ["SDSS", "APASS", "APASS"], "filter": ["R", "B", "V"], "id": [172040, 172038, 172039]}