{"mjd": [59081.122114, 59081.113014, 59081.117567], "magerr": [0.032044198364019394, 0.08439429849386215, 0.05062149837613106], "alert_name": null, "observatory": ["Liam Hardy pt5m", "Liam Hardy pt5m", "Liam Hardy pt5m"], "caliberr": [0.11484599858522415, 0.009999999776482582, 0.08800230175256729], "mag": [17.165000915527344, 17.843599319458008, 17.53580093383789], "catalog": ["SDSS", "APASS", "APASS"], "filter": ["R", "B", "V"], "id": [196627, 196625, 196626]}