{"mjd": [58612.989228, 58620.019177, 58633.923066, 58633.915366, 58620.015385, 58633.918519, 58605.8470024, 58620.8245406, 58617.8259286, 58618.8139134, 58619.818063, 58622.8076425, 58605.8516259, 58605.8562562, 58605.8448389, 58621.8122727, 58621.8076432, 58617.81667, 58618.8071439, 58617.8189837, 58618.8208401, 58620.8129705, 58605.8585712, 58606.8550943, 58615.815051, 58615.8173648, 58615.8196786, 58615.8219971, 58616.8125294, 58616.8192214, 58616.821534, 58617.8100777, 58618.8093828, 58618.8116596, 58619.804271, 58619.8088002, 58619.8111138, 58620.8014904, 58621.8007583, 58621.8030151, 58622.798644, 58622.805328, 58605.8608863, 58606.8481512, 58618.8254683, 58620.8060204, 58620.8083399, 58615.831252, 58615.8335684, 58615.8358865, 58615.8382, 58615.840511, 58616.8169056, 58616.8331071, 58616.8354211, 58616.8377386, 58617.8236157, 58617.8282425, 58617.830561, 58618.8231537, 58618.8277823, 58618.8324184, 58619.8064947, 58619.8134288, 58619.8226905, 58619.8250057, 58619.8273221, 58619.8296334, 58620.8199142, 58620.822228, 58620.8268574, 58621.8145866, 58621.8169029, 58605.8539398, 58606.85278, 58615.8243075, 58615.826624, 58615.8289401, 58616.8238481, 58616.82616, 58616.8284754, 58616.8307892, 58617.8143546, 58617.821302, 58618.8162109, 58618.8185211, 58619.8157438, 58619.8203766, 58620.8106525, 58620.8152837, 58620.8175958, 58621.8053294, 58621.8099573, 58622.8099567], "magerr": [0.019815554842352867, -1.0, 0.03775469586253166, 0.06852477788925171, 0.10862500965595245, 0.05691305175423622, -1.0, -1.0, -1.0, -1.0, -1.0, -1.0, -1.0, -1.0, -1.0, -1.0, -1.0, -1.0, -1.0, -1.0, -1.0, -1.0, -1.0, -1.0, -1.0, -1.0, -1.0, -1.0, -1.0, -1.0, -1.0, -1.0, -1.0, -1.0, -1.0, -1.0, -1.0, -1.0, -1.0, -1.0, -1.0, -1.0, -1.0, -1.0, -1.0, -1.0, -1.0, -1.0, 0.0786999985575676, 0.06589999794960022, 0.07729999721050262, 0.09279999881982803, -1.0, 0.08739999681711197, 0.08669999986886978, 0.12449999898672104, -1.0, -1.0, -1.0, -1.0, -1.0, -1.0, -1.0, -1.0, -1.0, -1.0, 0.14110000431537628, -1.0, -1.0, -1.0, -1.0, -1.0, -1.0, -1.0, -1.0, 0.1136000007390976, -1.0, -1.0, -1.0, -1.0, -1.0, -1.0, -1.0, -1.0, -1.0, -1.0, -1.0, -1.0, -1.0, -1.0, -1.0, -1.0, -1.0, -1.0], "alert_name": null, "observatory": ["Liam Hardy pt5m", "Liam Hardy pt5m", "Liam Hardy pt5m", "Liam Hardy pt5m", "Liam Hardy pt5m", "Liam Hardy pt5m", "T60-Umut Burgaz", "T60-Umut Burgaz", "T60-Umut Burgaz", "T60-Umut Burgaz", "T60-Umut Burgaz", "T60-Umut Burgaz", "T60-Umut Burgaz", "T60-Umut Burgaz", "T60-Umut Burgaz", "T60-Umut Burgaz", "T60-Umut Burgaz", "T60-Umut Burgaz", "T60-Umut Burgaz", "T60-Umut Burgaz", "T60-Umut Burgaz", "T60-Umut Burgaz", "T60-Umut Burgaz", "T60-Umut Burgaz", "T60-Umut Burgaz", "T60-Umut Burgaz", "T60-Umut Burgaz", "T60-Umut Burgaz", "T60-Umut Burgaz", "T60-Umut Burgaz", "T60-Umut Burgaz", "T60-Umut Burgaz", "T60-Umut Burgaz", "T60-Umut Burgaz", "T60-Umut Burgaz", "T60-Umut Burgaz", "T60-Umut Burgaz", "T60-Umut Burgaz", "T60-Umut Burgaz", "T60-Umut Burgaz", "T60-Umut Burgaz", "T60-Umut Burgaz", "T60-Umut Burgaz", "T60-Umut Burgaz", "T60-Umut Burgaz", "T60-Umut Burgaz", "T60-Umut Burgaz", "T60-Umut Burgaz", "T60-Umut Burgaz", "T60-Umut Burgaz", "T60-Umut Burgaz", "T60-Umut Burgaz", "T60-Umut Burgaz", "T60-Umut Burgaz", "T60-Umut Burgaz", "T60-Umut Burgaz", "T60-Umut Burgaz", "T60-Umut Burgaz", "T60-Umut Burgaz", "T60-Umut Burgaz", "T60-Umut Burgaz", "T60-Umut Burgaz", "T60-Umut Burgaz", "T60-Umut Burgaz", "T60-Umut Burgaz", "T60-Umut Burgaz", "T60-Umut Burgaz", "T60-Umut Burgaz", "T60-Umut Burgaz", "T60-Umut Burgaz", "T60-Umut Burgaz", "T60-Umut Burgaz", "T60-Umut Burgaz", "T60-Umut Burgaz", "T60-Umut Burgaz", "T60-Umut Burgaz", "T60-Umut Burgaz", "T60-Umut Burgaz", "T60-Umut Burgaz", "T60-Umut Burgaz", "T60-Umut Burgaz", "T60-Umut Burgaz", "T60-Umut Burgaz", "T60-Umut Burgaz", "T60-Umut Burgaz", "T60-Umut Burgaz", "T60-Umut Burgaz", "T60-Umut Burgaz", "T60-Umut Burgaz", "T60-Umut Burgaz", "T60-Umut Burgaz", "T60-Umut Burgaz", "T60-Umut Burgaz", "T60-Umut Burgaz"], "caliberr": [0.26021072268486023, 0.1355649083852768, 0.11383868753910065, 0.03754068538546562, 0.04923127591609955, 0.02876344509422779, 0.17916864156723022, 0.38564980030059814, 0.3799901306629181, 0.16432900726795197, 0.19179463386535645, 0.313666969537735, 0.22266481816768646, 0.11088975518941879, 0.04943018779158592, 0.2797207832336426, 0.13659128546714783, 0.4027203619480133, 0.35260501503944397, 0.3626101613044739, 0.14333847165107727, 0.2615751028060913, 0.06738919019699097, 0.1009722575545311, 0.12495942413806915, 0.1099250465631485, 0.2328907698392868, 0.37681373953819275, 0.14909988641738892, 0.10725324600934982, 0.01000000350177288, 0.14996090531349182, 0.04362872242927551, 0.06562288850545883, 0.051884960383176804, 0.032986074686050415, 0.010000008158385754, 0.08377105742692947, 0.10155316442251205, 0.10093098878860474, 0.2990693747997284, 0.10886655002832413, 0.11823377013206482, 0.1603175699710846, 0.29887551069259644, 0.11678757518529892, 0.10082626342773438, 0.29761284589767456, 0.047606874257326126, 0.027776449918746948, 0.09984861314296722, 0.08775738626718521, 0.14344874024391174, 0.030132364481687546, 0.031032288447022438, 0.04453008621931076, 0.04893350973725319, 0.05636654049158096, 0.06763529032468796, 0.028528409078717232, 0.07867960631847382, 0.05777881294488907, 0.23886215686798096, 0.2688976228237152, 0.038345225155353546, 0.09594828635454178, 0.05615406855940819, 0.057597313076257706, 0.0596335232257843, 0.10858544707298279, 0.08123714476823807, 0.028942955657839775, 0.05948181450366974, 0.05108790099620819, 0.13043175637722015, 0.054015349596738815, 0.04648232087492943, 0.07880852371454239, 0.05944298580288887, 0.06719829887151718, 0.10851229727268219, 0.038942303508520126, 0.22620771825313568, 0.40968653559684753, 0.08367647975683212, 0.0666186586022377, 0.032492611557245255, 0.02606855519115925, 0.0349394790828228, 0.08236690610647202, 0.04093797132372856, 0.04955830052495003, 0.05134936049580574, 0.10302194952964783], "mag": [14.85911750793457, 19.02227020263672, 16.072153091430664, 17.682218551635742, 17.578035354614258, 16.825889587402344, 16.80458641052246, 23.908510208129883, 21.03546905517578, 20.38924789428711, 20.220975875854492, 19.213224411010742, 17.15578842163086, 17.303091049194336, 14.867700576782227, 20.471084594726562, 19.466087341308594, 20.00733184814453, 19.13622283935547, 23.83254051208496, 23.349916458129883, 19.095680236816406, 17.642044067382812, 18.812374114990234, 20.668106079101562, 20.51361083984375, 20.375049591064453, 20.402610778808594, 20.318626403808594, 20.615224838256836, 21.173053741455078, 20.240638732910156, 19.726001739501953, 20.260732650756836, 19.485424041748047, 20.31131935119629, 20.35919761657715, 19.558242797851562, 19.58094024658203, 19.79522132873535, 19.552724838256836, 20.344017028808594, 17.059070587158203, 17.195960998535156, 22.39349365234375, 18.902910232543945, 19.13670539855957, 22.049575805664062, 18.205402374267578, 18.02483367919922, 18.398523330688477, 18.076251983642578, 21.01969337463379, 18.48424530029297, 18.289840698242188, 19.3403377532959, 24.761316299438477, 29.365036010742188, 24.878747940063477, 23.17912483215332, 25.107498168945312, 21.923694610595703, 18.223045349121094, 21.17498207092285, 24.453657150268555, 23.806751251220703, 18.649097442626953, 23.924144744873047, 22.766643524169922, 21.91893768310547, 21.192270278930664, 24.027944564819336, 21.406049728393555, 15.343009948730469, 16.60638999938965, 18.610191345214844, 21.243438720703125, 20.675212860107422, 22.431596755981445, 21.619945526123047, 20.562541961669922, 23.984468460083008, 18.605361938476562, 22.309524536132812, 21.960981369018555, 22.116540908813477, 23.954452514648438, 20.82062339782715, 19.971691131591797, 20.8791446685791, 20.076589584350586, 21.035017013549805, 20.13157844543457, 20.148435592651367],