{"mjd": [57038.8595309], "magerr": [0.14390000700950623], "alert_name": null, "observatory": ["K.Wiersema-Leicester"], "caliberr": [0.06374184042215347], "mag": [18.190114974975586], "catalog": ["APASS"], "filter": ["V"], "id": [11561]}