{"mjd": [59124.080231, 59131.081877, 59124.084789, 59131.086435, 59124.08934, 59131.092207], "magerr": [-1.0, -1.0, 0.08814533799886703, -1.0, 0.08805031329393387, 0.22638459503650665], "alert_name": null, "observatory": ["Liam Hardy pt5m", "Liam Hardy pt5m", "Liam Hardy pt5m", "Liam Hardy pt5m", "Liam Hardy pt5m", "Liam Hardy pt5m"], "caliberr": [0.09940606355667114, 0.0754646435379982, 0.04474432393908501, 0.03186696395277977, 0.05030810460448265, 0.010511605069041252], "mag": [18.541305541992188, 19.016590118408203, 17.137609481811523, 19.418405532836914, 16.917490005493164, 18.7032527923584], "catalog": ["APASS", "APASS", "APASS", "APASS", "APASS", "APASS"], "filter": ["B", "B", "V", "V", "r", "r"], "id": [201724, 201930, 201725, 201931, 201726, 201932]}