{"mjd": [59102.10524, 59102.109811, 59102.114379], "magerr": [0.1277409940958023, 0.07763499766588211, 0.06164510175585747], "alert_name": null, "observatory": ["Liam Hardy pt5m", "Liam Hardy pt5m", "Liam Hardy pt5m"], "caliberr": [0.13910900056362152, 0.11937599629163742, 0.12891200184822083], "mag": [18.310100555419922, 18.297399520874023, 18.2096004486084], "catalog": ["APASS", "APASS", "APASS"], "filter": ["B", "V", "r"], "id": [198787, 198788, 198789]}