{"mjd": [58611.185679, 58617.156151, 58611.190238, 58617.160697, 58611.194791, 58617.165246], "magerr": [-1.0, -1.0, 0.07171770185232162, 0.09295260161161423, 0.019015800207853317, 0.024046000093221664], "alert_name": null, "observatory": ["Liam Hardy pt5m", "Liam Hardy pt5m", "Liam Hardy pt5m", "Liam Hardy pt5m", "Liam Hardy pt5m", "Liam Hardy pt5m"], "caliberr": [0.05191830173134804, 0.03842749819159508, 0.04371419921517372, 0.04472289979457855, 0.06176989898085594, 0.0641343966126442], "mag": [19.63159942626953, 19.553600311279297, 18.49679946899414, 18.46980094909668, 17.087900161743164, 17.209800720214844], "catalog": ["APASS", "APASS", "APASS", "APASS", "APASS", "APASS"], "filter": ["B", "B", "V", "V", "r", "r"], "id": [151960, 152478, 151961, 152479, 151962, 152480]}