{"mjd": [59081.002919, 59088.039467, 59080.993811, 59088.031127, 59080.999125, 59088.034922], "magerr": [0.0453701987862587, 0.09155979752540588, -1.0, -1.0, 0.059375301003456116, -1.0], "alert_name": null, "observatory": ["Liam Hardy pt5m", "Liam Hardy pt5m", "Liam Hardy pt5m", "Liam Hardy pt5m", "Liam Hardy pt5m", "Liam Hardy pt5m"], "caliberr": [0.10954800248146057, 0.13300900161266327, 0.03090129978954792, 0.10707899928092957, 0.09689400345087051, 0.05798619985580444], "mag": [17.707799911499023, 17.331100463867188, 18.725500106811523, 17.81060028076172, 17.851600646972656, 18.38170051574707], "catalog": ["SDSS", "SDSS", "APASS", "APASS", "APASS", "APASS"], "filter": ["R", "R", "B", "B", "V", "V"], "id": [196598, 197651, 196596, 197649, 196597, 197650]}