{"mjd": [59354.061728], "magerr": [0.09758800268173218], "alert_name": null, "observatory": ["Liam Hardy pt5m"], "caliberr": [0.1275949776172638], "mag": [17.141521453857422], "catalog": ["APASS"], "filter": ["B"], "id": [221172]}