{"mjd": [58199.157772, 58214.051918, 58199.148525, 58214.042434, 58199.153211, 58214.047197], "magerr": [0.03356609866023064, 0.037968799471855164, 0.07623130083084106, -1.0, 0.04876809939742088, 0.06464499980211258], "alert_name": null, "observatory": ["Liam Hardy pt5m", "Liam Hardy pt5m", "Liam Hardy pt5m", "Liam Hardy pt5m", "Liam Hardy pt5m", "Liam Hardy pt5m"], "caliberr": [0.13732700049877167, 0.16939899325370789, 0.009999999776482582, 0.24326199293136597, 0.02867859974503517, 0.031408000737428665], "mag": [16.62980079650879, 16.638900756835938, 17.873899459838867, 19.652099609375, 16.955400466918945, 17.109399795532227], "catalog": ["SDSS", "SDSS", "APASS", "APASS", "APASS", "APASS"], "filter": ["R", "R", "B", "B", "V", "V"], "id": [100200, 101473, 100198, 101471, 100199, 101472]}