{"mjd": [58912.250668, 58913.266253, 58920.162447, 58912.24222, 58913.257145, 58920.151789, 58912.246117, 58913.261702, 58920.157143], "magerr": [0.055154867470264435, 0.0858776792883873, 0.07719436287879944, 0.09769422560930252, -1.0, -1.0, 0.06695065647363663, 0.08718372881412506, -1.0], "alert_name": null, "observatory": ["Liam Hardy pt5m", "Liam Hardy pt5m", "Liam Hardy pt5m", "Liam Hardy pt5m", "Liam Hardy pt5m", "Liam Hardy pt5m", "Liam Hardy pt5m", "Liam Hardy pt5m", "Liam Hardy pt5m"], "caliberr": [0.1525997370481491, 0.12035523355007172, 0.33981212973594666, 0.06425600498914719, 0.12382955849170685, 0.10995510965585709, 0.06360381096601486, 0.019501306116580963, 0.04315544292330742], "mag": [18.410987854003906, 18.436368942260742, 17.634281158447266, 18.525354385375977, 19.309221267700195, 18.304149627685547, 18.364397048950195, 18.537450790405273, 19.490497589111328], "catalog": ["SDSS", "SDSS", "SDSS", "APASS", "APASS", "APASS", "APASS", "APASS", "APASS"], "filter": ["R", "R", "R", "B", "B", "B", "V", "V", "V"], "id": [182015, 183196, 184787, 182013, 182820, 184785, 182014, 182851, 184786]}