{"mjd": [57653.2436635, 57654.2420634, 57656.2365287, 57655.2412579, 57657.239106], "magerr": [0.0203000009059906, 0.01850000023841858, 0.019700000062584877, 0.01360000018030405, 0.014100000262260437], "alert_name": null, "observatory": ["Mercator Geneva Grou", "Mercator Geneva Grou", "Mercator Geneva Grou", "Mercator Geneva Grou", "Mercator Geneva Grou"], "caliberr": [0.15585100650787354, 0.08648739755153656, 0.1967020034790039, 0.1311119943857193, 0.22435499727725983], "mag": [18.120500564575195, 18.00830078125, 18.075300216674805, 18.19659996032715, 18.971599578857422], "catalog": ["SDSS", "SDSS", "SDSS", "SDSS", "SDSS"], "filter": ["g", "g", "g", "r", "r"], "id": [45133, 47241, 47368, 47266, 47378]}