{"mjd": [58107.954827, 58107.963406, 58107.959477, 58119.881669], "magerr": [-1.0, 0.05751990154385567, 0.24408100545406342, -1.0], "alert_name": null, "observatory": ["Liam Hardy pt5m", "Liam Hardy pt5m", "Liam Hardy pt5m", "Liam Hardy pt5m"], "caliberr": [0.009999999776482582, 0.18533100187778473, 0.0913173034787178, 0.3357349932193756], "mag": [17.39699935913086, 16.692800521850586, 18.606199264526367, 18.630699157714844], "catalog": ["SDSS", "SDSS", "APASS", "APASS"], "filter": ["i", "R", "V", "r"], "id": [95345, 95347, 95346, 97522]}