{"mjd": [58678.109258, 58699.094861, 58678.113816, 58699.10024, 58678.118369, 58699.104857], "magerr": [-1.0, -1.0, 0.06173071265220642, -1.0, 0.04951213672757149, -1.0], "alert_name": null, "observatory": ["Liam Hardy pt5m", "Liam Hardy pt5m", "Liam Hardy pt5m", "Liam Hardy pt5m", "Liam Hardy pt5m", "Liam Hardy pt5m"], "caliberr": [0.05084023252129555, 0.05192914605140686, 0.03415240719914436, 0.033180877566337585, 0.12758482992649078, 0.07740337401628494], "mag": [19.491430282592773, 19.12641143798828, 18.123136520385742, 19.52855682373047, 17.801448822021484, 19.96759033203125], "catalog": ["APASS", "APASS", "APASS", "APASS", "APASS", "APASS"], "filter": ["B", "B", "V", "V", "r", "r"], "id": [158521, 161360, 158522, 161361, 158523, 161362]}