{"mjd": [58742.241657], "magerr": [-1.0], "alert_name": null, "observatory": ["Liam Hardy pt5m"], "caliberr": [0.13223400712013245], "mag": [18.35890007019043], "catalog": ["APASS"], "filter": ["B"], "id": [164528]}