{"mjd": [59347.103448, 59347.108001, 59359.2, 59361.13505, 59363.16765, 59359.2, 59361.13867, 59363.17123, 59359.2, 59361.14162, 59363.17412], "magerr": [-1.0, 0.10484619438648224, -1.0, -1.0, 0.27512800693511963, -1.0, 0.3128499984741211, 0.19306600093841553, -1.0, 0.5483229756355286, 0.18822899460792542], "alert_name": null, "observatory": ["Liam Hardy pt5m", "Liam Hardy pt5m", "PIRATE, OU students", "PIRATE, OU students", "PIRATE, OU students", "PIRATE, OU students", "PIRATE, OU students", "PIRATE, OU students", "PIRATE, OU students", "PIRATE, OU students", "PIRATE, OU students"], "caliberr": [0.13803759217262268, 0.058209918439388275, 0.027684731408953667, 0.018805889412760735, 0.01000000350177288, 0.010000001639127731, 0.08038374781608582, 0.031342267990112305, 0.018154146149754524, 0.023368775844573975, 0.047241177409887314], "mag": [19.195087432861328, 18.22950553894043, 18.344802856445312, 18.79865264892578, 18.606101989746094, 18.070056915283203, 17.849628448486328, 18.11603546142578, 18.994844436645508, 18.23162078857422, 18.003042221069336], "catalog": ["APASS", "APASS", "APASS", "APASS", "APASS", "APASS", "APASS", "APASS", "APASS", "APASS", "APASS"], "filter": ["B", "V", "B", "B", "B", "V", "V", "V", "r", "r", "r"], "id": [220921, 220922, 222745, 221833, 221837, 222749, 221832, 221836, 222746, 221834, 221835]}