{"mjd": [58488.267141, 58496.221066, 58506.283997, 58488.257271, 58496.213482, 58488.262589, 58496.216514, 58506.279442], "magerr": [0.04714731127023697, 0.05400070548057556, 0.05587654188275337, -1.0, -1.0, 0.07198535650968552, -1.0, 0.08027523010969162], "alert_name": null, "observatory": ["Liam Hardy pt5m", "Liam Hardy pt5m", "Liam Hardy pt5m", "Liam Hardy pt5m", "Liam Hardy pt5m", "Liam Hardy pt5m", "Liam Hardy pt5m", "Liam Hardy pt5m"], "caliberr": [0.10248769819736481, 0.13730429112911224, 0.051751382648944855, 0.04783571884036064, 0.03905634582042694, 0.010000010952353477, 0.07980998605489731, 0.010000300593674183], "mag": [16.529254913330078, 16.706113815307617, 16.798255920410156, 18.777061462402344, 18.357322692871094, 17.112119674682617, 19.224584579467773, 17.62464141845703], "catalog": ["SDSS", "SDSS", "SDSS", "APASS", "APASS", "APASS", "APASS", "APASS"], "filter": ["R", "R", "R", "B", "B", "V", "V", "V"], "id": [129591, 129837, 130144, 129589, 129835, 129590, 129836, 130143]}