{"mjd": [59094.982626, 59094.987179, 59094.991727], "magerr": [0.07985500246286392, 0.028083400800824165, 0.013532999902963638], "alert_name": null, "observatory": ["Liam Hardy pt5m", "Liam Hardy pt5m", "Liam Hardy pt5m"], "caliberr": [0.0413162000477314, 0.018117399886250496, 0.06395179778337479], "mag": [17.761499404907227, 16.54170036315918, 15.940099716186523], "catalog": ["APASS", "APASS", "APASS"], "filter": ["B", "V", "r"], "id": [198111, 198112, 198113]}