{"mjd": [59151.222971, 59163.178098, 59163.179606, 59163.181121, 59147.255508, 59151.213867, 59163.170304, 59151.218421, 59163.174908], "magerr": [-1.0, -1.0, -1.0, -1.0, 0.09890566021203995, 0.11793891340494156, -1.0, 0.06822782009840012, 0.11043428629636765], "alert_name": null, "observatory": ["Liam Hardy pt5m", "Liam Hardy pt5m", "Liam Hardy pt5m", "Liam Hardy pt5m", "Liam Hardy pt5m", "Liam Hardy pt5m", "Liam Hardy pt5m", "Liam Hardy pt5m", "Liam Hardy pt5m"], "caliberr": [0.1238269954919815, 0.32022029161453247, 0.15893787145614624, 0.21196626126766205, 0.09795122593641281, 0.09642922878265381, 0.06635981798171997, 0.07160032540559769, 0.08639361709356308], "mag": [19.45623016357422, 18.10121726989746, 17.91204261779785, 17.746013641357422, 17.466129302978516, 17.481367111206055, 18.939674377441406, 17.04789924621582, 17.613094329833984], "catalog": ["SDSS", "SDSS", "SDSS", "SDSS", "APASS", "APASS", "APASS", "APASS", "APASS"], "filter": ["R", "R", "R", "R", "B", "B", "B", "V", "V"], "id": [204637, 205542, 205543, 205544, 204115, 204635, 205540, 204636, 205541]}