{"mjd": [58813.24533, 58819.215338, 58813.235994, 58819.206237, 58813.240635, 58819.210793], "magerr": [0.078034907579422, 0.08350026607513428, 0.15092073380947113, -1.0, 0.1005290150642395, -1.0], "alert_name": null, "observatory": ["Liam Hardy pt5m", "Liam Hardy pt5m", "Liam Hardy pt5m", "Liam Hardy pt5m", "Liam Hardy pt5m", "Liam Hardy pt5m"], "caliberr": [0.09577297419309616, 0.1498912274837494, 0.010000001639127731, 0.08304762095212936, 0.08039948344230652, 0.04756734520196915], "mag": [18.09912109375, 18.056764602661133, 18.912250518798828, 19.347713470458984, 18.34884262084961, 19.69509506225586], "catalog": ["SDSS", "SDSS", "APASS", "APASS", "APASS", "APASS"], "filter": ["R", "R", "B", "B", "V", "V"], "id": [173340, 173694, 173338, 173692, 173339, 173693]}