{"mjd": [58438.019984, 58451.961221, 58438.025308, 58451.976526, 58438.02987, 58451.98109], "magerr": [-1.0, -1.0, -1.0, -1.0, -1.0, 0.13583503663539886], "alert_name": null, "observatory": ["Liam Hardy pt5m", "Liam Hardy pt5m", "Liam Hardy pt5m", "Liam Hardy pt5m", "Liam Hardy pt5m", "Liam Hardy pt5m"], "caliberr": [0.06183064728975296, 0.07419844716787338, 0.05122070387005806, 0.06543119996786118, 0.056681908667087555, 0.06881198287010193], "mag": [18.64352035522461, 19.159244537353516, 19.505447387695312, 19.337247848510742, 19.751205444335938, 18.862903594970703], "catalog": ["APASS", "APASS", "APASS", "APASS", "APASS", "APASS"], "filter": ["B", "B", "V", "V", "r", "r"], "id": [126465, 126819, 126466, 126820, 126467, 126821]}