{"mjd": [59444.058956], "magerr": [-1.0], "alert_name": null, "observatory": ["Liam Hardy pt5m"], "caliberr": [0.13346436619758606], "mag": [18.478734970092773], "catalog": ["APASS"], "filter": ["B"], "id": [231475]}