{"mjd": [58765.040804, 58769.060313, 58765.045361, 58769.06445, 58765.04991, 58769.069754], "magerr": [-1.0, -1.0, -1.0, -1.0, -1.0, 0.04364990070462227], "alert_name": null, "observatory": ["Liam Hardy pt5m", "Liam Hardy pt5m", "Liam Hardy pt5m", "Liam Hardy pt5m", "Liam Hardy pt5m", "Liam Hardy pt5m"], "caliberr": [0.019961200654506683, 0.009999999776482582, 0.03427239879965782, 0.03685750067234039, 0.031403798609972, 0.0585923008620739], "mag": [19.61389923095703, 19.39539909362793, 19.668399810791016, 19.362499237060547, 20.024900436401367, 15.921099662780762], "catalog": ["APASS", "APASS", "APASS", "APASS", "APASS", "APASS"], "filter": ["B", "B", "V", "V", "r", "r"], "id": [167185, 167980, 167186, 167981, 167187, 167982]}