{"mjd": [57677.8463018], "magerr": [0.12189999967813492], "alert_name": null, "observatory": ["K.Wiersema-Leicester"], "caliberr": [0.052563101053237915], "mag": [18.295299530029297], "catalog": ["APASS"], "filter": ["V"], "id": [51695]}