{"mjd": [59308.071402, 59326.084674, 59308.07755, 59326.089234], "magerr": [-1.0, 0.10980318486690521, -1.0, 0.09868957847356796], "alert_name": null, "observatory": ["Liam Hardy pt5m", "Liam Hardy pt5m", "Liam Hardy pt5m", "Liam Hardy pt5m"], "caliberr": [0.07663732767105103, 0.07733049988746643, 0.09258896857500076, 0.07905814796686172], "mag": [15.763935089111328, 17.93953514099121, 16.836050033569336, 18.132240295410156], "catalog": ["APASS", "APASS", "APASS", "APASS"], "filter": ["B", "B", "V", "V"], "id": [216966, 217888, 216967, 217889]}