{"mjd": [58004.062343, 58010.042916, 58004.066902, 58010.047475, 58004.071463, 58010.052039], "magerr": [-1.0, -1.0, -1.0, -1.0, -1.0, -1.0], "alert_name": null, "observatory": ["Liam Hardy pt5m", "Liam Hardy pt5m", "Liam Hardy pt5m", "Liam Hardy pt5m", "Liam Hardy pt5m", "Liam Hardy pt5m"], "caliberr": [0.035326700657606125, 0.05910329893231392, 0.04301309958100319, 0.05621499940752983, 0.029430299997329712, 0.015358599834144115], "mag": [18.912900924682617, 19.390399932861328, 18.883699417114258, 20.03380012512207, 19.024200439453125, 19.882699966430664], "catalog": ["APASS", "APASS", "APASS", "APASS", "APASS", "APASS"], "filter": ["B", "B", "V", "V", "r", "r"], "id": [82848, 83408, 82849, 83409, 82850, 83410]}