{"mjd": [57465.11543, 57465.11686, 57465.11831, 57465.1198, 57465.12125, 57465.1227, 57465.12417, 57465.12561, 57465.12705, 57465.12852, 57465.12996, 57465.13141], "magerr": [0.018799999728798866, 0.01730000041425228, 0.01549999974668026, 0.009600000455975533, 0.008899999782443047, 0.010300000198185444, 0.007799999788403511, 0.007300000172108412, 0.00800000037997961, 0.008799999952316284, 0.008700000122189522, 0.01140000019222498], "alert_name": null, "observatory": ["Bialkow, P.Mikolajcz", "Bialkow, P.Mikolajcz", "Bialkow, P.Mikolajcz", "Bialkow, P.Mikolajcz", "Bialkow, P.Mikolajcz", "Bialkow, P.Mikolajcz", "Bialkow, P.Mikolajcz", "Bialkow, P.Mikolajcz", "Bialkow, P.Mikolajcz", "Bialkow, P.Mikolajcz", "Bialkow, P.Mikolajcz", "Bialkow, P.Mikolajcz"], "caliberr": [0.05705820024013519, 0.06194540113210678, 0.052409399300813675, 0.0238001998513937, 0.02300800010561943, 0.028886299580335617, 0.021453799679875374, 0.0216147992759943, 0.020942099392414093, 0.09117639809846878, 0.10277099907398224, 0.08421199768781662], "mag": [16.738800048828125, 16.75950050354004, 16.762300491333008, 15.848999977111816, 15.853799819946289, 15.831899642944336, 15.45680046081543, 15.456600189208984, 15.444000244140625, 15.093400001525879, 15.10770034790039, 15.11709976196289], "catalog": ["APASS", "APASS", "APASS", "APASS", "APASS", "APASS", "APASS", "APASS", "APASS", "APASS", "APASS", "APASS"], "filter": ["B", "B", "B", "V", "V", "V", "r", "r", "r", "i", "i", "i"], "id": [105987, 105988, 105989, 105990, 105991, 105992, 105993, 105994, 105995, 105996, 105997, 105998]}