{"mjd": [58758.6648364, 58759.6557852, 58763.9470282, 58764.1751375, 58764.1873461, 58764.5634067, 58764.9186089, 58760.0386431, 58760.0410362, 58760.9661265, 58760.9685183, 58761.9679287, 58761.9703148, 58762.7283786, 58762.7307781, 58764.0336342, 58764.0360241, 58764.9395074, 58764.941899, 58760.0333805, 58760.0357693, 58760.9608372, 58760.963225, 58761.9626702, 58761.9650572, 58762.7231106, 58762.7255124, 58764.0283724, 58764.0307644, 58764.9342728, 58764.9366681, 58758.6670743, 58759.6580013, 58760.0438761, 58760.0462615, 58760.9713925, 58760.973785, 58761.9731623, 58761.9755501, 58762.7336181, 58762.7360178, 58763.9492325, 58764.0388986, 58764.0413171, 58764.1773383, 58764.189552, 58764.5656578, 58764.9208072, 58764.9447448, 58764.9471385, 58783.5814277, 58783.5839206, 58783.5866263, 58783.5891266], "magerr": [0.017400000244379044, 0.02280000038444996, 0.02759999968111515, 0.04989999905228615, 0.039799999445676804, 0.038600001484155655, 0.04089999943971634, 0.01600000075995922, 0.017400000244379044, 0.012900000438094139, 0.0142000000923872, 0.018400000408291817, 0.020600000396370888, 0.02449999935925007, 0.024399999529123306, 0.01730000041425228, 0.02160000056028366, 0.026200000196695328, 0.025499999523162842, 0.018400000408291817, 0.019300000742077827, 0.016899999231100082, 0.019200000911951065, 0.01940000057220459, 0.02070000022649765, 0.03750000149011612, 0.026599999517202377, 0.02319999970495701, 0.026499999687075615, 0.025200000032782555, 0.029899999499320984, 0.022199999541044235, 0.027300000190734863, 0.029500000178813934, 0.02449999935925007, 0.023000000044703484, 0.02329999953508377, 0.02070000022649765, 0.023000000044703484, 0.035100001841783524, 0.03610000014305115, 0.024900000542402267, 0.03350000083446503, 0.025100000202655792, 0.047200001776218414, 0.042500000447034836, 0.032099999487400055, 0.03620000183582306, 0.02590000070631504, 0.022700000554323196, 0.013299999758601189, 0.013000000268220901, 0.009499999694526196, 0.009399999864399433], "alert_name": null, "observatory": ["LCOGT1m, Kris Rybick", "LCOGT1m, Kris Rybick", "LCOGT1m, Kris Rybick", "LCOGT1m, Kris Rybick", "LCOGT1m, Kris Rybick", "LCOGT1m, Kris Rybick", "LCOGT1m, Kris Rybick", "LCOGT1m, Kris Rybick", "LCOGT1m, Kris Rybick", "LCOGT1m, Kris Rybick", "LCOGT1m, Kris Rybick", "LCOGT1m, Kris Rybick", "LCOGT1m, Kris Rybick", "LCOGT1m, Kris Rybick", "LCOGT1m, Kris Rybick", "LCOGT1m, Kris Rybick", "LCOGT1m, Kris Rybick", "LCOGT1m, Kris Rybick", "LCOGT1m, Kris Rybick", "LCOGT1m, Kris Rybick", "LCOGT1m, Kris Rybick", "LCOGT1m, Kris Rybick", "LCOGT1m, Kris Rybick", "LCOGT1m, Kris Rybick", "LCOGT1m, Kris Rybick", "LCOGT1m, Kris Rybick", "LCOGT1m, Kris Rybick", "LCOGT1m, Kris Rybick", "LCOGT1m, Kris Rybick", "LCOGT1m, Kris Rybick", "LCOGT1m, Kris Rybick", "LCOGT1m, Kris Rybick", "LCOGT1m, Kris Rybick", "LCOGT1m, Kris Rybick", "LCOGT1m, Kris Rybick", "LCOGT1m, Kris Rybick", "LCOGT1m, Kris Rybick", "LCOGT1m, Kris Rybick", "LCOGT1m, Kris Rybick", "LCOGT1m, Kris Rybick", "LCOGT1m, Kris Rybick", "LCOGT1m, Kris Rybick", "LCOGT1m, Kris Rybick", "LCOGT1m, Kris Rybick", "LCOGT1m, Kris Rybick", "LCOGT1m, Kris Rybick", "LCOGT1m, Kris Rybick", "LCOGT1m, Kris Rybick", "LCOGT1m, Kris Rybick", "LCOGT1m, Kris Rybick", "LCOGT2m, Etienne Bac", "LCOGT2m, Etienne Bac", "LCOGT2m, Etienne Bac", "LCOGT2m, Etienne Bac"], "caliberr": [0.026093799620866776, 0.0452721007168293, 0.043508101254701614, 0.04779129847884178, 0.04802649840712547, 0.04632610082626343, 0.0446229986846447, 0.05001160129904747, 0.049396198242902756, 0.06750410050153732, 0.05786940082907677, 0.0451274998486042, 0.04449570178985596, 0.03820199891924858, 0.0394584983587265, 0.05428529903292656, 0.052532099187374115, 0.05075249820947647, 0.055203698575496674, 0.04104140028357506, 0.04833890125155449, 0.05854349955916405, 0.0578451007604599, 0.04119180142879486, 0.047120101749897, 0.037451598793268204, 0.043243199586868286, 0.052582401782274246, 0.05214349925518036, 0.0561010017991066, 0.05575359985232353, 0.09041819721460342, 0.09077040106058121, 0.041200101375579834, 0.04549510031938553, 0.06046900153160095, 0.056559398770332336, 0.04693460091948509, 0.04411119967699051, 0.05170309916138649, 0.0512084998190403, 0.09106340259313583, 0.05126979947090149, 0.03780369833111763, 0.09303239732980728, 0.08331310003995895, 0.08711300045251846, 0.09127739816904068, 0.03868040069937706, 0.03591660037636757, 0.07581380009651184, 0.07786870002746582, 0.13401199877262115, 0.0874968022108078], "mag": [18.646299362182617, 18.673099517822266, 18.784900665283203, 18.834999084472656, 18.85740089416504, 18.800500869750977, 18.82040023803711, 18.730899810791016, 18.712099075317383, 18.74489974975586, 18.74209976196289, 18.775299072265625, 18.80900001525879, 18.8174991607666, 18.812299728393555, 18.81089973449707, 18.810400009155273, 18.828100204467773, 18.83609962463379, 18.684099197387695, 18.667200088500977, 18.729799270629883, 18.70789909362793, 18.722999572753906, 18.757200241088867, 18.780500411987305, 18.74570083618164, 18.78619956970215, 18.822500228881836, 18.819299697875977, 18.87700080871582, 18.378999710083008, 18.39550018310547, 18.464599609375, 18.4507999420166, 18.452800750732422, 18.460800170898438, 18.424299240112305, 18.49220085144043, 18.501100540161133, 18.51919937133789, 18.454999923706055, 18.542499542236328, 18.49690055847168, 18.47760009765625, 18.50830078125, 18.468900680541992, 18.550800323486328, 18.575899124145508, 18.535200119018555, 19.07349967956543, 19.046100616455078, 18.67140007019043, 18.639999389648438], "catalog": ["APASS", "APASS", "APASS", "APASS", "APASS", "APASS", "APASS", "APASS", "APASS", "APASS", "APASS", "APASS", "APASS", "APASS", "APASS", "APASS", "APASS", "APASS", "APASS", "APASS", "APASS", "APASS", "APASS", "APASS", "APASS", "APASS", "APASS", "APASS", "APASS", "APASS", "APASS", "APASS", "APASS", "APASS", "APASS", "APASS", "APASS", "APASS", "APASS", "APASS", "APASS", "APASS", "APASS", "APASS", "APASS", "APASS", "APASS", "APASS", "APASS", "APASS", "APASS", "APASS", "APASS", "APASS"], "filter": ["V", "V", "V", "V", "V", "V", "V", "g", "g", "g", "g", "g", "g", "g", "g", "g", "g", "g", "g", "r", "r", "r", "r", "r", "r", "r", "r", "r", "r", "r", "r", "i", "i", "i", "i", "i", "i", "i", "i", "i", "i", "i", "i", "i", "i", "i", "i", "i", "i", "i", "V", "V", "i", "i"], "id": [167644, 167646, 167668, 167690, 167692, 167654, 167670, 167680, 167681, 167658, 167659, 167664, 167665, 167650, 167651, 167686, 167687, 167674, 167675, 167678, 167679, 167656, 167657, 167662, 167663, 167648, 167649, 167684, 167685, 167672, 167673, 167645, 167647, 167682, 167683, 167660, 167661, 167666, 167667, 167652, 167653, 167669, 167688, 167689, 167691, 167693, 167655, 167671, 167676, 167677, 177299, 177300, 177301, 177302]}