{"mjd": [59081.033867, 59082.018456, 59083.015967, 59084.086898, 59084.087318, 59084.087739, 59085.077852, 59086.08249, 59088.024692, 59089.202482, 59090.025404, 59093.985857, 59095.00607, 59097.107431, 59098.056999, 59098.978767, 59100.058687, 59100.995502, 59102.003433, 59103.11111, 59105.00793, 59110.022942, 59112.005111, 59081.035516, 59082.020107, 59083.017617, 59084.08856, 59084.088967, 59084.089374, 59085.079549, 59086.084142, 59088.026346, 59089.204612, 59090.026646, 59093.987509, 59095.007719, 59097.10908, 59098.05865, 59098.980839, 59100.060337, 59100.997153, 59102.010653, 59103.112761, 59105.00958, 59110.034895, 59112.006759, 59081.037161, 59082.021752, 59083.019259, 59084.090203, 59084.09061, 59084.091017, 59085.081192, 59086.085785, 59088.027987, 59089.206313, 59093.989154, 59095.009362, 59097.110722, 59098.060291, 59098.982479, 59100.06198, 59100.998797, 59102.012295, 59103.114403, 59105.011226, 59110.036659, 59112.008403, 58896.82034, 58913.812118, 58913.81212, 58896.8253, 58913.81707, 58913.817072, 58896.8303, 58913.82207, 58913.822072, 58916.019468, 58928.085868, 58916.020648, 58928.087049, 58916.02184, 58928.088241, 58898.6967644864, 58905.7255922402, 58917.7978198626, 58898.6967644864, 58905.7255922402, 58917.7978198626, 58898.6967644864, 58905.7255922402, 58917.7978198626, 59073.92764705, 58903.78605265, 58903.782259, 58903.7887449, 58903.7842297, 58903.7903958], "magerr": [0.03540949895977974, 0.03870470076799393, 0.04879999905824661, 0.0663577988743782, 0.04371339827775955, 0.05699029937386513, 0.03851180151104927, 0.0412818007171154, 0.11529900133609772, 0.058272700756788254, 0.08446899801492691, 0.06662099808454514, 0.04811830073595047, 0.05453690141439438, 0.07814770191907883, 0.14333799481391907, 0.06988219916820526, 0.05337649956345558, 0.059557899832725525, 0.057876501232385635, 0.04415319859981537, 0.07753770053386688, 0.05732230097055435, 0.012010999955236912, 0.012587199918925762, 0.014649899676442146, 0.023822300136089325, 0.014034800231456757, 0.021271999925374985, 0.011827800422906876, 0.012164900079369545, 0.04805139824748039, 0.017263799905776978, 0.030489100143313408, 0.01697560027241707, 0.015170199796557426, 0.017820900306105614, 0.018926599994301796, 0.04088690131902695, 0.021089699119329453, 0.015348399989306927, 0.015315400436520576, 0.018304899334907532, 0.013636399991810322, 0.023053700104355812, 0.013991599902510643, 0.010284599848091602, 0.011083800345659256, 0.012552100233733654, 0.017368599772453308, 0.011602500453591347, 0.019490299746394157, 0.010330400429666042, 0.010839300230145454, 0.03400060161948204, 0.013899499550461769, 0.012855599634349346, 0.012005800381302834, 0.014806300401687622, 0.014550300315022469, 0.032393500208854675, 0.014807100407779217, 0.013595400378108025, 0.012931999750435352, 0.014490899629890919, 0.012201599776744843, 0.017576899379491806, 0.012916600331664085, -1.0, 0.05180000141263008, -1.0, -1.0, -1.0, 0.03539999946951866, -1.0, -1.0, 0.025499999523162842, 0.10750000178813934, 0.09709999710321426, 0.0568000003695488, 0.0568000003695488, 0.03500000014901161, 0.03750000149011612, 0.019899999722838402, 0.01510000042617321, 0.08079999685287476, 0.00800000037997961, 0.006000000052154064, 0.01769999973475933, 0.003700000001117587, 0.003100000089034438, 0.008899999782443047, 0.008299999870359898, 0.008200000040233135, 0.010400000028312206, 0.006200000178068876, 0.003700000001117587, 0.003700000001117587], "alert_name": null, "observatory": ["Liam Hardy pt5m", "Liam Hardy pt5m", "Liam Hardy pt5m", "Liam Hardy pt5m", "Liam Hardy pt5m", "Liam Hardy pt5m", "Liam Hardy pt5m", "Liam Hardy pt5m", "Liam Hardy pt5m", "Liam Hardy pt5m", "Liam Hardy pt5m", "Liam Hardy pt5m", "Liam Hardy pt5m", "Liam Hardy pt5m", "Liam Hardy pt5m", "Liam Hardy pt5m", "Liam Hardy pt5m", "Liam Hardy pt5m", "Liam Hardy pt5m", "Liam Hardy pt5m", "Liam Hardy pt5m", "Liam Hardy pt5m", "Liam Hardy pt5m", "Liam Hardy pt5m", "Liam Hardy pt5m", "Liam Hardy pt5m", "Liam Hardy pt5m", "Liam Hardy pt5m", "Liam Hardy pt5m", "Liam Hardy pt5m", "Liam Hardy pt5m", "Liam Hardy pt5m", "Liam Hardy pt5m", "Liam Hardy pt5m", "Liam Hardy pt5m", "Liam Hardy pt5m", "Liam Hardy pt5m", "Liam Hardy pt5m", "Liam Hardy pt5m", "Liam Hardy pt5m", "Liam Hardy pt5m", "Liam Hardy pt5m", "Liam Hardy pt5m", "Liam Hardy pt5m", "Liam Hardy pt5m", "Liam Hardy pt5m", "Liam Hardy pt5m", "Liam Hardy pt5m", "Liam Hardy pt5m", "Liam Hardy pt5m", "Liam Hardy pt5m", "Liam Hardy pt5m", "Liam Hardy pt5m", "Liam Hardy pt5m", "Liam Hardy pt5m", "Liam Hardy pt5m", "Liam Hardy pt5m", "Liam Hardy pt5m", "Liam Hardy pt5m", "Liam Hardy pt5m", "Liam Hardy pt5m", "Liam Hardy pt5m", "Liam Hardy pt5m", "Liam Hardy pt5m", "Liam Hardy pt5m", "Liam Hardy pt5m", "Liam Hardy pt5m", "Liam Hardy pt5m", "Moletai0.35-Erika Pa", "Moletai0.35-Erika Pa", "Moletai0.35-Erika Pa", "Moletai0.35-Erika Pa", "Moletai0.35-Erika Pa", "Moletai0.35-Erika Pa", "Moletai0.35-Erika Pa", "Moletai0.35-Erika Pa", "Moletai0.35-Erika Pa", "Terskol-2,Vira Godun", "Terskol-2,Vira Godun", "Terskol-2,Vira Godun", "Terskol-2,Vira Godun", "Terskol-2,Vira Godun", "Terskol-2,Vira Godun", "Adiyaman60, Michal Z", "Adiyaman60, Michal Z", "Adiyaman60, Michal Z", "Adiyaman60, Michal Z", "Adiyaman60, Michal Z", "Adiyaman60, Michal Z", "Adiyaman60, Michal Z", "Adiyaman60, Michal Z", "Adiyaman60, Michal Z", "Adiyaman60, Michal Z", "Moletai1.65 Kotryna ", "Moletai1.65 Kotryna ", "Moletai1.65 Kotryna ", "Moletai1.65 Kotryna ", "Moletai1.65 Kotryna "], "caliberr": [0.038029298186302185, 0.05430850014090538, 0.025757500901818275, 0.029858900234103203, 0.04258039966225624, 0.07130099833011627, 0.07313770055770874, 0.048174500465393066, 0.1323460042476654, 0.04044780135154724, 0.06917359679937363, 0.05877489969134331, 0.049586500972509384, 0.05649929866194725, 0.05384090170264244, 0.08277080208063126, 0.07445559650659561, 0.016127800568938255, 0.06441749632358551, 0.06448660045862198, 0.058438900858163834, 0.07689130306243896, 0.06529819965362549, 0.05980369821190834, 0.06651029735803604, 0.06879989802837372, 0.04306869953870773, 0.05040749907493591, 0.037592899054288864, 0.053666599094867706, 0.05143269896507263, 0.05770369991660118, 0.07253380119800568, 0.06434269994497299, 0.06698069721460342, 0.06701040267944336, 0.05066550150513649, 0.04790069907903671, 0.08387219905853271, 0.04985859990119934, 0.0685150995850563, 0.04524559900164604, 0.0773409977555275, 0.05221550166606903, 0.052713800221681595, 0.05387119948863983, 0.09937790036201477, 0.09822309762239456, 0.09835109859704971, 0.0998184010386467, 0.09761659801006317, 0.0975881963968277, 0.08885960280895233, 0.15333600342273712, 0.14444500207901, 0.09499820321798325, 0.09792420268058777, 0.09922060370445251, 0.06312640011310577, 0.09711729735136032, 0.1317709982395172, 0.10618899762630463, 0.10188400000333786, 0.10250899940729141, 0.10539600253105164, 0.10209000110626221, 0.09371720254421234, 0.10852599889039993, 0.07244650274515152, 0.06383229792118073, 0.061882100999355316, 0.06385999917984009, 0.06239569932222366, 0.06665299832820892, 0.3274329900741577, 0.19926400482654572, 0.16553500294685364, 0.061736900359392166, 0.055391598492860794, 0.0733897015452385, 0.10281199961900711, 0.13176600635051727, 0.10571300238370895, 0.0671008974313736, 0.0766701027750969, 0.29899200797080994, 0.046089500188827515, 0.040049899369478226, 0.054772600531578064, 0.07784739881753922, 0.05024059861898422, 0.07621770352125168, 0.26124298572540283, 0.03602189943194389, 0.03518199920654297, 0.06889030337333679, 0.09656959772109985, 0.10224200040102005],