{"mjd": [58724.9907291667, 58724.9914814816, 58724.992222222, 58724.992974537, 58724.9937268519, 58724.9944675928, 58724.9952199073, 58724.9959606482, 58724.9967129631, 58724.9974652776, 58724.9982060185, 58724.9989583334, 58698.051129, 58707.136519, 58698.055691, 58707.14108, 59081.996763, 59082.978675, 59082.98729, 59084.171554, 59085.151344, 59094.023708, 59099.014261, 58698.060261, 58707.145647, 59081.99959, 59082.991393, 59085.154795, 59094.02716, 59099.017711, 59082.003107, 59082.993628, 59085.156738, 59094.030032, 59099.020576, 58746.927522, 58746.931155, 58746.934786, 58746.938418, 58737.8340136, 58737.8348003, 58737.8355839, 58742.9261667, 58742.9269471, 58737.8608665, 58737.8616473, 58742.8206598, 58742.8214434, 58742.8222302, 58742.8230138, 58742.8237981, 58742.824585, 58742.825381, 58737.8637385, 58737.8645192, 58742.9312911, 58742.9320755, 58743.8988278, 58743.9009693, 58743.9031076, 58745.8630102, 58745.8651545, 58745.8672986, 58751.8193768, 58751.8215335, 58751.8236756, 58752.9150593, 58752.9172026, 58752.9193445, 58755.025755, 58755.0278954, 58755.030039, 58755.0321805, 58755.0343239, 58755.8635172, 58755.8656597, 58755.8678057, 58756.8530517, 58756.8551957, 58756.8573446, 58730.0522351, 58730.0530179, 58732.9107801, 58732.9115607, 58737.8656445, 58737.8664259, 58737.8672123, 58737.8680001, 58739.8458062, 58741.865091, 58741.8658719, 58741.8666525, 58742.9293669, 58742.930148, 58743.8903539, 58743.8924956, 58743.8946397, 58745.0610044, 58745.0631485, 58745.0652902, 58746.0585281, 58746.0606696, 58746.0628109, 58746.0649495, 58746.0670935, 58748.8970175, 58748.8991587, 58748.9012999, 58752.9873991, 58752.9895487, 58752.9916954, 58752.9938428, 58754.9924023, 58754.9945457, 58754.9966904, 58754.9988481, 58755.0009918, 58755.8549473, 58755.8571052, 58755.8592694, 58756.844548, 58756.8466917, 58756.848838, 58749.9959, 58750.00062, 58750.00539, 58728.89240741, 58728.9050463, 58728.90891204, 58726.82555555552, 58726.82728009252, 58726.8310648147, 58726.832592592575, 58726.83637731476, 58726.83790509263, 58726.82879629638, 58726.829849536996, 58726.834108796436, 58726.83516203705, 58726.83942129649, 58726.84047453711, 58752.736909722444, 58752.73793981504, 58747.9087731489, 58747.9122337974, 58747.9156944454, 58747.9099189825, 58747.9133680565, 58747.9168287045], "magerr": [0.015699999406933784, 0.01720000058412552, 0.015599999576807022, 0.006899999920278788, 0.0071000000461936, 0.007199999876320362, 0.014399999752640724, 0.013799999840557575, 0.014299999922513962, 0.004600000102072954, 0.004600000102072954, 0.004600000102072954, -1.0, -1.0, -1.0, -1.0, -1.0, -1.0, -1.0, -1.0, -1.0, -1.0, -1.0, 0.007947592996060848, -1.0, 0.011829055845737457, 0.01243826188147068, 0.01097049843519926, 0.013118522241711617, 0.017464863136410713, 0.005114932078868151, 0.005511405877768993, 0.006465753074735403, 0.00600311579182744, 0.006868152879178524, 0.004600000102072954, 0.00430000014603138, 0.0044999998062849045, 0.0044999998062849045, -1.0, -1.0, -1.0, -1.0, -1.0, -1.0, -1.0, -1.0, -1.0, -1.0, -1.0, -1.0, -1.0, 0.04839999973773956, -1.0, -1.0, -1.0, -1.0, -1.0, -1.0, -1.0, -1.0, -1.0, -1.0, -1.0, -1.0, 0.0015999999595806003, -1.0, -1.0, -1.0, -1.0, -1.0, -1.0, -1.0, -1.0, 0.0015999999595806003, -1.0, 0.0015999999595806003, -1.0, -1.0, 0.0015999999595806003, 0.002300000051036477, 0.002300000051036477, 0.002300000051036477, 0.002300000051036477, 0.00279999990016222, 0.00279999990016222, 0.00279999990016222, 0.0027000000700354576, 0.027000000700354576, 0.00430000014603138, 0.003599999938160181, 0.0032999999821186066, 0.0034000000450760126, 0.0034000000450760126, 0.001500000013038516, 0.0017000000225380063, 0.0017999999690800905, 0.0020000000949949026, 0.0019000000320374966, 0.0017999999690800905, 0.009399999864399433, 0.019300000742077827, 0.02969999983906746, 0.023000000044703484, 0.020999999716877937, 0.00139999995008111, 0.00139999995008111, 0.00139999995008111, 0.0013000000035390258, 0.0013000000035390258, 0.0013000000035390258, 0.0013000000035390258, 0.00139999995008111, 0.00139999995008111, 0.00139999995008111, 0.00139999995008111, 0.00139999995008111, 0.0012000000569969416, 0.0012000000569969416, 0.0012000000569969416, 0.0012000000569969416, 0.0012000000569969416, 0.0012000000569969416, -1.0, -1.0, 0.013399999588727951, 0.003599999938160181, 0.0034000000450760126, 0.0010999999940395355, -1.0, -1.0, -1.0, -1.0, -1.0, -1.0, -1.0, -1.0, -1.0, -1.0, -1.0, -1.0, -1.0, -1.0, 0.013000000268220901, 0.013299999758601189, 0.013299999758601189, 0.003700000001117587, 0.003700000001117587, 0.003599999938160181], "alert_name": null,