{"mjd": [58459.180067, 58466.273443, 58472.231553, 58479.189524, 58466.269647, 58472.227749], "magerr": [0.04790528863668442, 0.010523437522351742, 0.011206737719476223, 0.014906403608620167, 0.02243761159479618, 0.024433212354779243], "alert_name": null, "observatory": ["Liam Hardy pt5m", "Liam Hardy pt5m", "Liam Hardy pt5m", "Liam Hardy pt5m", "Liam Hardy pt5m", "Liam Hardy pt5m"], "caliberr": [0.11564155668020248, 0.1996849924325943, 0.08863049745559692, 0.25483936071395874, 0.009999999776482582, 0.01000001560896635], "mag": [15.090332984924316, 14.754474639892578, 14.760663986206055, 14.779349327087402, 15.218496322631836, 15.349359512329102], "catalog": ["SDSS", "SDSS", "SDSS", "SDSS", "APASS", "APASS"], "filter": ["R", "R", "R", "R", "V", "V"], "id": [127287, 128145, 128667, 129064, 128144, 128666]}