{"mjd": [58742.241657], "magerr": [-1.0], "alert_name": null, "observatory": ["Liam Hardy pt5m"], "caliberr": [0.1322343647480011], "mag": [18.358871459960938], "catalog": ["APASS"], "filter": ["B"], "id": [164528]}