{"mjd": [57833.187293, 57834.228922, 57833.193963, 57833.17395, 57834.215459, 57833.180625, 57834.222208], "magerr": [-1.0, -1.0, -1.0, -1.0, -1.0, -1.0, -1.0], "alert_name": null, "observatory": ["Liam Hardy pt5m", "Liam Hardy pt5m", "Liam Hardy pt5m", "Liam Hardy pt5m", "Liam Hardy pt5m", "Liam Hardy pt5m", "Liam Hardy pt5m"], "caliberr": [0.13730299472808838, 0.17276200652122498, 0.20087400078773499, 0.0258869007229805, 0.09212899953126907, 0.07195480167865753, 0.1268790066242218], "mag": [20.471599578857422, 19.6697998046875, 19.18950080871582, 19.884599685668945, 19.361099243164062, 19.979799270629883, 19.511899948120117], "catalog": ["SDSS", "SDSS", "SDSS", "APASS", "APASS", "APASS", "APASS"], "filter": ["R", "R", "I", "B", "B", "V", "V"], "id": [68083, 68276, 68084, 68081, 68274, 68082, 68275]}