{"mjd": [59242.986202, 59242.991638, 59242.996938], "magerr": [-1.0, -1.0, -1.0], "alert_name": null, "observatory": ["Liam Hardy pt5m", "Liam Hardy pt5m", "Liam Hardy pt5m"], "caliberr": [0.010003461502492428, 0.009999999776482582, 0.010000009089708328], "mag": [17.58441734313965, 18.2388973236084, 19.141008377075195], "catalog": ["APASS", "APASS", "APASS"], "filter": ["B", "V", "r"], "id": [212224, 212225, 212226]}