{"mjd": [59323.157623, 59332.206019, 59332.210662], "magerr": [-1.0, -1.0, 0.1153109073638916], "alert_name": null, "observatory": ["Liam Hardy pt5m", "Liam Hardy pt5m", "Liam Hardy pt5m"], "caliberr": [0.0928516685962677, 0.09207004308700562, 0.07410743832588196], "mag": [17.498126983642578, 19.270402908325195, 18.16020393371582], "catalog": ["APASS", "APASS", "APASS"], "filter": ["B", "B", "V"], "id": [217777, 218497, 218498]}