{"mjd": [59112.176468, 59121.205989, 59127.126159, 59112.152972, 59121.196883, 59127.110869, 59112.171832, 59121.201438, 59127.121608], "magerr": [-1.0, 0.03898480162024498, -1.0, -1.0, 0.05819389969110489, -1.0, -1.0, 0.04223790019750595, -1.0], "alert_name": null, "observatory": ["Liam Hardy pt5m", "Liam Hardy pt5m", "Liam Hardy pt5m", "Liam Hardy pt5m", "Liam Hardy pt5m", "Liam Hardy pt5m", "Liam Hardy pt5m", "Liam Hardy pt5m", "Liam Hardy pt5m"], "caliberr": [0.13245800137519836, 0.17956499755382538, 0.3132829964160919, 0.052347999066114426, 0.0508773997426033, 0.05318870022892952, 0.09739650040864944, 0.07350769639015198, 0.08422090113162994], "mag": [19.32080078125, 17.660400390625, 18.877500534057617, 18.215700149536133, 17.66990089416504, 19.0137996673584, 21.158899307250977, 17.718700408935547, 19.163299560546875], "catalog": ["SDSS", "SDSS", "SDSS", "APASS", "APASS", "APASS", "APASS", "APASS", "APASS"], "filter": ["R", "R", "R", "B", "B", "B", "V", "V", "V"], "id": [199492, 201553, 201765, 199490, 201551, 201763, 199491, 201552, 201764]}