{"mjd": [57868.00849, 57868.022697, 57868.029849, 57850.034353, 57850.04145, 57850.048551], "magerr": [-1.0, -1.0, -1.0, 0.006899999920278788, 0.006899999920278788, 0.0066999997943639755], "alert_name": null, "observatory": ["OmicronC2PU JPRivet", "OmicronC2PU JPRivet", "OmicronC2PU JPRivet", "OmicronC2PU JPRivet", "OmicronC2PU JPRivet", "OmicronC2PU JPRivet"], "caliberr": [0.274150013923645, 0.2699280083179474, 0.12626299262046814, 0.22939099371433258, 0.21776700019836426, 0.2530460059642792], "mag": [22.486000061035156, 22.62540054321289, 22.574399948120117, 15.590399742126465, 15.632399559020996, 15.477100372314453], "catalog": ["USNO", "USNO", "APASS", "PS1", "PS1", "PS1"], "filter": ["R2pg", "R2pg", "r", "r", "r", "r"], "id": [72652, 72653, 72654, 70766, 70767, 70768]}