{"mjd": [58177.34340048, 58177.34671989, 58177.35016432, 58177.3534838, 58181.35955903, 58181.36287847, 58181.36632177, 58184.34672916, 58184.35004282, 58184.35349536, 58184.35681829, 58192.32745948, 58192.33077893, 58192.33422104, 58192.33754167, 58194.33517706, 58194.33849537, 58194.34193864, 58194.34525812, 58199.34168172, 58199.34500232, 58199.34844211, 58199.35176274, 58202.30307639, 58202.30639815, 58202.30983913, 58202.31316087, 58206.31668517, 58206.3200058, 58206.32344675, 58206.32676622, 58212.27878127, 58212.28210071, 58212.2855382, 58212.28885996, 58218.2794514, 58218.28276506, 58218.28952548, 58220.24570024, 58220.24902083, 58220.25246063, 58220.25578356, 58222.30026504, 58222.30358565, 58222.30702892, 58222.31034836, 58224.28891551, 58224.29223496, 58224.2956771, 58224.29899654, 58226.27760068, 58226.28091782, 58226.28436229, 58226.28767362], "magerr": [0.22679999470710754, 0.09669999778270721, 0.07620000094175339, 0.044199999421834946, 0.0966000035405159, 0.1348000019788742, 0.14390000700950623, 0.05570000037550926, 0.05829999968409538, 0.11469999700784683, 0.08309999853372574, 0.0272000003606081, 0.030500000342726707, 0.03739999979734421, 0.042500000447034836, 0.031099999323487282, 0.02850000001490116, 0.04639999940991402, 0.04560000076889992, 0.032600000500679016, 0.032999999821186066, 0.04320000112056732, 0.04910000041127205, 0.15870000422000885, 0.02979999966919422, 0.03739999979734421, 0.11710000038146973, 0.1290999948978424, 0.1363999992609024, 0.03449999913573265, 0.03229999914765358, 0.12759999930858612, 0.16089999675750732, 0.04560000076889992, 0.08250000327825546, 0.3269999921321869, -1.0, 0.30709999799728394, 0.08659999817609787, 0.02590000070631504, 0.12290000170469284, 0.05829999968409538, 0.02930000051856041, 0.03269999846816063, 0.032499998807907104, 0.04529999941587448, 0.16750000417232513, 0.13609999418258667, 0.05209999904036522, 0.12160000205039978, 0.0364999994635582, 0.03539999946951866, 0.03920000046491623, 0.047600001096725464], "alert_name": null, "observatory": ["SMARTS1.3 P.Zielinsk", "SMARTS1.3 P.Zielinsk", "SMARTS1.3 P.Zielinsk", "SMARTS1.3 P.Zielinsk", "SMARTS1.3 P.Zielinsk", "SMARTS1.3 P.Zielinsk", "SMARTS1.3 P.Zielinsk", "SMARTS1.3 P.Zielinsk", "SMARTS1.3 P.Zielinsk", "SMARTS1.3 P.Zielinsk", "SMARTS1.3 P.Zielinsk", "SMARTS1.3 P.Zielinsk", "SMARTS1.3 P.Zielinsk", "SMARTS1.3 P.Zielinsk", "SMARTS1.3 P.Zielinsk", "SMARTS1.3 P.Zielinsk", "SMARTS1.3 P.Zielinsk", "SMARTS1.3 P.Zielinsk", "SMARTS1.3 P.Zielinsk", "SMARTS1.3 P.Zielinsk", "SMARTS1.3 P.Zielinsk", "SMARTS1.3 P.Zielinsk", "SMARTS1.3 P.Zielinsk", "SMARTS1.3 P.Zielinsk", "SMARTS1.3 P.Zielinsk", "SMARTS1.3 P.Zielinsk", "SMARTS1.3 P.Zielinsk", "SMARTS1.3 P.Zielinsk", "SMARTS1.3 P.Zielinsk", "SMARTS1.3 P.Zielinsk", "SMARTS1.3 P.Zielinsk", "SMARTS1.3 P.Zielinsk", "SMARTS1.3 P.Zielinsk", "SMARTS1.3 P.Zielinsk", "SMARTS1.3 P.Zielinsk", "SMARTS1.3 P.Zielinsk", "SMARTS1.3 P.Zielinsk", "SMARTS1.3 P.Zielinsk", "SMARTS1.3 P.Zielinsk", "SMARTS1.3 P.Zielinsk", "SMARTS1.3 P.Zielinsk", "SMARTS1.3 P.Zielinsk", "SMARTS1.3 P.Zielinsk", "SMARTS1.3 P.Zielinsk", "SMARTS1.3 P.Zielinsk", "SMARTS1.3 P.Zielinsk", "SMARTS1.3 P.Zielinsk", "SMARTS1.3 P.Zielinsk", "SMARTS1.3 P.Zielinsk", "SMARTS1.3 P.Zielinsk", "SMARTS1.3 P.Zielinsk", "SMARTS1.3 P.Zielinsk", "SMARTS1.3 P.Zielinsk", "SMARTS1.3 P.Zielinsk"], "caliberr": [0.33643901348114014, 0.26907598972320557, 0.3028559982776642, 0.2965550124645233, 0.2511959969997406, 0.23895399272441864, 0.278328001499176, 0.34230199456214905, 0.3468320071697235, 0.3564800024032593, 0.35392099618911743, 0.24387499690055847, 0.25389599800109863, 0.29175499081611633, 0.29124000668525696, 0.2651500105857849, 0.25334998965263367, 0.3216739892959595, 0.30080899596214294, 0.27290698885917664, 0.28022700548171997, 0.3339860141277313, 0.3182019889354706, 0.23262199759483337, 0.2373100072145462, 0.2814970016479492, 0.2804900109767914, 0.21940700709819794, 0.2265319973230362, 0.27246400713920593, 0.27287399768829346, 0.2294040024280548, 0.22868500649929047, 0.2701219916343689, 0.26002800464630127, 0.4599579870700836, 0.27805501222610474, 0.49396899342536926, 0.34859898686408997, 0.3119109869003296, 0.34556400775909424, 0.3417460024356842, 0.2439190000295639, 0.24340499937534332, 0.291018009185791, 0.2821410000324249, 0.2526420056819916, 0.26820799708366394, 0.3200330138206482, 0.31329700350761414, 0.27613499760627747, 0.27061599493026733, 0.30029699206352234, 0.3133920133113861], "mag": [15.688300132751465, 17.799999237060547, 17.771799087524414, 17.916900634765625, 18.37849998474121, 18.38759994506836, 18.447099685668945, 17.71179962158203, 17.726900100708008, 17.78969955444336, 17.975299835205078, 17.64080047607422, 17.662399291992188, 17.834299087524414, 17.913400650024414, 17.654399871826172, 17.659000396728516, 17.89699935913086, 17.887800216674805, 17.659700393676758, 17.675199508666992, 17.90880012512207, 17.928600311279297, 18.62220001220703, 17.684900283813477, 17.888700485229492, 18.320100784301758, 18.453800201416016, 18.409700393676758, 17.860200881958008, 17.891199111938477, 18.498600006103516, 18.494300842285156, 17.82309913635254, 18.018800735473633, 17.937000274658203, 17.36840057373047, 17.93239974975586, 17.727100372314453, 17.7012996673584, 17.807100296020508, 17.97249984741211, 17.662399291992188, 17.687299728393555, 17.870100021362305, 17.907100677490234, 18.411699295043945, 18.41010093688965, 17.944700241088867, 18.40519905090332, 17.679100036621094, 17.706100463867188, 17.918699264526367, 17.941099166870117], "catalog": ["2MASS", "GAIA", "GAIA", "GAIA", "GAIA", "GAIA", "GAIA", "GAIA", "GAIA", "GAIA", "GAIA", "GAIA", "GAIA", "GAIA", "GAIA", "GAIA", "GAIA", "GAIA", "GAIA", "GAIA", "GAIA", "GAIA", "GAIA", "GAIA", "GAIA", "GAIA", "GAIA", "GAIA", "GAIA", "GAIA", "GAIA", "GAIA", "GAIA", "GAIA", "GAIA", "GAIA", "GAIA", "GAIA", "GAIA", "GAIA", "GAIA", "GAIA", "GAIA", "GAIA", "GAIA", "GAIA", "GAIA", "GAIA", "GAIA", "GAIA", "GAIA", "GAIA", "GAIA", "GAIA"], "filter": ["J", "G", "G", "G", "G", "G", "G", "G", "G", "G", "G", "G", "G", "G", "G", "G", "G", "G", "G", "G", "G", "G", "G", "G", "G", "G", "G", "G", "G", "G", "G", "G", "G", "G", "G", "G", "G", "G", "G", "G", "G", "G", "G", "G", "G", "G", "G", "G", "G", "G", "G", "G", "G", "G"], "id": [99788, 99786, 99789, 99790, 99990, 100803, 100804, 100805, 100806, 100807, 100808, 100809, 100810, 100811, 100812, 100813, 100814, 100815, 100816, 100817, 100818, 100819, 100820, 100821, 100822, 100823, 100824, 104040, 104041, 104042, 104043, 104044, 104045, 104046, 104047, 104048, 104049, 104050, 104051, 104052, 104053, 104054, 104055, 104056, 104057, 104058, 104059, 104060, 104061, 104062, 104063, 104064, 104065, 104066]}