{"mjd": [58627.202762, 58635.183662, 58627.20581, 58635.188221, 58635.19278], "magerr": [-1.0, -1.0, -1.0, -1.0, -1.0], "alert_name": null, "observatory": ["Liam Hardy pt5m", "Liam Hardy pt5m", "Liam Hardy pt5m", "Liam Hardy pt5m", "Liam Hardy pt5m"], "caliberr": [0.20621299743652344, 0.07050730288028717, 0.07762879878282547, 0.06702110171318054, 0.08113040030002594], "mag": [19.9197998046875, 20.937000274658203, 18.861900329589844, 19.460800170898438, 19.76259994506836], "catalog": ["APASS", "APASS", "APASS", "APASS", "APASS"], "filter": ["B", "B", "V", "V", "r"], "id": [153237, 153828, 153238, 153829, 153830]}