{"mjd": [58555.164288, 58558.156358, 58555.115649, 58558.154082], "magerr": [0.06138470023870468, 0.061992399394512177, 0.10730600357055664, 0.12682899832725525], "alert_name": null, "observatory": ["Liam Hardy pt5m", "Liam Hardy pt5m", "Liam Hardy pt5m", "Liam Hardy pt5m"], "caliberr": [0.2874220013618469, 0.04855649918317795, 0.1273760050535202, 0.009999999776482582], "mag": [17.098400115966797, 16.924400329589844, 17.278099060058594, 17.602399826049805], "catalog": ["SDSS", "SDSS", "APASS", "APASS"], "filter": ["R", "R", "V", "V"], "id": [147434, 147524, 147433, 147523]}